ReviewAuditID,AuditID,UserID,RiderID,RestaurantID,ReviewID
1,4475b938-8348-46ef-9a38-08868fa955ee,45708,472,1192,4122
2,47b06e93-4e60-47df-875b-ad69fbc2ae72,7656,631,8143,7050
3,5a0beb14-96cf-48f4-9b46-97f7569b9551,6797,953,3990,6268
4,a7825a95-14ac-4285-aec7-2fd86b9c1a1f,1908,242,623,5368
5,eb196360-03ee-4f6b-addd-0a4d1ef69caa,3828,645,9124,2501
6,64bdcbaa-a11b-41e1-9cfd-1aef3a0a92dc,16923,815,1224,1530
7,b764e063-2916-4ba1-984f-5842eea01f79,35545,485,2330,5565
8,cacbc163-9fcd-4c79-9d9f-df1203d305ac,34571,393,6479,501
9,6a55a450-47c1-4223-ae49-b2a0754c17da,37743,3,8274,1111
10,15e81d3d-6d27-442b-9dd6-9895381fa547,23105,732,3455,1686
11,6a7789e1-dc68-4c4b-a807-b81ec15f3ddc,7398,316,2055,190
12,6f599857-98ae-46e9-a0a1-1cc2df5c019c,39660,290,8067,8227
13,d7c60c68-0444-4dda-a2aa-4f3f51553802,14485,270,5886,1058
14,7ead25fc-b623-439f-a7e4-31476a9a2d45,13600,600,5834,5948
15,59108085-f882-4183-8cc0-23263173d590,43168,627,530,2957
16,b9083280-23bb-448c-93b1-c12954f2cf06,49031,728,8677,1709
17,394f4cfe-e1f4-4d2c-9c28-85d14881e31b,38272,981,2391,5225
18,078cd0a3-e197-4d1e-af93-d23d6b0334b6,23260,992,244,3308
19,2c0dac8d-bb57-424b-b289-f72dae10661b,41068,492,6119,478
20,368f781c-933d-49c7-b63c-c922635b52a7,19806,195,7565,8013
21,2475b61a-83a0-4b20-befe-1a515b482cac,11079,661,5052,2369
22,aeabe0c3-edaa-405a-a788-9e106bd75ad5,46206,948,6531,9987
23,ff9f03f7-1ae5-45fe-8359-be3edff8d223,41327,118,1677,5099
24,9d55c379-978f-4bd4-af40-0f57cf9efcb0,4612,792,8525,317
25,f73451a6-f0a4-409c-81a3-367f14c5fc05,22657,82,777,8427
26,7c794348-c5b1-4e07-acbb-341f1661e8d5,48253,480,3575,3895
27,1ad68e75-f09f-4d12-b39d-06491cdc2f24,4931,762,9066,3232
28,82dcb010-498b-4c8f-bea1-498dbd98543a,17559,832,8193,6142
29,72941c58-dfd3-4fe6-9126-aa424b7fc69a,35671,341,8702,5143
30,9b2695d7-46c8-49df-bc97-ecfb0d83eaa8,25587,646,9997,6244
31,aa40d993-6939-4546-b495-ed8a83e42179,2688,478,4132,3308
32,de8bd74c-cbd8-4ecb-8e56-33e428ef0fef,11125,934,7833,6581
33,8847355a-2bae-4009-a4fe-9e3e231b8b5b,8858,81,7318,43
34,55f954c4-67c6-472f-bbb5-797379e79a2e,21224,322,2172,4760
35,b4162ba6-384d-4939-a78c-3953e14d4bc5,26820,801,1741,7279
36,d25a85bb-dc6b-41a8-b7da-71b281d99176,32180,589,6617,1340
37,70496df9-a564-4faa-91fe-586e6df55367,13281,743,4324,1266
38,4278a1e3-3ce0-440c-a5ee-c62977567b78,49477,265,3292,1545
39,d41d4859-131f-4d6c-b9f7-9cda7319b455,34812,93,2024,881
40,4ebd6610-cf2a-4713-ba02-02497c66648e,36712,784,4527,8795
41,b7eb40f5-2f80-423e-9334-508a953dc7c4,8496,585,9159,1430
42,c024e107-6c95-4f5a-a533-b2f256b9af75,8413,403,4482,3446
43,f89d978f-e19d-458d-a16e-e3ad393013c8,28699,806,8429,4231
44,acf98ef9-018e-4cc0-926d-1397b1aec049,4906,677,2195,908
45,2413679a-3975-44a3-80bd-9e1602bd4b5b,22250,399,5853,8644
46,76020e75-4778-4b7b-a798-6b3e0f0eeaa0,49970,122,3000,8405
47,39048f66-a6a6-4ab2-af46-2d926b65ff22,15399,703,9759,8260
48,bcc2d3b7-8333-4d11-9814-3254f10f27d8,42132,681,8794,9230
49,e1a30ca3-78fd-4697-aefc-06c5fbee0744,21763,409,4279,8585
50,d3494d35-c448-48d7-b2a6-05659523440b,18873,500,6364,1733
51,f5c1e0c3-538b-4f35-8532-17670c62e57f,25884,437,3568,3463
52,f4b5ef34-7445-4dbf-9216-7201698b76b6,44973,631,4430,8633
53,17e36566-7d67-40f8-8bf2-227287adbcbb,10299,24,59,3581
54,a65f890e-bd79-4841-931b-2e841e253d6a,40440,957,2381,9896
55,41c199ee-7f17-4fd9-9c42-5e0ef57d1528,28411,86,3851,4969
56,f939bc51-aa89-4919-a1d1-52b5c8639ee5,34430,922,8191,7591
57,9201760e-313a-4778-8180-2533aefeb30c,10815,167,6403,7062
58,36a84c58-aea0-4f1b-a856-552b38cea0fa,21795,972,6271,4351
59,87c3d354-cd50-4d19-af1d-1c5bb6d5b423,39789,473,5786,9148
60,bb1e54f0-6651-4f6c-a5f7-4b661bf3faa2,25957,648,2153,3701
61,5968e3c5-72e5-464a-8e68-4fc42642ea2f,21990,27,6699,6804
62,2cca8f0e-7eaa-4ed0-aac0-23b1d3b82fa6,42980,560,1262,288
63,49d70e4b-e233-4467-9884-c6e2c297960c,44399,902,2651,5234
64,3b89d443-d77d-456c-81ad-c0bc5a66d101,28366,987,9642,5072
65,e1c4e1cf-abdb-4311-888e-35196e61120c,8658,749,1416,1222
66,f4659104-eb4f-4c5d-971c-32d2dfa961b5,9226,909,637,4950
67,9ef823ec-dff4-418c-90d3-0543b894dff7,23163,186,868,9304
68,a114c4d5-f9d9-4e74-b6dc-9f4942a786b8,32587,672,2082,3127
69,6f2bffdb-0368-4313-afd9-f9f648eafe7d,35979,688,4563,9893
70,450e23d2-df29-44e1-b056-6dd91f972a10,24892,515,7531,4663
71,e99b6f30-b845-4396-81f6-b17d5655c027,23900,921,5914,5990
72,91be90f4-ce89-4626-949d-394d93d6f0ce,38171,368,5618,1572
73,1bd7c501-6d71-48ef-a830-aef83e4858ca,49106,309,4039,7019
74,1cae73e5-6062-4b0c-82f3-13af2679ed24,14746,831,8158,6881
75,eabe3043-c650-49d2-9566-f1ceb80f30eb,5372,848,3653,4552
76,2434dc0c-6116-449e-b0a6-eb0da3d1bbce,2437,282,1294,5457
77,f5ef45f2-1d3f-4a29-a6f2-076ef30ada31,24252,599,7136,7986
78,5b070356-4fba-49cb-aefa-c8080bad3988,42260,881,8539,5823
79,b8164918-9786-46e9-b072-f1927cd9e7b6,25346,731,2142,8112
80,d0281a51-3aa8-45da-affd-aad11b407362,48164,893,1489,8076
81,1d938742-0f41-40ca-8bc5-be861c3a0f1d,24862,59,4331,4696
82,99c9b5e8-b197-4585-a20d-eacdb16bd3f5,4783,258,8383,7802
83,7658edd3-5713-469d-890a-959817ebc6f8,13406,249,4903,8398
84,2807a95a-c7c0-443d-8888-4f2507374ff7,37380,55,9370,1090
85,04de83e2-a55e-4012-9aaf-441c64986a0d,15138,672,1813,970
86,b53d3af6-798d-456e-8504-3cc1f9f8b22d,132,866,340,5668
87,55262d2d-84fe-40a6-8b53-b8962f85dd69,30459,547,8297,4829
88,ce833bb6-b387-48a4-a42c-1a473808236f,30127,1,9667,3458
89,b137e94e-a9fd-4def-bc88-0434439d1a4f,31547,851,801,9343
90,65d57be8-aba2-4e1e-86c6-146bea40f017,46496,400,2159,379
91,16b983a1-39e3-49b1-91d8-32926da6fbb2,4264,665,3667,3251
92,fe5f746a-add5-4e46-8130-23822a96776a,42520,373,4341,5846
93,2a0b1a67-1ce4-4004-ad4f-ecd2c7b52cf1,22903,915,9435,3906
94,4b319cfd-b557-425f-a40f-8ceb663ac456,48468,301,8000,9970
95,44b8c93f-6314-4a4e-add1-5e0258739880,13902,31,6877,7871
96,3cc43ce3-2429-48d9-8bc9-b47a757ba1a6,29830,588,9366,1711
97,3d897063-2a68-45a3-95ec-8011bf4a78f3,20678,904,7859,9349
98,5ba18349-b87d-49a8-8305-8642127156b1,19748,412,3605,3204
99,8876dcd8-2af3-4d82-8ca0-702f5983a0b4,2537,618,1395,6795
100,02288401-8428-4614-b89c-ff2e131578cd,1096,189,930,8312
101,41850b0d-aa5b-4197-ac4e-95f0cc389bbc,37252,405,2305,31
102,f7e3effb-73f0-4c7b-8eec-1e23c0bb7a12,47438,640,2374,5174
103,a0986097-c9f5-4e7b-93d8-f3b792037550,27625,400,6723,8655
104,511eeb44-bc66-4e6e-9de0-1ffe5189cf83,29113,686,4618,3151
105,eea5f734-6e91-4853-aad2-6a18263397b8,46334,2,1166,7382
106,814fa331-1dd1-45c3-9636-74d38da381f9,26784,910,545,7759
107,dd3563c7-1828-40cf-b1a3-3605c11cbbc1,41938,988,6763,5510
108,da7b2918-b8b4-4d10-a957-231e238aa961,11418,758,7799,3697
109,39467a9b-e653-43f5-8eaf-b22914d299be,48802,641,2277,5783
110,eac9e83d-24ce-483e-9c06-d04cc771b3a7,18501,490,9889,4691
111,bf1de59a-375c-40e4-8d31-5dabd0c6f331,41720,444,6605,3185
112,c5160077-cd2d-4dae-bd0f-38b6213ef76a,27093,115,7003,3554
113,ec9190f4-fcc7-4feb-95f1-b6d9d0ce6c88,22854,765,1642,9900
114,aea87b3b-0340-49f5-a03a-9921459f2403,23533,822,8680,7993
115,ebd46d8f-8e64-4d6d-92ab-662b4a437346,42734,868,5239,8194
116,d395e8b4-cbc5-4719-bb17-3c5079081739,35591,60,6082,7283
117,89c97371-ab12-469e-8572-d0d524161126,16471,915,113,1387
118,382e430f-6dc9-40c6-b37b-ad8e7ed5a70a,29808,365,3805,4334
119,d0ac91b1-aa6f-4774-b6ad-7092bc23240d,12176,344,523,1946
120,bb0a704b-2751-4361-bc83-fe1047769720,23464,848,9964,5320
121,5a4b965d-dd90-4196-b3e3-06f71bc41970,49334,635,3069,3398
122,f08ce67e-5e27-4e72-be83-767ea63864ac,36760,836,4113,3857
123,014abf6f-882a-46eb-8946-4da97a0509d5,20301,81,250,660
124,c5ad27e8-23ed-4ec3-94e8-cf89af94de97,9323,924,4860,8524
125,adbc79df-fc94-4b0f-8384-146f9613b5ef,19302,610,74,4885
126,c290d7de-b86e-4fc6-847a-30191cc007a9,41059,664,6628,9133
127,96593d31-14cf-45b1-85f1-7b7f75dba7d5,29728,980,2382,1003
128,cfd7428f-f937-48ac-a415-68f9b97aff84,28967,788,6847,2687
129,2b1bc0c2-eb1c-4305-aabd-55fe6d71769b,15893,287,6502,6840
130,56f0e9de-764f-41b6-bce5-2426443c9f84,20935,375,7161,7644
131,2a923fff-a9ab-4e4f-90ef-4a0e753b841f,42023,36,2416,5774
132,43a5e533-34ee-4d3b-ba16-ecc77fd279e8,34112,698,9221,7779
133,8e6fb7ae-10da-4118-8210-dfecf462bf7f,10032,672,7559,1518
134,f970b4a6-cb92-494a-b493-2d39f53e898c,23254,770,6153,6857
135,bfe93001-7884-457c-923a-2bbeb198cd10,43544,706,3700,7736
136,b372529e-2ce9-45e9-b2f8-3ca412af54ee,5374,983,7604,5586
137,1637187a-8493-4ade-86ec-cde99a88aaeb,45391,577,9572,3839
138,e5469966-fd1f-45b1-844a-f959d03d47cc,570,149,7855,9009
139,2325cdd2-8681-4571-9bd4-2751cae17bac,35063,211,9124,274
140,67921f61-513e-4c36-8097-1b7308dc8c42,19474,670,3256,644
141,7bd43236-47c5-4ef8-84af-27097aeb42ff,16141,190,47,937
142,5b292000-c6a7-4f99-9327-c89e85f99473,29881,28,4118,1547
143,a706eee2-eb44-4088-abf5-7ffca720a4cb,43324,205,718,7384
144,6fa024fb-0734-4b6d-b546-cfac4387795e,26330,494,6697,1974
145,91396a1f-16d3-40e6-af3f-9505c14686e3,47235,820,2012,3987
146,07cfa2e7-3934-4bf6-8e7f-92b333e75f9f,3877,782,4530,3286
147,d86a3079-2f25-4179-bd44-3e82cd8da16f,20222,512,5559,5623
148,bbe3b170-22a2-4f75-b317-8fe675c10f9a,2705,261,4279,5874
149,f2e8bbb4-c3b2-46a7-8d6c-3fbef8d16be2,43827,673,4313,1793
150,f6d258c0-37fe-49d8-9750-c662a01bc649,35257,947,8866,3267
151,0b12c52e-7354-4993-b7d7-0e37b4bd9ae1,9684,332,7048,1677
152,8fcbdfea-f93b-4a0e-8c6c-53f4a4a8f5f4,46017,219,6074,1942
153,7af15d8b-332f-4f1b-8004-eb8adf393e60,1107,210,3308,5148
154,8302d2ed-7348-4e4f-a164-59d406c76156,39085,928,4822,8275
155,1c634db0-5330-46c1-8e98-5f4227d84c3c,3863,911,9082,3384
156,c8d0f43e-e23e-49e2-a1b0-4de645cfd902,26911,180,9777,572
157,f701fdb3-00be-4cbf-9891-a76405151201,13123,257,3883,2689
158,75338acb-9412-4c17-8d02-7ba2a9245f35,22763,164,7856,9315
159,876e993e-b521-4400-a8cb-a89fea39cb4c,8947,609,7061,13
160,509232c7-ff4b-46d0-8765-bac19a2b6bbf,4546,843,3298,9206
161,cf462303-47f9-4bae-ab98-2d10cbd52327,38150,225,5326,2784
162,e8df9e8e-5dea-43e5-a558-e2fb5605428c,1258,37,4764,3845
163,c1eeb818-1524-493f-8054-0e19ee0004ff,35112,198,606,3069
164,1a0ea204-745b-417d-9a1b-f04f45c3e267,2223,770,5815,2011
165,54e0d95b-6d5a-4af2-9d97-0c3865158817,17924,833,5400,4676
166,843c6571-5476-497d-80b5-8034bc41642b,29657,787,7261,9612
167,eb38d62b-dfc0-4488-9563-70f41c6fd1d0,17897,913,9754,5079
168,e55cb0d0-902e-4a9f-9844-a68abe8626fa,39926,397,7770,4130
169,17631e52-c353-496a-864d-79d3c0ef5144,44296,83,2122,5041
170,9d3a5a85-d198-475d-ac29-c91b99eb7949,3394,456,449,8438
171,e6cc39f8-5c28-4cbb-be5c-dcea248840cf,23014,682,8431,5248
172,d8bb7e41-2a2a-4311-a8e4-af357b6afff9,4368,780,1533,7872
173,eacf7d62-611c-4949-9433-360c4e477ca9,30230,284,707,209
174,713512b4-3737-446e-8fb2-0c8266ba8dc2,33782,292,6685,9810
175,78975911-eae6-40b3-9f32-52fe9afbe6a0,42516,829,1882,9697
176,3e9d89e5-e716-4b40-a274-96bfc3aa2ec5,33158,812,1066,7226
177,d7285712-6ddc-4ef4-84ab-b67b45058306,11583,839,443,7037
178,c2468f54-31bc-4154-b254-86b666ecc184,46546,601,4355,4560
179,61251d76-bf52-4ac8-aa24-631147a27a0b,31102,806,5564,3868
180,4bc9561a-bf4e-4eb1-992a-a87068188334,15326,188,5172,6775
181,839fe223-e97d-4229-a33f-88a4887bbb2f,21171,880,5912,4894
182,f467d800-d8d7-4f2e-b21e-dfd8524febc5,34351,314,5210,1453
183,63971fa1-3df6-492e-9523-1c06a6c79c61,18380,52,3077,7230
184,d5643fe1-2ae9-46c7-8a06-997cf63f2897,19782,552,488,4909
185,cb3adbed-eeb0-47e8-9f20-29a00f740de4,5506,741,476,960
186,a0f6c676-ce65-4592-aafc-6b42a0a4265e,27803,222,1515,2165
187,8cf14d87-adb0-4e4f-865e-ef7fa4f6fbb5,17015,487,2992,166
188,9bd2c466-7a81-4745-b6f7-df8f62587adb,807,297,9439,8647
189,13647155-795e-40e8-bfcb-aa03b3d1cd76,27266,699,9757,8899
190,3afd6637-d3f7-4c95-9251-361c0530c522,10016,753,6301,3151
191,77cbb14d-f093-4d4f-9363-292a66fec0b3,16456,653,7297,5964
192,230bf80a-2d75-4570-986d-f29fc44c0101,11743,56,832,488
193,05056257-42b9-4b90-9790-b9c72816cd1e,27435,947,3248,9511
194,8a60549b-063e-4986-a9cc-71131ae5f1c2,27152,335,4341,2611
195,8c2d1214-0280-4ef1-b7ed-1e5185efc4ea,40658,118,2238,1152
196,481a6df6-ac0e-4907-a4a0-ebd58ee0f971,37989,148,9779,3445
197,39664ef8-ec33-4f87-ac99-3230cedbce4a,29071,678,5599,3639
198,aa52f05b-e9b7-4fa9-8d6d-bee44ee18dc5,11880,836,6741,892
199,599230bf-5e75-4d83-8113-4801e5c83017,18415,469,9072,9253
200,6cfeaa7a-29ac-4b22-87fe-387ece55715b,14888,722,6984,7572
201,f22b8649-b746-400d-b276-138b56260c28,22002,410,8063,4563
202,c8961a37-549d-4fcc-b26c-8ddbcf484d3d,33898,209,5080,5234
203,fc73b154-06a3-4ea6-b00c-61bc000c82ce,9356,215,5778,1057
204,a1d16b81-1dd0-4e94-b69c-f1f0e8cdc8c1,39505,218,5056,1447
205,fc1f7ff9-9cd2-4219-af71-0d1cb52fcc55,17420,250,4592,8075
206,24cbad8e-ac37-4930-829d-434eed8c6260,38020,87,919,1577
207,05df35d3-7b64-49b4-8f73-7a99a28e0d89,17252,245,5221,6653
208,73cf8fcc-9bf3-4913-9b3f-0a5e6deaffb3,18722,316,114,4416
209,fad667e3-5fd7-4e22-a922-21980c6c4233,27496,932,4041,4915
210,50b9087b-9fc5-4583-9aee-7b24d6d496d6,33240,6,6176,5593
211,836eae2f-bb2a-48e1-8a4e-750003922866,29024,915,5322,1981
212,127e8c77-5f1d-4ce9-a908-d552014af196,44471,281,1691,605
213,1af852de-7c26-448d-b3e3-00c757b3fb46,27318,232,2466,2489
214,2886035f-f8ae-4768-93ba-d6e7af65e886,20406,326,7181,4513
215,a73f33a2-aa5b-4d43-9a1e-e4bb1e2644ec,43132,225,7008,4690
216,8a4086f3-0226-48b7-992d-e87f78f4195d,10335,539,9882,3195
217,b094b51a-b9ec-42de-865f-412caa06ba36,48066,87,4189,317
218,a9c6a668-f419-4783-8b78-44b3bd7d8920,33053,10,5331,2300
219,71b724de-5ffb-40d8-9a9e-51c4a04a931e,24982,794,2492,9552
220,ab5bed42-a5af-4151-9779-30786fdfc850,39105,223,8873,5872
221,2f13d130-233c-485e-8a7d-9bc71090adf0,21070,634,4417,5613
222,3fd09def-cf72-49b8-960c-76e0c393a03a,30613,753,4915,7138
223,421ffc4d-2d93-4cfa-ba88-8dba78096360,26459,978,3690,1210
224,e78fa212-35b4-43c0-83db-8646865010c7,42534,582,3465,7438
225,01147fc9-f0fa-46b8-8205-72f81f0f8311,29226,600,9698,4547
226,8585f80b-aa40-4c12-a138-15ec62cf2115,33254,950,3037,10000
227,eb8735d1-1322-4628-a3f9-b4c6cfe50421,7706,648,2390,7233
228,f1cd77b5-b4df-43f1-a9fa-5f44c1cf80f2,23454,407,8591,8417
229,4237a168-68d5-4ea0-9c59-3edd16763aa2,7467,995,3218,9726
230,250f2a5b-deee-4ec4-8507-718c079ed7ae,14827,48,3512,7316
231,82e0b0f2-d9d9-44f9-8d5c-7f572a43af3c,32271,7,7250,6092
232,7cf36eaa-273a-4173-af2c-862512d05314,45998,263,7016,3565
233,a2815f96-ddd0-4d32-b3f5-3402666c6919,2307,111,3939,1078
234,fb15eff3-8b4e-4f00-859a-30b70b1391ce,49956,447,3766,4040
235,706621a3-9a57-4ad7-96df-1908a63959a3,18942,813,5463,5117
236,e3db810d-8d67-458b-a9af-4b869d241a8f,30439,276,5200,164
237,6e1534a3-47e9-4c81-b51d-fc61f4208580,22847,617,181,4782
238,c5ddba69-ec2f-4482-892c-becda44879de,2827,808,5203,4325
239,ca15f981-cb6a-4ea1-a055-c9abf7d0048f,12052,739,8361,790
240,45ac806f-2bff-4d9f-9590-a5d8482c4406,14504,368,8021,6550
241,1061ad81-2411-42df-b44a-01c4c4ac164d,44135,165,8081,629
242,0ff91384-2580-47df-a175-a0df0d906bcc,32017,540,8322,2886
243,dce98a44-7471-432c-9601-324e56b7b1f1,8140,491,3901,6296
244,92acebb2-d2e8-4ec3-994d-ed5bd6419bde,33393,653,6914,5945
245,93aaa1eb-0c3e-4695-814b-e67fbf6b58aa,40518,367,8021,754
246,b13f8c8c-0524-4582-92dd-a0ba945cee8b,1791,474,5582,3266
247,ead159d6-084f-4d15-8029-7e8f948c05d9,49962,389,6144,1272
248,bc0e01d6-f753-49d5-833d-5ffdd81d8edb,22281,560,6689,7679
249,f18de194-eca7-4ad3-9d1a-5fb5a9c5b03c,6896,219,2549,4685
250,4ed4d3c9-25ab-4124-a9f0-d647cf98f078,19533,894,515,2224
251,0153d2f0-bb1a-408d-bbc4-377dc9ee7369,49387,617,5947,9522
252,73cd85ea-f333-40ba-a8d0-004c1911e6aa,42432,559,745,2139
253,c2e24d12-efd4-4bc5-a983-f6f14aa9372b,30972,384,9684,44
254,4822b756-60b6-4a1c-afd7-5c2c7c5bf581,43975,880,8781,7196
255,49cf705b-3cf2-4bd1-a384-3673a5eb21cf,48696,441,6052,6851
256,f31f06d0-0fce-47ad-bf04-8bd097e2a030,49717,409,718,7495
257,da73526a-5fa8-4750-bd84-8ea117136bf4,18268,877,6217,8220
258,107a7350-8f32-40ce-b460-340e82a99839,49431,835,7996,671
259,f94ddc67-2573-4c1f-b034-b1651fa09d48,31733,651,6646,2593
260,06ece41a-ac16-4a0c-b975-5c28c71094f1,180,488,1887,1630
261,29723e4a-eb03-4f72-98dd-ebec1e5cca96,45630,747,8151,8139
262,3b597396-fbc7-4277-baf8-0a4110bf5fc0,5113,592,5963,9610
263,cd8b0649-32ae-479b-b622-1d9738dff1a8,3241,91,2004,4988
264,dbc669b4-f786-424f-aba4-5c131c9d5f4e,46935,451,4273,1232
265,f2a0807d-7d84-46bb-9bef-d92d1f2f5652,27059,890,520,7956
266,25985ccc-6074-4c85-ad11-7b55eb1feeb8,14367,654,3624,5608
267,e9ae043b-5610-49bf-8caa-fe48859a3703,2005,182,7013,3411
268,f8d3ef6d-4e29-4967-b108-d912296c9b72,18209,605,3548,6665
269,d6fd18a7-1728-4cca-af82-e423d36e9610,1468,8,1532,4524
270,38a9081e-8b90-4a8c-be0a-149dd898c607,21324,22,3462,4674
271,4cf42825-8daf-4861-9904-e0315c57741c,17530,613,4211,8231
272,ae2d083a-96d3-45b1-b991-a3459e3859b8,8060,103,2595,2137
273,9e2b66a2-aee4-479b-b9e6-59a3de9b045f,32328,453,2130,2693
274,c6f77300-e087-43d5-8ab8-f398d5d1342e,20744,426,3093,6241
275,35eb3d01-c353-4fc9-82ed-3d094f209f79,4546,224,4244,8807
276,401f8c20-1217-467b-9944-c96dba63dd63,5786,514,6193,1625
277,8849309e-f328-4fb0-a784-736b4ac45e99,18588,977,6003,6959
278,57945b91-887a-4084-9f6e-3a3e39d36e43,25156,851,5109,987
279,58bf4d74-7d5d-4adb-91cf-dc27f39ed931,14267,169,8363,2356
280,3a361a62-f5a1-4a23-90fe-f9f46fa2f169,44452,175,751,8835
281,a8d47fa2-4ae2-4958-81be-84576af77283,20217,163,2131,7707
282,97e8c9cd-5128-44fb-b2f7-06dc96e11682,16680,828,8577,5222
283,289c2192-cdc2-4f89-a9ff-e43c3c15622f,47099,819,6998,3394
284,82047723-102f-4a4f-ae29-7a5aef41bf5f,45683,286,1085,7464
285,19bdab9c-cd6c-49d6-b903-6ce760aa8ef8,48917,843,1014,2445
286,d2bd5a0e-283d-4d5b-a9c6-e4ffa5e30db5,12755,630,5570,1417
287,a4a86fc1-2f0d-43ff-ac2d-ec6fb1683384,47684,57,2036,8669
288,361022d7-79e1-4516-ae99-9c602faf0e4a,1513,862,3693,6163
289,4933286f-2e71-4d50-ba31-706fe8895531,24234,525,5333,8643
290,e5a28759-2cf8-40bc-8eea-55ab3eb66f55,26882,343,6201,7765
291,8c701f1a-8887-402a-9813-cb39d596aa65,35835,48,1187,7671
292,9e5a6c34-ea05-489a-814d-afb84070cd67,13630,379,3843,3724
293,fd466ef8-6cb8-44a7-abc0-f55fe6a72aed,14585,867,7330,1033
294,e62788cf-414b-42af-a199-25e6c9456adb,5119,899,7653,6963
295,131e928f-58bc-4e35-a173-a1fd23f7cda9,26585,549,600,531
296,c6452db7-e97d-4359-b273-a09bba4ef24f,21916,789,4800,8864
297,fb61a278-382c-49ae-8fb0-26015a0f3dae,26762,417,3590,8937
298,7b7a5037-9612-42b1-b77b-8054a73ec6f2,27250,683,3659,2745
299,641c910d-1105-4a23-af9b-b97c538776a3,9214,709,6903,824
300,f93ee7d8-c267-46ae-b5c1-1e1000a0b691,47778,103,3740,558
301,b1d67e7f-4336-4cbc-8bea-73e39b00322d,19202,53,7868,3271
302,32bb0f34-d777-411f-a8e0-81bf8242b262,2118,854,9387,4501
303,a31cb9c8-c1da-4b44-9ab0-fb3f7d840a0c,3818,100,1260,6303
304,dc1050b3-ab25-4326-b0ab-3d8288cd20ae,19541,982,1759,9434
305,2b235662-cc84-4aba-b3dd-b65a25a8496a,10095,916,6451,2463
306,1f00bb70-50ee-433f-a089-6a0b62f74c15,11889,269,2680,8457
307,95f53f80-1e02-49c0-85e7-775d17eb28a0,22852,840,9591,9151
308,42fe1d06-cc08-4baa-9f37-f3a6b71cd8b5,43100,676,1291,4033
309,20a45152-2ef8-4efc-b9bf-12b8d917d471,7640,167,3468,7310
310,14d7bdc7-e05d-40a2-bdfa-1e09319f4c39,19511,284,4959,8941
311,f73d384b-2e26-46ca-b4a8-0214c5b879c5,16529,257,1092,743
312,7e6942f0-5648-4176-95c3-45222caba2b4,14120,370,8536,5305
313,759c14e9-aa6c-493c-970f-03d5576c116a,3577,456,9173,9206
314,ed62dee3-1623-4b7d-a467-c1ea18e7bb08,49785,17,6655,3556
315,65324836-d14e-462f-9327-46269f1b038f,26767,220,9793,4697
316,0f865abd-c7ec-487e-bf2c-7689eca017cc,35965,185,9817,2207
317,79c8ccfc-68bb-4366-98ec-0e1a2853f353,14554,993,8664,1392
318,c1e009e8-ed06-4402-b684-9ad5ba6affd7,34464,472,3814,5291
319,32d36f60-7dc3-4b88-959d-ff13e3d90a0f,40584,742,1495,1037
320,4773d59c-db45-4079-a6c6-b93d7ab7d596,32972,244,3829,8383
321,9fd66a78-c44b-45ef-b3a2-329464f0a728,22016,242,8571,5163
322,4767eb4a-aae3-49d2-8b1d-cd2dc516d796,43107,574,8599,7910
323,f5075b49-2b88-4533-8e27-b7e4f00197c7,694,410,7490,6684
324,2bde56a1-7d4b-4401-8c90-9555f45341b2,41035,243,3785,6621
325,40c2a4eb-2b0f-4396-adf8-dd85d43c447f,23911,937,5725,6914
326,d8786ec0-460d-47f7-a627-b89d7d2dd889,8070,865,9103,9015
327,09027918-d19f-42b6-ac35-efb4c5090ea3,11411,598,7199,6963
328,508d9189-7862-48f7-8adb-1cf843c0004f,16311,5,3739,3850
329,e2675856-9c69-464a-883c-c30d190052e1,23715,945,263,3354
330,a3c6196d-c500-4e1d-a11a-4d3ccc6be7be,26731,267,8980,7983
331,6c2eb16d-4b21-4eef-8c3e-1d7e7ff5a8d2,26863,95,234,7125
332,ad07f510-25cd-4aa9-b369-4bc587b56bce,25781,309,6174,4379
333,c242e82e-5430-490e-b70e-5075ad3286d1,18573,797,6674,8547
334,c767e996-cfe9-4fd4-8aa8-b38dda4bd480,7354,563,3731,57
335,586b269c-f9cc-4a11-98e1-4e65475a54ff,38694,611,7694,6089
336,64b6863d-6473-4833-a785-9915652b7fca,49431,911,9632,2437
337,212fca5e-0eef-427f-9d58-f1a65d06ff36,27103,756,9972,6534
338,241e94d5-b84b-4d49-b3f0-0218d8cb5b2c,41993,720,142,890
339,a58e8ac5-8fa2-4d7d-801f-575f8a3a3881,48169,218,6972,1677
340,47726b46-fd87-48c1-bc1e-5dc94fec204f,5003,704,8004,5370
341,3cafa302-9e7b-4c6d-8cf3-cf1395248ee4,17727,232,5078,9731
342,651874cf-b6bb-42f1-a83e-8b4786d7f3e5,22927,432,2744,9455
343,c7452e69-0cb3-4610-be1a-07ca85fc75cc,36301,138,1510,7596
344,ca07a761-b38d-4fc1-9bf1-a63b463de63b,28314,987,2960,597
345,f56029fc-858b-45f7-86a1-e0598b67d6ee,18467,327,7120,5368
346,e8727762-75f8-4650-8e10-217cf421eaaf,46415,183,7157,3732
347,16635358-d480-408e-81de-b6c9143a7c2f,46813,612,4751,3444
348,dc00387f-26e2-4893-bfb1-66f849241436,45115,202,4310,3464
349,8db9b757-238d-474a-8399-2fab03f7d9c7,39563,32,175,6388
350,4cb92865-b636-47e5-a235-9b407b3c9cd0,41292,947,6474,3710
351,fa9d86d7-b4fb-447e-893d-2bda9817fad0,33312,491,4298,827
352,173b8fa5-12bd-411f-8732-d1d4763ee810,37437,909,1485,1591
353,59d71a6f-f7d9-4c89-8a8c-692013e7acbc,472,284,7287,6235
354,d2567313-3093-4c23-8fd9-b2f8e849ace0,9872,108,6808,6238
355,68c4e894-045f-4853-ae47-2c2b087912f6,44001,422,5490,7535
356,e58e1e03-27d2-481c-977c-161026ceefa9,39955,745,8457,2271
357,2adf38ed-6f76-4aa2-80c4-20a1dc3d4e64,8865,296,879,9704
358,1845c4c5-e1c4-4fbb-888d-2eaef56ba1aa,15229,57,5482,7204
359,18a6d6bd-5420-41b6-9862-e9944b060f10,45938,755,200,4727
360,aaa79d3b-f156-44a9-8087-0aaa1f91919c,2028,745,9167,1063
361,232c048a-1665-4a98-94d5-7f0c41239a80,17311,155,621,2840
362,9b702861-b6db-4e42-bc8d-afaf7ca37431,25691,182,6277,2770
363,cc11a933-965e-4a75-8775-4c2fba2c7409,7380,328,4414,6606
364,2fa54346-5cef-4999-af28-a3bd0c413a75,22124,721,6516,2677
365,010dcb06-d34a-4040-911c-cdc47010a987,22362,950,1823,8646
366,29ac7ef4-43ef-42ea-92d9-39042d376495,34844,265,633,5456
367,b5946c2c-e168-4f9b-82a7-768053b6b7da,30456,108,7000,4197
368,8db05527-090f-4efa-846c-ed06c785e81e,39162,834,2295,1381
369,2eb39b72-c79a-4bf5-9ec0-ef96a6721758,9475,605,8569,3323
370,52ea2430-b28f-495b-a8f1-7dfad3e5b6e2,10857,212,5823,2109
371,e6fe930f-7566-4c94-852c-fc5d37d58918,21516,417,4676,5121
372,2e6662e6-7262-4713-a72d-8761951140f8,32048,108,4241,9897
373,64980e9e-f4b3-452f-8b01-b457f268340c,18663,916,8055,347
374,d6ecf870-8402-448b-bb2b-c6c9b25126c3,30990,277,9828,5968
375,9d7060ff-9942-4a10-84ad-2132d89c0f6b,20357,429,2039,3713
376,c5e8dbab-57fb-40e0-9865-d735d25825b1,40699,542,7212,5809
377,227b9e2c-df7d-43e5-85ef-4bdb54de1d17,30155,294,9234,7656
378,f4d7e89e-5542-4510-a449-b1ddd37ba69a,13035,724,7569,7769
379,477dd671-e1aa-441c-b168-cc36d57df739,31604,834,6409,8230
380,9c977823-04d1-43cd-96c6-593fef5678e0,13422,130,1580,9027
381,b5377c27-0477-438d-bc7a-b5c7ad01cd04,9940,151,6712,5813
382,7eeb3794-c5ed-44dc-be5f-c503c616912f,33819,86,9391,3405
383,96f91716-b7aa-4be5-af9b-01abe7f56af5,39842,23,656,8076
384,c9b385c5-7510-4736-a98c-4718c18b6f8f,22697,665,6372,7423
385,3cf8d5b2-8017-441d-a38a-a44e4a9dc8cc,37099,315,1396,1998
386,b2db43c4-5c64-425a-b07e-c979620e78a7,15247,936,2161,1161
387,02bdf450-8741-4da0-9e12-6517efae4091,7938,378,3313,469
388,69e3489a-6aba-4d83-b6a4-35d962f319ba,6162,655,5068,6103
389,cb5b164e-421a-48cc-986e-c96247f4cf5d,33712,211,3463,8398
390,6cc1bd3d-ccb5-4e88-b159-627de96f2345,8511,149,292,4533
391,3bb324a6-6e3d-44d4-9008-868d66203330,43277,679,2186,4828
392,41290a8e-4940-42eb-bc83-ecab688fabc8,4084,302,3561,3348
393,920bd593-4768-4590-8766-9fc22c7212fb,19375,80,7795,4689
394,efe2e3d2-f6ae-4fb1-add5-187c239589d6,45372,96,6363,5952
395,40bad52e-cbb8-4ef7-b19f-4088d79fb65c,34512,139,4717,627
396,4cfb6ab9-2679-43ba-8352-28b80b5de598,30899,234,1853,348
397,ddc68088-2144-4247-af56-9811bb53a2b8,27984,647,9206,9687
398,eb292fb4-5c88-4aff-aa4b-9eb7ee8cd604,19824,807,4839,2882
399,3abf9cbb-3b0b-4074-938d-b8a480d0b652,6739,643,5507,9416
400,478bd4a7-ff35-43b9-8b46-23d83f8eaa2b,32162,853,8302,4817
401,8ed90206-dff5-4594-b5d1-e55238fd4cae,28524,922,6077,8442
402,12842ab2-7a3f-4a8a-9d79-796e3ffe2548,19607,73,5785,35
403,ab2bba85-c1dd-4171-9504-a06cdba87759,17633,572,6406,9321
404,7c6a304a-665c-4834-a9a1-f586e881b2ce,9930,962,200,7953
405,fbe936c6-320e-458e-8ec2-3baf06558d71,1477,456,3089,8866
406,4088237d-5c79-4b50-8124-8f0e4998a2bf,18769,625,3429,8585
407,ed41fb3b-1c99-4c3f-af69-7e57c073035e,18885,323,9799,3953
408,2d4a2c4d-8ad2-4741-ac22-e4ba415320fd,35773,552,5962,6916
409,741545cb-7437-447a-82e4-5c58a4fac667,27434,756,3936,3327
410,b91331ac-de2b-4cbf-acb1-52429b4447b7,10263,213,1016,7084
411,ae100988-c4be-4af4-95f4-6305426d9a5c,6695,349,6442,2670
412,0e4e8bd8-df9c-4d89-bdf2-94de4c66b7a2,43160,501,1301,3285
413,f8b04a87-d852-4e8f-afc5-1b8d2431d76a,25440,593,2008,6987
414,2ba1f348-79a4-435d-963f-bdf1e7b35077,13253,964,8338,8512
415,7a24e9cb-5549-4ed5-9d95-2ace8b2aedba,4602,430,8771,9344
416,cc0a76f3-d85f-495a-9e0c-2eb0cfd55803,4725,2,3593,1671
417,9c108cb2-dc4c-4a43-90a4-9fc5dbbf9649,1759,769,7710,6336
418,9b13f7d2-1b92-4405-91ea-79f17053bcdb,21178,467,4778,4889
419,ef68f52c-2cfa-429f-a9ad-4d4e36de5dbd,12841,137,3633,3372
420,2162ddb1-75e6-4ce5-9e66-462c665ca6d1,42961,270,242,5343
421,e3e58fcc-3d65-4995-9b7b-8011a68fdef6,47114,830,4833,2447
422,1ffc8f1c-4e3e-4fd6-b95c-7c89c707b943,8317,726,2648,1708
423,75389ead-e162-42a6-b889-a6ee9de1e9b2,14892,615,6131,5082
424,5665588a-2059-45b3-b6f8-3b0020177084,12834,457,5565,1248
425,6e89a07f-9bc8-4235-930e-39b384e81f4f,15845,262,404,2598
426,5546468e-70ea-42fe-a8df-6159af12abad,23754,571,9859,1817
427,1b0165ff-0d9e-4a61-a125-fdfdb94736af,14372,800,7410,4075
428,8bf882fe-0acc-459b-baa6-ae267ed67c73,26690,555,6023,2792
429,1d530ea6-14e3-44d3-ab4a-0fc8c732d00b,47975,132,9269,1231
430,3e509a92-2dc1-459f-b447-bde89c208c84,39194,741,219,9041
431,08ee4b03-1dcd-4e45-b1b3-6e60c6b4c6be,6832,841,2861,6028
432,b420123b-7f84-4f91-a613-4c72693000cb,48534,745,9258,3779
433,04fa94c5-44f5-43aa-911b-fc65aecdff5a,10040,744,9453,7994
434,71e65c1f-2b31-430d-9e9c-665064fb142c,15358,307,2924,5945
435,55a17747-634e-4415-93c5-ef776a194b63,33536,695,6875,1997
436,13fafe54-4687-45b8-94a5-1f7384cdef7a,24404,460,7093,1582
437,a3a2cef8-471f-4483-a49d-836798b514bf,40318,631,8004,3709
438,99d1ad82-8f3b-4c36-a8d7-3cbd2704e321,42244,222,1411,3507
439,ef837e26-6e15-4e78-b9b2-d9f7f0d5ec09,41208,853,9582,6968
440,159df02a-4c0c-47b3-85a9-2c0ec23c1b63,30827,535,5459,832
441,635a94d2-cdb4-4bb4-8e95-65d1bffcea17,28278,379,3823,2094
442,ea52f596-e70b-4917-af3c-917dd83d392d,12379,585,5593,8720
443,09d1b39e-69f7-4eba-b45a-9c02f9596982,32781,783,3391,910
444,eff9e9b1-3ee3-482e-95c2-1537e1980ddf,37506,819,4431,610
445,a69c2e32-c4a8-4619-b29b-a1edd4597f9e,36989,99,9481,7345
446,1f91c433-b23c-4b4f-9fbb-d7ac5997f654,35102,29,4212,5438
447,16e9e836-71b2-45e2-b2b9-25876fffd60a,35695,572,4327,6606
448,f05d555e-bfeb-4da8-a5fc-0ea0b1ec31c1,39755,330,1364,469
449,e5257922-75ad-4272-b981-64163738e052,31653,289,7305,7428
450,a74cca03-06f9-498c-80e7-c5044a98427d,36759,348,1396,2804
451,6fa81676-6ac5-49bf-b711-f21a78eea9a2,46751,175,8924,1204
452,8fc9386b-b3d3-4e67-997d-5f450fca5d97,18389,649,8464,6910
453,d763a36a-cec6-492f-8966-baef1da35cb2,12980,932,9255,8948
454,d29f78a1-78c1-46fd-a677-101868aefae3,13258,272,6456,3816
455,1b84c79b-60da-4c84-b0e7-db1cd8cd9a92,17297,785,3068,4735
456,ab279c37-9e68-49cc-9bd5-369887fa9940,22191,410,1081,6268
457,33003ba8-2327-4140-8420-0f046d377688,41041,859,8152,8
458,97b2a9e4-1cef-468f-a986-aae988eace1f,16639,640,6121,9994
459,a57439a9-d9e4-4464-ab3c-ffd3a9e8b30a,4941,944,4617,635
460,a84582ff-ad56-4501-97bb-6496ee7e832f,16310,598,9542,3286
461,a7862751-ed19-42c3-97d7-5912774c362b,1835,598,4776,8655
462,f2a34e5c-ab77-40b9-8f77-cd1bb1194844,15559,478,721,7747
463,aa893fd9-815d-4336-a065-e63eb0d9f42a,12328,668,8522,6236
464,746dd1a8-2b98-4011-a2af-cfe660857210,19518,845,7192,3067
465,e4e063ce-025e-47f5-8b69-7847548da473,27519,809,5362,1789
466,437d8865-023f-4df1-9806-ce6c24c420ab,32486,593,9996,4243
467,28ef31b3-cb23-4bab-bbd2-0ba04035ee35,7682,278,9608,7313
468,de634872-bf76-4be4-b19b-74cf2b561d4d,5729,641,5874,1178
469,a86b93ed-c3fb-4df2-9b54-d9e195b01045,8847,787,1622,9358
470,91393af8-0942-4daf-ac43-9cf88f20c30d,31333,353,1761,5088
471,aa41ca92-e2e4-4524-bb19-6285f755351c,35647,455,3258,9020
472,0680327c-7ae7-451c-8ca4-dd2cc8c686f2,40108,856,4232,1923
473,2f2bb28a-65a7-445f-aa27-6c299ef7ff97,35637,656,8808,5890
474,7a04ee3b-6b49-4ce5-8c1d-31366ccba664,47095,362,4967,9864
475,7a6bc7cd-34df-48cb-beff-2b22938c441b,39710,264,5077,4005
476,0903e70c-fefe-4620-9b78-b42bda5f10f4,38915,890,2203,8832
477,87d8b10a-1f3a-45a1-b0c9-3fd951afbaa9,41476,504,5609,5894
478,f0dbe5de-9888-489e-ad6b-a1ea77bf0455,3561,561,4523,5088
479,c0bcbc7f-79ef-459c-807b-9aa6e269647b,8438,18,9904,4803
480,7f1503fc-6e08-43ca-928e-a27d646a0be7,41120,729,8439,7021
481,efa943b7-8d57-45a2-8571-6d1307cf95b9,19256,598,5815,9164
482,842bb39a-624d-4fe8-b1e3-6e85e5b09996,21878,254,1884,1981
483,255dc17f-5fce-48c9-8b89-830e76d1a8c6,18662,291,965,6454
484,b6666c4f-7980-4243-8cf9-e5c69e8b74b1,37661,610,2946,1639
485,37862f74-94a5-41c7-826b-5653abc0927e,15456,491,9760,6077
486,5fa30e33-a40d-4d3f-9c74-f41804137a23,23352,10,9922,7009
487,57246f0b-b23b-4072-872a-b0f6b2ce9f32,48515,145,392,3483
488,7fb9c3ae-06cb-43e2-bb6f-f280c9429613,41763,837,9833,6919
489,718be84b-f959-45f3-be51-4c2cff7b0173,31506,35,2247,2873
490,a6de6e71-1635-48d8-b14a-f95262a92c93,19651,729,8215,5941
491,a8bb3dc2-1122-4ded-ae18-95bf447c2ccf,16151,598,6900,3054
492,baa9a918-fdc3-439e-b29e-8936e98df1d6,9566,394,1263,311
493,1807c79c-ec5f-40be-ac49-06e90a0d6fa1,20264,148,2897,7454
494,e6c2ff97-8f73-4fa5-b6d6-4d9cc8c97349,15596,831,1381,1251
495,ba1e8a61-0858-44fa-afd2-1b4f3444dc35,7385,613,1618,6343
496,cd3ad17d-6a43-43d2-8fc9-c0965dcb2d47,21062,886,4955,1080
497,0bb4ef64-4670-4a85-b8cf-43baffac3811,43467,774,1122,9069
498,f528c1b8-457b-4e97-b03e-2eb91a224858,10356,340,371,7400
499,cdd52732-1459-4c81-92ef-13f0e6254b54,3361,505,2618,7688
500,ebc6d893-2bdd-4ca4-9771-b00a0b7ca721,445,758,580,7509
501,ce10db1f-9178-4543-b293-1438fe8e835c,14971,839,32,4877
502,ac009fe1-7e72-4336-900f-9727da3043f2,8973,988,8080,8341
503,f9af1828-ca08-4a35-8982-cbbe5781937d,18502,890,3912,2828
504,97e1985f-54be-42dc-9d1b-c69d68e937d0,3967,548,6775,2727
505,b444710b-8d22-4914-abb8-fa618223c1b1,2676,394,8516,6986
506,7093629c-e72b-44c4-8fb3-7488709af6f6,6800,151,4033,8963
507,692c92dd-e4b3-4f8d-a526-cddbc6c9c04c,6222,587,9129,7259
508,2815644b-6ccf-4b5a-bc00-ef9f073c9a1d,25863,368,4353,3112
509,a5d38557-f4ec-442f-af52-f43800def965,15395,719,1088,9607
510,27aa5956-8ba1-4619-b0f1-42288974c6a5,20472,465,982,2964
511,bdc12115-c17b-4903-9475-787233a8d232,42962,238,8003,4943
512,deae4b60-0ccb-49f8-94ab-b96c87a773a2,39584,363,2072,8093
513,a08b62d6-5213-4a9e-813e-7366728b0087,19446,657,7390,810
514,af504810-a427-4a0b-b995-3c898bda76b5,19186,336,4879,7326
515,ed0c750f-20fb-4c35-8f2d-a0e905a37a6f,1957,2,7933,3360
516,167d484b-b76c-472f-9c4f-7139c40ab4d2,42557,93,3391,6129
517,f393c6d0-b7c9-437c-a0e9-c4e7ec480e7f,5971,630,4087,3500
518,2c6d62d8-6a11-4e2a-94e1-00478b17622d,20938,159,7583,8910
519,bd75c7fa-57d4-47da-b23d-fcd3a03cf1f9,38425,610,756,6348
520,a6cd5983-44bf-4c8a-9b6f-8722528e8b7f,7000,605,3863,4929
521,21b87ad2-cac0-4ae1-98d1-a20af2ec0abe,32402,711,909,4021
522,5e75d715-fa4b-4beb-ae0d-a9a9d5e478f4,41801,649,2137,1771
523,f237a6c3-db28-4bdd-a034-fb9ad1429220,42931,443,8916,1226
524,814bcce1-03e8-45de-aab5-3c9be454a246,42521,92,1034,9714
525,2a3eda6b-ea70-4dd0-934d-9923178808d8,33628,66,9173,8460
526,e45cd7ad-c8e6-430b-9abf-a0161b4d0b84,30270,324,9402,7500
527,2a6f08c5-124f-4634-b7d7-1ee5803541a7,47483,840,5186,1731
528,0e1243c5-e62a-45be-b13f-ecd797d58e63,15218,732,2159,7818
529,6617a40d-3f6f-4e92-9b74-f1b9ff692754,17155,535,2013,257
530,5b11337d-3b07-41a4-8a56-7da6a058ba77,21115,496,3698,8186
531,c8f93395-7c5b-41f4-a472-210b1ec87c86,33082,664,3913,7643
532,24b2235f-4d89-4b1d-8848-55a8686b5a58,31870,729,3687,1635
533,1a2ca522-9cea-45af-bf9b-a5ad55b2f780,28456,389,891,5577
534,2ee73ff9-33fc-4b5f-9b84-71e7e2a6c6e5,8365,823,9159,5772
535,744f0d28-2724-4a76-970d-bd8dec7115d3,49927,883,7105,7461
536,62d3e86b-c6bb-46b4-8434-429f4c647b2f,31580,16,577,8654
537,c48b08f4-dd56-4b59-af87-26e12435ceff,2102,358,181,301
538,8ec5bf86-081f-47cd-a667-a934f44e745f,31324,546,6394,3793
539,02389603-006f-43df-90c6-84c486b5ff36,18105,704,5122,8813
540,20af8ecd-7804-45bd-8c8f-38e9ca01e111,41994,213,6117,8968
541,075e804b-8286-4878-bf07-95ee6baf8b45,237,234,2779,3420
542,f88df170-c935-4be1-8de7-edf6c532b9ff,29536,242,2224,1079
543,89e985b1-dea8-49ce-b083-9a241581d3ec,37617,214,1489,974
544,002d3651-fb3d-45fc-8270-9bffa0e96c77,31821,143,5840,7358
545,bc03d8a2-d7a0-4fe4-9b9b-655aaa691874,18923,267,5526,37
546,8d872e04-5ed2-41db-89a7-9b1718200f2c,26144,989,344,6424
547,86f39c59-055a-467c-9265-42a10c078e86,6451,388,4980,2245
548,d257aa13-1514-4ecb-8051-4865b3890bde,3094,75,6324,2649
549,442c0539-7797-43d6-bd88-3c6074443e04,14824,179,3584,5382
550,d5c2f916-6b04-4fc9-83d4-fed1c0bbe411,45298,674,9864,7480
551,978b76a1-f027-48ae-b689-b397b7752f0a,21072,618,9454,2388
552,5ec1f2b3-a598-4083-8247-aa6fb0f821b3,22757,740,8240,8385
553,9a26cb29-7fca-4f34-b496-c4ec37fbc678,48130,673,3586,2145
554,fcb4f607-976d-4f6d-b6bc-c0511d53b18f,11089,951,9668,9265
555,b5eda80b-6fda-4b0e-9731-e0de1b83e3b5,1707,533,510,2867
556,b8a1fb97-6a26-4865-9b53-b9302fd46c7a,7959,200,7930,4092
557,6f9ebf83-0296-4e1f-8627-7eae64ea797f,32135,119,3221,4039
558,15981c01-8d0c-4811-8351-ffc21739964a,11236,590,7016,9761
559,fd92440e-8afb-4af1-8d5a-53b6e4235cb3,7909,977,1974,2018
560,5b471100-f614-486e-a2f1-ad535f11406d,17883,130,2631,186
561,b1eb816f-fc12-4bbd-b632-ffb97c323251,41841,500,4232,6922
562,5cfce187-c9ca-474e-b355-e92e6d59c5ba,34673,552,582,7181
563,955f91f4-0d5b-451b-9741-0112f9a15fc3,5457,352,418,8508
564,cf707eab-825c-4e4e-a7d0-15a6f8f1c9f7,27706,333,4543,8442
565,d0ba7106-9d74-44f4-be0b-0690a548cffd,32919,872,629,6500
566,a20118db-85e8-4aad-bc6e-6ed5b3c6d363,37,234,7307,1213
567,a7c07cfc-79ab-4ed0-a28f-78362688b5c3,36030,103,800,4827
568,765b6c27-5b8b-492b-8d71-03ff1dc99a05,38327,914,214,8880
569,91331d2d-6b86-44bf-ae24-e1ce81dbc447,31451,813,8539,2472
570,cf6e8969-5851-4830-b079-0cd735516a8b,19484,519,9101,2911
571,e8b15c19-a532-41a9-b1d0-5b75faa22718,8589,15,6448,3578
572,ce939aee-a1b5-4899-87d0-2e506a7de1e4,41420,135,1206,7840
573,2b3f2b4c-e52a-4cc5-bb54-0e89a1066a9d,10397,622,3317,1473
574,2e3fb6ab-4eef-4484-bc98-c89858eeb4e3,9819,964,5080,3151
575,2379df0b-3e01-49f1-95ce-6d4dcfa9290e,35856,769,6826,1703
576,c8fbf641-2acb-45e8-8d92-fc85fa2c4604,5902,97,4094,2655
577,c5b5e3a9-6c0a-4de8-8404-a6c2e384bef6,28683,792,1550,5519
578,b9c96153-e204-468c-b659-4fab701a8cd7,921,383,4717,3367
579,f564f260-1ca1-4e91-b4ba-d5e1e0527f58,16736,780,273,6713
580,4da87f0a-41dc-4d39-bc17-9580f635e8c5,32481,348,6408,6405
581,b1268c4e-7a97-4ff1-b6da-6e785f23ae0f,46809,740,7725,3602
582,b2864540-82f7-493f-a521-852feaf16b7b,29746,730,8573,878
583,0abf2366-2e0e-4c2f-8e6d-22e375b7c147,19405,212,4424,6063
584,14958f90-0f24-44de-87a6-359358456c86,31378,324,5970,9886
585,09622e10-17d2-4885-bd0c-0e0babc9692e,29766,742,3303,6136
586,00f1585d-31c1-4fb2-bbfc-2101b144ea40,31336,451,3142,3178
587,07a4a317-b8f0-4319-9bbe-50914f1edcf2,30938,294,3966,6638
588,df8a50dd-39bf-4c9d-82bd-3275cb0908e7,23048,269,9404,1033
589,52013465-b59c-4460-8619-d83b5727a6a2,22939,196,5366,3421
590,fd93309a-d791-4ab7-90d7-0f4971a0c318,48742,322,6151,4499
591,dfaa1b08-61e1-41a6-b237-3987f6ba13a2,26032,22,7159,4249
592,a7d52943-99e7-46de-ae5c-532d4086dc8b,19927,69,5799,7240
593,b1bda6ed-e9be-4db8-9285-20196ac7694a,41326,114,1,28
594,b486543a-9ba3-420c-b64d-6263975c8b93,11032,476,4130,657
595,d29086c9-2b7a-40c3-8b18-58b2756a8afa,20945,247,481,9196
596,adf7e218-8240-48b2-87e2-992d678ebbed,17968,864,6226,3820
597,1d648caf-06a9-404e-a357-c60c56d0b044,37717,406,9747,6155
598,c3bb66b7-d385-427c-a38e-1d10f4c7d6c7,15015,493,5819,3273
599,9861a608-993d-4969-9ca0-806ef1f00230,11781,923,1285,156
600,66700ddc-f37c-43f3-a504-696e86bba649,10295,486,9174,4382
601,e5990299-a64e-4943-9d9a-1645f1cf0175,19159,549,4326,6426
602,5148a6cc-d99e-45ee-9909-e2e780b68b30,16663,456,6891,3161
603,4f102957-c667-4e73-98d8-2d1eb4e94890,14159,352,5290,6284
604,001a34f4-6748-459a-b6d4-327f9261f1c6,12518,63,9147,7113
605,9e743825-0012-433e-82f4-28ffd55938d5,6852,819,5091,3325
606,6cdf05cd-a686-487b-bdbd-51c5f3569809,21657,67,9169,1401
607,4184d18d-1629-4a22-9498-c56038134a4f,32675,522,4016,2318
608,56cfc153-3641-475f-81a5-840ebb6140e0,20370,928,2576,3474
609,3fb35147-b7ac-4f31-ab83-a68390b43241,46308,989,8545,8425
610,fd3f5784-1f2d-48a1-8ba9-c70a490e3608,8667,897,3798,618
611,2e3e4a4c-0d02-4657-a5dc-7d18296e7d77,766,883,2812,9500
612,076354bc-4c3c-45c9-a1b1-3a3f28ca5656,2712,771,5601,6109
613,17abefb4-c021-4603-ba80-6581e7d7555e,3660,480,8613,5529
614,7ae39d84-5a72-41b5-ad5c-e03792e3d692,7122,906,3509,8204
615,651dd9ed-8c1f-4f1a-a5d3-8e68e0f2f8a4,17268,262,5216,529
616,7916f559-907c-47cb-9eef-edde5713a198,294,755,8067,2446
617,baeeb167-dc32-4b85-810c-0563dbe91ca6,28335,543,6478,4759
618,f7020a22-b488-4104-a93a-8ac517ddc468,6976,976,1927,3972
619,95eddd88-da7b-4312-b854-72d9319bda07,45455,285,6713,4199
620,f19b4705-393f-4075-bd4f-14ec422063e5,10978,806,7834,50
621,26cb4a19-98f8-4efb-9a3c-7e2e1e53abc8,2560,21,5076,2145
622,b275f55a-8ecd-430f-9523-d89703ab4c8e,29761,660,1068,8287
623,d397e748-a553-4182-83ab-974ca19ddb4a,39373,460,8847,1204
624,449e2bcd-c684-4691-a0b4-2ecb8a6f0353,47703,15,1810,1106
625,825aa585-43a9-4060-90cd-0c7c80e40a00,36586,927,1997,7307
626,87d9d20d-c8d0-498e-85e8-7d1bd5955cd6,33871,586,8984,1901
627,239e8ebf-eca1-4452-8e2c-fe21d4b79b05,30349,358,9702,7321
628,24fc16d1-245b-4684-acf2-b74b25a1102b,3951,743,2630,3503
629,248cc0d4-4233-402f-8936-0ceb4dfc6ac2,8808,353,9600,6025
630,29937189-66e6-49ae-82d3-cbe086d941fb,41198,29,728,8896
631,7356adc0-467a-4098-b835-9ecc73d5a10c,18208,600,5383,658
632,8021bf66-9249-40e1-b8a1-e95626e0c0f5,24971,662,7263,8969
633,edad5d21-c20a-4183-9c38-adea8c09c89f,38729,653,6863,4642
634,5a143064-bdcd-4c0a-a669-c52e09b081be,4647,419,1068,6481
635,61559e6e-af26-4389-bc10-c53a266d67b3,6277,619,5237,3783
636,d7adef4f-8df8-4e1b-9518-5592bdb75c04,14341,197,7001,9847
637,863021ff-2873-4f12-a635-b7316e73ebb7,35553,754,9614,7544
638,5d6a15ed-9f30-4fca-abf5-6cd4e3093a7b,12112,43,1390,8665
639,f6a1f982-a112-4db1-82ee-52240163d880,35455,553,7536,4418
640,f969ec43-ea69-4e38-9394-e598fd1dd943,7479,299,5883,1188
641,d40ba28d-d0f3-4a83-b3a8-ad43edb4517a,48845,954,8478,56
642,3f3c0517-e0c2-491c-9dc1-cd1f581f3f8d,19755,314,3043,5677
643,7f4fb207-a909-4fc2-b66b-c526d9c41c11,8303,213,671,7405
644,ba1f82b4-dbd5-4f62-9fa6-52add9705786,8189,498,2594,7744
645,95f8f500-0670-41be-ac10-d5640ab1c5aa,29847,365,9188,4851
646,0f37631c-7a8f-4c25-92b9-5643e29b06d2,33558,980,479,4655
647,9afc7560-a8e8-427b-8c0c-bc8be5e56959,40193,988,5328,6646
648,874dc621-0a3d-447d-a54c-42331afc053d,13669,203,9945,8906
649,65efb6fd-cd4b-466a-9252-39a7da1eb400,35593,32,3819,9393
650,d2d06e2b-843d-415e-9e36-b76fe5663db5,11151,25,1122,1394
651,b887dc92-46cf-4612-8aa6-7c3bdcdf9913,13898,524,892,122
652,9cb32f16-9476-4fe0-a3b1-06d03452129b,10847,581,4270,5073
653,946f9383-3fa0-4540-a9f1-46db4e3f75de,3847,123,1471,5094
654,87e86622-a2be-41a0-86be-17ef522a03c1,5759,198,1632,9629
655,521305b7-be00-423a-a6fe-0629d621db1e,12186,687,5500,3059
656,56ac04ba-10e5-48d1-83bf-80207f4d07fe,21282,308,1163,6358
657,2f8251d9-75b1-4ce8-94e5-77db42faf1df,35406,939,5522,8219
658,3c7b620d-2791-402b-bf02-8c8cb23c8d3e,15874,750,1517,4581
659,da70680a-d4d8-4100-8372-a7871107f98b,1301,894,3348,4782
660,144399db-a9ab-47ea-95f4-7daeff81b0e5,34426,443,512,2724
661,289246cf-db6e-48a4-83d1-61dbae595ddb,33239,435,9280,1540
662,e57f18fc-a893-46c0-a3f3-b9889bbcc41f,8019,489,8915,7105
663,81db5d54-c81e-4d36-9c4f-c5d91a75fbb7,14992,942,8519,7803
664,59f0506d-fe4a-4d90-a6e6-56656bcd873a,15216,19,2576,8447
665,00025810-e54b-462a-ba18-adc3f618625e,43939,820,7096,2398
666,1ed47892-1754-4b69-bc68-dbf8f4e41350,12685,522,1187,3694
667,ceea083a-025b-4366-a5a0-e2a51a4ff14d,42450,544,5666,1703
668,5214efb3-3a0c-44ac-bf22-ca73f2f57a38,11162,365,6361,5336
669,2afa7cf4-1881-4b3e-815c-9055a131be82,1742,675,6263,503
670,eff11595-302a-46b6-afc2-3cfaa6ec1fa5,34845,809,6698,5352
671,04f42204-a9e1-4a2b-9bdf-9b1bcba24099,22691,771,4385,6703
672,562ec221-6893-4c2d-b919-f768fdb3c6ac,21217,16,3138,6182
673,6e557cf4-25ff-4730-b154-540f168c0ce8,22684,957,4051,8323
674,ef8ceb07-daaa-4d57-80dc-6220f629e7d5,15520,931,7362,2017
675,2743e55f-73eb-468b-8b13-ae352e196623,44766,907,2706,3953
676,e64770be-f108-45e0-aa08-d5d525f00c45,10104,82,4231,3907
677,4592dabe-d2fd-4ecb-abce-99e838d5375c,14350,69,6654,9089
678,8539f75b-99f1-4593-8659-57af455a8062,2217,829,6417,4333
679,115e1b5a-fe1a-4faf-8406-1af6ce64ca4d,12060,303,226,3423
680,5d72a9c0-8cec-4a0f-b201-da8d7fb436d0,2645,442,3334,2642
681,8f8a2ff9-649f-47f6-a63a-d151519b6d31,28754,852,3517,8438
682,457075f3-d1ad-4fec-aca9-22f0cf1ee494,35947,916,5836,9659
683,4f9dd8cd-b4bc-4f32-b4a1-b3481d1053e4,40251,345,2226,9702
684,e0f959f3-8280-43d1-b8b4-7704cea8f705,12456,646,6318,7780
685,43e01835-a865-4b33-8554-7e2310ee47b7,28113,717,9122,4516
686,a4a239ff-3020-4b63-b50b-4313dc449fa7,33362,861,7579,6029
687,73a7c4f8-d210-4235-bfb6-d542b5a212be,48820,419,9045,2943
688,f527693b-a0d9-40da-a0c9-38cb417de7c3,10344,551,4075,3867
689,147e55ed-3537-4bb7-a20e-bdb387961b7e,20153,449,9764,6477
690,7fe31a8d-d7c1-4cd3-a2f4-826cccabfbcd,45464,155,8203,2605
691,880875b1-f0ef-4e07-8c22-d46e9a1be2dc,5665,931,5538,8486
692,f8760744-7b7e-4002-a797-4ea82ff961c0,46448,445,2993,6129
693,7bcf9b7e-8617-424a-aae8-10d97ece44ae,38376,588,5583,8497
694,1f923b99-adba-4d8f-b42b-8f280518a3a5,29374,528,5478,2708
695,c07f454f-cd77-4bec-b8b6-56c9d88cd879,48045,529,6540,5021
696,c08ca239-c5b0-4afc-ba37-cba6f95381ae,14185,709,6945,2944
697,e47cced8-5e5b-4041-9823-cfcf4dec36d1,14878,534,3899,6960
698,ab411c55-1423-41ee-9762-06b10e807c8e,12455,48,3602,9016
699,86b998a8-621f-4433-a63a-abd98b2122a5,23821,769,3218,7471
700,8b3de3e2-bd15-4d3c-aef1-c76556b62529,31288,203,3991,8853
701,5b3d4912-3641-47bb-9689-6d7a4b594e05,23628,537,6308,7890
702,aacc468d-3da8-40e6-b2c0-56651fbba5f8,47916,301,6381,8346
703,17248b77-2dcd-4c10-b57d-c985c7001178,4079,953,7210,1158
704,dfcb40ba-4f93-4bb1-9f31-1bca91b5ded4,40011,40,5848,4333
705,d131a45d-201f-496c-a510-a46f13c01691,7797,981,4737,6604
706,4f2656c7-84f5-4108-94e9-8286f58b7e43,8206,49,2391,3093
707,a288c100-5b4a-4065-b3f7-273f664d732b,4185,148,3595,9009
708,62fb563b-bf8f-4f11-81af-673192cd4f97,32238,728,6517,7611
709,ffcd4346-7b22-4822-af62-18c600fff7ee,2204,403,2965,6349
710,97d9601e-23d0-4730-82f6-6f8777e06220,47161,826,2694,4867
711,c7257811-98a5-4a00-90ef-c948155abd1f,35124,483,1460,6113
712,0bb91ba1-6916-4c69-b925-06ccb05b403b,11736,481,1793,6561
713,83e8bc10-60c2-4213-8250-2fa1b0675a85,48809,269,6614,495
714,e9d965da-ce15-4ccf-b3de-71139e32f765,42875,811,2118,9368
715,5fb709b3-48ff-4f50-8488-50432307abfd,41893,361,6318,4073
716,6307f42a-a6e8-45cd-89aa-8c6903dcf9d2,2859,528,4,9378
717,7c696a68-0f96-49ad-880e-999fc4dff0f7,3410,954,4293,9870
718,881438e0-9ee8-4c0d-aaa9-ce023eb02df7,35025,103,3216,7002
719,2fca88b4-1a87-40da-bd87-61e38a2b191f,505,745,6069,8138
720,deaf05bc-f1bb-4f7e-9e26-3394d6e1cddb,49589,927,4233,4056
721,a9a2bbb0-0035-4c88-b677-5b4266b26330,35451,933,8344,1214
722,e09a703f-2ec9-4a06-9cc8-9061f4c6e713,27797,170,2441,6882
723,d74ba43e-10b2-45c4-96fa-d2964c9a42ce,33331,422,9440,6717
724,bcb4b7f0-77ec-47aa-a383-59fd5fe781ec,45879,187,3797,7738
725,3673a834-bf17-4003-ae87-7668565b9cce,33756,177,6360,2923
726,ac0b7dc4-bb0c-4c19-b592-366886dfecd8,24444,635,6567,6593
727,e5651f1c-7933-4b36-9397-7622d52a5980,27074,843,2134,5341
728,59022ea7-b9c8-4c27-9499-25464d932513,18,88,4202,8760
729,fe6f53bc-3c51-48bf-b3ff-81f1a62918c3,13457,981,1744,1157
730,cece5d9e-ed7e-4ee5-a245-008158caad7e,1512,694,8773,4950
731,e4e3bc53-fab2-45ab-af11-7a08abe45971,34729,540,1899,9589
732,69d0accf-88d3-4144-9e48-2ece12df6abf,48173,283,8962,2304
733,da5c53d6-f503-4944-b052-0b0a3f4afba4,25585,312,2028,6205
734,22753e46-06eb-40f9-aae4-868b37e712bc,4899,216,3138,1414
735,cb4671a1-a43a-418e-8b28-f4f0aa40c447,39877,44,1983,6378
736,1971770b-580f-4277-a19f-ef69ba193c3a,23939,656,6366,7896
737,e40d6c3e-f687-47b7-900a-a09c3c8db149,15551,482,2845,8585
738,5aa8f225-0aec-4759-a591-8ebdd5d93a5a,11344,673,3046,5236
739,ed45d77a-768f-49a8-94b4-d135630428ee,35896,272,7913,9278
740,e26928db-2f47-4da8-aecc-6aac79b696b0,36012,362,6073,5243
741,8f60271c-f4c2-4ad9-9270-e85c62322901,14005,871,2686,2486
742,89648035-b00d-45f7-80ed-40704142c010,33462,314,4049,7767
743,9f3dac4b-49b2-4b0d-b1c4-a181280162ee,2650,929,2485,5951
744,b489ae82-9930-454b-b1bc-1a6eb80ba409,2020,265,7860,9931
745,fee7e3d3-ce06-4ec1-8474-8cb21b456aff,1766,182,7264,509
746,03ea0b52-d640-4f1d-a1b1-5dff39e26bf6,24724,854,5984,5834
747,fd9ab5e9-85cc-4af7-a9c9-0f777f27771d,15829,16,8447,1211
748,96f97ff4-9a9f-4ccf-8342-863696f50f4f,30828,407,4593,9213
749,e74b24ed-f6f2-4124-b26c-946da27e0cc7,18521,41,1827,3592
750,1d35867e-9c4a-4ad2-bdf8-7a8a9b772a0f,754,370,4282,6903
751,25aab7b7-c97c-4b1d-9427-beef7c275058,7483,655,7440,9287
752,b22fbd89-06b0-4c47-8b25-26e914c82cfc,42353,40,9920,3934
753,bdd757ed-98f6-4915-907a-a335fc0a1905,23085,193,5529,2709
754,607b6916-a0b2-45ce-a99c-0bbeb008a3fc,33871,214,6570,4275
755,f0b5a673-4fca-4436-9a71-19207d530e1e,8483,26,2216,2483
756,9292cb23-5116-422a-b0b2-060efe6e7952,46069,142,963,963
757,24b56530-b701-499b-b996-10741273655d,3384,31,3929,1492
758,bcaf5768-fccc-4c21-bc36-b4a2521c874d,36594,859,3571,3396
759,ddda7da8-eabd-4a51-9be6-334924ae066a,37608,635,7207,2118
760,187b3aa6-bd42-425e-884b-a3551dfa4188,19262,801,188,2542
761,28f67f32-0950-4389-bc66-6251e40939a5,876,223,6644,6523
762,0add063a-5037-42a8-b53f-750034a407d7,35200,967,3029,7663
763,37e3dc5c-3f72-466d-b3fb-531f6edcc5a8,17856,767,1724,5226
764,929e5db5-1267-4f4b-8a29-989ae4cb244a,17534,60,6076,9253
765,d8373670-034f-4c8a-86b2-b1fa9f94be4e,47841,427,6973,4476
766,3359d4d1-b837-4354-a541-7dc6b42161af,29065,351,1450,2159
767,caa4bdd2-eb36-4f04-a32b-8d0c9a517a59,44403,885,4005,5895
768,5c4ac5aa-5692-4a87-9175-a7de36f4886e,9899,505,8191,1662
769,4e7141dc-6e04-4728-b0e9-949a3167610c,28233,807,1423,8542
770,3dcf9bd6-b5ab-4857-b063-15efd2c40e34,29775,106,6139,785
771,49237e5a-6180-4a50-858d-8d678a0d24a0,15240,359,7334,857
772,7a2f6780-e21c-431e-bdec-b6fe13c344aa,5318,150,5546,9725
773,45fba0f8-ab70-4990-aecc-8489602cec98,13822,478,9194,6584
774,864a05f0-0d87-402b-b43e-659d695be94f,2643,953,9920,6160
775,24ada701-d2b4-4ef1-8254-a0e431373aca,28868,241,2815,9817
776,cb670994-e4c5-4f06-ad59-7bf96ccfadae,9952,82,194,4619
777,806b30fd-42a5-4ee2-b2cc-aa81899dcf23,26573,628,3311,4310
778,a4b6b690-8acb-4e49-9f76-ae0608a63290,22162,173,7141,2126
779,2f1dbacb-69c8-42fd-8f08-6ed4995bc61f,7397,388,5749,5900
780,bc1c5507-62fe-4ca6-82ec-becba7461143,12930,698,2062,9057
781,ea709e94-0d6d-4dcf-a1e7-0fa42c2132bb,21547,754,7736,1658
782,1db9c05c-3e54-4a49-83be-fb3d99eeb88b,9203,776,8713,1609
783,e8a0aa83-7560-4cb2-9dad-a3c551ce392a,29733,902,8967,5531
784,d652727d-62f7-4dc6-a247-03eb8e86dfd4,41934,181,928,6305
785,a64c99bc-1f8c-4376-9001-a6c44af13c0f,24923,60,5738,4836
786,42262979-7482-40f8-94df-57577f291a6e,10795,357,7500,1301
787,2e20b8af-4ad0-4153-982d-effb4f57dbe5,10601,819,1055,2124
788,02530b5b-7607-4b94-b7da-1008683ccdfc,6626,827,6950,2423
789,ff512b82-8d5e-4649-bff9-c107674f64fd,24849,328,3079,4701
790,2dc3ab21-e476-476c-97d1-d40c4af61bb0,36597,835,657,3188
791,fe84c5cb-86ab-48ac-b75d-5dfd520c3567,18950,666,581,7580
792,84c0e359-e693-4e86-bd52-8d6f131e32de,36355,6,7781,5860
793,9e2514ff-28aa-42cd-9b58-84ec4b922fb4,522,472,1246,8266
794,f7713fd5-76c2-415f-84eb-93e66df02cb6,10301,135,7384,310
795,02bbc283-3688-43b8-a2e8-92e2ea847cbe,27732,602,5810,1625
796,d523ad5e-92d5-45d2-99db-20acdfcc3b5c,43763,362,8651,4855
797,f1cff9bb-79ad-442d-85f1-259a0218490d,37553,290,5927,3664
798,7fa2c298-4dc0-46d8-81b5-eb5bce64eee7,16550,802,1268,6798
799,37d52176-6cc3-4fff-ba3e-68f2d1c8402e,34182,437,8107,3003
800,0d222b40-48c4-436c-8217-38efa38ed6b1,28617,553,7166,453
801,d1100f19-c99f-4131-aac7-846eaa11a6fc,37690,197,4793,496
802,f0972cf2-bec8-47f0-8037-b0c702193d1f,29589,317,284,2934
803,91292ddf-8a76-4053-afb9-404afcad5d7c,49352,210,7521,7598
804,283b607f-8970-47aa-b321-65fcd3756c68,11146,334,381,7507
805,5a7409b3-b44a-4452-b909-afff2d2a32bc,48081,794,1102,7138
806,29b3d8ac-da5c-4327-935f-c96e3c300a42,45710,341,1297,653
807,c0e5316f-8aa2-4602-b42a-9e13f84d402e,6024,674,3442,1586
808,5ccc6cdc-15aa-4663-84e8-b846bb67fa68,39086,403,6646,5566
809,8258a8bd-f284-42ef-875a-216926ae9a18,32867,227,2052,3896
810,145f5822-c707-4eb5-be42-75ffb8a59a22,18568,313,432,3621
811,ef795a8b-9539-4556-93fc-9340428b8e79,38311,983,8813,2144
812,ffb371d5-c268-4345-bc15-5bfc6b67fcc2,34998,45,4032,5822
813,f4614041-d3d5-4a2e-ab48-003689a081bb,26494,876,9421,6892
814,3d5d12f8-e9d9-416b-b825-f23c25be2fd8,47612,884,2555,3355
815,ba5d8714-fa6f-495a-aa4a-83522c73afde,40123,817,1115,755
816,cbdffe67-9d39-4335-85f2-37420d621e41,18873,543,6359,8072
817,d04cac85-bc57-4851-b7bd-87576ee273a8,21437,538,3943,1327
818,50eca8d0-0936-4a1a-8682-1f0fedad36d0,46223,726,7396,2241
819,32384c35-21e2-4ae4-8cbe-b6526dd892dc,24846,442,592,6118
820,f5e17bec-dd17-41a9-a220-3df10db0fb2a,33880,62,771,4719
821,8863418e-bd9e-4b34-847c-9971a58b4ed9,47126,232,128,5364
822,cbcbf03a-c189-4305-b365-8f974ac6d016,25838,266,2754,7087
823,c88519a7-8301-404e-93a6-c448e1158d3c,12204,72,4263,6952
824,87a28b95-2346-42f8-b94b-7f4cbb6e8d00,8608,568,4858,5851
825,42c3b623-3678-41ca-923a-3debfe2c11c0,22429,988,9156,9134
826,1f0eed77-950c-4d3e-a88e-5ed440571ef9,572,359,1315,8923
827,13568e16-43a9-4993-a71f-78136c88506a,145,806,182,1956
828,b3d718ca-7e6b-4594-bafe-7a825de5eb23,19899,198,7378,5425
829,015f2c2b-6e05-497a-819f-c850e418982e,26791,580,4988,7263
830,29f3d3be-87a3-4455-9805-90bac9efa18a,15863,821,5194,9736
831,92d37cef-cd30-40a9-8543-ee2bf0a663ca,9923,390,127,4160
832,ff20b8e8-0eda-4582-996a-f857243f9315,11700,498,1981,3300
833,210235d7-4760-4bf8-9d9c-b16aca4a4f70,40100,126,9084,6088
834,a504c55b-6e45-4075-9b83-55d512ec2dd5,30816,103,8930,3172
835,8b9ebb70-e31d-4cf5-98f9-bfd8990d1aea,28803,871,4972,5354
836,fc44cee8-77ac-43e0-91b1-8579b3b66ef4,9178,642,396,2014
837,0ad5f126-7b0f-460e-bca8-85520bb1187a,31880,510,9106,1133
838,e9d9739f-6d2e-419d-a94f-b58d03c5f741,32802,978,4392,1351
839,b7c36b3e-7192-430a-90a0-78f32a5be33d,26093,525,6999,4707
840,f45081a7-d17a-401a-b6b3-84f7fcfdff45,39242,86,9034,6255
841,161b87a7-ff81-4d2f-b232-e4aba4b2786d,36104,795,3036,2585
842,94074ace-ecf8-46ba-9053-66bdd302256c,19945,530,7647,136
843,51ec4285-2f5b-4a6e-95be-67af9a48fd2c,35342,783,6367,6395
844,8c8e3814-0f6f-4645-ae30-68543bfa867b,9436,815,5049,5790
845,b6567841-9180-4b56-8ad7-ce142d792838,6865,930,6974,9576
846,9a07d921-f83d-45a3-a17b-1c58ec8da4f2,21973,794,7447,2278
847,0baf9b90-c9bb-4526-b03b-6b286131cb87,7790,164,9716,1018
848,7561b6c6-8db6-44a2-bc93-ac0c04887ea7,26415,576,2778,9992
849,5d5663b4-6139-4ce8-9771-5ad949e360fb,47912,387,1468,8267
850,6a579bbb-937b-44d6-a8df-91e0efa56842,42444,198,8905,8141
851,0e6433b2-4e4d-4a7b-80c7-14c6581391aa,29152,288,5677,1462
852,514a62a8-6491-4684-bb56-1107b38cd9a7,18576,973,5609,4654
853,039cea32-2cdb-4c4a-b5ba-476ba08e7693,22506,211,7716,7466
854,3e7abedf-90d1-4eb7-93da-f00ad7d850e4,22398,253,394,9022
855,dbb5aeba-ab02-4ffa-bc60-b9ea46ca5326,24011,807,5071,4304
856,dd5473ae-b8fd-4e23-8cca-8fc8b3588887,49805,260,1197,6976
857,692942b9-351c-4aa8-a711-70058d758b5b,8387,637,2125,6233
858,4232c400-0f21-430a-a978-6fceae98ad53,12583,969,714,8502
859,01f6467f-2e52-419c-8d46-f0624ecd4594,4894,334,6852,2542
860,028d6966-a5cb-4e0a-ba38-2d2a59fd1711,27246,345,3481,1895
861,5df83211-ba08-4df2-9300-7c0aa5db6617,20471,450,5594,9289
862,6aa753f2-0d36-4f64-b51d-e15d7a6819f9,28495,391,1419,8445
863,d938b4e1-91b5-4afc-9d9b-c104f6c9d823,6303,378,3187,9946
864,321ba2d6-a22b-4fde-ac1e-261d8421653c,23232,99,4433,1040
865,d3e739ef-fb1d-4632-8f54-1660d803263a,2155,624,5812,7717
866,982d2b2d-b494-4ffa-a4d8-d4d327ff625d,2726,680,138,9942
867,2cb2dfe8-d8e3-4be1-884f-9333aa440fce,23966,423,2979,9778
868,ebf942ab-86fe-4d8d-ad1b-1948e9d2dd80,10372,12,546,1712
869,8b29f12d-0e82-4e25-8d54-c01214bde645,45151,997,1812,5325
870,98909c0d-0839-4cc8-af0a-e775b293b4fb,8024,912,3354,7521
871,b9294a13-e5d6-4b3c-98da-1f15fefe5633,49177,955,8580,8982
872,948da8da-b69b-4fd9-9acb-47c16565f758,23472,977,9113,7092
873,4c718ba8-af20-4428-b3d7-30e3fe621168,11071,899,1741,3765
874,ad802b18-f6f2-4451-924c-b3ccb77eb07a,33097,312,4706,8956
875,7d558747-4777-485c-ba36-0c6e94a38c46,23495,612,9988,3872
876,f646dd99-6825-4330-a383-67f4b9a77113,12824,349,917,2566
877,5b1a14ec-a23b-47bf-bbb1-8a4b1b716843,36652,918,443,8341
878,39b44977-28a8-49f0-80cf-59bad26c9b9c,17188,675,9576,5670
879,df536ce7-4fff-40c1-9ccf-69e925377cde,1703,951,764,11
880,e8e5094e-b14f-4bb2-9c76-abb2897dca79,7618,338,3633,7099
881,6e377ff8-7303-4c69-8236-94c7ff25553a,9076,11,6664,9233
882,28280203-22b0-4195-9b25-b2397eef8711,23107,438,1560,28
883,320b3478-3ca5-47ff-9841-f0508cbcc77b,26796,54,1436,9141
884,1576c4aa-d0a3-4e11-9d40-d243c75be032,31025,617,7868,9128
885,fcde92b9-3ebc-410a-bdbc-ab3dfee2f482,19497,736,741,6576
886,623dd2ba-912c-4328-b646-c13742bb6891,7482,750,1271,3977
887,7253f473-607a-4ba9-9509-1cbc7033be18,15420,20,4696,1421
888,c5f81996-d7e0-4f77-8142-f344d468a3cf,767,978,300,3476
889,15bd5326-b106-4981-a4ca-3c04ae116ecf,31743,660,8124,3222
890,909b6fe3-8ec3-44c3-acf5-b97c9880eab4,19052,362,6343,5299
891,2fa34656-53a4-4002-afea-145e07633570,21296,507,9069,3564
892,d00564e4-276b-4d26-9caf-cc23fac72550,36480,96,1792,8063
893,155ed157-04d0-425a-b6b7-5e64befe3c2c,44806,937,7292,5811
894,8481320e-a8d0-4a20-9921-6cf43b642b0d,12479,37,3568,176
895,b3904128-ea8e-48d6-a206-75dbd121fd9a,25617,699,8367,1977
896,764d846f-5ee7-4917-a895-4237638b2176,41412,599,7875,70
897,b43cd127-3bd1-4125-a234-0234fe163df7,18119,16,5597,4332
898,01699c01-3e1f-40d9-8da8-885ff00c74c1,12793,279,5728,7142
899,00b73e56-ed82-406d-af9b-9a921a309b94,21692,99,7242,9473
900,b9031952-c527-4b2e-ab1d-66757ee79370,42252,765,8826,4261
901,c8614239-7a07-4303-a841-e4670b497e1d,1790,547,1686,712
902,55b90bd5-2d86-4628-b6a3-66983e730d34,16922,902,5712,6060
903,10a2ab53-4c96-4d4b-ae77-61bacf86f425,27064,288,8668,3325
904,3fa4a309-cc89-47fc-add9-ec4319430385,35743,94,9282,8361
905,3431182f-c88c-4fab-98de-eefd3d6d20c1,28049,104,5568,2248
906,af38ab8d-c82f-4ffa-a809-750d7da01797,17473,299,4345,735
907,0a933524-149a-4b6f-89af-36423c1f28a3,29068,956,5782,9776
908,bdcf3dbd-729b-448c-87e8-8b6ece558d72,6240,764,483,3360
909,82d5447a-2c90-40db-8178-e86a0e932723,31656,228,7204,7077
910,e82e5275-24ae-4e33-8958-435b15501bfd,34697,206,298,757
911,19d2a28d-31d0-40d3-958d-cd026842c17b,20147,814,4639,7336
912,344e9cab-05b0-4a71-addf-69f315647b73,26418,105,7939,9145
913,e6b47d87-d009-43b7-8086-7b99ba9fb115,44597,962,2325,5896
914,d255c580-a3bc-4cfd-8ca1-b4879456858a,6085,834,4924,4885
915,9add6e6b-caaf-4381-96bd-1ddb69373105,18548,24,8724,234
916,bb90a619-bfe2-4eef-9e20-32877f924db4,37191,928,8853,6640
917,22fe7f21-bc3f-4d8d-a4e1-eea749914764,43277,102,9225,106
918,30f694d8-6420-4a28-9b82-a782f654f0b8,39953,266,8599,3887
919,bc221825-85d7-49fc-b301-6871bd523cfe,24277,338,4986,3006
920,c03ea567-5036-4be2-82e7-f2084336c2ee,42642,717,952,4721
921,7fff751f-e80a-4c65-8e85-ebd081aa58db,14409,670,173,3327
922,b0e4f8bd-35bf-48f3-8898-183f49999818,20618,892,2076,3653
923,64edff04-d401-435b-b7af-15903503868f,14460,146,3932,3734
924,ed79ca09-9713-445c-8868-d092f122f120,21864,52,872,1813
925,33fcf397-f846-4a2d-9449-527daae201af,47319,347,9935,1134
926,085ae4d1-e8d0-4f88-996d-b149d4820f5c,49893,176,892,9823
927,025c08ff-1d40-4ab9-a8e5-59e7b378ca22,22314,44,5693,1804
928,de2fa703-fdf4-4761-8559-8fda042f2daa,15830,665,5201,6413
929,2163bb64-dea9-4310-a0bd-1fbf9cc3455e,42955,270,7275,2917
930,70041b27-250b-4e0e-9113-5a81cb2e1614,45315,180,7244,30
931,96de879e-c823-48ac-b000-f88a6c52f833,11916,886,1832,3724
932,31c521e0-55ea-44c7-b050-fb4e057c7762,19622,809,6131,8305
933,85865be2-4605-4573-842d-8fd75f16d201,8703,686,7714,4550
934,1d696839-4459-44eb-a5b8-3ce231cc90f9,33664,1,6789,2972
935,80fdb82c-421b-4e1a-821f-26dacc83fceb,33440,121,3050,3659
936,1a9cebd1-63d8-4b8c-a43c-247deb973f07,33446,441,4809,3755
937,45dbddb4-3e6a-4ba0-8779-993cbab7b9e5,49938,957,8112,529
938,dd09184d-d69f-4ecb-942c-2a4c072f94e8,4864,215,607,4181
939,dd50907a-4938-4ad2-b378-9d92dd35a523,37190,698,1920,8789
940,eb4570ac-5c0d-4104-b12a-cae1daa431d4,29028,987,4759,643
941,cfd8c657-1829-462a-9c70-222ff3c6fcc9,32517,341,838,952
942,61a6884e-ab73-47aa-a853-2e5d4ad4c29e,18626,663,8017,3485
943,ed71ae71-a7c3-46df-b6a2-5fb1105e5049,45283,987,7013,9102
944,881443c7-9b99-4a26-b64b-4d26d0848be9,46442,840,8183,6924
945,c46ec4df-dc82-452a-9915-768ca6a01980,39916,417,9993,1314
946,3a287ea5-91e0-4659-b924-15b85c2686c3,32604,46,2081,3826
947,7eefc116-c434-4a34-86fa-2e874794c678,29481,635,5491,338
948,8017a405-22e3-4c72-8205-ff7b06b74bd4,45799,764,8628,2427
949,2b7e7229-b85a-4ac8-926a-e09c78f04de0,698,381,6556,5419
950,66fcefed-fff6-4ab9-b172-b0851d57b0f2,16909,410,53,6415
951,7facd9ae-eae2-4489-894d-4483bc73148c,23041,442,2725,6786
952,7a6a9642-6671-4892-90b5-8f2b491fd0f0,26743,39,3627,718
953,76532cd9-342a-4612-94c5-e275c61cea66,2635,990,7726,3165
954,216abaff-8ec4-4868-b401-d00560066fea,20750,883,4509,6879
955,679e3a1f-16e1-4f62-a930-3bfc96ad6da9,32556,550,2762,6962
956,d95eb5eb-3433-423a-ade5-9d9af7cde57b,11683,216,3775,5462
957,8af451b7-3194-4399-842d-df475bb9b0f3,42135,958,3570,2007
958,2fff58f5-edc7-46fb-a439-e82d4c1dd0dc,16939,168,2526,9318
959,b00b4adc-529d-4edf-a864-a7b7e65cb675,10871,178,5802,5135
960,7a297a24-9331-42cf-a45b-180330676aed,19514,411,551,7933
961,0e3c7f32-a7dd-4300-a32e-60b5ec5059bf,39850,23,6493,5776
962,f21e736f-50f7-4d37-889e-c97744e76b6f,23983,716,9914,6103
963,4ca707dc-8e90-4385-ba09-f4efc13f8fc5,2369,381,6309,6103
964,e8c681cf-d786-4656-9f78-cd1a55fc08e8,32676,650,4535,5215
965,62261382-9606-4ed3-a01d-43c3fd374d0f,29767,156,9792,1126
966,5044045c-96e2-47e4-9103-104c200d2189,16643,562,6267,977
967,971d2961-fb97-4371-bb2e-7ddf34748746,201,28,8786,502
968,63f863fd-b28d-4306-8f1e-0e0641bb4e33,36292,492,9914,4078
969,37ad8cc2-10e7-4a24-bb0c-967329dfa9c8,27802,407,4170,3434
970,86bf63d1-df79-44e3-b675-efaf60bbb8cc,6033,468,2095,7358
971,a187bcac-2531-4c58-879c-b31c2a8964a4,13574,143,7697,5899
972,47757385-d52b-4a97-b7d0-1f6af91ed5e5,905,961,8237,184
973,72be56fb-ab7e-4ea0-b4ef-73c770e8f869,16792,396,7417,7065
974,1e7533ac-c9ca-4359-ac63-107141d40434,48246,225,769,8198
975,d6669ed9-ae9e-4fdf-ad5c-343921ff53aa,36560,1,6165,1668
976,7e0f32bd-d0ff-4558-9d42-f8e6959afa62,17919,724,6320,2607
977,8d8fe608-fee2-4e9b-b99a-b229dfba90e8,13359,539,4666,343
978,21b8f1a5-419a-4be2-9e20-9cd515c9986d,10659,876,7411,5971
979,f6ef6610-6cdd-4bf0-85c9-6860ecd3713d,45940,413,8533,7390
980,8966c8d4-a383-46a1-b4bf-e36990400c2d,43024,416,9581,5234
981,ffe57fd1-b843-4d87-9d20-85faaaee8dc1,27899,362,1907,8589
982,224b9203-f6fc-4a8d-b1d7-21378dfb43aa,15806,447,11,2818
983,18fc0a6e-0d3b-4028-bb22-53887dd0a8c5,36167,659,232,3658
984,5b0b22f7-4162-4fef-be96-2ecb751759c5,48607,506,173,2367
985,af2f0954-090f-49f5-98b2-6b8df9795109,17707,389,9347,4761
986,61189ee1-70cf-4627-a2d5-db91b2f3ecb1,13900,648,830,7210
987,033cff2c-cb34-484f-ab8a-4d1c81c32081,46526,720,5395,7609
988,2d2cee4e-cf6e-4a62-ad74-92aa42816f25,31051,658,9489,7878
989,232b8039-6234-4b5e-a950-86f9e23878db,29746,545,1311,4527
990,18ffd9e8-b6e5-40fe-a183-a52923fe8fb0,41040,723,4053,6676
991,394b119c-10fe-471e-be93-44c0340058b6,7229,403,8141,777
992,fb3093e5-725c-4571-b89f-ef7efc6d41c5,2858,161,9748,7571
993,c0513084-183d-4339-a97b-c14b42d181b3,89,82,2300,7216
994,2ad02382-090d-4235-8412-b5d52c96f4e1,26643,573,7956,1801
995,53a8af70-9f09-4a2a-b42a-3518e295c806,25683,378,1679,3113
996,c8e2b8ec-6c3e-4eb8-8dbb-dd9942d73194,28205,496,9404,4619
997,d56941fd-1a6f-40ff-a8bc-348f7bd8a58e,8562,323,8361,1561
998,cd203675-debf-4160-bfd1-7d5f537e45b1,7339,861,9609,2325
999,ce2022d4-1535-4395-8152-79fe1fb3f78c,39874,903,4339,7968
1000,cce6918b-cfe1-468e-8489-e9425e01cd3c,38456,194,6217,375
1001,d4774bd4-ae92-458c-8e81-a83229b284c8,450,97,1979,2864
1002,03e62816-25e7-4b6d-899f-ecbbaff625fe,27297,386,3186,589
1003,d67449cb-1209-44d0-8a85-3324bbe8c718,32228,70,9960,2646
1004,0629273b-149f-4e8c-ae16-929b1d1399e9,25608,436,7473,8665
1005,ab52981d-019b-431f-beb1-0dfcf629e1fb,5906,844,9269,1319
1006,7c10d7bd-122b-4022-9ef0-ce2facc2671d,19892,479,1876,6950
1007,10841413-b99e-48e0-8575-75a42a6becb1,47080,946,2693,7583
1008,1dfec690-46ed-4003-abb0-bb0d4287e851,48415,708,1908,6503
1009,7f33676d-8124-4df2-a916-50bcffe398bc,12070,879,6061,1675
1010,93c65750-19d6-4fd8-bd00-c1d94cada311,6401,934,1814,3976
1011,9f3d09a5-00cf-4b7d-bca1-02ec6c6d81e7,15685,89,5373,1754
1012,291c074c-6fdf-43fb-ba1d-6c1ad71cbbc3,39513,486,9259,4200
1013,d6f8cd99-1a23-40c4-96d4-a0b463c0a7fa,2475,132,4027,9070
1014,a8326b04-56fb-48bb-90e3-3e6c06bda12b,14694,156,8753,9781
1015,8874a181-d44b-40d0-b47c-fd914d76c727,26754,470,1979,3817
1016,b5974128-69e9-4c4f-8f6b-2b5733de2cc2,33812,50,107,4388
1017,e93c2395-618c-47ba-b221-5f33e3b1351c,49193,389,5986,7650
1018,f90827d5-40a9-4cfa-bccc-d390784159aa,48861,401,8370,5508
1019,9332345c-4bc3-458f-a4ac-3660daa32649,16252,998,8769,8600
1020,fe39a684-2a93-4830-bf28-29417b5f53fe,14922,438,9142,1950
1021,28bd7075-b7fa-450b-9a88-6966676859cd,4746,398,1505,5057
1022,c37a7e3b-b4e4-4c68-8031-97f1276a6dac,10560,85,351,4108
1023,b018a8a7-7603-43e6-941d-d5f7fe134651,427,139,5910,8896
1024,3f9df88f-1f79-475b-a806-e50c6c62f08b,42653,295,1189,9098
1025,bc69754a-0c35-483d-a2c0-d5de0add2715,31373,47,9838,5354
1026,1ef027d1-73d7-4888-9790-0d1afbc90090,23673,809,9342,4795
1027,6e8677ae-b1b8-4d35-a712-839ddd5d4c7d,45143,513,8633,2921
1028,b90e3bd0-ee58-40ae-8d1e-57e5ec35758f,45771,720,8276,7627
1029,4dd4f0b4-1cc5-417a-a3b9-60c390fc852a,39966,200,2879,1506
1030,d3f978c1-2d72-4d34-acb4-5ae443b4607e,47739,754,5421,3636
1031,b86553b8-34b1-4194-94c3-e89bae98097e,299,339,5270,5090
1032,425d7d1c-5f62-49d5-b39a-7042b59535c8,29600,527,2925,1922
1033,f2607894-524a-4039-aa54-102a30d30011,20403,87,9265,2578
1034,6aa679bf-6709-4ba4-b54d-cc54404760da,11000,351,7060,8891
1035,601eaf9d-d740-480b-b027-86db333ee136,19813,887,1605,7804
1036,953b7183-71c8-43a2-af65-55e76a39040b,38717,388,5906,1439
1037,68d48cd3-5567-45e7-8fa2-2dbdfb4c9a30,24093,614,5315,3590
1038,9a982158-e9e3-4e14-9535-ee06db399f4d,22087,410,4334,1072
1039,a4f40f7e-6fb0-4180-a6c1-2f696f5800fd,24507,633,3346,9600
1040,2e906639-d50d-4160-b3ec-0ec1bbe675f0,40041,952,5919,3199
1041,44ebefb2-3420-4b33-aa98-464a61245f8e,47306,741,183,6637
1042,844f3514-8816-48c0-8e6e-d615efcddcc8,5568,273,2584,692
1043,1f658c4b-cfea-48ee-8098-6360322e16d0,3702,810,2408,7725
1044,d25e4c3e-db6d-4005-b69f-0ba2570993ff,21909,584,5476,6546
1045,a9772942-4165-4b71-80fa-7e2e314b17f7,41044,15,7629,2649
1046,adf71e66-ba4a-478a-8199-4cccac127ec9,47621,495,9810,3283
1047,65c19976-2fc1-4f78-9147-d3a3055a2784,33270,785,8285,3361
1048,7e61f906-d870-48e0-9ae6-22e639e935d3,37914,848,3455,1083
1049,fc5ec9fa-0eb8-41ce-add2-8fec6b741a20,37397,80,4641,8910
1050,6b48757f-2750-4953-a0e7-0d4c8bc469ba,44286,935,9621,589
1051,6ce71250-973b-4b1e-9950-ff1178580da3,36585,99,2605,1883
1052,7410219c-fb0e-41ee-9326-babf04a97cf8,32051,243,8959,5509
1053,09bcadf6-f351-455d-9ad0-70ab15100fe6,8800,731,6418,8750
1054,80d7ae9e-f13c-474c-9438-4c0c895f242d,46022,61,4866,6284
1055,ad4a0d16-caa5-4469-9cd5-f53c66b9d6bf,13702,890,2906,5695
1056,cbde47ec-be65-41cc-b17d-3674dab2f5df,34256,940,4261,4025
1057,75333abc-a4de-4bd5-9e20-74bf6b51cd06,39828,806,4763,9005
1058,1f23ce60-d052-4c09-89fb-1ab2dad9a1f5,49219,169,194,2018
1059,a37bc3df-6b41-4942-aae0-935226f0aefa,34714,296,7850,296
1060,544cadba-9fbc-45c9-9faf-951f9044b34e,43136,277,954,342
1061,ee012b07-46f6-4014-85c3-b41f612418fb,42075,588,2924,7562
1062,b1e34fce-8c21-4469-a1b5-54e5daf6daaa,42331,289,913,5640
1063,8d0203d8-797e-486f-90f4-1ff180209686,40277,387,2908,951
1064,192f6d38-4692-4971-b0ae-cb703109edb8,39466,759,5061,6184
1065,3561ad08-3672-4a9d-985d-52d9823bf075,35932,11,6400,7779
1066,6ef16bba-a664-4dce-a3c7-32c6cebb3891,8567,15,2181,7329
1067,eb859788-6434-41d9-887d-5c2167e41b10,40384,894,4510,319
1068,7a8d33fe-618e-42d5-be10-3c0439ef93fd,17839,58,9707,408
1069,ddb108a0-081e-4599-a3ce-666595f0163d,32568,912,5432,2710
1070,6933aa25-92f7-4150-9889-8ee703cd2fe5,37515,386,227,6284
1071,2a2be3d8-42ec-4594-956c-384ba52d476c,9263,971,7214,3931
1072,a10ee2f6-7324-4322-b167-ccd080a246a8,1739,8,6660,1344
1073,c527e626-9a0d-4481-9099-2e9b72d97f7d,6433,876,6583,5226
1074,c3181629-b9cc-429b-ab8c-64aa19085dc8,4251,692,9703,7522
1075,14478168-b417-430d-93d0-6c20cb707867,28845,179,9112,8610
1076,0cabab52-d985-4445-aaa4-86a884d42e2f,20343,81,2546,995
1077,73545134-6bfb-4bcd-bce0-92160244d662,20754,656,2917,7692
1078,bfb70af5-23ce-49eb-a107-6a3354da53be,43346,107,7198,9394
1079,46a78381-ff61-4fe2-a12f-53be1630228c,49095,558,4620,1585
1080,3c5b4187-64c9-40f8-b681-ca43812989fe,36712,996,677,4176
1081,d884c6f4-4551-4188-8b48-8000496b2f20,17823,977,3651,6997
1082,31707c40-d002-49ba-8950-d6ba6f859ccf,28455,161,2700,250
1083,7d772f2e-c6d4-4dec-8165-e290dd8febf2,7954,90,4677,5330
1084,1b1a35ba-af96-4ae7-966d-5dcef73a8c98,41761,921,5490,1841
1085,e18e9ed9-2c8d-4f67-a2e7-a01514eb7b19,23781,895,8655,1856
1086,5f7c7f1f-169f-4c75-b5d1-8999f81c0541,21977,529,3326,6838
1087,e02b0c8c-842e-4460-9ad8-ec8c6763df9d,24809,513,4480,847
1088,4900cc46-0ea1-4c81-8f5e-17b89300130f,34472,4,9411,2170
1089,53f8a357-70fb-497d-97ab-1057ca9b846c,2500,546,3348,896
1090,b44b3fb5-e301-46f4-b3e4-7aa5d92e9a7b,48205,419,8928,1497
1091,0792c325-c639-4f18-808b-780ae4488332,6767,346,6468,6797
1092,d9cab353-21b0-4184-a95f-07f836e0181a,9916,176,2931,8938
1093,a1bcfb94-5283-43c5-898e-3e67bf1c7841,25531,133,9569,3564
1094,79c26744-6c0b-4ba3-bd0c-d602efe743cf,31448,32,2667,5981
1095,1480b5bc-75ce-45d3-8d58-76748f370469,28932,826,4585,5438
1096,3826ec55-62c6-43c5-ba58-3b701584402d,8860,863,9598,8491
1097,c02e3719-8dfb-493a-9339-10fd27804d83,23824,802,7106,8355
1098,d7a83837-cf5e-49c5-8866-7f192f29f542,29030,85,331,1194
1099,a9761fe2-c7c6-4620-9bbb-c735982c3380,9057,172,9959,8532
1100,8951b47d-8490-4f9e-9714-e0b12710cfd8,25587,590,1344,1034
1101,1b1ff04e-01e0-4333-acf4-3c669225b2a8,48295,230,8531,29
1102,6fcd60b0-15bd-42ee-91a5-ce11d8d1dcd5,28292,73,422,1236
1103,5f8fa84d-c513-4249-a376-8019a8e5f006,13525,862,8343,7417
1104,f8bc5968-2062-4a1e-b148-823fdd034bcf,5964,790,6984,1595
1105,36814a07-41a6-4245-8f88-d2f1c9bda8fa,28562,719,6262,4740
1106,c6dc567d-36c3-41bd-ac4d-979831edd2cf,13992,384,4197,5376
1107,5b02e9ee-7128-44cc-b920-30de9b6dacc6,44995,382,5480,8607
1108,332a91e1-a3db-44ba-b1cd-4eed43fea8f0,16905,789,9482,3436
1109,45e378ef-b8a8-4b54-bb02-7528a0e2e9a5,26853,672,710,4187
1110,aecc5c01-e917-4087-991d-76623ff3f621,4160,760,9926,2763
1111,32cadaae-7f3b-49d0-8aa5-1d0e0403d993,37978,312,4771,6880
1112,84ccc147-a378-4244-95dc-e4e59bf0ea0d,33014,113,5020,5105
1113,250b6bbd-de63-4ecf-8d80-bfcbfec726f5,26834,999,9567,39
1114,3b3273b7-fc8b-449e-9560-74b6c6cb0f9d,5019,637,5375,8607
1115,af6602e5-3c54-451b-888d-564b440dd3d1,49885,166,7329,3877
1116,47836a63-ad91-4efb-901e-411d4e5067b4,23145,311,3179,2058
1117,4780b9f9-60fa-46c0-9a0d-dc1ee37876dc,24569,208,4883,6381
1118,c3b363be-7ea4-40da-9947-ebfdcbad5365,29338,481,7792,583
1119,ccb1cea9-0815-4689-b7c6-9789849a81d8,30676,665,9732,276
1120,d8427e4b-2421-4ca6-b548-af79dcd4a5d2,14313,492,7103,6475
1121,ed4f1fed-4de6-4d4f-91e8-48cf8a833119,15758,288,6927,3073
1122,7160b3c3-835a-49e0-8601-4fe6b955e99d,10261,446,6735,1248
1123,99b6beea-f504-4294-a538-0ed363c5764c,9132,71,5565,7742
1124,b952fa84-8da4-4608-bbc6-edfe43cfcd24,20527,782,4085,2024
1125,8fe22d01-7bfc-4e3f-80d5-3d8477806e38,36883,664,3672,5291
1126,7345500d-403b-437d-9097-8f65251f5701,13814,824,6882,9628
1127,71606f2e-e371-4393-ba72-bcfbe503ec38,8877,663,191,1407
1128,7cb23f45-3112-4573-bc59-35de47f90021,28629,653,568,4997
1129,89237be3-fa59-4140-b64e-25876e288434,22103,810,8939,5197
1130,3340aff0-d501-4477-8538-431908ad082b,18191,371,6729,8911
1131,ce9982d6-dc89-446d-ae27-115d28693a64,12626,952,6491,5030
1132,c1e02d61-be10-45ab-af99-349db621ba4e,22065,508,3455,9188
1133,804888e7-881b-4542-8034-7a789892cdc2,36465,55,6150,461
1134,18ae10ae-b94d-4ade-b6a5-f05831cfa1b3,23881,373,9841,9880
1135,7c98d431-f332-4cc1-ac56-7ee7e4bd9354,3004,832,1846,7740
1136,9c2554c9-1b8f-40cd-a31a-6f9cf51c6d58,24460,644,3534,9617
1137,5f3bafde-7b2e-4d07-baaa-5e2234da5a45,29078,230,9278,4623
1138,45fe5480-8e2f-4a56-bbdc-247b01694ca9,49257,250,2074,3964
1139,5c3b9c96-1f87-40dc-b47e-409633c46bf6,38004,19,822,3939
1140,5056b261-e2f8-4ade-8da2-2d2a70ef87c5,29668,144,4803,7916
1141,cc338c69-9068-43e9-9fe6-96a0e919d1ca,35764,747,2889,931
1142,8ec65186-c14b-4c7b-9e55-bbdbc223e5ff,38906,156,2998,2839
1143,5787f86f-c227-4a31-b367-90ca5f662002,15486,954,4827,2510
1144,448ee6cf-770b-4fcf-881f-0ff0842dc20a,37329,742,2183,1347
1145,a59dadca-b9c4-4d87-8cf7-993db3f54f84,21526,444,7905,8091
1146,1fd439d7-e158-45d4-bb75-d1b4efd8b8af,9108,269,5877,2901
1147,338ee965-ba82-4729-94c6-7ad5a9a145cf,13395,972,7370,6591
1148,65f9a59f-5038-481b-b1e3-cad470ff2db2,15639,399,7429,9824
1149,0fd45a91-bbd6-4f9c-8ec3-c54344da711a,5750,899,2715,8084
1150,57fd9d58-c99b-4886-9348-e60c790b646e,3494,401,3909,2846
1151,d1c4eb05-ae40-4be9-919d-c2325a481213,13932,874,780,1142
1152,9c4663e1-c5f1-44c3-aa04-d53a7ccd5de3,15590,238,2008,2856
1153,5a71f681-b27c-4819-92f7-38b256342f3b,37968,482,9222,2231
1154,344813aa-7d3c-42ca-ac7d-43fce33e7820,22044,475,7740,5691
1155,f523e89d-9db5-471e-a147-406642baecb2,28989,55,5789,662
1156,e052905a-06d1-49d2-b8dc-fb94fe52d736,20092,533,2878,4315
1157,eb9b5e4f-b4d8-443b-a5cc-e5946b0a6eff,1595,410,5557,5875
1158,caf00165-dd07-4c7f-a619-2b8ecfbcceda,48086,861,2499,5267
1159,8870eb7c-80a0-40c0-84cd-121b01ce1b89,26373,886,5117,5586
1160,bb31803b-46bf-4119-8a09-a1d3cd055fc3,9791,130,5096,3904
1161,a3c0687a-100a-4f28-afbc-495c68143140,31845,233,6885,132
1162,ed383e2f-f208-4670-ab9c-47d6f7aeccf1,35590,95,4202,4615
1163,fca0754d-8dd2-4027-a9dd-14f9ac54eceb,12396,936,3237,4017
1164,b639c26a-d7bb-46be-a45a-5d4cbef81998,26314,908,4035,7848
1165,8ad837b6-bb96-4297-a6b8-02b6726fb270,29551,919,5804,1155
1166,3e4dd379-cb27-4f87-95e8-b592dd0bcaef,6330,337,692,5317
1167,53395f16-1a8f-4bed-82a3-fe4d187689da,36549,934,3947,5950
1168,d472e6e8-811e-401e-8f6f-e0c3db9ebd4e,10982,954,9402,2750
1169,58172b4a-5e4c-477d-bfd0-d748a78edab1,27229,192,3759,2764
1170,101399df-c48a-4359-a42a-82d6d47e219e,16518,227,518,8860
1171,827fdf17-dd1d-4ef2-b07e-95c29f1f1fee,18388,29,5871,7772
1172,42be9e77-602e-4651-88ad-1e7f6f9bf288,15243,560,3664,7248
1173,2a3c8bd0-486b-41f4-9ae6-15c32a728a9b,46952,706,6754,4224
1174,fa5ccf29-76f4-49e6-91b0-88fa1e398b82,7118,141,9553,5907
1175,e22083eb-6409-4351-a690-a8a8084bb8db,15485,414,2666,1275
1176,ef25ace5-ed58-4f9f-b576-98d2bb328731,39980,986,8884,5451
1177,6574f016-61d5-4cca-aa63-de0c3927c280,37812,276,3930,2746
1178,dd7ccc74-9141-4edc-ae80-797eeef5d1b6,6690,55,514,5535
1179,aa22753c-f964-4bd2-8b2f-980795947232,34795,586,8058,1908
1180,6bd93d70-b040-4723-941e-a6994c98327d,2990,952,2708,5276
1181,5926e220-e878-47e6-8517-48f5e4d5e50d,39447,664,8546,800
1182,20e3a36b-938b-436d-84ba-9690176a0194,10955,714,1645,7574
1183,17735765-5dcd-4c68-892c-181c2fa0f9c4,26908,640,9,2996
1184,b2b208b9-5a0b-4bfd-b06b-56c92382451f,26522,382,375,5066
1185,c2869396-95d7-41f5-b530-3f9e1b86a97f,13353,402,8343,3962
1186,704ae637-dc07-403c-9bef-cf506c2c43bb,26716,783,9523,6669
1187,19176664-9740-4060-8157-a33e7d83f322,27507,447,369,6848
1188,c74cdc0e-90c5-4344-9d3c-d70f52491114,46992,749,722,5880
1189,94deb33d-c35e-4b81-a042-7de3dbdc2113,4669,542,923,1793
1190,35515f61-0ace-4e4d-bbfe-01081ffbc4c8,38276,867,1702,6421
1191,fa1dcfb7-ecea-47bb-a4bb-af8ed2683082,31575,840,1688,2856
1192,776dd23c-bbbc-4ede-9257-0a39f4bbea43,42508,814,2046,9128
1193,1893101f-a51e-4874-bbe9-1d0b2b545fe5,1221,300,5914,3692
1194,3a08f26d-5395-47c3-b6d1-4007c15ad5bb,39516,956,4290,1217
1195,f322c342-82d4-46ab-8763-f97a77075d28,21308,935,8029,7101
1196,290ce39e-5fdb-4aa9-96fe-8d1aeb5b978b,11185,776,9039,8888
1197,f49b49f7-943e-4976-911b-f4b2f6cd0487,10501,786,531,1889
1198,d0e2d8a2-1fc5-4357-aa6f-0c038a10909a,38272,54,4790,6262
1199,09480e9e-ddb5-415a-8f21-9f6bc240e4fd,10591,640,3049,6138
1200,ff23185b-251a-40dc-a7e4-35ae592edd53,42068,598,7466,18
1201,0a451a4e-66e8-4a19-ac9b-64bfe5f42782,1654,338,2855,2330
1202,e9819ed0-cbba-480e-9847-f56b405124c1,30194,380,1654,714
1203,9b7f9cec-07ca-4b1a-b180-9ba6661a5996,6725,346,3875,7389
1204,f3ffc505-97f3-46b5-a83a-9cb00f604bd3,29244,799,8425,493
1205,12e5e4b9-77d0-466a-9d6c-da7e069ea947,14804,465,9485,3335
1206,5b9dfd18-8243-4762-82b0-950f81251140,38184,646,7780,5474
1207,bf7ae136-2483-483a-87a0-0860825c2ae2,27694,737,1114,8788
1208,6137774c-37fa-48c6-a06c-6eb4a47e78b8,13573,10,6245,4365
1209,f6c04df2-9b09-44f7-907b-c5250c21ea7c,2499,475,6604,6905
1210,a144eb76-59d0-49fc-baa0-f76f3f26ba8e,32936,966,378,8910
1211,ed900f48-0ef3-4a6f-b7e1-a654863f9828,20487,471,7240,9180
1212,f3be4b24-7e08-441a-b23f-6bdf7a341e26,29742,961,5041,8386
1213,3a1ec1db-14e8-47c5-974e-4c44511e58f6,10066,155,91,3056
1214,d6321fd3-c288-48df-b8f9-d3341f1da30f,35177,540,4224,5692
1215,719939f3-0e70-40cc-8edb-1dc1a1acdb5f,6548,811,4480,8666
1216,127c918d-ad5c-4623-883f-7274e4183b1d,19087,106,4881,2811
1217,f1179182-9e50-40e0-bff3-8a9775193d60,19600,678,7476,378
1218,16785b0a-83d4-4c24-849d-ccb4f44cf1e4,29671,388,9996,3696
1219,6903848a-ce92-47c0-bb94-5e46724ae80c,8141,776,2110,4192
1220,f639ff15-06f9-42a2-8383-c7d037f9e154,13640,543,7666,2721
1221,b7ed6b4f-0032-4e89-b63a-351ef41dc2ba,11926,527,9995,9801
1222,9e4e1643-096e-4b91-b3d1-876ddb13684e,30842,988,4823,8642
1223,5ecde27e-2cb5-4933-bb32-82e8f28906d5,43389,536,8700,7599
1224,e776db94-8f60-4bee-bcbf-0abad10c562f,10889,276,7026,3081
1225,1a2f27d2-c891-4f36-8773-22837cf80ba4,30748,525,4668,8270
1226,daa3bcfa-53a9-4c98-9f19-69d7d600dd57,42221,980,6605,8809
1227,6d79e57e-ce67-4b22-91ad-6d47b692e4f0,30448,898,1868,2607
1228,1f10dac6-6ef0-4967-a172-cb95e4cabda2,39643,4,4569,1518
1229,0694cce7-2653-4072-a460-0ec306515897,35187,544,8120,4335
1230,abff8f6e-9ed9-4c5e-b738-c51dfe2a1394,15009,274,1945,8150
1231,b967d79d-accb-44f0-9dca-19647de867cf,5230,801,341,4194
1232,5fdb1cfb-9844-4007-8bc2-00b151f0cb30,5956,537,4494,3927
1233,44e2deb5-a8bd-43b3-be41-17003d6585c1,25213,372,6297,9346
1234,c9ed8bf0-9023-4bcf-b021-8172633c51e2,34427,292,1080,7652
1235,2e17e508-fa8f-449c-830a-2b9ac2377fa0,37656,899,1129,3385
1236,5ce3f45e-a5b9-45d2-9fe5-c35e723f2d72,39945,746,4008,776
1237,35765b72-828e-4a0f-8fe5-f5a4dde6e10e,39208,913,7586,1074
1238,85ac1a64-3614-41ab-acb7-4c887efe1df8,4905,327,9923,6622
1239,f2d8c3b1-8984-4dcb-9b60-ce72a28f9b70,42793,254,483,4091
1240,9ca2284f-fb7b-48d9-bdde-2c6d548a7b56,28291,487,6528,2545
1241,7d5c29a3-623e-460e-9154-920832146649,12784,360,8307,4993
1242,573c9f1d-858d-437d-ae46-4f78124e183e,12428,195,6907,7064
1243,c76a97bf-6631-4d23-8257-a094fafd8689,22462,464,7079,2749
1244,1c433c3a-d47b-4ef5-be2a-d5ee50218494,22789,537,2959,3642
1245,037a986b-3f2f-44cb-9640-d0846f4c1c0d,4605,568,9128,478
1246,76fd8b99-768d-4e73-9f56-abd0e93a9cda,44317,603,3747,4173
1247,a9604c11-3a00-4d95-aab5-6c98b9b668c7,48017,931,9137,7000
1248,f0cb7455-a248-4372-9210-84f13bf74f4a,23782,286,4163,7429
1249,9278c035-4fef-4921-94e3-62b2a484ddc6,5854,586,1760,8279
1250,03e7ca8f-0fe5-4458-9bab-bfc95d4d1842,3073,350,6573,6428
1251,01dc3338-53ca-401a-876f-9be446baf345,106,678,5520,3022
1252,584c74f6-bd8c-44c7-9320-0a6cd63ea65e,33701,605,9461,4216
1253,e953dc24-2cd7-45e1-868d-e8deada9d05f,3849,339,7058,8316
1254,7666e582-9df7-454b-b74f-b0239db29118,45613,852,1036,4411
1255,46f5a3de-9423-4bc4-a735-c78a4e66b12c,1695,682,1208,632
1256,ef93c6e5-d8d0-49ac-8d83-268af99e9d7e,19439,403,9915,8413
1257,9a8ed56c-3a34-421a-82aa-805581c2634a,16326,994,1708,2978
1258,29db2b35-637e-4828-8f26-83eae5e87296,8802,25,8453,1729
1259,3cf725e3-bd95-4d82-a405-3e6e95f05e2d,38318,603,2422,8879
1260,472e4483-2aff-47a6-adb5-e44f47800d19,27404,432,3318,6645
1261,f0f083cf-0ac6-4158-bfa1-1cb7630d477d,33082,11,8769,1378
1262,273b0dc0-47eb-429f-96ad-6c3a200033a0,22806,446,5891,5773
1263,c0c792ca-b470-45bd-b594-6f54475fbebf,3984,770,822,5764
1264,7d05be21-4415-49b8-a3cd-7ecf8b2baf8d,16712,864,7371,1709
1265,e347780b-3839-4004-96db-d7b1f747268a,42951,70,9060,4278
1266,0266881e-98c2-412b-bf78-280a39638b78,21819,812,9675,2061
1267,d2d9f729-0503-4920-a988-bb65fd0ef5de,47741,511,4391,5463
1268,bfd4f2fc-d254-48ca-a5a6-243e8c4bacf7,38163,588,464,2187
1269,92370ba2-a2ce-43c7-8649-d6289e2ae306,4541,563,9345,815
1270,8ac886da-d541-4871-9a12-64a56c9f33c7,25265,326,7988,8133
1271,740b096f-7c0e-4cc2-8fc1-b70ac8a74517,20115,528,1437,1931
1272,d2fe1125-c735-4c10-a3f5-fca23e0867f8,37768,569,656,8370
1273,80390426-fb82-4bbe-bb59-641474b96012,38573,924,313,216
1274,5f4b6393-e81a-4ae8-9d44-4b5cdc4cd0e7,12878,953,1258,9117
1275,6ff66a99-a1a4-4c36-b340-9e0e2ed89f19,18721,169,6577,617
1276,451c3871-3173-4732-835c-b2ad74402466,44185,215,9148,1628
1277,54bf7976-0a6b-4fde-b0c5-b5b6f240f8ba,37923,485,1625,2345
1278,37cee967-2513-4cfd-b070-c38250f65757,5831,207,3666,2545
1279,a9b9ab32-7ec1-46aa-a56c-af723a60db8f,31166,568,2563,7691
1280,f17fc696-5ee8-4c1f-b3e8-d15d8e38bfed,31087,872,3254,7941
1281,4c3b6c7e-2829-437f-abbe-aab9d6f3e2b1,18019,86,2921,4986
1282,df3d69a4-463d-46f1-b8ef-7b19990d75f5,8998,477,3665,5403
1283,409cd115-fad9-4596-b8c5-276d5ed13956,19376,830,718,1400
1284,2381ae2f-6a2f-4996-b511-f4a4d7242cc8,48820,335,7889,2237
1285,be9226ee-01e4-4c27-8c34-66f4e2dafa75,5006,26,2641,4445
1286,c1c44c99-5f8b-4679-8a01-d3748426d770,8859,950,833,5461
1287,623e0f10-689f-4b0e-ad53-9592da9c4e1e,4812,790,4323,1575
1288,7a72cda3-931e-4286-b1b8-4f7be650f4ff,43720,205,2579,2443
1289,bd87d650-9cf8-4509-aef0-0f0833d736ce,3537,2,1678,718
1290,561cb557-dd1c-42c8-868d-f6703d9a5007,4380,48,7826,3981
1291,9063b3b3-46c6-4871-8284-8b69b3e6dffa,30583,944,1672,9512
1292,009e66a3-fdba-4d4a-abb1-fa44635b74a3,46042,29,3296,4181
1293,462c7d45-c24f-4eb4-9600-7493d78f3449,33234,9,4690,1868
1294,8e557391-53e3-48a1-88a1-74638daf3c39,2457,178,477,6794
1295,4db0c589-1b27-4c0a-a5fd-46c6893a236f,26317,673,6464,3017
1296,ca0dc831-b5c1-4904-8c77-c8cea6e423fb,9704,293,7268,752
1297,d77f1d21-5b08-4f57-af9c-f79002911f52,14402,154,9258,1314
1298,678e9f2a-f5f2-4f53-b0a6-b9b5af156a3f,35489,543,2338,3550
1299,795ce2e8-1534-48d8-b308-af80b7947e8c,12646,536,4594,3598
1300,e9df6717-fd33-4e96-be82-86000a28acf9,4832,184,468,7398
1301,e59c0b55-5a8c-469f-b7dc-d26700fb3f5a,2974,402,7798,8503
1302,680e97cd-10da-4b12-966e-9d937a4fa13a,27223,869,7474,1098
1303,57f75f98-be6c-4fb7-abf9-70e3fd0938fc,49944,925,1360,1230
1304,ea94974d-189e-465e-8933-6a1365c58512,32077,637,6915,1293
1305,3c059ab9-9f3a-4a1b-893b-815ab33aa64b,45435,624,5440,3197
1306,c8d6ea6d-bdc5-4649-b2b8-2b04220a23e7,48479,961,6372,7662
1307,21f87ffd-413a-4882-91c9-5fafb4d79735,27198,594,1830,9489
1308,e35b9bdc-125b-49a1-a8c0-7c8e83a44c82,8962,589,7951,565
1309,10c7c6b3-3e59-483d-a7e3-f19fb71f59ed,9623,451,2757,2406
1310,1ccf1f00-8dde-4312-94d5-512a26c9547e,23757,944,1857,9685
1311,d41a1e2b-e462-4ea9-b2fe-af3951bcd50d,610,630,4802,2455
1312,6f017ace-623f-4f4b-9c10-f47b5494243a,37338,870,9506,8372
1313,1e3b576e-17e6-42ec-8038-771961364a14,8138,242,9115,5397
1314,b266c341-e04d-4339-91d7-8db4f0a625d2,980,667,9089,5400
1315,3b18e356-42d1-4d47-9099-f1ec0ddfb789,48649,843,1462,4815
1316,97995dfd-4ab7-4781-bfa0-459d15a24aa6,33996,989,7175,1365
1317,662e7a38-c7ae-4466-a297-d5e05f1fed7c,16467,284,5638,3933
1318,0e672646-94eb-4570-b284-6eb1be694e1d,20002,856,6437,2888
1319,78fd768d-8260-48e4-a7c6-cffd17af3ff4,11045,648,605,3794
1320,73de5e05-7ad8-42bf-b121-e941fcfabeeb,28158,223,4496,5842
1321,89ce5bf7-f6fe-4316-b5bf-52226200fa79,21632,143,3378,2900
1322,dd9ba465-1db4-440b-9ec6-dbd55737b7be,5867,460,7609,9211
1323,5fdc05b7-83dc-499c-88d9-2743cd2d37e4,32251,400,4484,7939
1324,ac7089d0-826d-47fe-b9a7-cf2c9614ec47,14785,673,4992,536
1325,0f2a180f-3004-4e6f-a91b-afeebcde9e77,13066,258,9430,4230
1326,2c8a9796-5867-4652-b1c8-1fb24ac3ede4,15204,63,3942,4754
1327,f5063201-8cea-4ddf-a567-90ab65aa62e5,12826,929,9641,4935
1328,bbc02749-ccc2-4431-b360-c9fdff07d558,12226,121,6056,4925
1329,03196fb5-150a-40fe-8af9-c71480d55c1e,1880,749,2164,1734
1330,1ceb2dea-815a-4121-94ac-ee98ced612bc,35757,787,8990,5264
1331,7959560e-cb21-43f8-9f68-86dd852544c2,42651,965,9888,9937
1332,9fd63dee-b84d-4de1-ae9f-889553a55079,22177,407,6948,7853
1333,b2c7e817-e85b-420c-b56b-34e20ae86f8a,25690,110,5123,8558
1334,d9e6fe31-ebfc-46ba-ba67-0ad25c77473c,9045,357,2493,2024
1335,c3e754ca-0578-4710-9b66-b42c287c09e7,32491,515,259,3581
1336,7b6460a6-762c-4e94-a320-35c22d217c67,7969,513,5493,5379
1337,3c181ee5-73db-4102-a26d-2c8bb3cd218c,17283,780,6184,1438
1338,d3e41759-552b-4e1a-9e0d-2cf162a15be8,39156,189,2777,7379
1339,9978a6ca-39af-4055-b102-473a582e63c2,26961,106,4553,1884
1340,a5300202-edcf-4842-b303-e49f5906beb4,33857,843,6852,7153
1341,d0eaf6a1-51a8-4bb7-b74c-d48e2f622298,4071,230,1924,4076
1342,558ad0f3-378b-45b3-b5e5-cab03019d5ea,36262,826,4770,5800
1343,55c18e8a-e858-4be7-a20f-5fc0da5a5617,21876,1,1502,356
1344,2087b7b8-f48f-4912-89f0-edafbef5e95b,45266,978,1751,3450
1345,64485a7b-de6a-4a69-9646-63fb43fad89b,18857,739,979,4941
1346,ff35b3e9-612a-4521-bec7-cb3055e05bf7,36031,782,5002,8266
1347,8c85979d-962e-41c3-b2f3-873398dff7fd,39975,585,1090,4169
1348,ab7af57a-5786-4c79-bc8b-67f35883def7,39828,779,7852,7166
1349,f824c15c-f594-4975-b676-76a9a4f6e964,19151,494,9758,4832
1350,b89c8941-27ec-47cb-8acc-1c87bc16840f,2370,181,387,3620
1351,36b77a2b-5906-4900-a643-060f4a4d4d40,22524,217,9372,1020
1352,e585e2b9-06be-43ad-ba82-82454c0939a9,37620,772,3300,521
1353,4ef450c4-b6f4-4927-bc68-311254e8f6da,29331,952,729,6635
1354,03141249-5f5f-48ad-919b-3e20581f753c,41840,637,746,4102
1355,d02a93a6-d386-4007-a4e2-40855ce3817c,5195,715,8770,4946
1356,73bda023-b829-45bc-a57f-3c87e83a5fee,20143,433,3480,1089
1357,9e69429d-e192-4cab-96b0-d02efaee81de,14340,113,3536,2755
1358,19d69dd4-f7df-44d4-b8fb-eb72499cb583,26050,464,4783,9969
1359,c46ce729-87d8-48a8-ad1a-4c5fa4684638,24479,276,6596,543
1360,7618ed95-a159-4707-860d-984bf6a6cc22,47059,562,7987,965
1361,6727bec1-9449-4db3-bf96-3a9af5398f8a,31068,147,3203,8517
1362,c7acf7bd-8803-4ace-bae7-cc15b82b9f0f,34594,158,3643,9377
1363,6b8614bb-b57e-4f3a-8060-bd2d415a7338,26899,75,3189,5800
1364,8e1c331f-69e9-4a39-8fe4-00e02b198ec5,18540,290,8645,831
1365,35e28778-e4f4-47df-a375-3cf90719cb25,5951,297,5144,741
1366,258a14f4-a704-4310-841c-0421897f3a52,19670,112,8981,4628
1367,becee644-2306-43e4-b579-8d1253a9096a,4553,430,2181,3278
1368,843aef40-0935-4245-af78-7da3b0756033,36500,102,3427,657
1369,863f44fb-b126-4aa0-9b99-70d42f48a9a6,30329,48,9689,333
1370,5d4d3a32-b7fd-4df0-a485-174a383ee71d,5325,694,2432,1803
1371,8418657c-b287-44f3-bdf6-fcb675fac30d,7520,802,1343,9228
1372,e76fef86-bbdd-4827-a858-045ff2ddb8c9,11450,368,9002,8632
1373,3f668ed9-e14e-4222-8b0d-ac1c71a9c46a,619,367,5369,4176
1374,9c811968-00a2-4c98-8a4a-2d375810a401,2266,64,1787,4869
1375,ae8e1a20-243c-4335-a51b-423e6e36690c,45028,60,9602,7838
1376,1174e25f-c2b5-4d92-8eae-5a107cb34eb8,2147,88,8747,4305
1377,cd6b5e66-ff0d-436b-8fcd-94b1d78ad0a3,5054,261,3045,5579
1378,2b2c0843-a555-4c39-b93c-99ca8e51fd55,20227,757,1004,6642
1379,71b230f5-b87b-43f2-93b3-db057e6379a7,10090,570,7353,950
1380,2b1cedc8-28c7-4915-9903-36b0a32bda35,26803,796,4149,5223
1381,6a161f27-3f6c-4cb2-b1fc-f45ae3cb05d8,5340,345,1971,7146
1382,10a21f9f-970a-4ae7-a801-759ed5913b84,41441,889,3654,4207
1383,13531913-950c-4ee7-a28a-8074fa9225bb,21119,698,1657,9049
1384,a1fadbef-776b-49d2-9e71-299dd4d1602b,26214,14,7786,8844
1385,4d90a989-3a67-4448-9ab7-19969aa359e9,35471,750,2486,2402
1386,6d1d0b54-45f5-4dcf-88e3-bf39e6a469e3,29103,550,4818,709
1387,c7ee6ad6-884c-4068-8652-02cb058ed05b,12773,153,7756,7934
1388,b0965cb0-1ab0-4f7b-a6f1-db4e8e19b3e1,26730,944,3191,4691
1389,4a7d3279-4d34-4fd0-8114-7279e01efe34,35158,209,3521,8522
1390,4aef8c4c-bf7b-477d-a93e-d93f95826bac,25063,555,644,8540
1391,e1c6fe37-3de9-447d-9f6c-1b41a9fbaad0,13815,843,2710,1511
1392,883f03db-75f8-4437-9fa3-72f87d52937b,47329,387,4667,7035
1393,136b3946-e51e-45ef-b2c8-43fb42f7dbd9,36028,354,1073,5635
1394,002ace63-d39d-4943-9305-abebf98ff8e1,34014,497,6293,5725
1395,5b639c62-fd74-47f7-a69b-4da35d60adb6,14315,166,967,7521
1396,4127bcda-38fa-40d9-90cb-80cfcbb6c1d3,27816,815,3449,8488
1397,65ee372d-9aab-4b9e-b4cd-8c4bc5949f54,4566,50,2521,82
1398,55001d37-272a-4ab8-8d3b-d01c2a4034b0,36183,245,435,1023
1399,99c07ef6-668e-4640-91d2-7fb24b7e3d56,30493,524,5682,5906
1400,6126a8c0-a322-4627-bcb7-8be93636f3b5,17820,459,8376,8785
1401,516d7f3d-a0b5-46ae-bf05-2b395072010c,3699,465,1608,736
1402,f544ad42-72c8-4801-b2bf-31fd91c1f811,33138,379,1430,2837
1403,ca4edb0b-6e85-44e1-a8a0-f6c0220f9f11,3839,729,5658,9671
1404,4f98b882-07b4-4deb-869f-e556015103e8,27519,141,8752,3587
1405,c4d1c7ec-4581-4118-9920-1374291aa9d2,32253,445,2408,5682
1406,de9bf519-7520-4aa6-b3c9-363bd459ca73,14990,301,4248,8726
1407,1ad644ce-0c23-4c09-95a1-f92cc41322a6,25094,293,3092,3701
1408,a3fa928f-713f-46b2-b5db-46e5b8e01ff5,43336,792,7427,2091
1409,9c9c82fd-6f0f-4a6a-acdd-1e16a8e30723,20714,854,854,1996
1410,4c36f965-86b6-4f50-8965-771193c64548,5183,147,1654,3088
1411,36077b40-b11e-4f3a-91ed-0d675e6acb3f,14292,703,7701,8983
1412,b398f152-1c49-4e7e-bf7f-9dbcef445d50,5733,515,6832,2137
1413,8aae1471-9a2b-4261-9ffb-a28a19ef461c,40577,425,5683,7176
1414,dcfd0c7a-385c-4b71-a15f-346a0644418b,41486,821,7857,8475
1415,6311b093-fecd-41b4-b474-948d9237eeff,24180,706,5366,4216
1416,22473b45-5f6b-4b4c-95ae-abb0952d200a,16276,577,4005,9372
1417,dc0bf016-e92e-4961-b205-972d201f80e9,4070,394,3327,3214
1418,6e2e253a-7373-4853-870d-3190cc691ba4,16049,383,3615,1731
1419,2b34dec0-999c-48c5-9111-c09aa1b63ad0,14082,861,8782,8560
1420,93f38cdb-322c-4a61-a4fc-570d4504c723,20647,785,7782,9119
1421,9797b0df-e55b-4d23-8b00-a84fc060ebc2,15336,87,8714,6404
1422,4cf0be76-f01a-4385-9349-0d7d5cf465f3,47691,30,1123,7968
1423,bc07ac33-c72c-4d1b-8a80-9908423ee9a3,17178,753,1553,3453
1424,467ecbbe-7c91-4d5e-abc4-a7726775d2fa,21828,930,9367,6226
1425,89b52c69-e6f2-49a5-b4e5-5d8b7f10f6e4,21540,519,3790,7840
1426,a2b037a1-28e4-4030-962b-d8fad48f8708,27654,91,3885,6506
1427,463f3208-5246-4fcf-a842-13bf4231f01a,17580,933,471,6220
1428,4a09b02b-059b-4351-90a5-0a9c4a6906be,31137,336,605,3231
1429,6c8acdd8-2a7b-46d7-b5e1-3c8732014a61,34046,357,7459,4252
1430,76aa3971-904b-4f72-a435-f7c2903340dc,38273,826,9817,5414
1431,a3591b6c-b074-46ae-aeba-6db8dabf45e5,48112,785,2569,5091
1432,b87cc057-98d0-4be5-945e-3b1aca46d91d,4153,511,2006,873
1433,afb662d0-2ead-4fc5-a61b-5b1bd68ff91b,44336,598,5226,7972
1434,7304cd4b-8f01-49b6-8a30-18b8b525650d,25375,287,8602,9083
1435,72050c4f-92dd-4391-a05b-8d771dbac3bf,36534,255,2721,8361
1436,abf352c5-9c9f-469a-ba04-dfff5b1cc63d,17467,582,9692,9510
1437,b4bf0117-8200-417e-8df4-f1a32f314697,47515,610,8227,1841
1438,4314649d-5ec2-45e7-aa2f-57dd74ccf24e,34724,90,8772,5131
1439,73126b1b-4390-474a-956c-cfeee96c9c6b,31236,512,1717,9921
1440,05f3f08b-d3da-4b96-ba11-64a7330808e4,44938,296,1272,3888
1441,7483f054-68e6-48c4-b4e6-8a9e5a5f7e2a,35259,445,1214,7828
1442,bc4b9a0d-42c7-4961-a04e-36cf292d6dc3,74,271,6784,2178
1443,a6533390-6aef-44a7-a3b5-19c2270e9f68,15763,484,2528,9424
1444,72b3e85f-593a-493c-a4d4-8d675c1c85db,2315,599,5259,5876
1445,c559a095-14f3-4571-9289-41aeb1b4d1c5,12191,64,9496,5309
1446,a7997e6b-4af0-437b-85e3-0ee24706d4d4,5353,261,3109,6215
1447,214ed6ce-9d81-4fcb-841d-b00d5966d0cd,24788,624,1445,5080
1448,98fa970d-d4b7-4460-9d8d-8c76172b044d,30220,652,6954,9346
1449,9071e118-6842-4c23-a6a3-3b7b7c78fb0e,45476,496,325,7523
1450,e71542de-e9c7-4ba6-b2d6-4f38934f1536,38093,468,4573,2380
1451,92588bd9-2eeb-47e1-ba5b-7bdafacd7a05,2914,867,7657,739
1452,75891c27-b623-46eb-9d1e-859e527ed1b3,2208,673,9306,4563
1453,80ed873e-57f8-45db-96ee-1f9ff962e15e,31157,68,9987,2062
1454,331db65a-8ca9-4e58-bf8b-0a01c09c73d8,44038,42,7905,4262
1455,4d1c5737-74f1-46d4-a708-04735cdffd44,44219,607,1994,2634
1456,c1c008fa-c3bd-4ed9-8364-b61e9b0149d6,27922,785,7150,5809
1457,c2dfb233-1ea4-42b9-9651-1e65c9c86037,27979,847,6414,8663
1458,22afefdc-9ab1-4aad-9d7b-e74f25907198,14017,11,260,1116
1459,7600a9aa-eaa3-4380-9170-94b039d35621,23995,806,2014,4494
1460,35d89f81-881e-456b-9ee9-31cfdcf6623a,7391,291,2604,4099
1461,dd84f807-5d11-4fb5-8511-53a1cca77b52,34155,21,7275,2637
1462,14982743-2d04-45b5-a265-a07d0f9388c4,9133,904,4632,6200
1463,d28b29f5-cc80-4fd7-9536-4fc5cd1ae121,3527,799,1970,7447
1464,39bf8d37-ee04-4db6-8446-d002f0acfeb0,13123,830,3397,5013
1465,f93b19fa-7e51-4424-bfcc-f3529d565c7c,10169,124,6558,8277
1466,82607910-b8ba-4e64-b279-dc4548f290d2,20580,945,4629,4739
1467,26e27d1b-0ea8-4514-bea4-7b85d9c37b7b,23774,934,5322,4657
1468,f9cc90d7-7cd6-48f3-9b17-ba139e17cfaf,28827,946,5043,2286
1469,60cddd20-0cb2-4ba1-b037-63ab51b1250d,11924,31,8134,1624
1470,807e87fa-9e84-47de-835f-5929159a1cb2,23997,147,5435,176
1471,740d8116-a87f-4392-b25a-4bc9dcc47c20,16866,829,9920,5600
1472,4de332ed-f293-4c3e-b317-11545cab9ec0,20264,396,2150,8724
1473,bfcd8357-3eac-4166-9805-c111d84e2f2a,10887,855,3778,9963
1474,4c618369-0742-44a2-8004-8ec7de5b8132,26299,92,687,9501
1475,09d9d028-f6a1-4e89-a84c-3fa2e2c0bfac,32827,144,2437,1562
1476,b1189718-0937-4bb9-8475-3cb2e436825e,585,614,1388,1860
1477,5090f74e-1520-45e4-86f9-a04007a0a13c,13107,836,7116,4790
1478,6a0be3db-e73d-40fd-94d0-f97244d0cc89,35091,503,4170,7939
1479,e57ed412-0489-4001-a021-66b7c338fe9b,28127,502,435,338
1480,722d0a45-2f2e-489f-a93b-f46c556dea58,44120,309,4807,3280
1481,3bce4d79-06df-427d-a0da-2afbb44eff0d,45335,869,2772,6122
1482,30361768-0a67-4fc7-8e01-a37c88313b5e,44903,922,2640,955
1483,ccb3f7ff-4e26-4e6d-bb0a-baf99cd1af74,49034,453,5667,5372
1484,79de49cf-bbf1-45e7-9caf-1fb5dfdb358b,4471,109,4005,8869
1485,69fa2c5b-7ccb-46e2-9204-fc218a918e44,38794,882,6507,1469
1486,3ad99863-59de-44ac-9e0b-2eb06776f472,13410,121,9148,7026
1487,4ede33fc-4618-4571-83cf-ef0b33f8db72,273,855,7366,5588
1488,e02ca91f-07fb-4ec0-9d16-388fd619ee89,36293,433,3321,9602
1489,3d3443a5-b2d6-492e-a20b-5dde54ca0eaa,138,6,2951,6452
1490,cf2f0673-4af7-4fa4-b3f7-cab823f8d886,27239,829,5926,2828
1491,88f4e1f2-db33-499f-a44b-b48afa9185e3,9662,444,1042,7293
1492,0732ff00-3267-4be1-ad11-0564cf1e25ea,27985,760,9647,2602
1493,e6718567-8b9f-4aef-a842-c51e2aa1b097,20015,437,4698,5181
1494,38638bc1-367d-4877-bf84-fafe9a2be824,24040,351,4923,7188
1495,6ff721be-8fbd-42fd-b745-c0509eefee99,31912,646,9668,9321
1496,153345ca-7b5e-4866-8aeb-f8ccb40a3e58,26839,168,9520,9332
1497,e858c75d-02c5-4182-a9a6-72ee16079b05,9781,680,5724,7031
1498,e02fbaca-3ada-454a-ba95-9c304e9beaec,18373,625,6452,620
1499,a33d6497-466a-40b1-ac50-c33550163cf1,42194,796,4362,9435
1500,4ed50952-7109-4883-a7ab-04e7f6131782,5361,887,5595,6292
1501,cb37e9e2-699f-4760-89f9-1735d3b07e42,45409,74,1386,7050
1502,b7a17098-c277-4b05-92ac-a293a6e56bfc,13788,590,4271,8533
1503,8067c26f-0559-44cc-8d6f-a8b8d651b609,46184,397,2032,6690
1504,cbfc6714-f9ef-437d-8dfc-9b180379dcb5,38483,288,7998,8389
1505,750e391f-90cf-4fea-af79-149bc221c307,20319,53,8166,2486
1506,8817e8c9-ad5e-4460-bb8a-4bc95dca1fbb,44312,978,7809,9518
1507,7e3413e7-2d38-4f5f-b9ce-2844e11091c6,29465,565,2025,7641
1508,480adede-c99c-44c4-a274-b5478a0eddb4,30779,518,5995,2406
1509,9536f25f-bef7-4304-b935-7be3b520b895,6743,714,6575,4707
1510,8ed36f20-69c9-4078-8fb9-78f64f7f6811,14067,444,3576,8752
1511,b2fd5975-5806-4303-9c14-b4cdfb4d6aae,15661,214,4292,6047
1512,2a529639-a1d1-4362-979a-a655df03e49d,30388,820,7350,8172
1513,6688b45c-20b5-43e4-bead-d23afaeb4f75,26974,672,6804,4707
1514,def63050-6ebe-4cbb-a906-ae49f502785e,40249,952,3192,5013
1515,28586a46-3f72-4a7b-ad3a-7660aeed512f,43290,830,875,9654
1516,ccec5b17-29f7-47d7-bf8e-c86a236c04d3,47948,885,4265,2454
1517,469c3557-eee3-4acb-8738-3ab29568b119,33420,867,8969,8753
1518,f4700b42-6727-4004-99db-1b602ce3a98b,40378,522,3335,3967
1519,2079edf1-140a-4183-b83a-8088e7f5778a,21962,287,185,7037
1520,80e5ca5a-bd2e-4b19-aa0c-a69582d007f0,19911,885,3467,2425
1521,76ed1e9d-b6e4-4be1-be8b-eb2dba6299d0,49679,129,8004,3012
1522,541c7929-1809-4afd-9952-c985ba83a112,15424,543,9007,8876
1523,c6aad336-27d8-4945-8faa-bf72057bc5ea,4361,623,3731,8846
1524,65016819-409b-476b-9e2a-3130ce1549d7,47060,272,1243,1522
1525,0fcfd7d2-8d4e-424d-becd-d3414a8709ee,23959,651,5762,2799
1526,d81ea963-44e6-4f93-9f05-168bc92ff218,30476,946,5296,3682
1527,855860b1-5d26-4e11-bd96-b2faddebb2e8,47296,825,838,6867
1528,cbda8255-0d1f-413c-b2a5-aa4c42f3a5ce,16543,510,872,5977
1529,80e89408-9d67-4305-aa3d-e62499490c25,26381,437,7722,3649
1530,a6f0a618-cd10-458d-a56b-35cf388387a2,16873,732,4131,3842
1531,46a38e37-26c6-41c1-bebd-4e09fc88b511,46891,540,5675,8143
1532,87c44d0b-3284-4837-b28c-c4dd967aad7b,7241,2,4956,9161
1533,1b9a5912-3932-4e8c-b3b3-0b4ce664425e,31143,573,521,6568
1534,362c4ee9-29a1-4d0f-851c-07148566a225,38668,347,6381,7775
1535,17702f36-b6eb-43a6-b514-9ec8030c8e78,40346,173,6136,2936
1536,de4a1e84-b006-4642-8bec-7603ae830c2e,4708,94,3465,522
1537,05bc6c01-0a49-4b44-8aa0-e0084d797d67,41602,843,3236,1292
1538,51a76574-baef-4863-aac9-2faa98bdeead,36890,751,1566,7983
1539,d3f473f2-527c-40d9-acca-1abee493f033,45421,626,3912,5146
1540,2100c5dd-dc4d-4b01-82bc-b2065bb7f0df,31048,179,310,4235
1541,63938ca1-758a-4ba5-b054-b626dc2ad4c9,32574,718,4877,968
1542,d105fd72-e2b7-4708-acd8-1d76b550a67d,18495,462,7306,5101
1543,c412c232-4432-4646-9dbc-a04980ff7562,39150,934,4316,7351
1544,4f655246-1f28-4a8b-90a0-0cbd8afb18bf,39229,374,6063,7566
1545,d2a03956-806b-48fd-82d1-21cd21813bb4,41889,304,2142,7832
1546,76dc2418-5484-4b72-ba99-bfaca52041ac,31333,519,1096,7435
1547,ec5c3ace-8ca2-417a-85f7-7d6ec1a019a9,29556,224,8198,9654
1548,00d6aaaa-47c9-429e-a74a-ff2cd30667d1,4896,901,503,3089
1549,af398779-dea7-47e2-8b4a-d3fe8ae8a637,44644,155,30,1344
1550,ca5f4d87-fac6-4d3e-8a72-f546923db9dd,34002,617,4079,5205
1551,01c1fd4d-af93-42a9-a91a-e6324cdf8023,13351,283,4428,7062
1552,5afe7ebd-ab3d-474c-841b-66a70e32d47a,30702,891,1119,7275
1553,1a258f1d-b70b-4fef-af1b-c3a43e3e940c,15552,164,5320,829
1554,c4869fef-0b87-4651-b5bc-59659dc7f2df,48177,202,6534,9932
1555,6e2c952a-8533-4b07-87c8-1076d50836fd,42236,879,5279,1519
1556,1431b4cb-4d2e-4717-a79f-0332d105ea4b,23222,417,3989,6308
1557,eced72ac-c630-4758-9196-6a6c348a431a,45088,579,1064,5454
1558,bea917ef-e0e1-4fde-be10-6153a6f70b96,39487,56,9891,8905
1559,33cc63b0-559f-4d92-a788-c093cafec2f3,37954,296,8423,134
1560,95f61895-781f-458a-a667-d6c967bc6434,34952,426,4417,426
1561,35b9ad5a-3c90-45a3-883b-9b34aa69c563,6958,783,9736,6470
1562,31ac30ba-dd96-4fa6-abb9-1e09b2bfaece,34662,803,2076,1073
1563,a0de1d5a-cdb0-445d-9ee5-7f4eb6fe4aff,25005,699,3723,2216
1564,1e3edfbc-c0e8-4861-b4b7-444b1ed5e08b,38368,815,5987,1626
1565,3ee833b2-488f-4ddb-9283-ba97c30a7fc8,45499,794,7216,3905
1566,77d9012a-da00-49ef-8eac-e065e5005303,31516,88,277,3573
1567,6b40a8e4-1668-422e-bf74-a4607e409506,22925,865,9402,9717
1568,da3d7c21-0a3e-449f-a421-a9bc765357ad,3448,158,9707,7557
1569,c102b04b-036e-46d2-b304-75623e5dced7,16987,987,1933,1812
1570,5e787e70-0272-44c9-bf6d-0a68230aab44,2692,467,2651,8314
1571,f1fc6142-a809-4c04-a524-9dd70fbd6266,24053,578,2701,1496
1572,6ab8eb51-d8c6-4a8b-a78f-5ac604b4dae7,20546,704,3751,4881
1573,c3b4c838-1654-4b33-a790-355bd39f67b8,24853,461,7996,2100
1574,2e95ad08-13b2-464d-a024-5fb49f7d5d03,292,486,5907,2364
1575,58072bc7-c954-4a04-a9a3-c474e8813590,5677,613,7429,2579
1576,2039e36e-48ec-4f4e-abd3-70c9e61a9499,33110,604,7954,7795
1577,0671be33-29c2-460e-9136-1f656f581e0e,26423,491,6512,4736
1578,dab059c1-a4f7-4c3e-97a4-21f9db442f49,28130,942,3708,6386
1579,ae35b623-affb-4ac9-bbb1-407be008d207,353,314,511,3202
1580,b438be85-1da0-45ed-92dc-f1b9360aa71b,7922,527,5062,8319
1581,14a73afa-db47-44c3-aa7e-f19e1f3ca5ac,42612,476,5735,5540
1582,18e5c6e8-fc84-45c6-ac81-c2333af9a5bd,28119,703,4087,7971
1583,d049e7db-44e0-4e5f-821a-be036fc75fac,30649,444,9834,6916
1584,15c30b32-395c-46a4-a9a9-c2a0b57cd793,26423,536,8466,3777
1585,2963730e-0ecc-41a4-ac37-0a5bb9a7a8fa,25997,375,6216,7130
1586,210c68e4-2e59-4909-acc8-22de67ebe6bf,17961,835,5412,1084
1587,9eb76c11-5a20-4c71-916c-8b0b22e312a6,49313,932,2531,8103
1588,7eb35d15-9daf-4fd0-8ba0-f030f596bfcc,27371,950,8333,9366
1589,da722d30-2598-4c42-b583-f241c83c5e7f,41363,374,4471,8591
1590,c727c49d-3ecf-4d4b-876a-24e8e13bf2bd,11,505,4664,230
1591,58591919-abc8-453e-a939-4a73e981a6c3,29647,323,7160,6784
1592,c35dc534-b290-435b-9e31-a40eda63a02a,18076,643,6142,9335
1593,eaaf8b25-7104-4a02-a0d4-f24015530d43,913,826,6993,1082
1594,8db061bf-742a-4e48-b9d5-fb4853fff83d,44762,543,9896,5370
1595,7956dcd1-0ddb-4c44-98c9-57f4b6687098,30438,50,374,1593
1596,ad2f7467-5947-412c-902b-d7fc4088a47f,28941,227,4761,8498
1597,9c03c24e-5069-4774-8014-cd6023996d15,48930,522,8098,6454
1598,341fc5bb-864b-4a98-9cd8-f450ff5b42c2,754,252,8915,1681
1599,8e7bdfe4-15a7-4058-905f-d1bc85c41b2f,31690,660,6021,9245
1600,3f2b231f-7f9f-4a68-abee-9bc144252dcf,39382,867,6086,6267
1601,8f30c29b-bb1e-4230-94f8-d91944f5c22e,16810,220,3420,1999
1602,5e1e3929-605d-4f6f-b5cd-e9fe7a4921ef,3955,616,3312,8653
1603,38d4e6f7-b1e4-4fd8-a281-8f2fb6f73cb2,25640,974,3221,7394
1604,9b91d6b5-5cdd-42b7-b0ff-bac2c906e698,41170,245,2434,8833
1605,da71a6ea-9240-48c4-af34-d7782cff7068,48007,631,3769,4750
1606,7c360d84-21f5-4d87-ab2e-eae2100770e2,40061,92,4023,9715
1607,fbce5338-8b97-4edb-85d2-fd5fea51fba1,15170,731,3194,9108
1608,d170cda9-2b8b-4374-8d48-4f6e5919971e,12709,478,192,7052
1609,b40dcabf-21b1-42ac-86e0-5d6995ef46c8,40799,151,4747,9630
1610,8fd9eae8-a633-4d5f-ba96-5bf8623e22dc,42399,420,9274,3661
1611,9d4003ad-7914-4eb3-bb42-fadde389f339,45369,110,199,6200
1612,7de0d910-fe29-48a7-9415-609c3ba48087,9877,454,7094,9795
1613,e465765f-f2c7-4d34-ad58-09820f91f889,32796,996,3962,1979
1614,0d0e6d4b-74c0-4f95-9c62-4f8cb18f8e22,47946,658,862,4529
1615,434cabdc-ccc9-49e2-9f95-c1de55b922cf,28701,446,1743,4114
1616,dc29d22c-5ffa-494f-a929-8809bce14033,37591,633,5831,6006
1617,3495ba05-7bd0-4866-a31e-363b82d657d7,2398,569,7353,805
1618,704c1bc8-0173-4d53-b20d-ec7e61858960,22303,56,1824,2455
1619,8efc2172-733e-4b75-8436-273ce0802983,47791,377,1684,6679
1620,4363777b-10ad-44ea-8578-0dfd572a4974,34415,180,681,1443
1621,ecaa0cd7-2289-4b02-be79-8354df4320a6,24751,470,4561,8634
1622,13bc7da0-7765-485c-892a-6517ae7c8c4c,17405,105,5262,6533
1623,90268743-02cf-4bb7-b29e-e05ec9eff2a3,44184,294,6648,1182
1624,c4044e81-e122-4167-85da-f4a18428495c,5777,11,7257,2052
1625,4f27ab63-0f37-4f2a-a073-d64330d14ad3,12087,70,7684,8241
1626,d1f90379-9a23-4978-a2de-d6085bd37361,38321,525,249,2396
1627,dd3aeab2-2649-4b36-b9ee-4fa8a98d51bf,38685,932,59,5152
1628,639276bb-073f-4c31-b223-830a7a9695fa,9623,192,6627,2493
1629,b6238c85-47d2-4a10-b234-435858b9c283,33818,318,8551,6494
1630,a3af81f0-bfb8-4343-819e-2db195c9472e,606,410,3873,2518
1631,7e6c3942-5b93-49af-ae75-eda563b1dc80,12441,363,9363,1469
1632,09401f6c-1c73-47bc-a148-19f9c2fa19b5,44091,734,2475,1028
1633,3b27288f-3b01-4c95-a7da-389ca1f2d73e,34393,190,8803,5396
1634,63ff530d-05d2-4637-9ab5-178358256282,32302,207,9049,6706
1635,d84b961f-f13b-418c-a064-0002fd547493,38280,45,4629,4139
1636,9447364e-b5cd-4f73-89d1-c7e9ca495edd,16898,939,4527,5847
1637,c8fd9d3c-db3f-4401-a227-b369d5870d00,2103,813,5170,746
1638,29bb754d-602f-432a-b9a3-ef55e4f4e20b,21558,864,7692,3324
1639,dbb7cece-7060-4a60-a30c-a5d64e6f691c,2645,911,4184,2889
1640,a3263c75-dc0a-4317-89c9-49119bb201a6,43301,207,1937,3955
1641,b1cf95f7-bfa7-43f9-8800-8f524ea1b732,26587,37,3550,1626
1642,8f16d646-409d-4212-9870-b4eff663319e,49130,536,5693,6920
1643,3d849938-54bb-456c-9518-c062603e6f56,46370,767,3684,1441
1644,83d21ed8-498c-4455-bb22-de2ec615f9b0,37279,604,3949,3989
1645,ea63f79d-eb03-460d-94b7-5ed2873814b8,38824,940,3690,6508
1646,bf084952-ffce-47ca-83e2-1a5987d924b5,34265,516,4144,9789
1647,7608763e-c59b-415c-ac98-6ab763466a66,30078,523,5650,984
1648,8544473c-1d43-4639-a0d8-7d0f64240b6d,35983,619,1410,9666
1649,588dd0e3-b62b-4ad4-864a-3f2008e3bfbd,9502,92,2379,6638
1650,3c724fcf-2785-4b8a-941a-a1b171e42c0a,34631,735,8512,5376
1651,03a100c7-520e-4ef8-94b8-aa65b46d56a6,43818,373,4880,1268
1652,19185c59-89b1-4462-917f-b13c324b85ef,46847,973,2700,6774
1653,ceb12f33-87fe-45ff-bd61-c47c749c061b,32095,987,9352,3450
1654,c3ef6495-339c-4889-8d14-6d9c2a5313fb,18522,426,3823,9537
1655,c99149f0-c200-4f59-829e-1bf85d45452e,10018,423,4617,8076
1656,2f963bf4-e17a-4097-a11b-d757cb1128a9,11623,22,445,7437
1657,1e8644d0-ef53-4356-a5a3-9ba438424d4f,45192,950,426,2542
1658,88fb4c84-1169-42fc-832c-68b9178a86d9,40696,840,2411,9066
1659,43b6025e-e14f-4f0f-9d95-0e509bb04f50,3578,368,8113,1750
1660,834f4c0d-99c5-49cf-bfd0-9b56c89b2513,4618,548,1649,6540
1661,ccb05c5f-2593-4e1b-b734-91e102c795e7,43444,534,6728,9421
1662,5ddd57d5-d7f9-41ee-9897-356339a65dc0,30126,385,9029,1576
1663,d3b9e780-f6f1-44c9-93f2-ba07c614e777,33372,677,4180,2630
1664,7e848157-1344-4a74-b439-92a169213147,34326,589,4654,7746
1665,b92454d4-ae17-4d79-a74e-42594f2c69e9,36497,115,9053,6868
1666,939d89ca-5a5c-4728-910f-6306c9b57279,10028,15,722,8860
1667,cb3ab0b2-a2c7-4bca-b9e0-d0aa5e1b9676,24113,811,9140,2038
1668,09bfb06f-c8e2-41d3-969b-255b864bf886,31156,336,2782,9541
1669,c2cdacd1-fcf3-422b-b5f6-1abd53ca3eaa,21755,329,7019,5682
1670,0241efd2-5f20-4771-a43d-7e001f734f0c,15288,316,6198,9441
1671,53052564-a3a1-4781-a517-8dba82bbea64,34418,239,7303,9282
1672,2e251e63-ac29-4d13-8f57-5a19ccc2ce8f,37778,32,4433,8004
1673,a2f4570f-52c4-4aa6-9057-16dd5a25393d,34619,907,298,2703
1674,20afd698-e57f-4599-855f-9f2a183cd3f8,37712,549,3002,5819
1675,ab7eac97-afb6-4248-81ee-3f74dfc3b9ce,29147,509,9099,5853
1676,4724939a-7673-47e9-b85d-bf046bc8ba01,41104,614,7948,5824
1677,73dca0d8-f7cb-470b-bf7c-3d7b9de4e85d,35421,711,1688,9543
1678,3e4c671a-2160-457b-9a65-abcfef4ebcb1,32950,517,3222,1935
1679,c4248d31-03fb-48b6-806a-4c4f14613809,25390,901,5477,5451
1680,4ab8869f-2d3d-41a0-a5b4-bdc6dae808d7,48166,708,1872,34
1681,773d5a88-004b-4dc2-bdcf-b61a3c65dd7e,23356,907,9184,8698
1682,15f2c6a0-331c-4796-8e19-7dfd27b13796,41378,897,7074,8697
1683,c487198d-95bb-4e13-a789-bbf7ff450f28,30120,462,8206,2983
1684,1ffaf113-0c80-4b04-8095-ca35ffbda40e,10763,384,1881,5695
1685,f1224ca4-411d-4dc8-b3ae-6b72d8f08262,40984,436,8379,1136
1686,e8f331b9-bcdf-45a1-a64a-89526b2eee14,33312,708,7572,1783
1687,e107a11f-4aa6-44f4-a06d-4c8e89360381,24337,572,4634,367
1688,c7bb74c6-d27f-4df2-b52b-5883b4d36ffa,49253,374,5444,628
1689,657b2feb-292a-458c-b6dd-383ef4be321d,15400,191,558,4340
1690,f47ad741-9969-492d-b91f-db285a9fc56d,24394,919,2525,4694
1691,69737694-54a2-4666-8020-bd45fa362725,14655,380,3823,8978
1692,9c6c0541-0ea1-42ae-adea-83597dbe0108,10752,348,7024,6091
1693,9b9bda46-5d55-4e74-af21-8dea121e5503,8367,55,1768,3572
1694,a55a732b-6634-4e09-98c4-1b93d6d09591,26275,585,4039,4137
1695,be48aa8c-e408-4466-bcf7-f2f682779866,5630,197,7754,4819
1696,137702b6-17b7-4b09-8200-94713852d215,41628,928,2772,7900
1697,98a47a2e-26c9-4325-ac1e-fdb19f0ad031,30926,646,5463,8066
1698,5891c5cc-ad2b-4a97-96d8-127d1afb4d85,34057,185,7649,6568
1699,c24e2fc3-93e2-4560-8f4c-22c37fcfa713,17057,660,1973,8058
1700,9c77d68b-d6d4-43aa-b635-232ff8f01f5b,32327,288,1556,208
1701,168b3da6-16f5-40ee-8e52-c011c75e1dcd,39114,233,6516,38
1702,2cbc9f85-be66-478b-8d3f-346b0e93f85e,39915,324,6245,7510
1703,3f5910e9-1f95-4090-b17b-69cef34879f3,6524,293,52,9222
1704,58ce9218-79a4-455a-bfd1-7a31c8f02d52,35874,11,3445,2367
1705,950cd7a6-f708-457d-9667-795cb8539ff2,26284,826,2615,2891
1706,dab95f1e-973c-4887-8d06-e151f2bf1d70,43956,425,5655,4744
1707,2326b046-ec2a-4d4e-96ff-6a3203b71229,14415,476,212,9470
1708,a70978f7-6404-4daf-816d-1168980d5ad8,22805,924,7166,1642
1709,8ab6bac6-661d-4252-b922-e5598f9fa77c,38291,173,5425,9485
1710,b7b2789c-3921-4430-b92e-a15a15efdcda,9170,384,6314,5325
1711,1c2a6fb9-5e6c-49ac-afcf-92786ec10cab,9180,956,2446,2692
1712,3955ea6d-75c8-4fc5-aa1a-aa71dd694166,19520,223,9126,7155
1713,31e9f6f0-a997-4b7f-bcf8-ccd49652c5c1,19357,360,7950,4616
1714,0cdb3c62-44c1-4f23-bf72-352da943677e,48915,188,2779,2158
1715,718fcabb-4dc0-4fe2-9dbe-f5baafce4b79,9996,832,1966,8316
1716,ebb18665-9668-4494-9e74-190e66109b19,10826,306,7298,3270
1717,ecb78242-53b6-4529-ae51-fde04bb4cb1b,36000,473,5112,9620
1718,3fd6eab5-f8df-4e25-bd1d-59d0788131bf,9542,424,4566,9520
1719,9b949b41-bb2b-4d9e-b992-a8e5eb928019,9661,285,728,2963
1720,40e98979-8840-41a7-be64-6b48e7edb77a,10304,457,1596,1205
1721,68ee65f8-3df2-4f8e-82bd-ddf65c876255,20070,759,476,4914
1722,4f5de641-f668-4920-b154-94de5aceb017,11918,571,1028,1877
1723,9f23fa2d-428f-4cdd-af65-94bc6bb26537,25418,657,7491,4932
1724,88ca9ecf-a347-467a-b84c-2260a372f61d,46728,843,106,576
1725,4209dfd0-1659-421a-83dd-70589df486d8,21550,33,4841,6218
1726,b69d95f3-2305-4c9d-a177-ba20bfb3337c,13068,78,5016,8658
1727,eba3ed47-e527-409c-915d-366d7a6dfb12,1718,644,3777,1189
1728,a557ddcc-470c-4559-b483-3dddf3c69d95,26855,878,2377,700
1729,b8235c9b-f57f-44d6-8bdf-3f7412679383,28320,249,4549,1646
1730,994a187d-2bb7-4f49-918d-736440786c48,26813,994,5195,648
1731,84319c7d-fa5f-4f47-ad7c-d2b813aea5d1,35111,567,5917,8373
1732,7158ca49-74c7-4380-9f78-a0c80a1f709f,36427,134,8592,3584
1733,abef585a-e857-4e51-a64d-18596bd32b3a,23902,444,6304,8142
1734,0461d238-a88f-48fa-9460-ada0d9aa2ac6,23053,260,903,8896
1735,ad759209-9c05-48df-9c78-7766be55c501,31736,50,2200,6215
1736,ae99a973-ab70-4fe1-8712-f18e5be2b4e3,480,513,9731,6619
1737,60fcaa50-8e92-49f5-a1cd-d25cc4b6450f,29100,173,1696,3416
1738,1edfaea3-9ecc-4195-94d5-291f1ce12e18,10913,752,6157,4684
1739,ce6f9a4d-be59-40a7-80b8-c0450200ddb0,9112,850,7697,9011
1740,b4a27140-d3ac-4be6-8553-fa90d71f6b37,37587,872,6368,1221
1741,7031f3f9-6a94-4563-94b3-71c33d4b1069,4448,512,6085,770
1742,aa9856f6-28d5-434a-a3eb-ccb33f66d0ff,47294,99,3174,1953
1743,61757085-420f-43d8-a966-84ba78daa55e,11986,363,994,941
1744,b84493ae-9fe2-43ba-b330-df45b426d9b9,49333,507,2418,7503
1745,f16a1f98-b0a6-489e-a8b2-88d35a48d48b,37221,620,8097,7935
1746,058ac170-7755-44ca-b8d9-bc8c5f3ba117,29397,267,9271,4632
1747,55dbeb07-509a-4d77-9429-c9d284119c7c,22002,541,9023,1239
1748,9e5f4d72-8112-4bf4-9702-19f867f7c8b8,20630,585,5422,9705
1749,13b446c1-af75-4589-99fc-31d127380cde,45945,755,7002,2681
1750,acb6e509-933f-4dc6-9d90-ef6411e60585,4548,19,8268,4403
1751,5b911438-8870-4823-9117-70d8e4c9fdf3,45752,955,7299,8187
1752,4fe221c0-e5d3-4fb5-be36-c417aeb89757,28224,713,443,7687
1753,cf303fb5-a887-4f6d-b67d-4605da21858b,34157,956,9977,9493
1754,cd5e70c3-c124-4510-9b2e-e95972941f69,43689,167,9845,9962
1755,4bae05e8-db52-4781-aceb-3176f8b056bb,30889,486,2198,9392
1756,bbee82d5-72e3-458b-98c4-2caefec8d7f6,1818,469,7582,8821
1757,b0f23791-531d-4573-af23-732581b58c55,45320,480,1670,5727
1758,a3313a71-2077-4ece-ba78-2138d23ad944,48162,943,161,7347
1759,db570dd8-9a03-4382-a93b-3685a5369c6e,30111,693,2105,1836
1760,06df03fb-5c2a-4114-9ccb-2a8757166322,17891,989,2793,7325
1761,b1a03f3f-d10c-409a-b9b3-7e7532cbd724,41270,56,3681,6798
1762,a7ba85eb-39b7-458c-919e-aaa503cfc92b,33414,735,788,7596
1763,021786ed-14a4-4abc-a987-39ff759a5cea,13754,230,1933,5187
1764,d391606f-b889-4717-9e20-9887da4c5200,39353,830,3478,3116
1765,bc5e8265-699d-40c5-bfde-f639d3232fd3,49428,49,150,2064
1766,32eab17f-a925-432d-afc0-168c6e7b4a28,40730,895,7386,9861
1767,42e78c5c-46a0-4eaf-a469-c3d0e72eed9c,31792,738,5883,9514
1768,ae8ad968-537d-4211-a2e6-d91161f95f79,34108,302,3756,9297
1769,b7b2f990-6334-4ad6-8585-cf1df08bb8bf,9707,171,9812,697
1770,3db791d3-d66b-4d5d-ad49-2f1375f12295,29983,77,6454,8867
1771,e7635b5e-aa91-4cfe-8d1c-99751a4b16f7,15530,736,8203,6973
1772,7c342be8-63e2-4533-b9ab-b9e031cdfa0e,30861,200,3481,4943
1773,e6d19dcb-1cd3-482d-bfcc-d134524c387e,29433,710,6412,9920
1774,3ca160a6-866a-4a91-8f5b-b81cf14a0718,13122,830,8930,7668
1775,84e0981a-8c1e-4328-9d1b-4d40aa059e07,40208,634,154,938
1776,481e9ff4-fe42-4c6c-a47d-da6b324c8483,3360,1,5245,8818
1777,9462820c-c311-4f39-899b-f548bf957098,11475,10,6215,5924
1778,a6bd5b67-1473-47b8-91de-d24e45324fb2,32079,394,6589,3655
1779,42669ba0-e3ae-4c58-9fb4-afd57b1a2138,25798,83,6230,833
1780,1ff4b6c6-170b-47e7-96cd-5c9aa9ca6f75,27767,348,1017,3428
1781,703f9f69-f68b-458a-9090-3075340d26d6,37496,64,7765,538
1782,085ad668-16a4-40b8-b4ee-e94f0f6d01eb,25842,506,5707,2436
1783,e8d9efd0-708f-4789-b038-f000beeb1ca7,14379,970,8644,8257
1784,988b6450-c8a5-4769-8f57-997fb99ebb1c,958,722,3252,1179
1785,2301eebd-a968-4a4c-a3f9-cddf35399a50,1169,910,5335,6176
1786,aa99adc6-8402-43de-8017-43d37bef6013,42607,40,2627,1219
1787,b2962c93-5ccf-4b79-ae8c-2962b0146157,6657,29,5592,2870
1788,391c537e-b696-434a-aaee-e33bec2767b2,15655,858,8378,7007
1789,cdb9b825-290a-4efe-8df5-ccefa7ca0398,9847,409,8944,1661
1790,a1f4b5fb-5e69-490b-9c6e-483ea95ed28a,46734,6,2916,8743
1791,a3a590d3-73fd-4e99-a1c8-64ca29936758,25193,898,7401,5890
1792,f1b33a07-db8b-43d9-b544-fec6151237fb,3287,876,680,4377
1793,10bb5017-8a02-425d-b4b1-85bf84934c9e,26366,791,8176,8191
1794,e32dad68-4fe3-46c6-8a07-4500762ebf33,32022,681,1126,2195
1795,ae11b591-2be6-473c-8f67-978aa16c27bb,11223,581,9550,4401
1796,518c6917-73d6-4734-ac7e-3e2d5381ecb3,18376,138,7075,6166
1797,13b19c54-3e41-4b73-ba66-ced5d0aa388e,24763,48,3338,3179
1798,876a6459-9c62-42ec-a940-54858658dd89,38156,645,3297,2143
1799,0bff70cd-c2f9-46cb-9c50-deca9156fb8e,14510,698,1493,9409
1800,53f7a776-3c17-41cb-b19c-e1a786a10bf1,38448,332,2518,800
1801,27fc3987-5649-4aa6-9e47-49bce003deff,45859,271,765,8318
1802,4bfa45f5-5855-47d6-ac48-1ab0cee19c57,14010,205,4121,9951
1803,3b02a38a-10a1-4ce4-9454-289728a9d418,17633,121,1321,826
1804,8c056dc6-1578-4159-b1bb-3dcb0749a3d6,32973,768,6120,2268
1805,0c9e22ce-c386-4c2d-bdc2-eaef4146f2f9,32070,833,5269,7504
1806,b2e7dddb-29ee-49b7-9240-7e78ab345af8,44519,102,6202,493
1807,bdcc8705-10a8-4690-bfe6-c70d7dbef00a,38348,724,9679,950
1808,8b6e0bf5-855a-4b45-8fc9-f34a6e50dd78,1393,902,5534,8407
1809,8d4cb06e-064a-4d6c-8b1b-134ea9b54565,25817,617,1017,19
1810,d67ba2ad-5a89-4c25-b700-ab3b6b56bf2a,3016,837,4574,1341
1811,d12be8ab-04b1-4a72-acbd-48939bbea912,46259,703,4290,8368
1812,cd248f62-ef66-45db-b955-1b2447c8a076,34523,952,8168,716
1813,571b41ea-77be-4970-b207-543a41132ff4,18993,725,6134,832
1814,f7c589e5-14f6-4004-8be0-f99f647c8402,2531,355,5633,2513
1815,db79b06e-9106-4365-94c2-0804fea5f1d5,49094,751,9814,6366
1816,910718c4-3588-40c9-9d11-0d50328342ba,40245,979,696,5670
1817,8ea099aa-d1c1-4d45-8799-54cef4eda2d1,25628,720,4950,4723
1818,d1167f2d-8e26-480f-8473-f684fc39af34,42633,315,3331,1798
1819,ed598e9d-b117-4077-937f-8b8d9aa1cbd7,22273,7,6970,9695
1820,9d17a30e-e70a-4d51-912d-2dccff474f11,5830,762,4944,7432
1821,24ecb72a-fca3-46e4-9b98-9ce4aafa2dbd,27491,12,508,6256
1822,c175085a-1ca3-458c-9669-ef6e5c4fe176,40839,152,5241,9123
1823,43b46d30-9cda-46cd-809a-e43fbae19564,30275,329,9084,979
1824,5c9a510d-cb98-4703-afb6-3896b0816bd4,3406,730,9925,8799
1825,5e0bd63e-d18e-4018-bc74-8fd113adbea3,21418,68,529,9582
1826,3e6ee597-93e0-47a5-8db8-4d69dd45e623,943,662,9945,6227
1827,c2f513c7-6d14-4469-af81-94d36f07d03f,40352,269,9293,6332
1828,a0e0249f-3296-491f-872e-c594e98b80ff,33704,716,6311,6363
1829,770f0615-adb7-4998-a048-8a5b7b302022,41917,480,140,3103
1830,ce44c244-0cc7-419e-8210-6d37bc43eee0,29005,734,6923,4681
1831,e33215ba-4d29-4aa9-839d-ab372ae0027c,24966,546,2625,9989
1832,1a8da021-d291-4d26-922f-71979849f85d,16991,543,6268,2523
1833,cb45a3d4-5414-4a68-9511-1784def2fc9a,47900,86,7855,3616
1834,4c83625f-5476-460d-8854-3ef058c65a34,11433,207,2243,5237
1835,7ee2d379-b516-48d8-913c-cacf62f318a6,19191,191,1474,9855
1836,7e918a50-9d99-4f4e-98e4-c374d126cee4,22864,810,4129,8212
1837,9b045be0-21bc-4e7e-8e2f-ce0f23073855,2473,805,306,9454
1838,0c7c505a-4143-47d8-9903-078069daa5da,47963,225,6913,6571
1839,81a0538c-75a2-4440-b4c6-88de1b88eb95,11278,908,6286,7881
1840,7a1c111a-4a22-4011-9943-5da1dcd3ef7b,44584,606,9790,3773
1841,067bf92f-1f2c-4186-bde7-b8777a34c3ab,40672,985,1559,1483
1842,f552f713-36db-4f49-9f7f-ca4b144cb852,1663,979,2421,6112
1843,b39cf152-4d6a-485c-8f6b-5a2351830df5,3687,454,7281,4258
1844,0a21c063-64db-4394-a8c4-b6c4ffa9df8f,23336,876,8043,891
1845,5cd27172-3d93-410e-8de8-bbf6c53fdf02,2772,155,6274,290
1846,a1f7b474-4df4-4d90-b66e-6e15bb048f6d,38879,448,3742,3341
1847,dd976caa-7b70-4077-97d1-7342d84d6ed0,7483,292,2983,7761
1848,432bbefe-4348-480c-8ed4-98d0be58c2b6,7474,540,1850,8714
1849,b1c23898-33f4-4cc6-b184-20c320bc2029,5207,427,6605,1538
1850,70db7e33-f40e-4c0d-be96-38f380362386,19079,816,8295,7769
1851,447885f7-b3fb-4b1b-a47b-dedb01aee1cf,30546,586,1242,1811
1852,f8d8e15c-3d72-4abc-be8e-cc14fa6bc4f1,29939,480,4607,4012
1853,418e00d3-0b95-4052-abdd-d9bdef23a568,45684,602,2860,1185
1854,05bacc48-e866-461c-9b79-ff9344fd671f,16333,436,4143,616
1855,5f7fa177-5ccb-4919-a617-e8bd297dd54b,30360,302,8171,103
1856,38c836e6-3801-4179-b7e6-bd43fb3070c3,46672,383,861,3495
1857,c18457e3-2fae-402b-9c29-afad38b31627,46942,608,2871,2387
1858,d345d1ee-5965-41bd-9d94-a0d8d551b1eb,25321,538,9774,519
1859,349a8523-5e96-47b8-982d-bc7b4851d57e,27124,707,825,9710
1860,3bb10d9b-079d-4678-8625-f81ca512022d,30528,709,6585,1916
1861,88f405ba-4592-4f91-9a1c-2e56823b9609,38806,546,3671,702
1862,8bc13fee-ceec-4a8a-9785-f2c04af5aa2a,33354,298,1902,4363
1863,08599297-c220-4924-9172-85b2888c964d,43412,6,520,67
1864,b95b2e37-60d2-40d1-8044-7435c6042d2c,31719,788,4217,1838
1865,51d8dfee-c7cf-4c28-aed4-7c4520fed94f,42998,741,743,7016
1866,696a50e8-6801-4f85-b65b-351d91322e0c,30362,926,5434,8371
1867,4680fd0a-ad0f-41a0-8d4f-f6466b2d2835,5803,853,1061,1696
1868,ca44c67f-bb22-497c-9897-2ca9c975345a,48398,147,5763,9421
1869,f361ec7f-7705-4966-8b59-50d97469091e,31679,175,8820,7374
1870,6d7b9686-a2f9-4638-a027-3a1684105087,9792,462,1272,3236
1871,dea8bdd8-3f19-41f7-95cf-dfca2caa9467,6614,213,3200,2065
1872,7d164024-4e34-4e70-9bc4-d59b1f960158,11336,217,9946,2575
1873,485d8abb-86af-4859-9555-84557a9b27c1,32664,617,550,2608
1874,a5e02c35-8a6c-4f70-8cdd-73c21e6afc39,31429,612,1419,1550
1875,af5d01a8-64cf-4589-b33e-43e36e32a714,24123,904,1382,9787
1876,66998edc-0ac8-4e51-a9ed-f71b21e6444a,24532,480,4606,1677
1877,8e0c5ed2-999a-4d0c-b12f-8421eb55b9be,47105,136,3455,1449
1878,77ff55fe-b80f-4f59-82e3-bfa94070c69b,1208,431,2362,7765
1879,74c2d9cc-1de0-4d84-84bc-7d7da9778b12,38065,565,8834,4788
1880,afe5a0d6-835e-4e34-8e93-7dcad6750634,1852,223,1868,1339
1881,ddc22770-be77-4fd6-a385-bfc2ceb66408,28930,130,6146,9406
1882,24fcbf80-b9fd-43a0-8e01-b0d5727a682c,28130,10,7172,2099
1883,1fda10f3-2a66-4282-bf5b-506827cd3720,31052,360,4470,5083
1884,eac3da69-325d-44a8-a271-8c3484650314,5013,329,7755,6610
1885,5c5b0253-740d-4c2d-a3a3-e9d6262b23d4,27162,481,3212,5002
1886,df70ea31-1fee-4fb3-b962-d2368958b715,26333,802,7420,867
1887,717ba996-6f6a-48f7-965c-6bd0eafd723f,8971,245,2481,765
1888,0a5135bc-98fb-4587-a9d4-008ee8db6aa4,46297,113,9085,4270
1889,209ce457-aa5d-484c-83ac-67022171a525,3875,456,2443,6573
1890,e37471db-53d2-4128-86c7-f3f043a8973f,18663,606,8757,6479
1891,50f661ea-aa16-4250-b53b-1c3113e3e168,38743,784,4083,7809
1892,eea5f395-75a3-4583-9f93-d5a72b45a4f4,3312,565,6025,9522
1893,5675f999-9c9e-4224-9166-7d19bdf6cbae,46551,124,4128,518
1894,e5737121-2cc4-479a-9d14-5e8e5b0f75d2,32551,914,2075,2496
1895,f8a94025-710b-4b25-9fc6-dee8d4a8a156,19671,409,879,9035
1896,4837fc56-79f4-4ee4-b54f-6abdd573f118,24788,509,6907,574
1897,057cfa6a-dd84-470f-8113-3cbef0ebcc7c,10958,684,7512,1098
1898,da838e55-fab6-497d-9896-9c5eefba4e84,7389,852,254,7906
1899,ba8bb426-2c59-4474-95a7-47b20d068164,20406,320,9688,4316
1900,57a1b0c1-c4f9-4f94-aacc-1e5db5e35d05,39877,730,3758,2018
1901,392e2f2a-d464-4693-b75d-a0ee6d58eb1c,42737,340,1088,3851
1902,a1b5de34-8aeb-4075-8dd1-41181cd85a67,8646,718,6222,1899
1903,0017c124-742b-4732-9a17-30803c749eff,15142,477,970,8496
1904,cdc098d8-020b-477f-8c4f-9c604641b873,40718,468,7445,4
1905,44fa44c6-1ce0-411a-9ee5-ed4d4e53f2a6,31368,231,6043,7234
1906,96d50157-cfbd-4c5c-89c9-468db6e1b853,5794,484,7390,5028
1907,f86348c9-bcb9-4c0c-9cfe-43a71ca0b770,34491,860,927,9488
1908,8394b686-c292-4418-b905-57cdfeaec123,46877,772,7884,7172
1909,10cf3f3c-d356-41c3-8998-94204c49cca1,35014,214,7755,6589
1910,494580b3-528c-40d9-b9ac-9779ca8ce2a0,44558,660,5711,8088
1911,512aae7c-7b22-4de6-b552-acbb7f87628a,29641,225,8077,2031
1912,cc5b724c-5f63-4ee7-bae3-2d836d1acaf1,39086,919,427,4449
1913,b36432b7-401a-4c44-942d-e2e13c53d7d1,37975,790,9872,4242
1914,54a5768e-c739-4252-8eee-9a9b70f91783,24353,313,129,345
1915,6623fc51-bfea-434a-b4a4-78ccc574c50c,35432,76,9200,4483
1916,b1275a22-57eb-4890-b54e-5bc1d3ef4d11,5664,365,6818,6778
1917,00c5f313-75a3-473d-b71f-bc7457efad6b,31423,33,7396,2851
1918,a9060659-9092-44e1-874c-5fdf80095f32,9816,913,1316,4941
1919,0241573e-4062-4632-8c06-7df3e72cefec,22732,491,3433,3559
1920,cf43c630-22e1-42bc-bf5b-d7a01a19912f,17710,953,4888,5927
1921,e72e2de0-d592-4f3c-826e-0dafb2f7a8b7,14385,888,4179,997
1922,47d79117-6926-4e73-8dc9-6e52ed3b0700,48236,511,2953,2672
1923,7d98efdb-0092-4da4-aa22-f94e22ba1889,16460,777,9129,1170
1924,64bdd826-aa92-4aa2-9af8-aeba0eb4fe6c,7432,877,8547,9419
1925,aeb3f81c-ce28-405a-b47b-322ef9f52b86,315,775,8832,4209
1926,17a4c518-3e65-4de1-91db-1d7287edc194,25190,346,938,979
1927,7061452b-c22b-4d91-aec5-4a9ad45093db,18748,443,8,4933
1928,f39b356d-f193-4524-ba1a-e692a05584a0,11242,494,6154,1347
1929,b6fc59fd-db03-465e-805c-9b6ff2718955,12105,109,5597,2991
1930,6ea6ce80-7e66-4172-87df-2009eeb5da81,11754,209,2492,648
1931,a33ad45e-dafa-47e2-ba25-bffc231429fa,7953,953,4177,4639
1932,812bbe87-4f0b-46cd-b47b-755a58aa30f5,36087,466,5755,5377
1933,472b805e-6c9a-4f9f-bfc8-b4e65ed978c1,30495,559,7171,8193
1934,0d0ab7ba-a7e5-4885-9b12-7dfc1b6cc1ed,29152,394,3561,8758
1935,1f53e5d8-d9e5-42ed-8404-46c2fa882ce6,35460,260,3440,5387
1936,82cb06f8-8544-41f0-ac43-7cf7f04769de,32687,544,4443,2956
1937,e49b36d2-be13-4c98-9616-423b5e588ad9,45122,90,1870,1359
1938,929aacda-aa8d-4855-a6a6-82636ad01fe4,22193,945,2821,8213
1939,a961f7bf-2ed1-4e78-bc60-6f9292f13527,3022,775,3006,8480
1940,fd9c9365-cd4b-49ee-b10c-def8a9bd4d4d,20104,421,927,4592
1941,32e174db-94f1-4ed2-8e13-8379b5ad1b13,35366,11,8504,7426
1942,95931747-213f-46ba-8756-015d58dade2a,44669,57,4184,1823
1943,258f3637-47f6-418b-b273-0271d30cf18d,18601,981,9544,1873
1944,abfc77d8-dcfb-402a-8b65-d20ac7368e03,16712,928,7385,5487
1945,2641cdc7-02f7-42f0-b344-8d7f49f74686,21605,845,8708,454
1946,1161ad5a-e8aa-4c50-9e57-4e46bd87fb13,13504,138,2841,5989
1947,428fe1ac-c757-4d07-81f2-885a9c923270,44582,594,1143,9997
1948,05e27500-dd60-4c33-8a88-d1630e5be3ab,12298,996,3981,2193
1949,66ea557c-09e3-4951-b737-4008861aee05,42222,107,2828,8211
1950,591cdfef-14ab-4b3f-ac2d-c45e31dda6b7,17532,515,9054,1641
1951,2c065794-7744-4fe6-8f84-80e88f5394f6,23326,106,2965,7793
1952,6c9df031-5eef-4f47-b65a-475142aa7ae3,5490,904,7320,8861
1953,873f5f0f-d3f1-4afb-9c2b-e06bf452d695,49841,29,2361,8994
1954,9acf68f4-0aae-4ed6-ad30-6cd8888c04f3,19831,3,4972,2447
1955,c8401159-6c37-4328-97ef-d45158665044,998,267,1862,1600
1956,44378fcf-072f-4703-b5b1-3ce96f637fe3,29855,553,9298,4551
1957,e86b4467-6ec4-4fed-84ea-750afaf3794d,20495,253,5420,2165
1958,67657258-fd13-4560-b389-ca00c709ccaa,18379,862,7383,8457
1959,9b6eb272-e249-4da7-9ca0-f881ff16e6a1,21440,367,1927,2523
1960,fc62cfaf-b0f1-4ef7-b2f6-dd469263eb0f,22630,841,6176,7120
1961,fa531fb5-7b2f-4dd7-a263-f803f9e46b4c,26647,611,7952,8147
1962,789d853e-c2ee-403b-aa8e-ac67f1782697,25976,51,81,9204
1963,f081d60e-5e5c-4ace-a02a-072d3c22c7c4,22331,926,7362,6626
1964,edf9e73b-401f-4bc1-955d-d2f54a16b241,44516,687,5799,2022
1965,a7b02c29-3107-4efc-a9cf-807999a75a68,39494,559,6688,6316
1966,024b1f66-8b0e-4e95-8ff6-9721835cc92c,41249,354,6715,1752
1967,747a59b7-94dd-44ac-8624-189577409d55,48017,455,960,8746
1968,322d2ee4-fac2-4253-866b-3d3596ec62ac,35402,412,6601,4891
1969,c7c517b3-f44f-4f5f-bc51-f1a4348163cf,18157,569,4462,5873
1970,6c0b3fc8-eb34-4ee0-ace5-31a7282114d8,37482,366,4151,1434
1971,f47cbf8a-7b05-423e-ae33-ba823108fef8,38382,926,1376,1410
1972,b85c35c1-0a9c-4d35-b3cb-5b1ea1b430cb,8224,523,8488,2888
1973,2c977728-c38a-4e41-a49b-c8dfc59ab560,23235,635,3266,971
1974,7d3eeb00-694b-418d-846b-a70cc8a23c57,3437,846,7235,5660
1975,cf2f6d8c-847d-426b-b440-1a059c1df222,18930,624,4824,2063
1976,b9bcda87-fea5-4fab-bd33-87ef6a646c21,24117,801,348,9255
1977,1f7141a4-bd94-4484-ae2b-8c68096a42e4,46601,995,8847,284
1978,6ec35a59-e358-4477-b1e5-633acaca2ab5,39016,396,5874,8276
1979,a8483186-39a5-406c-ae00-36ce62b7c688,44969,711,2854,5714
1980,3cd7ea99-fc8a-4103-896f-d46921ba7b9c,21834,809,1261,4942
1981,06b47526-12aa-4d34-ba1e-8535ccd3ea56,38787,120,9327,3761
1982,1da97f7a-3e37-483b-a6d5-f68b8fe4320a,13124,805,7931,7449
1983,0085aba9-7c05-4784-8563-b8ffcf6da186,22914,421,1737,5569
1984,0dbe892d-237a-4e7e-851b-a7494328e347,12227,609,5137,2708
1985,50d43d04-36e3-4c58-b4cd-7049930e85b3,43514,627,6719,2008
1986,0869031d-5e54-4b34-a736-bc8d74b51105,37250,444,4235,7899
1987,99c40ce0-8467-4a42-833f-075cd80fbe15,27383,83,4302,267
1988,d0203ec4-0bb3-48f4-80c0-fd2d23a74e12,7408,789,568,9362
1989,0caebe57-d7b8-42e1-821a-9b7f525c20fa,47536,414,8391,7198
1990,c34ea621-ec38-4aac-8992-8e1c15c1a156,47004,490,89,8414
1991,6117ab5e-afe1-4920-95f3-1b8e338e189b,17844,915,4858,2440
1992,c6ee0c77-6491-499b-a3bc-ed262c575f30,46372,937,6815,8182
1993,3ab9707e-b343-4c4a-a031-62ac23dff0d2,44072,806,2027,6276
1994,d07b3a35-4ba4-45ff-b92a-969218b86439,14833,611,1245,6713
1995,08ec1b0e-c8f4-4ffa-9051-2f3f6c935e90,32908,688,4853,5686
1996,da4ba3ea-dbdf-4cd7-807c-10dfcf77a2ef,44546,51,8079,8616
1997,f126f198-e737-45d7-b47b-388deb818715,3795,849,6879,7368
1998,bb23fa17-fb34-4704-b6e6-8fa1cfbcf591,5551,678,3127,3629
1999,026ed9ee-d2d5-4045-a071-b2eab85dee23,47118,485,4780,9063
2000,36027428-abc7-4c10-96c6-dd5f641644d2,35299,977,3478,9508
2001,d4fb8d5a-ffd3-4539-b067-a9f1991d669b,47917,15,4265,3240
2002,c9d35aa7-df97-48bf-ad26-9f323c9af6cf,6430,964,9125,3038
2003,aa8c0167-aace-4adf-8340-493f0bd2edfc,8520,926,586,7780
2004,2ad92a41-d62a-4bd6-880b-9a7640344990,4719,528,3415,6147
2005,76e1933e-50b3-4220-82fe-5f090c30de1c,41448,504,1130,1387
2006,e61c5fdc-5006-4885-970d-97eda7b10202,7611,408,1585,7182
2007,0a1ba518-0ab7-4c78-8b78-7330301eacb9,35705,51,3770,2434
2008,a4a1a431-be18-4426-8b4d-ca14b31e83d5,21408,197,5652,5856
2009,e7a3b430-2779-43d9-9050-687317533b7f,9459,891,8791,9008
2010,ba0da2d9-8e86-473b-9bf6-a2f10b239d06,33016,596,4547,1797
2011,f5bd7df5-3fe0-42eb-8c8e-0dc26c87d829,20164,74,4393,5868
2012,f5e0f586-ad84-440b-8419-72df20c0a547,37427,459,8997,8453
2013,2f8156c7-730a-4408-b47a-d63698793f41,23562,828,9500,4612
2014,f2c6afa5-2da4-4a4b-a96f-d4f532256627,24438,582,1722,2093
2015,4b05a651-7e9b-4165-b642-87b3c526f3da,39994,366,4073,4940
2016,cfbf26fb-1474-4886-81d2-834eab3ab1a4,10784,594,9265,5930
2017,d0d9b888-2bee-4d06-bd08-52fa3b491248,12012,617,549,7185
2018,f35765ab-4bfc-48d1-8ee0-3535ae169d87,14555,820,443,8561
2019,309c16b4-c62e-47db-8fd5-46a327ee8e48,43838,749,2285,4603
2020,0d424265-30bc-4e71-abbe-3284db8ecf9f,24980,972,8648,6854
2021,e62b85e2-0b84-4a21-9c06-e6eaf51b8d1c,13150,33,21,3031
2022,58288e47-fe7c-46ca-a916-0b7a76081b0d,46155,831,1882,7121
2023,06a323ee-6b49-4bf3-a1ec-c4d5a2fc33a9,7726,498,7267,2622
2024,024e19cf-8119-4718-9d5e-655f35dca82d,33064,8,7459,2802
2025,18f910d0-e553-4fe1-9801-19708286a4c9,14018,465,4899,4422
2026,d6c71587-6371-493b-9af7-ef7bfc00a036,5082,378,631,7729
2027,2a66f63d-76a6-4593-bd8e-c816b79cf665,40003,213,4452,2785
2028,3b22f31d-b675-48f8-9b87-44e93136493f,36010,462,6893,7739
2029,f5758c4a-e1fe-43b6-b115-03ae10de3e12,44413,312,3357,1603
2030,27257dfa-4776-4e36-bbce-ae65675fa05d,38600,794,4818,6195
2031,32b70618-c750-482d-b855-225e30f839f7,36133,76,8855,9825
2032,a1bee7a2-9107-4d3b-9a43-3355a88c9386,7084,790,9318,7897
2033,819cdf13-88bc-4c2f-bc0d-b77dd2d985e9,40318,444,6611,665
2034,ee8882c2-d89b-4157-8557-8e99607bf17d,41941,644,6518,819
2035,5f3acd36-8d2f-4ddc-8d18-8ad0757a85fd,43344,437,8187,6998
2036,675808b6-3256-4e1f-bee0-160ce50d7ff3,36838,560,3688,6068
2037,2902c5fb-3e21-476d-b369-b21e6d4a9378,36243,221,2805,7571
2038,da64acc3-e610-4ed9-b10b-2ef3e3b4cafc,14614,369,8149,3594
2039,1546274a-66dd-4b65-9655-57a71108d46a,22923,651,4343,2987
2040,2a6dacf0-9ce7-4dd4-8ceb-9729b94355a3,49964,280,6259,836
2041,6bda81e7-df0a-4662-b31d-eb70473732dd,886,26,7,8852
2042,2976577c-c777-4f5a-bca6-82ed608722ec,32853,100,1886,7124
2043,7e861b7e-5544-4eb2-8e60-ffef32c4725b,22646,608,1478,1331
2044,39b63723-1f73-4b90-8931-41c2bcbb0900,1425,991,4640,5428
2045,cf851126-eccf-4e8e-b85e-e4eb0b2e8c62,16730,551,6436,5538
2046,a6bc1b41-5d47-4f2e-89d4-02946cd141ad,3821,682,9336,9046
2047,06803ec3-e057-4485-8333-1d0de6459ddf,39617,75,9161,9922
2048,9fe7c03c-bde5-4035-b34d-aff79c4d3d49,39668,13,3447,646
2049,8943daf4-25ef-43b5-a9a9-75dda39da98e,40041,965,2338,9092
2050,7bc12bd9-be18-4d61-be73-11933f56fc19,1730,477,3884,8969
2051,74047ede-f06c-4cf7-a96f-627765f86c23,38850,848,2146,4875
2052,0d64ae81-3f19-451e-8e95-8727501fdd5b,32093,335,8345,1180
2053,2b84d521-ca4d-4278-a54c-72c45e03b5bd,42144,154,2065,955
2054,30197763-b177-45ff-9b47-d86a33ce789d,9314,12,7731,3401
2055,a5216c02-73fd-4462-9672-7b647ac11905,22702,927,6270,9948
2056,a95dca6c-fc19-49ee-9a7c-f8f3bb66b7d8,46663,244,7967,3787
2057,c2e0ffc5-719a-4877-ada5-cccde6c996c9,14397,546,3099,4165
2058,0ff0ca64-ae92-49e5-8fd0-ccd74b09da55,24571,37,5416,4904
2059,cbb051d5-84e7-4473-9db3-c463bb23cdb8,49025,279,1913,2936
2060,b17e1c92-58e9-4563-8e56-154729060d9e,26090,180,7859,2049
2061,c09faa4b-7500-4b4b-b4a5-4dad87e9bcbd,15028,109,1896,5673
2062,a8cd4df1-3af3-4acb-b3bc-24b381f01d3c,12371,103,8303,9247
2063,82cbdf48-300e-4039-ae12-1e1101de8415,12702,536,7845,8452
2064,24640512-b836-4f2b-92cc-b87174d9911e,17247,74,5488,2249
2065,59eab559-2b8a-4ef5-82d9-99542de8811e,15580,575,945,6063
2066,812a79f1-8a59-4ebf-9663-3922d077953a,41692,65,2103,9925
2067,7ad7f8a6-61e0-41f0-8ac6-e63c7a015ef2,4322,552,6603,6354
2068,257a590b-c0db-41c8-8229-f18fe023ebb4,28679,996,4319,7418
2069,422ac14b-3519-430f-a2c4-2c33dcd82ad3,32785,775,5105,243
2070,d5bb11a8-aaaa-4f9e-8304-698c49afddd3,16267,819,9265,4111
2071,65accac4-6643-4c28-9f48-69e17c0caa1f,37142,264,3160,1733
2072,74c4ab5a-b9c9-4c5e-bd94-9f93950998a8,13821,797,1336,8770
2073,3ccc3578-183a-4742-a912-47b52b910dc7,8649,795,7602,8249
2074,b07e0d87-7143-47ab-a916-549a7fbd4c51,41984,948,9871,7678
2075,19ea025d-031e-4bee-92aa-70586c0d3677,25371,568,7040,6237
2076,e88ad492-a7bd-418c-885d-38451d8f838e,35393,959,5581,8486
2077,bddac5c2-429a-460f-ae64-8da23a066570,27500,691,7108,7815
2078,5b1be4d3-8e18-471f-afeb-7da77ff02087,40529,408,5146,4585
2079,792bfeb5-aff1-46af-89af-c5fe4a51d681,47576,699,8850,7460
2080,59d5b05b-f84a-49d9-a4d9-5194b3b39540,24153,17,9812,505
2081,c5197cd9-8d04-4a8c-a08e-dfdc54edacab,2405,343,1977,714
2082,69f612a5-9a37-4c5b-96f2-637c4f6fd929,12834,682,7619,3313
2083,abb92a76-3726-48ef-a4ba-828467d51866,8441,810,4217,1273
2084,95913ffb-9fde-4a1f-9d52-ee87ada3705e,49150,743,9468,9590
2085,19bd85dc-9f93-45d9-b8b6-d3ce0c874895,42758,538,271,1906
2086,e0172999-8c19-458c-813f-0433f20fc617,26749,285,4025,8889
2087,cd400036-fd36-4136-ab11-8dc81d76ff78,28814,876,82,3437
2088,9a30801b-1436-44d7-a5ab-d69dcdf39a15,45295,580,9672,8189
2089,82856aac-ca21-45c6-a2fe-d7d9be8832ed,10210,457,3578,9453
2090,5136e50c-6c12-4745-91d4-a2827d8d23c8,38714,783,9500,2744
2091,0d37b580-d207-48ae-b97c-d6648c25c7e4,37154,300,7593,1103
2092,88cd8ead-7300-40d4-ac02-a0cef357ba39,45674,557,9432,8691
2093,d8b93de5-eaa2-4132-8cda-8d322f99a944,40118,44,3978,7156
2094,b137c718-5477-46d1-80ad-297cd9e88ddb,40070,167,5378,2721
2095,f88e151a-b387-4188-9041-10ab36533fe0,6720,403,5115,8606
2096,6799e529-5f75-460e-b478-12db8687260e,28793,778,6630,4123
2097,2fe549e7-0cc8-44e1-984b-fdc1306f7d36,33767,370,1371,4420
2098,b3702536-135c-4b5e-af85-55329e06d872,47208,155,5707,2443
2099,6284482c-67a9-4b28-91e6-9a0c4d3418bf,33910,754,4553,4962
2100,78235bd2-73ac-4a2e-af13-cbe48619dc11,41693,555,7860,4686
2101,4a196a96-e0f3-4699-82b1-fc86dcca65eb,10554,603,5168,160
2102,ce1536b6-fa57-4853-955e-875723831a35,1092,621,5514,9618
2103,6ec562a1-858d-4f83-9a9d-8978b0ce4941,16047,602,4910,9918
2104,c60dd991-b972-424a-882a-8ea640670c78,43756,975,848,5232
2105,03f6b1bd-49e6-4716-b739-c21f54faacf1,13329,408,644,8948
2106,7a80ab34-84c7-4541-b23d-740be598ec3b,7759,978,6510,5160
2107,562765b0-57ea-4e90-9ccf-690f631ee245,11659,504,1778,6335
2108,93acd837-04a2-47b5-be0b-b3598fb97761,31475,223,4552,3429
2109,71e64c65-8e51-412c-bd2d-a619c6bffb94,3347,713,1281,3018
2110,d578575e-96bf-49c5-9495-6eb0a366c0cd,48076,636,3560,6628
2111,84b4b845-6129-42cb-93cf-3803a6705772,21623,954,127,4244
2112,c03483fd-d9e0-4cd3-867d-272ffa8399da,8482,495,3401,1992
2113,0de0dffe-e770-4ed0-b5f1-71f36e0a26bf,8733,800,6875,999
2114,72ae34c7-0d60-49a5-aa17-87cf24b6f831,18321,104,7645,198
2115,81c5610a-3a50-4051-a1ab-55f1d705383f,4956,310,409,2566
2116,72f15cb9-55cb-4699-a340-3976048b0359,16377,337,235,5196
2117,f777bdbe-b2cf-44ae-99cb-51a53c24001f,6441,619,2715,2616
2118,97624dfe-9fe7-4459-9bc7-40ba0cecd494,30267,708,8641,9552
2119,4bdb22bf-b061-4204-8e4c-904102726693,45929,252,786,5464
2120,22801ac8-0383-4531-a2fa-e0e7dbf4b039,17211,166,1972,2504
2121,df10959d-cf9d-4c4e-ba30-ebb455c94c35,15887,998,5629,9712
2122,1541303c-cbef-466b-9e75-0d686bbfe463,5048,581,6473,3857
2123,90322235-5438-43e8-90e4-21548ee993c7,2727,533,5250,5493
2124,028fa8e1-dd07-4cec-8353-47ed6918615c,10478,836,9935,5409
2125,11fea2f2-ed4f-4dee-82da-44277990e970,23726,248,8385,4122
2126,a2f06790-9d48-413f-ba05-26d7075648d1,31724,658,5672,6048
2127,b8a5bee6-d017-4180-b4f8-96fc19fcce35,24113,578,8536,8495
2128,712de222-6d62-45d5-9f5b-1127570ca106,8657,312,5128,9824
2129,c71f0c1b-bd0c-466e-a941-7aa4624d1cd9,46697,527,2710,7952
2130,b8052b24-2c2d-4fee-9668-8cf9415d5e64,17335,342,4766,773
2131,431b2aee-cf2a-4cb1-a8f7-6035252b215f,40344,982,9522,3201
2132,0ad78b87-7dab-4c70-a714-1a6dcb6667f3,6077,700,473,6933
2133,30279f72-14b1-41e9-abd2-326eff0f43a9,3980,885,6952,2220
2134,1a08ffab-0b9c-45ae-a804-8ab80a4b8e81,15424,6,6495,6158
2135,40f74418-1697-4a33-9cd9-dded203ff43c,26581,695,7416,972
2136,38280397-d9c9-4d5b-9c2e-e5081c73da59,8962,41,7160,7535
2137,02ec385b-50f7-4896-83c8-4e76cb086339,38421,140,193,6941
2138,36e43b25-6e44-4b4f-9155-268a36934044,9899,430,7418,2082
2139,6b5023c1-10ae-4937-9cb9-65b39380ef33,10961,321,8148,1502
2140,c388676c-9913-4634-b433-1b7adf59abf2,40247,164,1531,4788
2141,0b401239-7f72-48d2-b027-51118c6a30f4,26467,868,8695,5089
2142,6078f648-efd8-4906-b6bb-61836e8de4e0,26702,521,6951,5514
2143,8459668e-e2d3-4820-9f73-55729f44eca4,47462,647,4612,5448
2144,32c486ae-796b-495a-92c6-168ff9c177fb,14150,939,5403,5065
2145,109e17b2-c75f-41b7-a824-b4ddc0bf332d,19630,429,1528,960
2146,e8ce10a4-6afe-474b-b2f2-46ea500e7410,41405,490,2864,3514
2147,5b87715e-77d6-44b0-a0e6-b114aa4cead4,4089,283,7588,4552
2148,968ca354-f564-413b-b102-4df0a8bae8b1,33989,262,5285,536
2149,451f7267-d6bf-4259-b745-0d081d3039d2,19389,780,9247,8072
2150,f19b9d54-1ec9-46e5-be25-8a1806d9c7de,30149,80,1142,7232
2151,dc935400-fbc9-4134-9e66-1b76624021db,44196,245,9463,7264
2152,fed76ee9-9698-4d6a-9ef2-b7c5194f2a88,35678,230,2921,5940
2153,cdcc3ce1-8f03-48ee-87a7-dffe143e298a,34329,514,1307,6430
2154,fb8af942-7fa9-425b-a8d7-040b230b4354,26859,150,4713,8691
2155,295fafc7-e077-4544-a33a-293fe4757a7c,40110,210,9487,9022
2156,f82d83bb-152f-4112-9745-796af9d100bf,7831,735,3793,4612
2157,9e828484-05f5-4195-8cce-71d073b87e3a,16812,706,1449,3582
2158,8ad807e7-f906-46f8-8459-a1d72049778c,12330,411,2383,7889
2159,8f74fa68-a968-4b8b-8d06-09f8c085f716,34049,84,8271,703
2160,09dee1d7-c353-4136-86b8-c029ada8b0c6,45976,738,2320,9045
2161,715949ee-c6b1-4a34-84b2-6f3cc72d2a75,21647,513,5328,3821
2162,1ddd7abc-de23-446c-a366-52f4fed600f3,1635,745,6048,9045
2163,2ce837f8-f8c7-48a3-b1b4-8f7eaee82a49,30328,583,2127,7488
2164,48fad124-a641-4b65-a1c4-becbc7328a53,33610,269,8445,9094
2165,bdf55b21-5aeb-488a-bcd2-402369f7541c,8585,646,2998,5842
2166,619d51f7-db11-413c-a551-a868b8e81927,22347,965,4839,7216
2167,3df88fa2-1155-47d1-8ea6-70c31aef9f57,42211,673,3760,7706
2168,b27fa7c3-9c94-42fb-b40e-e5febaf7cfe1,3325,822,1378,5475
2169,7873bff6-26bf-4d0c-b897-b86bbefa3c9a,32389,343,2762,4600
2170,85f1b5e9-3fb9-4aab-8eda-acabaa127d95,37424,409,515,8785
2171,12edc939-b4af-4e46-9758-6dc3545310c6,6467,65,6363,5048
2172,e1c6458e-c197-4e94-9d2c-73836e399e41,10307,491,523,9391
2173,e0c76ca6-e655-4706-8a16-5299d1ea4700,20728,873,5341,2199
2174,06480c6d-610b-491e-9e42-931a8d0d93db,37074,299,2798,869
2175,20959add-23dd-4c11-b15c-68df67ef65d2,32178,10,1424,9740
2176,669d53ce-6df7-46ee-b26a-7e29be49b0b5,8804,693,5187,845
2177,b9a475a9-69a8-4b7f-9a7b-e72fe029f066,23356,403,4275,590
2178,0886b4a6-7f3f-40f0-a01b-8b0c30f16112,2328,830,4135,7401
2179,def454a4-d6d9-4079-9e43-5bd02d5fab3c,506,689,1946,9725
2180,e6fb1890-6e9a-4431-bdf1-6fb54844cb31,744,829,3021,5929
2181,de6017de-458a-4bd7-979c-fd19dec24678,37411,374,7768,2213
2182,b8d26a71-5dcf-492c-9819-3cc12ffd1744,2525,461,6746,3785
2183,3cb3b95f-11d7-4942-9562-2ee12df8f89b,4998,200,5953,5435
2184,ff6f6a05-3a3c-40a3-a204-2ef6a9ab20ac,40492,25,9716,5104
2185,c2a75def-b2ea-4f98-ba3f-15a624240d84,17199,585,5809,4596
2186,069ed079-315e-421b-b55d-7b4f317b2961,4344,357,9718,9293
2187,71f1f4b2-8b6e-4aad-a383-94b90f87e12e,9437,929,3473,9659
2188,d177cc18-02c8-4975-84c8-e33dd3e0481b,2798,531,7437,8871
2189,d44f1041-c0b1-4eed-8b40-0b83a8e20566,37707,679,6210,617
2190,f33cf44d-5ad6-4437-aef7-9dc918755528,6613,73,7173,835
2191,6f02bde2-3d1b-4713-a573-81d7b1df9585,38801,406,5935,9041
2192,fa3caf5f-37c4-4c2d-9754-5b8652014ac8,47883,487,7648,2693
2193,dd69eea0-f2e0-4f71-a96d-2109d416c42d,15125,623,3547,8355
2194,2d2f26bf-f2b0-4de1-a84d-4d1fc1e9f3e6,49632,596,1902,7017
2195,38df24dd-a293-4bf5-9256-a9a26bb458e2,37843,703,5251,3108
2196,974e6c7f-6e16-4965-935e-6dfde2309cd8,43018,38,703,5663
2197,551d5fc6-7b44-45de-a6a9-0c434ee08bd5,15875,862,6702,6491
2198,981a0bf9-c5ee-420b-9e2a-3e0774e74fc3,37462,150,1213,2680
2199,48d843d4-45de-488e-a330-570da673eb03,34986,974,7083,3647
2200,d743e606-41d6-4f83-b9e9-b9c88c1544a5,17735,836,9427,7602
2201,e2e992b4-4067-4aa5-991e-439085f1a675,18121,418,3373,8109
2202,0dd27589-ef26-4de2-988c-62f5b7715671,24694,690,8262,8145
2203,bf2c7621-8ed4-4e53-aaf4-60487a5e4f28,27994,519,9438,1890
2204,afdb84d4-9f72-4788-9007-1be272f6d84b,21343,342,6016,2104
2205,f41a0b7e-7131-4aa0-82c7-0d7d9c3649ef,14711,323,3721,6570
2206,17288c4c-41ef-418f-9bd2-11b1e6385ad9,35765,488,6159,6397
2207,c9676ff5-69e4-4f64-a8ee-2a1a67092145,48281,532,5508,5328
2208,416c1597-c7a8-456b-ae43-9d3af6eb16dd,8499,372,9978,9499
2209,f19fe61c-c117-4ef9-9751-38e45023e47a,27637,257,9297,4509
2210,44d94173-26c3-42d0-99e5-7c4f95da08fc,37887,209,4809,9901
2211,75e3a790-504a-4197-8970-26e32ddfdb7c,27604,691,4505,9377
2212,025c4068-339d-45aa-b7f4-d699e1376f8a,42439,240,2456,3986
2213,a9fc7c69-8fe5-41fe-87d9-b6aeb20907a2,12220,457,9538,5923
2214,0964d07f-95eb-43db-ac93-1fe51adb9e4d,1122,649,3313,5917
2215,2aeb9ba2-ac9b-46e2-b322-db1d09f6d7b2,48565,812,9527,770
2216,a9b8dbe8-69f5-4fa7-a830-de316dd90626,30446,577,8801,2524
2217,30d7592b-9cad-45f4-9804-d96f2f5c8e5b,12709,834,9588,3938
2218,5946a6ef-d657-434c-8f15-47a6eef491ca,48072,614,280,898
2219,44aedecc-52e9-4f45-b97d-ba6fc4ca1495,32014,575,3777,1942
2220,48edf596-1517-4a0b-831d-bf46ce170b3e,42776,810,5584,9218
2221,7a3de9bd-98f7-4c76-85ee-710cd36dcb59,45678,801,4780,771
2222,19bc8dcb-e309-49ca-af5a-36fbe58a29e1,1021,718,4995,5344
2223,f3ecf480-d71a-4b9f-b14c-ea266034277e,45433,165,6799,512
2224,ffb08902-21c8-45c4-86d5-ef4ecd040ca0,42890,560,2311,2275
2225,b9a3b690-fbfa-4d02-9a32-dc366c14d139,49359,423,108,8538
2226,fe397711-3ec0-48f0-9d47-7c68e61ee22f,25669,135,656,4793
2227,e88d9984-157e-41dd-a324-cb5016af4c26,12222,198,7723,4925
2228,a336931a-fcf7-414a-9be5-18cb6058d0b1,22843,348,5156,4353
2229,30ce6e5f-1465-404a-bc13-d8537c8cfc1a,8662,884,2645,8681
2230,2393a68f-5044-444a-a202-8f2ecbfda505,17008,909,238,263
2231,f1a19b77-de6c-41b7-833e-4447e5644e63,16647,500,2329,3987
2232,3d6b2c8c-5b5e-4f77-be71-6f8b6b3ce7ee,4990,965,1000,4469
2233,53106a9c-9d60-4022-973a-0b49172410a7,37842,168,9894,3495
2234,93f48e99-f013-4ec7-af90-2cfde80b7ddd,6517,328,4122,5625
2235,cc1526b8-37c6-46c9-b136-b452af510654,24628,408,3519,6319
2236,f2b3880d-16e8-497d-a19b-03c5a9da27ae,22610,814,1757,5770
2237,59246b31-1e9f-40cf-bbb4-f195af63752e,1166,772,559,9141
2238,01e40d82-dbb2-438f-8a7e-a8c1404dcb8d,12034,513,4647,2161
2239,f661fb2f-c2ad-45eb-ab95-b7a9f2962b37,46577,629,2834,1845
2240,8f47e1cd-588b-4d97-912d-02c1a8152195,2794,358,1183,3029
2241,97acf92c-80fd-48f8-8ef7-1486e412ec0b,26743,251,8259,3734
2242,c9f49759-3886-4be0-8511-24ea122da89c,19713,265,9303,7980
2243,21539326-6ae0-4e1c-8a1b-573785fcd5e1,1034,66,105,4851
2244,20ff0bbb-a6a4-47ec-8516-d817841ef22c,22345,474,7444,2331
2245,b7d94174-8136-4c4e-84b1-62ccd14cc86f,40047,192,7249,2307
2246,5c76af1e-f5e3-4583-af3a-436fbc78adbf,21098,254,4984,7240
2247,82ed633f-2326-4a6d-b626-a8dc67b8320e,40986,963,9093,632
2248,27027b10-d8a4-468d-bd23-315e65a1ad84,40460,856,7343,8968
2249,97e8c142-1295-4519-ac53-cb85ce9a3bf7,43639,729,4691,1600
2250,f2daae59-b75d-44c7-a472-1a33816cfa62,15757,827,9397,5912
2251,5e169f9d-bafe-4a97-88e1-9d811d9613bd,7557,724,8381,57
2252,d48e40a1-31d7-4c71-94fa-670fa941f9c5,12572,217,2560,326
2253,1da26975-7876-4677-a0b1-20ac82a5f8aa,24904,59,2244,5457
2254,6e0b3001-1c40-44ad-8bf0-8677cb8a49eb,2957,902,5741,4216
2255,f0b790f0-eb69-4e23-82cd-e76b7af99000,40568,342,1391,9386
2256,c35bbf13-a5b2-4baa-a509-8a99e209bf53,38438,99,609,213
2257,0c951806-97c6-4b66-aa3c-0b6b165cb1f9,27213,677,5665,4779
2258,765ddd4a-1a28-4794-ba9d-eef83286cd3f,40997,232,3182,8111
2259,bc601d9e-d6a6-4bdc-afc2-7aab741a26b6,7002,301,8248,2688
2260,7840d7c1-bac3-429a-919a-2a0b7a722b3f,39223,196,8363,4120
2261,6f40bf95-2717-4b0e-8950-7977f6124c86,20071,109,6533,4114
2262,9f7d1949-cfd0-4f0f-8a79-97031bfa8670,46753,635,3376,6732
2263,a1a4bb69-d828-4e99-86e8-ad7b522299d3,6527,482,6455,6249
2264,c65ad32c-03be-462d-b810-ed1797b22a29,3141,515,70,8480
2265,8f27a2b1-c79d-4c6c-89b4-2bb0ee2ce841,13436,423,8463,111
2266,ac1ed533-6fac-45d9-bf35-728dc1bb089d,20297,64,4503,5516
2267,b17a7368-d536-44f5-bdea-bc53a62b048d,37251,430,6880,644
2268,faad1ab2-d87a-4c47-b4f8-7d2e67728a3b,49339,758,8544,2013
2269,98ef3095-e978-402b-859b-a7e4dd7f6bbc,35050,323,1215,7003
2270,cc2e508f-afbf-4586-8f7a-61e789a7e65d,21874,702,7215,6157
2271,7af0a3c7-61ca-4629-97f8-5d7d242f028e,18420,838,5446,4375
2272,af1ba1d4-5392-44be-8539-e0f628f3b4ba,24859,93,9864,9180
2273,e1ec4aa9-cdf3-4a0b-8fa2-0235a8bfe570,15927,340,8647,4906
2274,e20c8033-f0b5-44a0-baee-2db41d277bc2,12868,156,2032,959
2275,24295ecf-293b-4294-8c70-17cb2f6752d3,4438,354,7897,1426
2276,b3271c58-98ee-48e8-b3b4-b9baf0311519,24053,245,7717,3359
2277,ef391a0a-1ec6-4039-af74-c64ec9318b51,33726,701,4360,5221
2278,f7c3c80d-ff0b-4e0f-bc94-03260af3faf1,17606,718,5268,5334
2279,d479a629-eeae-4a1a-a7d3-6746b3314217,33018,544,7943,4394
2280,cdf93215-4ed6-4a26-b685-c227fb610f71,1145,467,3935,8827
2281,cb249d77-8351-4175-ab55-dc344b9b175c,34063,901,4603,963
2282,a1928769-0ac0-44de-a067-e193bfe0b1a0,43615,812,1172,4626
2283,e82838a5-3c22-4e30-ad42-7792fefea4ae,18037,632,7910,6036
2284,b5a9a221-0339-441d-b974-a4d9fcba86c6,412,951,4822,130
2285,24f3b495-b306-4cf8-8b62-c1797768ae92,42016,967,6507,9932
2286,d4ff138f-b142-40a7-977a-5bbff0ca325d,40724,791,8276,2990
2287,9e98e7c0-b203-42b6-9727-26efd9eb0cd0,24642,74,6115,4999
2288,7df691a0-802c-4f0d-8755-baf4701be413,17766,454,1181,7902
2289,79683cb4-3113-4fa6-8907-18c35df1baef,1365,696,3784,6540
2290,a4fabc38-e03e-4283-9c19-16d1973c4754,40752,516,1460,9417
2291,f45c5a3c-7206-45b7-9db7-a7e577aad35e,45590,761,8706,5021
2292,652260ad-1ab9-45d4-8fb7-6848f0562882,12869,670,4943,8638
2293,5b8896e4-8b68-4742-bf59-a5846bc3ca58,12895,56,7686,5336
2294,184439ef-8e63-40ae-afc8-39750fe4ad67,9211,585,6497,2581
2295,0a19d206-f3c4-4d89-86dd-2a13631f2e97,25216,875,3830,4053
2296,81d15b93-8853-4bad-8688-f8daf3490725,29989,541,1196,6523
2297,e73663a3-fd58-4837-a644-1d6ae83f0b40,7067,1,6832,4161
2298,cf3f526b-e2e7-46d5-a535-dcf241298827,40772,27,6717,1832
2299,896e32c0-3ef4-4d55-8b5a-c25d75418029,33193,393,2906,2466
2300,478103ca-d5d1-4b80-9e4a-75ff2b2a8ead,31216,911,7349,4896
2301,de100a38-1f1d-48c9-bc04-c43da31bb3fe,19742,569,7883,617
2302,a23ffbcd-8b51-4edd-aa69-c02a161f66cc,27249,257,4571,1920
2303,363842e1-5d48-414e-8a2c-22db70658427,48723,722,3683,1090
2304,334682f2-12e6-4986-87d6-3de056942161,37307,889,8621,7885
2305,7e5139b8-bc1d-4447-be99-a430743a6a7d,20623,370,9191,8524
2306,fc815c35-41c9-48d3-bbb4-523a444d570a,12568,200,1280,4658
2307,10df9242-e20a-42ff-8945-706be6a20d30,18902,838,8238,9142
2308,c7622006-777f-4d20-b399-7da83e24fc4c,23133,166,1057,611
2309,32c714f9-a881-49a2-a80a-1b5883c6b80b,35124,664,7670,9803
2310,92b88657-7a70-4e18-843b-4eb5a5158b5a,44196,612,9112,3859
2311,c0733107-5338-4985-bd42-8b4828c9d201,17534,44,5377,5254
2312,21675eab-74b7-4328-93f5-7321f4114041,47574,736,3505,7828
2313,86889aca-62b3-4ffb-ad50-81e6820967a1,46307,417,4034,6705
2314,dd3eadc3-79e5-43b2-964c-3e517a8f322e,25017,512,6174,6637
2315,90d53b53-43f8-41b9-8037-10f27d273b43,46480,290,9408,2932
2316,6c93ced8-010f-4b15-95ff-537b4ac752e9,13215,540,8084,8073
2317,fbb201cd-f1c0-437d-bd95-ea83b2c2e49c,1908,515,7961,6359
2318,58751fe3-d4dc-4f57-9038-7b7e4df7a141,42681,571,2934,4074
2319,33eb4ce7-f6e4-4887-a277-3baf294847cf,10224,840,558,1615
2320,135c412b-daba-45ea-af82-e200d05eff0b,46806,358,5063,6736
2321,cd4d9e57-2222-4055-ad55-868fd1217859,7606,82,8413,6621
2322,d9c06e3c-dfcf-4643-bba6-e1d776a664a3,22093,867,8862,1011
2323,a77a743e-3bf7-45a7-8c3f-e5ff88b60e58,40043,469,9893,8191
2324,74111b38-55ea-4ae2-9d9e-3cf97ce53867,39697,113,4230,4791
2325,826de6f9-214c-443f-80d5-e8fd845a93a1,23754,552,6390,4088
2326,c97a0003-608d-44ce-a62a-c554c8de7332,12243,43,2991,5766
2327,ac7ab3bc-098d-42ef-a3e6-ab2f914e9a69,7993,817,7227,5283
2328,5b4d1821-b9e4-403d-a718-39ec0dd98cd8,18263,65,5917,2818
2329,0ebae5f4-f412-4dd4-b8c6-b5e21ca7fb9f,9695,389,2759,330
2330,5fcd2865-48a7-4bc4-8eeb-c7638f5348cc,32381,948,10000,8096
2331,39a72479-16cd-4d36-a602-92fe38680f51,32282,609,5829,4688
2332,e68938c8-8e6d-492a-a336-fa1e772ec9cc,5602,805,3455,9053
2333,fb1a78cc-81df-4d06-b6b0-43fc368af124,31817,628,7340,836
2334,88a43291-30b3-476b-94be-d0f83a917a32,27262,667,6497,9529
2335,b3216683-36bd-4d9e-8fb1-8c4fde2f9da8,7209,374,8127,191
2336,e7a840a7-a052-477d-808b-ced1f4843efe,11276,200,4968,1499
2337,19038167-0c17-4684-832b-3c0a160493f8,43389,950,783,1876
2338,a19243c7-1fcc-4b2f-92ce-12b46ead8ca0,1016,299,2529,5212
2339,f5d01286-03a8-4d57-9c53-bf6806788188,5167,268,8371,6136
2340,be89954c-a972-479c-82b0-6acb878a9692,36145,398,2498,9865
2341,90086815-5ebe-4a8e-8403-e98b8ff95cae,20170,135,1241,5674
2342,33d8e23e-73ee-4974-ae3a-6591614fa1b7,41632,340,2969,3112
2343,a1693441-c6d3-47aa-b822-6344c20d948e,20143,305,5338,7890
2344,92ad9e91-4a1f-4aca-8a34-e198302a47eb,8079,224,3460,6734
2345,f6ce54fa-988a-4b9f-9dd9-6219213c0e4e,40608,807,1668,7348
2346,959a32cd-c2b4-4682-8990-5047d54634a0,11643,329,4034,3426
2347,be278b50-199b-48f1-bb04-b527a86ae748,19422,444,5782,8532
2348,22ed2cb8-88c9-4cb8-91e1-20a020cc561b,34252,667,7360,155
2349,fa326aea-cd4f-4f82-aa4e-7504af47b15d,19353,617,1099,5067
2350,d0e04f28-bba0-4514-b9a6-df5ef7f9a063,19029,291,8302,3872
2351,94225472-3b4e-4991-8f21-705f8e83e735,31574,508,8749,8965
2352,3295976d-4a8a-4abd-b7d8-28b7a2a85f1b,20584,332,8490,8871
2353,4ca8b798-57fa-4e50-b21d-b43068fc29f3,13415,127,5781,8665
2354,3f52a67f-a74b-4dca-9e9c-e837eb6596ed,19462,536,5363,2997
2355,66fc8a5f-d533-4499-b19e-92b78b004596,39345,420,1411,165
2356,d8e2119b-5a0a-4a72-9e4f-b24955f24aae,47222,708,6862,1501
2357,c0905f8a-2c9e-4d8a-8aca-51513f382a88,37688,830,8008,8397
2358,6152cb49-b1d3-42bf-8cf9-c2acadb83af0,14038,612,4177,1074
2359,54dbd2f3-12cb-4385-88c7-d402052cfbc1,28337,356,8873,9591
2360,1e653cac-d837-4673-b0eb-9245665203bc,5993,733,3735,4813
2361,c9fcd42e-08cf-4b2c-8ff0-01fc51912ade,42584,809,3519,3817
2362,d43d3bdc-4696-42ca-b577-13e723e9d18e,28041,74,9041,7099
2363,969b2804-d70e-4449-971e-6aa8fe5b4b11,18831,147,2506,4715
2364,c0c9274e-1a58-4305-95d6-050839b4b782,19285,97,8492,3122
2365,1d463ca7-2643-49b3-965b-1f37e93fa199,9695,825,9212,1795
2366,7712771e-9ca2-4602-9452-5b26c0af99ea,23000,571,3750,7402
2367,f3a31ef8-9244-4655-846b-3f557771a8b1,39289,89,2354,4338
2368,be885a3e-61bf-4182-bff5-5f508283a00a,13535,253,6014,6414
2369,c3a2a776-8c53-4e24-bc04-89c791a20951,3658,432,351,3814
2370,7a32dc6f-b9dc-40c5-8869-d314edb91bfc,21472,330,397,9615
2371,b0cdd291-4578-4217-9c33-fd2581401d38,14034,863,7139,6035
2372,bb704d42-d6df-46db-9d76-30773595af8d,44870,351,8989,220
2373,2f507e4a-6eb2-4416-8b0c-ed3a3419907c,38966,202,8354,9305
2374,7dec231d-ddc4-4d8f-a8f0-2f54b1c08e2e,14427,12,2707,3668
2375,ef3a3387-6866-489d-9fcf-a5ac2b3566ec,34147,199,9583,8122
2376,3b3d8fdb-d513-4a86-bf03-9990696453a2,24563,124,8493,4809
2377,770c5953-533e-462a-afb4-50052cb0e737,41105,219,9958,1872
2378,a0e2324b-3580-4cb6-a49e-017e54f41278,45319,485,2916,1552
2379,e08186ac-91c7-4189-bafc-3463242db84f,13613,788,7761,7219
2380,214f925a-f36c-4685-b0d3-417cbc030a4d,19350,846,7831,2092
2381,94df9254-f25e-4ad7-8982-d90634417f53,31063,620,1153,9372
2382,9ead5661-4391-4240-ae83-59253967fa04,19459,449,9912,6147
2383,3039dfa7-0075-4a53-a7e2-7fd43fa4cebb,22413,365,7161,1596
2384,b3246bf2-b3b9-492e-9996-095b16523ddb,25799,34,5354,8331
2385,11054f8a-f924-4dc4-88a2-6a05956b7652,36126,3,8556,69
2386,e922f304-d989-4fcd-8a64-f6a4a4897def,25734,610,3361,2027
2387,73dc0b6c-b2f7-402d-8107-e6f3954b1e86,7656,262,6866,30
2388,94f5a20d-43e7-4e82-b57f-6c437b7f106a,28445,57,1184,586
2389,ef723175-6580-466f-933e-040a89df036e,30783,786,1306,8927
2390,be9c78b8-e4cb-430a-b326-c81930fbc0eb,14111,595,8172,1704
2391,5ce31abe-988b-4104-88ce-18e86bdaaeee,1297,360,9475,9484
2392,064d45fe-16f0-4de7-aaba-ad3c900183fb,32672,294,8336,1657
2393,7bf2d583-c2b3-4e14-8595-5db8d4f80d38,40231,828,2681,5521
2394,58853b2a-f497-403f-a5b1-03d539fb5a11,49305,683,501,2808
2395,644c78cd-b060-4c69-9b9a-709a9ab85a46,29245,522,5137,3546
2396,fcfd5641-ce51-4d21-baed-ced51a22d078,42861,142,9539,3051
2397,0a988e3d-839b-40e2-b15f-2c34f31fa1fd,6224,535,6503,5373
2398,39fce854-354c-4f9f-ad45-dcd04f6df54e,8924,211,2625,4646
2399,8c7d530e-989f-49d6-94b7-4bf0cb8baa65,45112,696,9723,8892
2400,11bb3c91-96af-4972-97ba-5d9234c09d1c,13292,232,159,6728
2401,819fba3f-6cbc-429d-904e-c29f3adbd91a,13213,783,6874,2180
2402,17a869eb-b890-4ee5-b0ad-712b3d61b36e,12143,674,4069,9022
2403,353cf622-e7cd-4e9a-ba01-b5b48fa9936a,26271,754,296,3046
2404,4a1f7cc7-5795-491d-9847-749d92cde097,34494,118,6935,2955
2405,50481a8b-3615-47da-8901-fc5d6bcb1f6b,14933,180,4616,2895
2406,1f11717c-f601-4c18-b0ff-d86663a61f29,31987,55,1461,7448
2407,d4a1887e-06d2-4fe1-9ed8-ab17f9d064df,37755,569,4145,488
2408,7198a716-691a-4434-8abb-29a7a1d84eb9,37119,385,8069,9630
2409,75b37364-e2c3-4136-a37b-64747ab28fad,38600,199,6743,1496
2410,aed9b814-fad8-4a4c-9e58-f5efee3a1cf5,41922,516,2104,3127
2411,c608c17c-6e19-444a-a34c-97bea7fe7183,38395,253,3892,1800
2412,322ac5a6-68da-4f74-b794-f19a165e1e6a,47948,112,7356,1958
2413,7a29ebca-fef2-4d4e-9d2e-c130c4f7285c,9669,525,6725,7155
2414,2a0b6ac4-1934-4984-86e7-ca1bb97e6d1a,30607,683,4176,1216
2415,2a6a7748-f113-479a-9637-913c18d483ca,36695,817,3103,3506
2416,67837bc9-17e5-4294-8778-007c4099c863,40158,365,3010,5280
2417,dbb56990-b9fc-4628-8944-5b8aa79e2780,25776,405,2127,8082
2418,e00ed31a-f6a2-447b-b579-e6fc9f565f12,43284,178,8053,9747
2419,72b6ebc1-a7cf-4ea0-914b-92fdf10144da,18943,255,8984,8479
2420,1c7d72dc-ea7a-4ae1-b5be-b24dc3ed9f94,43112,475,1554,8348
2421,e29bf680-eff6-403d-aa53-a44bdcb483b7,17347,375,20,2320
2422,b861709a-6961-46fd-a744-2f226b4c139b,21173,517,7680,1611
2423,529664b2-8a78-4a5f-ba32-4e333d1750a3,46506,587,9454,491
2424,f2ce0aa8-3c76-4e08-8c60-65f9c89ced29,40548,252,3393,26
2425,00c4c212-7006-4b4a-a6b3-6572bb7750f8,29654,114,6297,2465
2426,739a2dbf-7483-4f35-963e-57cb56358617,45716,459,9413,4192
2427,a0753eff-cbab-473d-af78-e3c834efd8b4,38169,557,7543,897
2428,982d168c-1c39-4d6c-a17d-d7bb03348371,5097,370,2021,2335
2429,cfe7c54f-d8ea-484d-b366-f38743025a44,28826,356,2176,5371
2430,85a16f33-c248-4554-a54c-96a642a2b716,31145,111,7235,5939
2431,b832b3e7-47c9-4736-97a7-f7fa143ada84,11645,240,6236,1496
2432,a5c3d945-eb0d-4e82-bec7-969cb3f74c80,16909,927,9396,7361
2433,11fdf04b-800f-45bc-a8d0-7e32f0e7a060,47930,459,6917,1442
2434,b58d5cc2-85e7-471e-8b2a-718957a440c0,33967,199,2323,5485
2435,0e2ab713-7eab-4182-af6b-fe94f60e434a,20880,726,7651,8789
2436,d0ad2a72-fb2d-4832-867a-cc6f81fd9ce0,34572,6,6009,9797
2437,379f2488-fd8a-4f34-a07b-c79924fe5a0e,28617,686,5903,5081
2438,8a392a52-28a5-4b8c-88d8-7388b4e49f53,7221,58,3429,4851
2439,f36bd97c-7fd8-46ab-ba24-98b17f57bef8,19510,100,6006,2619
2440,6259fc34-c09f-44eb-8195-1c8245dcd650,39758,832,5702,7591
2441,cf4a8b64-89df-43d8-8229-945ff228c76d,24109,765,3144,9340
2442,bc191b57-74c6-49a2-ba7a-cea85402b714,48510,785,1504,4497
2443,f2e1de26-be17-4f7a-a7e8-3f87223e14a1,36929,786,3751,703
2444,bec9b30e-82a8-451f-a63d-d655620096ab,49042,633,3708,7648
2445,4a3d061b-2930-458b-8b19-d085630ef41e,33229,794,4695,5771
2446,48a194a7-b771-493f-9e34-fcc4015ff5b9,4236,459,5468,2752
2447,288b64f8-28fa-4674-8f90-a58e71faf5a3,9543,379,919,9660
2448,b0604bb7-b156-4128-bab3-54b77139374e,14237,975,3588,667
2449,a2cab732-29e8-4f94-a668-c70d24784f25,10051,591,4902,4854
2450,cbf8e9b9-ea30-46c5-9fc0-d01ae48fb834,21635,597,5136,8761
2451,86739d4f-6716-49c7-87ce-251cfc7b1c3c,32427,724,613,9121
2452,f47bd7c0-d1df-419a-86f7-a150347f8696,42264,102,8441,9663
2453,5db87f22-ec22-4388-8ced-667e373c2655,30785,903,4933,4328
2454,31648d79-7e39-4f8e-a743-ffe205908618,1657,807,3162,1620
2455,6c782d23-0138-4fa1-bc1e-b4bfabaf40a6,17699,557,1867,547
2456,ff7cfb26-2afd-4b3b-8dd7-03b7101b6aad,38288,732,7835,1003
2457,b983ede0-808c-4b02-94e5-eaae0610a42f,49566,78,6228,5527
2458,d2344924-ad78-4827-9981-84df68e3c0a5,14820,390,1694,5033
2459,cd457dfa-f4ff-4f49-a9b6-39eb9ab74785,6881,949,7306,9302
2460,26835fb4-40f2-41c9-a7fe-688013e261cf,27696,685,3545,8720
2461,cde1b1ad-14a9-4435-9d2e-1b5a585cdcd0,20175,522,2537,5503
2462,37dce132-6a92-45be-89cb-dc3d623b0871,47571,753,8011,9872
2463,c5db437f-cacb-4270-918b-cd848c9e87aa,47577,889,5643,3933
2464,5572d627-5ee5-4780-8537-f7eebe454a17,27231,185,2142,8951
2465,58daa6b1-7771-4a88-a38d-8299177a4afa,18689,675,1877,4440
2466,45a72382-afeb-48ce-91ea-c4be57077f3f,23829,459,2677,9728
2467,aefdbc21-3d34-48a2-bb36-b452e5c2584c,40553,917,8414,4964
2468,99852384-895f-4550-96d1-343afc9376a7,46542,756,2691,674
2469,58844d0f-69d3-43a5-8be9-4c9a92f57452,19660,110,5786,6338
2470,8f25f209-412d-494d-b17a-208966e56fea,40976,18,730,4150
2471,89b4c6f7-5e22-41fd-9aa1-480236194b9b,47676,897,1118,3465
2472,9f4b9281-4d31-4c29-abc4-e44d89c6f18b,18485,762,5532,4135
2473,25570665-f7c0-4809-a589-6d80226c6f03,44829,485,7415,6138
2474,bbc535b8-e46f-4a50-9b88-5385a8d1ed1e,1167,871,9650,6129
2475,f8996632-387e-4048-9732-5649ed11d0b6,46272,298,5101,930
2476,3c73223b-c53d-49dd-b80b-69f3a100921f,12814,770,6358,3998
2477,26a2147e-40f0-427d-9973-ea44dcddd731,6529,393,3096,7646
2478,ab8808d0-4060-4318-b7b5-6af512e06d31,5910,367,3302,3270
2479,cfbf7f6f-eee1-4683-8f7c-0e57544019d2,18665,185,5425,8249
2480,7ce341e4-6d9b-456f-aa94-c4e18b0a2a32,6433,421,5491,6329
2481,fc9900c1-4417-49e6-b5fb-035d459f5eab,39738,298,8922,1030
2482,0774c1da-33ec-42b6-a7fc-b4cb576932eb,21504,315,3349,7212
2483,a8c784a0-58ea-46fb-92e3-6aa2a4105f2b,48383,529,4596,6661
2484,83a8708d-393a-461c-9d6a-7caf99b4c6ee,49516,736,5481,4270
2485,2a3db187-0e8c-4489-982b-6549fbd8e03b,48328,324,9454,2434
2486,65c6ceaa-b0e1-458c-b585-7be95b18dafd,39523,356,416,1592
2487,c4d37034-ad6b-4140-8d25-fb8d0035428e,34978,110,4024,3280
2488,a17917e0-223e-4d51-96e9-1a6665e08ec2,224,391,9848,1541
2489,db55e00e-0b9e-4157-b3fb-970ec8165d49,40762,605,966,4747
2490,7041b4e8-f904-4b60-ab9d-433bc95a697b,47241,61,5246,1963
2491,7221366e-3057-4851-ab1a-35b02f2f1ad0,39328,511,9787,7968
2492,3a5c103d-4df5-4a02-aca7-67bcde6fec25,49209,958,6420,2626
2493,c9471f6c-c042-4153-9eb6-cbd478555584,39636,7,5331,3350
2494,5d2235e0-763b-4cb9-8fe4-3d8892c5f9f5,2242,575,2015,2016
2495,9c368198-ef30-4d20-a7e9-5e88f25eb417,26969,317,3799,6639
2496,213e24c0-fe7c-4ece-aa7c-986b8e379146,24972,80,2080,2413
2497,5a839dfc-3f12-48ad-817a-52425bd923dd,44793,644,111,7829
2498,45a29573-7e33-4517-b646-72702bf384e6,13029,731,2010,4152
2499,2d06bf96-c06c-4bce-b4fd-826a2c6f79c2,9313,470,767,1954
2500,4b116ae6-884e-4459-82bb-6d378948ddac,39254,446,4186,4718
2501,1e966289-1cbb-4a3f-80f5-a35f67901549,48540,611,5848,7982
2502,3c9cc8e0-3318-4b47-acbc-7b76c30e2e18,40777,528,8019,7215
2503,a68ee76a-c53e-41ec-80f4-c31c5de5c043,31750,907,4483,3691
2504,1f9615ea-22a5-44b2-9453-3bd222542093,2273,643,4117,4549
2505,b98be3d7-95a0-4174-9157-130051632448,32955,866,2876,2586
2506,a15b4e4b-a3a4-4ee1-941f-5817b7c12375,48872,555,323,7003
2507,c11364fe-323d-43f5-a6d8-f397d22d376a,37655,433,2316,9170
2508,a038cb61-642b-483d-969c-146aaa324c83,41889,417,7047,3466
2509,dea1c728-b2e4-4df7-a046-14e2fd218b77,5173,791,6221,1093
2510,b24dcdc4-6cdb-4f6f-80a4-8bec23a56e64,17143,842,1459,8195
2511,0627e5e4-ed0a-4b92-a40d-54a9a112851e,5364,648,8514,2906
2512,e9c617f9-d076-4c78-b7a3-687f77ed302e,30591,622,2422,8920
2513,1d2e1ae6-b15f-46f9-bc2b-b498c8d5968f,31830,558,5044,7280
2514,633f9f97-ec87-446f-80b7-9ca9a2dd6369,15162,910,5660,5757
2515,bd1c4b7b-fc5f-4555-92e8-b998920e41e5,21469,979,5605,2076
2516,a554ffbf-46f7-4a85-8611-e64d31a31058,19443,471,8871,7513
2517,649f625a-c351-41a8-8bf5-170e2499a410,27970,446,1646,9333
2518,bf7051e9-810e-4476-a7a4-85c876fc473a,4089,173,6714,4368
2519,9f905317-8963-40cc-9362-a6ce558f9d5b,2062,36,1553,8732
2520,f00de1ee-662d-4875-812c-63c94ffde767,21953,277,9791,6651
2521,3f381103-83b9-46a7-8b24-0a2163b0735f,43972,391,5769,9691
2522,d986ff69-65b5-4807-9ac8-09f3e67aa07d,20622,451,8642,895
2523,0dc45fd1-76fa-4a5d-a9d0-7122b99ba50c,19827,121,7014,1247
2524,dcd4046a-e403-4419-92ef-3bab4e6afd5a,37129,318,9039,155
2525,42c221df-3716-4326-b6d0-c02b2b1dbce3,2964,187,242,2883
2526,d24f0474-2f45-494e-8ddc-f436d8333422,19375,219,6860,8221
2527,c45c4b37-b396-4fbd-88b1-9aceebc1d373,20455,620,7345,1283
2528,8533b5c2-eb69-4a0f-a163-cbd29a45fe67,19903,21,1300,468
2529,5776e3a3-318e-467f-92ae-0093ffc32fb9,42882,903,5940,3703
2530,e34161aa-0dea-4bf9-beda-e7f9f46ef604,4161,550,3175,4250
2531,a4d5bafa-c6ca-4e9f-8ddd-107e0c9a92ae,23564,269,2868,8079
2532,693ef2dd-c422-4c96-a30d-81f52a1fbe2a,48864,419,6457,5100
2533,8bbeb00b-fc4e-4135-af33-c36c8ef301b9,45768,138,8135,7243
2534,a5d7c95e-539a-4d80-9ef2-05df68a2ee5c,1129,118,4726,3846
2535,554f2f3e-c1d3-4c00-b607-687d5763afe7,10356,874,9764,5510
2536,d362b5c9-f03d-4882-9220-991c5187f74d,24330,1000,1321,160
2537,9981a6c2-457c-4cf2-ab9b-5a86833107f2,18783,74,3551,7018
2538,f7c72ee9-ed30-4987-8359-1d2e8e0b8da3,43370,27,7834,4548
2539,c375be5c-3c70-4e8f-a6b5-1347030b7aa9,28746,450,8204,167
2540,cc06ef4f-3b86-4a64-9189-b30a0578e012,23881,864,3671,379
2541,e0ad5dc0-18c7-463a-afb1-6b3883b8764d,44970,188,827,5531
2542,cc95c2bd-d888-4dc5-a8bc-455b9f3413d0,16723,186,8928,3032
2543,7f25d750-c4d3-4cab-83a3-a65d865d5d8f,20152,588,2514,6474
2544,dd9b5410-c112-4b95-bbe1-3a560998fa65,37806,808,6035,6132
2545,0df49f1b-d46a-47b0-ae9d-503e4cdf3dc9,40621,550,5667,5020
2546,dd84e709-8cc1-4eed-af7d-617379731e8d,14960,391,8162,6434
2547,9263babe-0154-4aa7-87b8-a6dc641c7976,29129,113,7817,4904
2548,6d58dd6b-bd06-4ed1-99c6-4f91b004c177,14764,328,6264,5799
2549,ab69f2bc-55d5-46e9-ac22-092b7fc52503,41185,391,2168,3273
2550,d9b3ed5c-4c5f-486f-b568-135d00d7b819,36913,386,6606,417
2551,cb543864-9f69-401d-a407-8c4ed3bc0ca0,45429,628,1483,917
2552,e8c1dfaf-411f-4fed-8b37-263ba6794a12,1079,949,7435,2813
2553,5be50091-8eab-48e1-bf30-979f630302c5,2438,835,7649,1608
2554,256a9f8a-8e1d-430e-afa5-ace63c572bc0,14874,297,4604,8945
2555,59b1f0ea-0890-4a77-ac5d-377d6335184b,11014,608,1699,4890
2556,e3a445c1-cbab-42cb-b632-593cdd206c6a,6443,304,6253,2091
2557,664fc6a5-7ae7-4afe-9656-c3869c1508da,23770,602,4490,7208
2558,a2551b47-4e48-40fe-88e3-6f099e2e9f20,4310,724,5325,8874
2559,2f25e2a8-9521-4679-aede-dfc2ac041e8b,39245,282,5563,2953
2560,488229e3-ab84-4641-a9da-e8a992765ffa,12344,468,4435,9331
2561,67978f5c-f794-4ce6-ace8-4fce0cf4e7b5,1573,429,1110,3941
2562,df5b1cc6-03b0-4f4c-b133-21d58784c8d8,16960,497,2888,652
2563,6b27eec6-54f3-4d43-9df5-76563c71041c,32586,510,6301,8049
2564,4f448857-666e-49d0-a9d1-33fee3170f20,20171,884,7884,1947
2565,977f2bd4-3cec-4e19-8a0e-63bee95c5006,2593,61,8624,7013
2566,f9c569c2-6f9d-4a36-88d4-1d864846639e,43183,985,4826,1070
2567,0392fd00-2e9b-4a47-abcc-e04cb6ae7dd1,11332,276,3442,912
2568,539b188a-111e-48f5-9938-31f6aca0257d,16126,790,8824,938
2569,bfebdba2-e4ea-4e12-b3cb-c96e3b47c9f2,36468,244,6251,1360
2570,3c658eb1-defa-4bb0-ae68-13d9770dde49,22280,529,7982,7706
2571,2f69b3de-3f7b-47a6-b2c9-739314206f94,24066,442,1517,6407
2572,2ab7286e-2fc2-43d1-9384-9c555f2ceab8,33343,476,7845,1185
2573,fdc1bfe5-3789-49f6-aad1-ad2ef7c59215,18946,412,6337,6060
2574,4612d3cc-e93e-40fe-b959-ca4a349c78cc,36396,831,8089,1203
2575,3f95fce3-f292-4027-af35-28915a579d6a,28521,234,9102,9285
2576,476c4ec7-de41-4c0b-b593-1a0f15c0553e,41998,356,8202,8353
2577,ad141452-6e2c-4dbc-83db-a1a11ec2b69d,7350,952,9525,9172
2578,54125a94-4efd-47fa-b20a-9dd9ab75e8c5,44611,375,9827,5478
2579,563965aa-d39f-456d-abab-8fa0682c00d5,22182,451,5534,3221
2580,a5c584aa-aa77-49f0-8b44-f0f8a94f977c,5668,698,4004,5013
2581,4accdc93-dfde-4d79-9c7f-c42a8751ad2b,42635,277,5186,6187
2582,c80a4e62-a604-414b-b75d-ba376056dda8,21912,801,8945,7692
2583,60d90822-4f05-40d7-bc75-f2a91717930f,41639,118,9490,81
2584,7e6fc32f-152b-46e9-9667-ee399c93ec7d,41805,803,9564,3167
2585,19d0fd2b-fd0d-4d16-be44-40f6592fefee,45755,668,5860,9715
2586,deb1f3f6-8fe0-466b-bed3-a6cbce0f0d01,11057,216,2546,7813
2587,d5e4298f-3d0d-4545-b40f-e7e25272c453,13011,412,3288,8641
2588,f54da6db-b899-48b3-84eb-013e999a75f0,26692,589,9412,6658
2589,2fb6be75-d662-4f59-bce0-55b9a1ab4796,39050,346,5231,4040
2590,6c88153b-fa48-4ce6-ab64-560ca8f96eb6,3164,689,2578,6951
2591,58da7786-794e-4074-98fa-ed05d2214885,15362,190,7356,929
2592,a2748e69-b207-4d80-b271-4fd4a0a46f6d,22345,644,2234,4347
2593,73bcaf2d-2d76-473b-8a1d-13a17dce14e4,32538,612,3005,9128
2594,0b111533-c0a2-41e4-a62f-5db4f892331b,4005,966,9456,5303
2595,44846119-b6b3-45e7-8e44-bdfd90674efd,26104,443,5095,6792
2596,a5a0395e-aa19-4ed6-a409-2ebe268b69b2,48103,446,3681,3124
2597,a71c2b6e-dce3-4fe4-b327-6c124e904be6,28472,903,6085,8956
2598,777ffb1c-8622-4f42-81e7-ebb28ee6dbbf,4189,682,7460,4350
2599,b5273e84-aea8-4efd-9546-8b09885d431d,17624,196,4773,3054
2600,87176fa1-5ec9-493c-a3b2-3ae9bff33224,12863,468,6742,9947
2601,bab98327-912f-4d3e-9a56-de2eba9a2ea0,37768,559,9940,521
2602,31112d3b-38e5-40d8-ad15-1e17b4a57354,33626,534,1417,7290
2603,891d42ff-c92f-41ce-827e-6be7a7d528ec,35662,668,4966,4924
2604,657cfbf4-4fb5-4295-94df-697228272cf6,3508,969,8151,2274
2605,96e86f4a-2730-4578-8483-ebc7fdad1c00,37545,186,687,1317
2606,3cb5bb59-1d69-4616-b2c7-d149d28205f6,6213,212,4546,9599
2607,6a01a74b-1f4c-464a-b41c-defec4f9e1c7,26101,245,5857,9832
2608,409102e5-1f31-48db-a590-105c3d628e68,40193,919,2832,505
2609,48e61682-aa91-4f54-a69c-124d2e48fc86,34410,853,9778,1526
2610,be038f33-cae0-4909-b397-77ae14f2bfbf,40432,181,9483,2692
2611,dd5d5d0d-4a43-421e-867d-42686234a65e,40673,215,6539,8495
2612,e160796f-868c-4c50-a0ef-89aa2346a45a,21461,344,280,9523
2613,bcfbe8ef-e57a-40ff-bfef-920ace17e53e,20814,280,1073,5979
2614,aded6b44-dcf8-4bd5-9b47-1f6a21d32af8,34796,481,6321,116
2615,8d30499d-178d-49a4-9b65-1447dd5ee76c,43429,243,3770,3425
2616,240b06c6-6cf1-4c57-b372-671e9becaff1,24656,405,3583,6816
2617,a00c5934-5ee8-4d1a-b212-a022a9dbd2e1,36266,488,1187,7865
2618,1f4abded-ee62-4a03-9a84-b1e63c795844,39822,581,6228,8342
2619,9a3afecd-743e-4f5b-a80d-6542b23db465,12399,642,2121,694
2620,89317b3b-ac7a-426c-bbad-dac816be8715,15009,97,5059,2605
2621,0338e260-9577-4211-914c-87fbc1ee2505,12879,881,4956,5729
2622,a9adf333-6144-47ef-ab03-8231367a35c1,9849,479,3962,6096
2623,938a45d0-48e6-4bc5-957e-36b9be179df0,16773,653,3788,7654
2624,03346a66-7071-4a4a-85f5-82dfc3d5030d,23504,229,3961,9148
2625,49795a94-7015-4137-8859-f60c1dde9fff,32347,731,7412,345
2626,03939069-edee-428a-9a88-f9c02e91ed93,38951,369,8562,5655
2627,ae075460-086c-4037-8dc9-0c4fa1529fc2,12078,504,8343,9867
2628,723eb630-d230-42e1-b8f0-f0b6a2bbe098,28359,51,3289,8732
2629,fe42ee28-4c9a-4a7d-8199-8bb273b7cbe1,2996,683,2031,157
2630,675ae544-e5a6-4151-a17e-e52e0dcb3ad2,34890,427,1559,7850
2631,8ea0c0b8-17de-4bfc-8b59-8fc5dc719b82,31523,872,9484,941
2632,4e406714-60e0-4124-8852-9e5e1184d885,16084,709,7131,2435
2633,af88ee4b-29c2-4e07-ba19-347d1d94fa02,27265,614,3628,6848
2634,b2b80d1e-769c-4f29-9ebb-2d50aa155c5e,32336,816,5597,2655
2635,76173f23-b16f-458b-a574-3a0c6c1919d0,20910,71,4039,3479
2636,642b72c3-4e78-4c9d-bdf8-f1b0be4d21b2,41802,633,2536,3309
2637,d6f1469b-1275-4a3c-aa09-08179cf4b78c,5015,203,7806,9979
2638,95882741-0c1f-4ce4-bb94-d744bba6fe46,1291,26,6061,5425
2639,1295e2ee-d2ef-4bd3-be66-223a56f229d1,18992,394,9738,8791
2640,7d64aa26-85d3-45da-bad9-6040697f8f51,14218,68,7913,8416
2641,66cdaacb-38c4-4a48-a43d-99b93025fb81,32465,462,2747,9142
2642,cb6dadd8-ad70-4a67-aced-3dfdd0391564,40010,968,3738,3722
2643,83ded765-a2df-4924-8d9b-f7781042480d,31589,364,8324,5324
2644,b695cddc-53b8-4f0e-ba60-26b8c1d3dd32,29199,70,3793,5818
2645,591ae825-3a2c-4fe7-a24d-8e97ac1747b0,26353,360,6033,8751
2646,632d6547-a917-42e8-b367-59816e0998ed,18226,187,2800,5048
2647,b646048a-42e3-4252-9d4d-734cadb9f0c9,31778,614,2935,4456
2648,aab08c60-fc11-4c28-8244-fa8014818058,39299,523,9067,1960
2649,de9f8392-81d7-4816-b2ee-cddb28842315,16446,160,8737,7301
2650,79b0a25a-7c02-40df-8e09-07f62d6edc4c,24858,773,9348,4848
2651,c5b4922c-9e87-465c-98bc-b0dc23105e8b,28709,792,5265,2874
2652,30379e48-7167-4eaf-b099-e0851a6fdc8d,42576,510,2723,1138
2653,898fb9ac-d8d9-43e7-b8a7-b4c499b6e896,29562,863,2299,5605
2654,b0f2ac5f-3ca6-4e04-838b-2cfa1cbe2044,30534,33,4187,8445
2655,0229b6b6-b031-4564-9a2b-68ea3339a8a6,37666,795,1120,8622
2656,e48ffea4-f76a-4fcf-92e8-87014232a911,21634,995,6782,2848
2657,fe6cf179-b6c5-4843-b50a-0104c4375770,17784,1000,2208,1212
2658,86bc0d86-8fa6-4c43-a893-58d18293393a,27634,972,8838,4027
2659,eeb42f37-1753-46c6-9b82-5090464f1d11,34777,909,7632,8238
2660,2285671f-be98-4290-8d13-ba0cb1330c9e,26521,382,3991,9837
2661,676ebcb2-20b9-4456-9078-0a68a9e1a8d7,35342,424,8640,7432
2662,02bce849-0bc0-4e4e-aad2-45046485e407,33200,434,413,3110
2663,36be1ad8-a54f-4eb3-9f8e-60db1c164ae4,7687,875,814,4791
2664,f6109e22-71e3-4c8d-b113-05cf4f7b9981,46510,706,4907,3958
2665,f7a378fa-5b5e-491f-9085-8f58f35d1756,34500,894,5385,9691
2666,98024be7-34a5-4cf9-9b78-bd428e5ad197,26221,280,929,2624
2667,f9ed4302-552e-4bc7-906e-468ba4f39c22,687,186,2421,6445
2668,8f787188-7e93-4673-8854-22a03f59ab2a,40842,817,2849,4975
2669,1c81d4bd-a2cb-4b5a-a767-75b4cd2c1b93,24526,83,233,9964
2670,19054ffe-21c8-480f-9055-7eda252f5bf8,36915,293,7173,3343
2671,3c9e884d-a976-457c-be1d-fecd4751067e,9083,188,5927,4364
2672,5c50d04c-43da-49d2-9968-6381f17dad65,27719,765,4080,7820
2673,8296f430-63cb-47c8-88c3-65acab7b526c,28991,317,87,7839
2674,2b8740ee-ce2c-45af-b355-bc66e3faca08,34684,459,5723,1589
2675,cfcf7555-16fe-4939-ac6e-6ecaff472954,2550,647,35,7109
2676,308722cb-37b0-4750-9dd2-9516bd64d410,45834,889,5376,2532
2677,99192709-f411-4f1c-8631-a6d32505c116,49913,461,3144,4947
2678,78c26e13-64d6-4a56-83c5-a78891a50568,5840,413,9240,4873
2679,b0370c51-c1f2-4a3d-8066-51dfd2b4c477,39518,734,4601,5724
2680,5d7af6b4-4dbd-4e32-9e79-14aecc8fc34d,32774,215,4612,7002
2681,720e0c9c-d384-4f3d-95bf-91c106c2991d,43717,327,9088,5409
2682,e6236bbe-5920-4a78-934d-c8270997c59f,46791,616,7712,6603
2683,08a8b10e-2fa7-4e74-8899-a67ba1820bf3,43089,373,8865,6678
2684,82c250e2-85d0-401b-8142-3a1f8ab0a4d4,24262,202,2843,5349
2685,96f027b6-a1ef-4132-addf-b85dbf2bcf5c,44057,50,8947,7050
2686,0481c50d-25bc-48ea-8d85-cebbcc881058,17971,86,7742,9381
2687,93ff5b77-61e6-4985-84cf-0294b98012d5,14779,315,1473,8152
2688,ca6c5e3d-76f9-4e67-9508-8006022fe1ca,18208,83,5149,8426
2689,fb70a481-2e91-4a1b-9434-8a82d8495608,20896,67,61,4035
2690,a5c47a3c-3783-409c-8d6b-c757ebb009e6,3577,444,1477,6403
2691,7a63a4d8-7113-4ccb-99c2-e7c45f8207a9,46079,174,9503,5954
2692,1298d498-2d12-4d2a-8540-438651733cc7,36691,497,8538,4417
2693,12436b71-c424-4758-97d5-0d6094a543d7,13103,839,4665,7313
2694,a8e17f62-2301-4322-b585-a26535041861,14683,531,2426,9189
2695,09e0cafa-f430-482f-92c4-0a121bbc42bb,38317,428,8617,9085
2696,2ed3bd2b-11f2-48d9-908d-80497b8288f7,16210,953,3652,9497
2697,4d3d0ec0-a94a-4518-8378-5cb59dbb19bb,25030,353,5278,9178
2698,9809bd64-9214-4e78-816c-2558f4eb127f,30386,736,8434,1796
2699,09ec12a7-c97e-4819-bdee-ed4ff9b9e6b2,22900,15,3882,744
2700,ded4a545-dbce-4d5a-8567-4c2bf312730d,10668,367,7627,2800
2701,a09505f1-e804-4dcb-b27d-36aaf08f18c6,19791,999,2869,4314
2702,b59c7739-2fe0-45af-867b-435cbc47e80a,5063,138,7712,423
2703,3b5b2b03-3bf7-45e2-997c-3a429ed74df4,5089,620,8510,3776
2704,538ae52a-c7cf-46b6-9f63-4cb3d19be9c0,11127,102,8196,3014
2705,714ce071-f077-4f62-a2f6-075f461a1f0f,1071,966,5908,670
2706,45ebeb8a-bb67-4e3d-8a4e-3b4c879e1b0d,25642,206,5262,7422
2707,0f0d854a-983c-4321-bf58-6763286c7041,22057,612,3979,5745
2708,a87d5c4b-7016-4d02-9bea-b852544de152,32599,84,7477,2454
2709,faa7a231-bb5a-4aee-92c0-0b238477ad57,5687,368,6392,4817
2710,c2c26351-95a6-41ce-9bcf-ab269393d107,40112,649,8881,5265
2711,d26420a9-2af4-4d54-b1b8-85aaceef9916,46843,621,2328,3603
2712,c1c09e8b-f076-49fc-b7db-a9873501a031,29458,327,1285,5004
2713,2a7ded3e-f757-4849-89d0-cb82f427f17b,15754,5,7227,5301
2714,907e928d-0a32-4107-886f-9216c0622bcf,49030,820,8156,2000
2715,152898f2-6704-4918-8f85-c4dad451189b,18822,868,5843,19
2716,2f417946-8788-4d10-9a83-e3e26c25cc9f,2978,976,4560,8825
2717,170d9fb0-c7ca-4950-9c9d-0719a34aa6e0,14659,601,2155,5862
2718,4fb72b4b-3545-49b0-9673-b634c4d03887,44848,240,8997,9651
2719,5834995e-d759-43be-8df9-8b7648608dfd,9459,876,3661,4057
2720,c54c6f2d-8dd8-4d0b-8c88-a427318b7a56,42188,132,3064,4362
2721,57189209-d4e2-4412-a462-94b592068d9d,34116,422,4508,9388
2722,89d9e4ca-c2a2-47ea-87a4-c2895881f640,22916,99,4720,4245
2723,f9b4b919-b848-4407-8550-7034bbc9d5f1,33982,253,6823,3556
2724,c51a1eeb-6234-4f8b-8957-8e00db51e6d1,22524,208,6101,9713
2725,ee754749-e9ae-4358-87d1-26feac34ac76,29663,885,7367,4394
2726,e1187abb-24a3-4261-955d-b9381f9e8222,14904,803,4792,462
2727,1ca912f9-179a-415b-a2f3-c8fd76ac4dfd,27459,368,1784,7752
2728,9213ce05-7c25-49c2-9f9a-81de25c08960,42740,85,1690,9977
2729,174d1f54-1a2a-4191-9c13-992a2354da43,39636,46,7154,4707
2730,2316620c-b82f-4bba-a375-3bb60dc57eaa,5075,781,6814,5639
2731,8061da73-4f34-41c1-8a00-6f6c24c2652d,2120,426,1079,2490
2732,4bb4d872-0f6e-4ff3-8fa0-4e6365e06a95,45885,911,5832,2267
2733,0c1cfb15-0e52-4735-a554-387b02c21fb9,18253,951,4194,2547
2734,3ec4165f-90b6-46aa-986e-0761825f6eec,27322,676,5101,951
2735,c377a219-0dc7-4240-817e-163035f81822,15273,474,7477,2559
2736,47683a0b-019b-4217-b648-cf25efe4336b,36407,348,9723,9158
2737,38e36c42-3c2e-41f1-8126-c49a55e38292,44646,621,8807,4820
2738,265be0c0-fb0e-4da5-9ddc-684e43013f9e,13962,565,4043,7998
2739,556da724-fadd-44c2-9dc7-9f4a6fefa99c,2926,668,9594,5768
2740,7223fa2b-9987-4356-8de2-3ff407bfcd2b,49872,577,6288,6635
2741,04de5e60-90d2-4940-9cc4-377dc2b4b1d8,28620,31,7161,4813
2742,80f7afa9-e2dc-4c10-a2f4-a2b412d6d3a9,47694,28,7482,204
2743,293faff8-da9b-4439-85ce-393c8787ec42,30721,164,3865,8560
2744,f45516aa-36dc-4ab2-b997-0993eaac6d47,45930,127,8946,9836
2745,1f15e59b-dfb4-40ce-845a-c7effe42afd4,48554,62,746,5740
2746,58abba66-0d22-4a59-af37-130119b192c9,14610,389,1531,4264
2747,36c16f5b-330d-4356-ab48-a43477670dc0,563,614,6148,3442
2748,0b7b6a4e-ae44-4fab-b737-08cb9f75c284,30419,757,3992,6933
2749,08330fad-2081-4436-bd72-1681ab0f8906,47310,16,2686,4654
2750,9103685b-ada6-42b3-ad53-e1aae29072a7,43010,929,3691,300
2751,5065e445-d0b7-456b-b4a2-822fa384d1d3,34099,280,7826,978
2752,7d0760be-997d-4b46-bf20-44c3276204ec,37492,97,409,7137
2753,5033575a-ad75-44d6-91bb-34ec83ea203d,7847,363,8896,5027
2754,640a130b-1fc5-4c96-b0a9-7c85d859c758,25380,74,871,9832
2755,f061cb61-f83b-4dce-9f82-6f3f766173b7,41078,618,3900,1214
2756,6896546f-ee6b-403d-84ce-90fb3a3919b1,45810,901,645,5909
2757,b5da9bed-031d-41fa-bfce-d5a0bd9a3a89,18897,644,7507,7498
2758,1db924b9-a7df-4c15-a844-0aeb0db3d770,541,537,807,572
2759,1a21e276-05a1-4223-aece-6d664ad221ca,29195,895,7281,4926
2760,7582fcfa-eb2a-43c3-be29-50296b0764f7,398,975,4265,1900
2761,cb9e7145-394f-43aa-8f60-57c7a86e488a,39619,920,5601,6924
2762,06611a07-6c33-4014-bd5d-60c73e8c57f4,34424,319,7519,1995
2763,38e6adb2-bc36-4e91-a872-733d1a5c02f4,20546,468,5195,995
2764,17c31a72-7565-42f0-b6f3-42d9df09d2a2,17655,867,3897,4310
2765,41ccc1b8-7275-411d-a5fd-dbc95ddef4aa,8448,951,4889,50
2766,0c506817-bd62-4f59-ab3c-f76f38c1dcc6,1164,931,5458,848
2767,5686e989-e93a-4802-b95e-1b379913b2e3,47565,924,1188,2746
2768,90d66ed9-0691-48cf-bd5b-17cf3edcd7b2,41642,340,5549,9937
2769,a97f566b-1db6-4b77-ab69-53abeea21561,9321,71,3518,3080
2770,6e214482-bec6-45cf-8f51-40fde395010e,38140,418,5136,5843
2771,2ecd2239-2b4f-4820-8987-fe096fa02f2a,20501,508,8218,7941
2772,271f27da-fc9e-447d-ba34-4521dd496041,37477,213,2714,5135
2773,a8b58e7b-3895-4ca1-9951-4abf36599f07,27742,756,3392,3850
2774,029cfde1-7ac0-4155-b3b8-5d08e231ff98,4789,198,526,5868
2775,ab7c0dae-1f40-4397-88ff-3af4d27f48d7,32164,214,3392,5936
2776,532ee089-a3eb-46d2-a292-c6f535d8a2e6,6949,746,2890,929
2777,a17b7de4-3306-4f21-8375-c14fc23e865e,18860,15,8667,9504
2778,3ea0defb-866f-4bb1-bf80-31dc16fab562,38475,978,5981,719
2779,381710fa-bac8-4417-afc9-a807eeeab8a9,3061,926,2457,8024
2780,aabb43a6-cdcb-4cda-a8a2-33df28f2d20d,48566,38,6336,7564
2781,9d8eab8a-015b-4e57-8ecf-63e55298bb37,5350,303,2140,5078
2782,a3e29376-7835-4bdf-bfdf-767c4f78e6ac,46260,231,2698,7340
2783,4e917f20-ec36-4b09-8a03-b4961f31b434,17370,74,2046,4580
2784,2eaa213c-04ee-493e-8d04-70c35e5e5d5a,9376,477,2668,3433
2785,3094ff2a-debe-49f2-aa86-2c07ee490d40,30513,942,2732,7045
2786,933d7f92-05b1-446b-9bc0-5cbe1c9d76b8,47530,524,9917,2344
2787,2003336f-da72-49dd-94ad-2a1683306ca7,17217,306,9668,5182
2788,1b49724c-7d68-4e73-9b7b-ed5cbec324f9,12503,42,5059,6740
2789,53bca44b-3d68-4f51-8f52-3007d65504ea,2879,449,4363,9527
2790,d2b11b75-51e3-45fb-95fa-9451b4fea4ee,8079,420,9213,3779
2791,84534e51-24a1-4d5c-8a18-35a073c06062,36505,740,414,4943
2792,580d8fc0-ad4f-497a-a93e-51767d5eb296,5161,502,7226,3199
2793,cce1c545-0059-4b94-84ab-644b3f695967,46729,488,6510,5611
2794,c67cecfe-88e0-4cda-bc7c-eb9d6c613612,20234,184,2672,1695
2795,5526f960-81ee-4f81-a7d3-6526e40d082b,46356,707,1482,3406
2796,0b328085-19aa-436a-adf5-d2df0f5bcc5f,9773,658,1902,6177
2797,8fe06ab8-4bfe-44a9-9bd1-d5bf963e0191,16526,189,611,1627
2798,66e718a2-af8d-4ebc-b13e-e56683c39a5f,16120,144,2390,647
2799,429d7a27-7edc-4f6a-b2f0-815b9dc46af7,29465,803,2599,6075
2800,ce8f0a1c-18ce-4ab1-8075-4772edfc0720,48491,744,2119,7393
2801,1aa0fbd2-8f32-4f82-8de3-15cb630f107e,6551,652,4438,9662
2802,56a9f055-87a8-4c72-a623-86f447eaece6,36498,636,3879,1395
2803,940baba7-c2c9-49fa-af83-4b04e7dc9ef4,46688,931,2351,3090
2804,99af4fe1-481f-47c3-ac2c-a4087ed32553,47905,823,7646,6294
2805,1e5daa19-971e-4f44-8ac2-cf323d67c7a6,48321,836,1901,5426
2806,92c6a11c-811b-4b35-8ce8-904a1673bb7b,23885,434,3475,5565
2807,284c1baa-687e-42ad-8e50-57f0da4183d7,47991,767,6112,2648
2808,d8f895fe-b950-4323-afd9-be4b792ba295,36165,56,3691,704
2809,57faab05-fe94-4934-b5ba-db96666f6bef,11124,547,7976,2436
2810,84ed1a41-d6ba-4e09-a500-5254806f7fdc,7963,284,9794,3198
2811,5568b7b2-ac3b-4719-9b68-444052b90e78,30095,76,867,5008
2812,72385086-61f7-4d07-8903-5dcae92da2c0,9448,989,7427,3222
2813,4c24efa9-b575-49af-967d-a841c91f5965,920,467,9721,4059
2814,56f9b22a-bf96-472a-b514-cb2da9326425,44512,390,8164,9486
2815,3a284c54-c008-4851-a005-4da3b3190b04,41152,967,9129,1678
2816,06216260-e204-4620-811d-d55e3c722024,22636,224,654,3881
2817,18c006fb-b685-46cf-8dcf-bd0fcf5a5ece,3523,825,4088,3452
2818,a0a2db86-ca83-4cf1-947f-be705138dec0,26076,40,9258,7090
2819,5b813725-8e7c-4b32-8f14-b32d0006300d,122,570,8146,8271
2820,488522c1-c728-4f5b-aeed-d254f28e64ce,38366,688,8952,4436
2821,5653af09-9ace-4f38-8fef-a6ff3d87f1f8,15899,41,4481,9274
2822,69ca82c2-54a1-4e99-a9ac-f64a70c90303,30886,775,4425,2601
2823,01a27bb1-2f37-477b-8a66-2cde9cafc7c3,2779,229,7192,9428
2824,0974fa34-e1f0-4db6-873b-a7e020cecd00,39681,916,989,8343
2825,7dc99422-7b8b-4880-a874-d28255f46fdb,6865,116,1892,9480
2826,e54de3ed-ba15-4ee7-8057-f9719a30db5a,9178,775,2527,1941
2827,d9e553ef-5c8e-431c-bc68-e7fd8227c385,24005,850,3873,6124
2828,2f851962-1546-4e3e-b529-2a2b8ad84dba,5244,593,5086,8049
2829,d369e2b0-23c9-49e5-af85-dba609f8bf1c,39247,749,4761,8985
2830,24ac9174-2cb5-4bbc-94a2-85bed72850f1,5414,374,6875,4279
2831,1578a1bb-709a-4bb3-8ffb-a69180acca2c,31626,947,1589,1043
2832,bd3d5134-a4c5-41b5-9e8f-13ba0a61a6ab,33038,873,7825,1812
2833,596b8502-0e6c-43f7-98c7-b5155e60a2ef,26385,951,7855,207
2834,017b2926-15da-401d-bcbd-8dbe98ab7044,13778,645,9937,6859
2835,9e544531-6436-4d70-8193-3a67005a7749,5919,884,5831,6413
2836,af10b6e3-e76a-4f50-b109-75092a66b9bd,22966,894,7828,9970
2837,c400d4a5-effe-4a71-9f3e-28890a3b0de7,17476,136,3103,5453
2838,a15d882c-384a-4660-9052-ad444df17519,45011,418,8979,4428
2839,174de917-099f-497b-9163-3604c83979a2,44138,950,2923,9570
2840,739956a9-f5b3-4808-819f-2914aaee6503,7035,352,9079,1600
2841,ef41403f-4a05-4cdb-931c-b56f5f9c2039,42912,66,5888,9455
2842,e5ed8eb7-9b62-4bc8-b341-b30f4b02960b,10432,770,6656,6960
2843,4b100b06-ddff-46af-97d7-b50cc6d976a2,41222,134,2683,4460
2844,252c63c6-67c9-4807-b89d-29839a08221d,26328,596,8782,1365
2845,4ccd7b49-c051-49ad-897d-566912b51c61,35634,63,2763,8068
2846,6e387f72-eb5f-4295-b6b9-cb526c4ed386,46546,203,3158,563
2847,d197d87a-b822-4cf1-aa9b-f2a28f9e9712,17458,728,1562,1938
2848,89fed408-9c62-4dc2-bde9-41b93cdd04fa,25846,420,8490,4710
2849,c0eb2417-a29e-4ed4-acc6-4339a4fbc30d,4381,895,6338,2426
2850,f8aa240a-8b5a-4fcf-b2bb-0a5daedd151d,23129,962,134,2973
2851,63a69243-6d59-47bf-be07-7e7bbb74f5ce,41870,932,2370,6346
2852,2cbe9bc5-b11d-4ba8-9aac-d643c9fd9c18,3389,883,4080,5671
2853,e1472fe4-a650-4193-a1d5-f250ba942cbb,32945,657,4879,7958
2854,75187e87-d618-4dbc-bb7c-3dfec23f9985,44472,334,5357,8766
2855,f268d3f1-ac2c-477e-9dd1-46887ce37742,24767,909,211,9376
2856,0012b769-e2e3-4740-b499-c86f369d7279,43541,404,3651,7628
2857,5bc09900-a8f2-4069-a003-5aae91cb1e0e,21144,936,16,9104
2858,f69c9092-21a6-48f5-bd22-e4a41036935f,26776,294,1574,8333
2859,2cda2b66-9136-4351-9933-76d2ad15523e,44089,70,6271,5538
2860,31ebe4d0-62d1-4bbc-82a7-eb03b46f75c3,34503,858,6204,2414
2861,6d5af65c-6f73-44c7-9ae9-0701cf321ef7,47068,679,4382,7551
2862,0513960e-53b9-4d51-9124-87b86c0aafaf,47340,597,910,9613
2863,714f6374-c348-467b-a36c-b0bf0873b876,15133,977,4158,8384
2864,26fa63c4-81f8-4aa4-9f03-4b785da8e913,22085,330,6737,2295
2865,cf76e398-743d-4483-9fde-49d5a7dfe743,38322,518,553,2745
2866,2a938975-b0b4-462f-bb9e-53e5bad243e6,25266,939,1100,7629
2867,e90f8a6d-044c-4938-975f-f08dc2c75e47,21581,633,1854,3695
2868,315fbb2c-f5ce-4426-833f-5b211231986e,33532,688,121,8078
2869,c0c9033b-a081-4af1-a0f1-9a88243382b4,4279,409,1676,5441
2870,ab71b3b2-4bcf-419a-8d8c-a694a4f355a4,43579,318,6750,8642
2871,5ad96a76-a87b-4f56-9e18-db653825a275,49116,715,3480,8454
2872,ba314a2d-75e5-436c-9c9a-958cbbb4c16e,5370,80,6762,8608
2873,88540714-81d1-4265-b2ac-8b92851679c3,3421,629,6301,4554
2874,580bca3e-e3e0-4de0-8380-8cf7eb6e0573,18113,762,9079,2396
2875,845ea701-22c6-4876-9e88-378e0ca17c43,12531,276,5427,918
2876,aabdb605-7470-4e66-b420-2a92b7f6629e,20235,644,685,7342
2877,07ff1756-dc40-45d7-b236-8740d057fa6c,48684,584,7162,2490
2878,3ed8588f-45ba-45ad-8947-80fbbb05b275,2731,722,2704,6660
2879,f3261563-3c3d-4905-bf1d-b17517837438,1812,695,5924,2060
2880,203f2708-651b-4940-b564-0bec48ed025f,47207,138,8273,9096
2881,21ba616a-50f6-4277-afe1-566b69049223,42607,390,9273,9280
2882,be3beff3-8678-46f0-9f58-0c50a536cb6c,14390,385,8175,1841
2883,3c747d50-517d-40c8-a055-2f699d862e65,28479,140,6724,7171
2884,8e3f0048-67e1-4c27-bef4-e827d6019a7b,4623,219,4837,7312
2885,fe6468d6-6440-4710-9128-1521895c36e8,47974,820,5996,6705
2886,f5599e6a-7dcf-4974-8052-df9bac6f0229,10123,303,1765,2297
2887,b9f27184-de61-4f7b-951e-5dd03f81f080,43738,838,2856,8910
2888,030d1e7d-c96a-4379-aaa7-532838ce2010,792,689,705,9890
2889,6e1ee044-1bd2-454f-8dc3-4cad4efb83f9,21222,736,9028,9025
2890,03cddc7a-91e5-471f-83ce-e01cd0ab2e7a,26120,838,2570,547
2891,4b49900d-af59-4acc-b69d-e4140cd38b52,27141,875,7520,2095
2892,6d471b00-1cce-443f-9cd0-7b783275bf4c,17573,287,3365,1763
2893,736b04d5-8c22-46db-a6ab-54ddfa4e0171,22772,413,952,7760
2894,edffbde9-76d2-493a-a388-a15fa249b141,28938,79,4688,8104
2895,8165bc97-5f96-4361-a1ac-7d2a37d08130,43544,87,3227,8055
2896,1c1ea00c-a084-4f74-923e-c5812bb6d2be,40544,91,5829,5017
2897,c8d5fe2c-65a6-4c04-8c7d-8dc1496bff46,5253,688,6638,996
2898,148cfab0-f732-41a0-9ead-4f2b07cb1857,4906,497,4664,6181
2899,a731e967-4ab7-4a7a-afc2-726fdae271c9,14549,373,657,8848
2900,c517b9b1-9c55-46c8-b188-3f706a7e8954,48924,807,3664,4204
2901,4e64c847-3cd3-4116-95fc-2a921fbbaa3f,49280,624,3496,4884
2902,47697503-58ac-4c3e-ab76-ebacef5dda87,30826,227,6994,2761
2903,e6000b99-5cb7-4f2d-b861-d199bad17bf2,27670,234,8604,1500
2904,9edbacd9-3313-45da-97e3-54d518c92d35,42502,920,8766,7200
2905,04f1eece-04d2-4c9a-b9fa-4266a1ff0712,12897,565,3905,6546
2906,fff6e407-dea4-4149-8593-4f7a143f70b1,24724,115,7149,2416
2907,994ab6db-ee32-49cb-96d0-198e6f110374,22952,917,8746,5533
2908,f8765490-044d-4ccf-be56-14f93bdd1248,17936,955,6044,2036
2909,8d5e5d27-7e72-4b5d-8ced-6bd13c16a265,5998,232,1460,9819
2910,cddbd1e2-51d0-4685-a17e-a962d0f0678e,1594,838,8432,1113
2911,3a3d55e3-ae0c-4fbe-be32-331fc4d5d6f2,22954,726,6203,2724
2912,97b10905-656e-44dc-a0ea-d05c59265751,41810,374,91,4999
2913,46a7c4db-abac-4742-add7-541ab5076ca8,8617,410,7735,7729
2914,780d1827-a571-4287-94ed-3d1f78556046,34919,116,5644,3780
2915,3cd6119c-845e-4694-b6b1-011c056f39d4,45757,36,7295,2853
2916,c37b8847-0748-4086-8611-e25c57ca6734,4726,954,4395,7184
2917,ce3b075e-8b5b-4664-9fd0-9640405ad473,2861,373,9088,284
2918,387c8043-4e0d-4686-8b7b-01006cfe0405,5017,175,2046,7208
2919,57c7052b-0b37-41cb-8da0-7a501e0805ea,18507,56,6800,3844
2920,bd4d20cd-23c3-4ddf-98d0-87094f09881d,48701,552,3763,3399
2921,25fa1331-80db-4720-ae4f-12c076b8adcd,31785,649,6229,311
2922,229aa667-5e83-47ed-aa0c-634fe44a41e0,6167,638,9870,6123
2923,631dee3a-22fd-4833-9198-5642e22ef270,41621,236,7335,474
2924,4f555d5a-4458-4807-bf4e-038da5544c03,14620,31,6099,227
2925,5e048d45-ed77-4f3c-9674-5b0c63124e9b,27639,298,6735,2151
2926,7bc49dc1-7b1c-4782-be35-15e3c0597b76,24529,672,3091,2757
2927,b0cd4f06-adf2-431e-bf0b-d45b2e62bd12,33250,879,4581,156
2928,d803c1c2-40c9-4ebc-997d-17734a218abd,44510,752,1352,5154
2929,0233fe80-ad06-484b-9c31-d41202400c8f,10036,482,6002,972
2930,43cb817e-c3fe-4f94-999a-d2c599863d62,7887,671,5526,8938
2931,05cc9899-7ea1-4c6c-ac09-adf9421d2035,41464,685,3004,8915
2932,016d0010-7839-42b9-b1a9-5bb99467465d,38823,788,2563,9802
2933,58b7b53a-8bec-480c-bee4-e87a8ed69066,27300,89,8980,6240
2934,b88c97de-5e5c-481e-9685-eaf3bb665a43,32708,116,9938,1244
2935,7ec3fb79-47ab-4125-93dd-34268231ebd5,23236,580,8985,8530
2936,e638ef2b-2276-40fa-9ced-abace63c034f,41234,769,3740,5369
2937,d4534e06-c9e5-4603-94a3-9727ef496585,29205,254,1929,8683
2938,e325aa5d-2407-490b-a327-d5a36bf4a36b,22311,313,1290,6575
2939,2d123666-1450-422b-aff2-a590b4bcd022,43780,95,4424,736
2940,e35938c4-b6d6-4f33-bd2e-93d7372086bc,38448,150,3437,8511
2941,6d6ff2eb-d28b-4a6b-9911-11f546d939b6,34992,88,5043,9556
2942,f7bd0a28-ccfd-4c9e-ba7e-ce9512932968,4593,90,1667,3057
2943,a6e5f674-c58b-4629-81eb-acd46d132e15,44141,167,1181,7043
2944,25b9c232-2f3b-4bf9-8dfd-b348b3fe2c60,3491,707,3802,7183
2945,fc02bfef-8f55-4970-98be-77c95d75febc,25961,908,5451,1600
2946,4eb2c67c-8bff-4fd9-bb4c-e020f8c770bb,36099,88,7366,46
2947,54fe9bf9-1af0-499e-91a0-b03482839a5c,17915,930,6426,689
2948,426bd01c-a19a-43d1-a14e-301d3d8c9f0c,20858,994,5854,6484
2949,303ce5e8-0c1a-4529-9b3f-4dcbf69a4653,32804,134,6404,3441
2950,ba4f67d4-84e8-4a8c-bf9f-688c2bd52543,5063,153,708,9929
2951,c2ef1bfb-d8c6-4ef3-b974-ace75910f859,19557,541,8071,8157
2952,6864d5c5-77d3-4517-b3e3-52fc5f830bb9,3356,946,2607,9439
2953,8441189b-b2fc-4f14-ac09-87b5b4b67546,21329,738,8881,4306
2954,c3d5bb5a-8972-4a08-a8a2-fd63e548ab58,12799,272,9468,1849
2955,05dcb8a0-bbe0-442b-bcce-9b388a966d16,40345,634,6210,2741
2956,72c9d32e-c706-453c-b09d-bf7801b9a386,35113,612,5288,7921
2957,12f992e1-00ae-4fab-b580-2e53ad0a4280,32853,514,658,3291
2958,e3c3eae1-826d-447a-8539-f5a072d554af,12941,410,8206,921
2959,045bd0e3-6270-471e-83ca-8e436a89bfe8,29771,764,1675,7861
2960,5badc453-4535-4711-aba6-4c420c05dbc1,34491,353,1807,7983
2961,ef0dd21d-8439-486f-84f9-68e877df87d2,37091,653,4301,7295
2962,8b66fc04-9584-444c-aba9-7e3ddb35b224,36006,562,8961,608
2963,7fdc19a1-756b-4775-98d2-0544523da4ea,34815,613,329,2167
2964,33e06134-d326-45a0-a762-edadb8ae48c6,5513,147,8595,4788
2965,84d27277-534d-4de3-a22b-aa5efd90be3d,49744,487,1591,3475
2966,e2dbd3ef-fe6e-40d6-905b-f18d51edd152,32697,12,9732,2031
2967,5b9ee8ec-e277-437d-9022-cd32d7a68919,23934,847,6886,4830
2968,7bec77bb-abac-42ca-8abc-c5e6dc59f4c0,7381,10,9243,9587
2969,bf1c715a-79a1-44d1-a290-ebda1e14a1c5,4685,908,41,6128
2970,a93e6234-81ce-43cb-973b-9889c76d1d80,16142,840,5232,4382
2971,27d86ae5-d6e3-423a-9e13-24b659102178,338,114,4833,5435
2972,dcf13776-2679-4b8a-97e1-6022d88c5916,13927,855,6819,9506
2973,ee8dbb01-38ec-434e-9dee-af517b591730,24634,289,6858,4825
2974,66741fa1-0d34-4283-a58c-deb9fa8bd628,4329,103,9739,7681
2975,f8cc292d-619d-4799-8230-709f2276ae7e,15825,808,7943,8824
2976,a2cb9d28-982a-43e9-930a-9185a18dc46c,9695,146,9717,9003
2977,455d97a5-5eeb-402a-977e-7cf5b819e1f0,25140,497,202,232
2978,d40a50cd-6a1e-45d9-b922-a58fcebb74ad,30026,739,8409,7263
2979,95ade1c9-786a-4c3e-83ff-d3692373baba,40505,848,9237,9095
2980,ad528f98-9812-41c4-b975-74b4b1ec9cc8,5061,804,344,9906
2981,8b4d7fe7-0c9f-4c00-a96d-a8fb18235bd9,45443,745,356,9422
2982,79f3e59a-437a-4f8c-af2d-b71b7aecf598,26898,61,5144,6276
2983,851de14b-2c5b-4f6d-b901-cd93b55a4a8b,31809,250,81,562
2984,b9b7b069-7067-46ad-b625-6cd59110e964,1446,235,7511,9850
2985,e80fbd08-0458-4028-b168-179f494927d4,1467,700,9759,7407
2986,43bb5f2e-db12-4127-a070-1f1ef6224e14,14885,676,9731,3619
2987,1f59c9bd-f7e1-420f-910e-a5a223966731,1379,693,955,247
2988,09224677-8a14-4892-964f-965c1b45cb2f,49503,972,2493,2065
2989,595a1732-6ce3-4396-8fa9-7b2236fc3fb7,3715,141,6206,8174
2990,58862cd4-aa8c-4108-a8c9-3ab0f9b63ca6,13810,759,6671,1499
2991,943c2b8d-ac87-4a8e-885d-0fa9779e6774,36287,353,8719,3551
2992,4fb3d6d8-c830-4196-b1e6-1773511be0f2,39709,606,7110,5366
2993,8fb8f7cb-ea21-47bf-b150-1d7425260eb4,27968,298,2390,8030
2994,efc34eb0-d281-434f-820e-ac40092cb8ec,48143,14,401,3523
2995,a8fa49a6-841f-41b8-b7f0-f831a284a4ac,14053,679,4422,5157
2996,500c2451-0a95-4b60-8228-e40709e3646d,45638,90,1453,6412
2997,be905501-a48a-4d07-b835-626fb42f740a,35273,815,5266,6637
2998,6b7504d2-7f80-4cb6-b08c-c062a0fea5a1,7671,452,4295,6618
2999,b57a1f80-6d4f-40f5-9dae-44220d86f21e,29729,13,4996,6179
3000,a59f949e-81df-4ef5-b8ed-29839603b6b5,38918,264,8543,8602
3001,3fcd8718-4089-43c3-bd0d-6fe81489efc7,5182,966,3089,6195
3002,ae8d2213-b6ac-4773-b800-6004fa78644f,31019,123,1933,768
3003,37ce63a9-fd96-497a-9272-94860d25c5f1,42418,498,4998,2529
3004,5a808a5f-95ec-4d46-a4a8-32ac182635f4,42070,634,8887,7597
3005,54110c6d-f187-4fb1-9f86-2ee6feb723e7,17883,70,8542,7516
3006,289ef991-357c-44e1-918e-0dc93286e01c,41656,353,1790,2041
3007,9702f067-9846-4283-aa7e-6f1d52ef5ae4,4744,242,946,4723
3008,008c18f5-f4f7-43c1-a019-5af3c0bd27a8,10328,91,2691,4109
3009,04dc1810-41f5-4c72-891f-a22e37bd4af0,44924,464,4154,3295
3010,1fe73d4e-d8fd-4e14-a121-2637e4a7dc4e,28317,87,8032,8336
3011,76bf9873-201c-4994-9b7b-2df0d3670e6c,36499,891,9724,1159
3012,19db25a0-5af3-48d4-9eb8-7bc80135cbeb,46089,531,7504,6964
3013,8cf555d6-8ca8-4207-a44f-40cd79eac0bb,14833,971,2586,1866
3014,17198da1-c380-4d65-be5f-a810419a3fa3,29234,925,7908,1704
3015,158fed0c-dbb5-459d-b24b-56fdf6d291dc,1937,50,1256,131
3016,c742934d-3afb-46d7-8e9f-50e8a1530bb0,44975,768,9080,3871
3017,de53fea7-47fa-4543-b8c5-d6693f214037,20272,615,8268,2169
3018,0fee42a7-c26c-4260-ab35-a7fad36f78b5,49109,177,4111,1829
3019,accfd82a-e39d-4520-9f87-c891e43c38ea,18542,64,7510,1755
3020,0351792a-2e77-4476-9f66-b9521bfdafd3,22146,877,9756,7447
3021,4327f3b9-9ffa-4350-8a1b-7629a457f2f1,19798,845,4063,1465
3022,9af6bc26-ef17-4d2e-b7c2-dc0853a10574,27710,384,4450,7375
3023,c3ec7afa-9cbd-4de1-8bbd-243e079f9f18,31526,605,3582,3347
3024,3ede65bd-37cd-4485-82a0-4feb7e5e32da,140,144,6568,849
3025,ea54d3d0-6290-4820-a9c0-0779bed104a7,26143,478,3715,4278
3026,60c72a1d-d6c7-4e1b-a4fe-da72b913ea01,35167,45,9084,6450
3027,d207e1f5-6bef-49a9-94cc-21664bf20443,20806,443,7079,137
3028,d8e454cf-74f8-443d-96a9-dd2bd3118b6a,8588,182,1875,1217
3029,5bcbbd89-65cb-4bf8-b2ad-e3f7b01cab48,3680,302,631,5690
3030,4c993cd9-eca0-4ddd-8aaf-941b3159ffb7,44465,984,7384,5602
3031,69d836ad-0b29-4734-bf19-5ae261c9cebe,18737,531,8414,9038
3032,3a97ec9f-fec8-4e79-9a76-f91759c3c467,14239,82,5736,4313
3033,738c304f-dd0b-4485-8cfc-8336a70d556b,5225,797,1402,9737
3034,1a415836-7b3d-4fe1-bcce-e202f70da53c,32598,460,9627,2071
3035,629beebb-d66b-4c00-b268-504118f25622,11195,321,1881,5657
3036,7193252f-6f69-493b-921e-ef20aaf72278,18254,789,4221,6079
3037,2f8fda2b-7c8b-4b25-9e16-e6a9b9fb969e,27435,23,7734,509
3038,aa3b5166-f16a-4959-8255-18cc332d3f61,870,520,7986,6334
3039,108b3d8b-a1c8-4bf2-903e-e99fbd959842,9657,992,5632,8893
3040,2f4c1425-31eb-4c55-9e41-718d3237d013,31095,666,4899,8992
3041,e1b0d5f3-6cc4-4f52-9165-81edef76efbd,26685,81,9344,9249
3042,224f09f6-9319-4a1a-a166-4ba483920526,29065,84,9250,1397
3043,ddbcb223-9f73-4ea9-bf68-4488169fce67,25425,278,4447,6758
3044,e0c10c2d-8fa0-4f5c-a584-66c7b678adb6,14112,679,4084,8167
3045,2bb87487-a468-454d-8ab6-f8eec4195867,43324,904,3119,7768
3046,a434f675-4da6-4c09-afcf-56278208dcb4,20015,786,218,6137
3047,713f3e3d-8ef8-48ad-a4cb-3bddaf4e5601,41743,239,7362,8531
3048,74515b98-390b-44a8-a6fe-2ddf62262211,42714,981,466,8546
3049,df44a805-5842-4baa-acfd-de8cb174dc2c,14027,75,4255,9033
3050,654001dc-7892-4cca-80a9-deda020ce574,5294,267,5099,7517
3051,afb9ff0a-1ebd-4841-8674-4079774f36b9,7965,614,7574,4679
3052,c5e9e4e1-3692-4830-87d7-3ae94c1ef7cd,37099,544,8980,74
3053,50698889-0ddf-4420-b870-696615deee5c,28555,646,4692,1057
3054,610bca24-e417-4de0-ab0f-24999349d4f0,20446,547,7575,3693
3055,aae617aa-ffbd-4975-b6a3-1a1c9f9282aa,20642,224,3870,2050
3056,d6c7f165-8b66-497d-a3ef-33ba6f261589,46395,473,5685,9390
3057,38849525-0175-4082-8c5c-c2041b386fc0,1741,8,5402,6470
3058,f7de494c-b3d2-477a-b6d0-461f49127e17,31215,714,9307,6692
3059,0085e793-ea06-4b34-a0ea-3bab5f2af64e,10587,232,8485,2232
3060,47dd19b5-3ecf-48d7-b067-7e40f80a7fce,19372,514,3113,7641
3061,e2da26ea-5321-4607-97d9-37d578c317ba,22165,524,6737,3826
3062,d238786b-aabb-47f3-b95a-dbbf930f4202,19137,863,6084,9786
3063,ca66ff59-5f24-4932-b823-c21c40a01b1f,29491,555,3472,1968
3064,0283ccde-b282-4d01-83e0-4acdc8d60301,5252,874,5112,6391
3065,29a1082e-46b5-4a43-a5e1-40ed6f9238ad,42731,856,5597,9237
3066,4903804d-7abc-43c2-95ae-3915a3159572,16489,845,7825,9735
3067,09685c63-8775-4a95-af41-f9ecf349e56d,13460,38,6578,1031
3068,b10e1f51-95da-4bd7-b440-3b80a6fd5f22,33307,232,4935,244
3069,7b199ea7-c57c-44b0-8a90-ff11fd0f781b,49594,315,2827,2472
3070,4ecea1f1-f1fa-4087-a466-e919d232e040,43111,141,555,7373
3071,4ddeb7fc-48d8-4d45-92f8-6773da390351,28960,31,7725,7075
3072,0ddf7be1-7ebc-4fcc-82b3-e33f42d8127c,641,19,1801,723
3073,789012c6-c87c-4ba3-a3ba-765e67627f4d,3028,123,2675,5386
3074,55634002-db4a-4dcf-b17a-ce68f2851896,23358,107,8030,9720
3075,03604c5b-2cf9-468f-b02e-96f3a16c30b9,11157,397,8270,4524
3076,1c461b85-2981-4e7f-91b5-22fda2d2ca1a,25402,490,4438,8616
3077,fd0b3116-b3e0-4ca8-a460-75b12e00b02b,10345,945,6495,8530
3078,97ff9897-7b7f-4fc6-91a5-5ce8343e2c46,31536,128,5096,5605
3079,ccf71fa0-6f65-477c-b450-5ab9651fd8ad,538,594,226,437
3080,a885ccca-3535-41cb-ab08-ad8d23dd3589,22890,517,2461,1492
3081,f7e7eb5a-0bcf-449b-9aee-e5bd5da46322,14736,848,8045,2589
3082,25fab6fe-9c05-4695-b105-e927670e7d34,27852,378,1819,3416
3083,29d5fd90-d3a4-4a1f-95d4-8a6ec97a95d6,13081,627,8036,116
3084,baf96796-2651-42c8-a357-380918ec26b1,5199,698,6315,3689
3085,1e0ded8d-7dd1-46cd-8e9b-eba0a9c45eff,49482,609,9086,3203
3086,37b49f9c-9bbf-4452-9541-b5e638b083e1,32681,926,3421,7673
3087,b4f4ce1a-dfba-492d-9b76-dd832def7a76,9283,512,7321,4667
3088,85fb2b09-333e-40f1-86fd-9a93a3b99ae3,25762,269,192,2216
3089,265a6bf3-83a6-43d1-a749-f8a264cb38d0,17348,39,520,809
3090,083b0b1d-605a-404d-8337-ec8e215fd63e,25458,69,2876,987
3091,bbd6538b-0a2f-4b40-8109-78cb2e93a7f4,15578,94,7596,8862
3092,e8837d47-d39e-40e8-a31c-c9e7b8518144,22312,412,327,1808
3093,5ac94250-f66c-4dd9-a160-214ded21fd61,19105,917,72,8356
3094,54503978-b597-45ae-aa60-fe1a48e8806a,15359,942,9834,6301
3095,71bd66bb-6fef-434b-980f-355f4f0745ae,39547,266,6477,1631
3096,8a516a0a-0bfc-4a96-ab42-f993113ea291,35679,59,4204,637
3097,d6840627-1dea-451d-a0ab-2a6886ed983e,27768,754,6833,5666
3098,6b1004a7-6b07-4d7d-aab0-615f3c3d0f77,5349,620,2392,4710
3099,71120742-8e26-4c4a-b083-c4d0d7d77c96,43336,442,3766,3237
3100,eed8172e-c9c0-42db-a09c-f9c0ace395b1,12961,985,7932,1329
3101,13073f2c-8101-4dea-8401-99a6dea5d435,87,792,3746,4139
3102,15d6193d-1af2-4374-8964-311d414e91a9,34990,675,2218,7546
3103,8566f835-ba0f-4251-a7ac-c99a6e3a1974,5179,341,9227,4900
3104,464b9ef9-c2cb-4303-8775-c79c83af37a3,20651,1000,5729,1148
3105,f27ee3fc-7683-4356-9078-316a2f6d0e70,31593,856,3554,8264
3106,30a3bb91-923f-4b71-91e6-7cd1f56dd6d4,31740,364,2574,6425
3107,9410b402-36bd-4083-b4ac-a66dba47a5bc,33100,734,6517,3866
3108,cb87c2de-1a13-45c7-a0be-d3703e16e863,14886,108,7435,3195
3109,cc8544c6-ada3-42f6-a72b-6802f8030bce,898,359,1804,1625
3110,8c636d6a-12c8-4436-9ae9-20c7a5569003,29043,413,1440,8604
3111,10c9ddc1-85a2-4a25-aa99-bfea47985d79,10058,510,7377,4733
3112,9a496cb3-991a-4cd2-90ab-bd8e5c076193,15726,327,4552,8656
3113,a104e1c2-00c6-4a0a-a39b-bc82cdecb82a,45685,585,6202,3040
3114,5f3ef9b9-4dc9-453e-ade4-3cdf371eea6a,42559,683,526,4996
3115,532a292e-37f1-49b4-831f-61413cb32f9f,44014,35,2108,5922
3116,abc15a27-13c8-4355-9ea9-303111c92476,27685,477,7062,3778
3117,0f51d06a-1114-4d68-8df1-88e897eb6b81,38510,974,3644,6499
3118,47b74317-befe-4bcd-8f65-65894c70ae94,30919,386,3575,4127
3119,9c460610-ca04-4d86-aa5a-9e5519205350,46093,13,6051,1263
3120,23bdd87e-d922-4927-ac98-a0602b3789a3,44616,221,7392,8458
3121,e74c904e-ae22-4e97-a52a-20737cff7429,16083,26,5357,5265
3122,1a50d95b-86f5-475e-b6ae-edea4a870870,23634,235,5849,9311
3123,6128559e-f92e-4383-9b82-9334f9ded75d,10823,2,782,1260
3124,e8df0f8a-928c-4e3a-9a91-71bc6aa00e39,23851,481,9715,6671
3125,75782da2-9728-499f-99a3-ac9cfa7d1c30,37606,621,2448,2828
3126,91b7a63f-f448-458e-bf3f-c7fce0f65aeb,42940,232,5842,4506
3127,cc785c1b-f56e-4a50-aa4b-752ae9a32f71,39269,702,6139,5704
3128,e89810d6-8079-4179-b17e-e26f0c6caebb,48162,153,9915,648
3129,14e5b769-5556-405b-b852-98c499a6996f,44800,157,9696,6240
3130,9ae19c77-2138-4ffb-9238-211cc3a7bc7d,42390,422,454,9303
3131,aec9e497-a1df-466b-84e3-605a56b91e18,44498,783,1635,4788
3132,95915db1-fdd1-4dba-8414-9685c5c55da3,13576,134,4138,4598
3133,4102bde3-b1bc-4f02-b078-77c9f5d05ff1,28706,268,1,1808
3134,4ff9274d-34f7-404e-9d9f-5051f7ad9028,21821,104,7066,3391
3135,ca3a72b4-e6fe-4b4f-af5c-9f95019ffcad,3402,165,5998,5529
3136,b8ed3ca4-1fcf-4808-b95b-c45af5d8ffef,29355,614,5292,5406
3137,3627b1da-4934-473c-8599-5bb318ae5034,47247,165,1961,1784
3138,7289cbb2-0042-4789-979c-20a61b6e0fb5,24407,386,5496,2463
3139,88577e44-f545-43d7-83e4-879025d1513b,30877,358,1094,3917
3140,5039cfc7-093a-4ee0-898f-f1865edb7503,12006,638,9745,6404
3141,c5efcc72-5691-4a80-bf9f-74ed30c0584e,45219,960,6595,17
3142,0bd4cdd2-d472-48f2-ae98-692eda7c70d1,21719,791,5078,4612
3143,639d27dc-caed-4a76-8920-cacea84e9215,35339,820,7422,3214
3144,9e5859d6-9b37-4f7c-9eef-d1b3200f8633,37252,41,2512,3688
3145,84f81179-2b40-4c5c-ad3b-ffee2b0b258a,4373,405,6822,3599
3146,aef91917-e629-4e9c-850d-1a27915d45e6,31532,612,3229,8184
3147,3404a342-9057-4ac7-88d0-637878f1e469,12235,466,7167,9874
3148,1667f477-e8ba-48ca-b3e4-853622300d00,21412,412,6568,9476
3149,c96b75a9-c7e9-4086-9fe9-08ae1b2b7a33,33477,924,486,5250
3150,d899c330-7127-4742-a665-4bec0c3ab9f3,46731,215,4483,5835
3151,c17bf07b-fd89-46c2-a555-0c01921606e8,2956,900,4909,3068
3152,ffa355f6-5af7-40c0-a439-91555e0267da,10782,899,274,6899
3153,89d26df7-26b5-4068-bb87-e8937d959fde,30083,968,8227,5929
3154,f68ceded-8af2-4ab4-9c77-215184c74d13,39812,70,5127,4091
3155,84f419cd-3250-4e18-97d4-1b538270e7c2,2545,689,4238,4917
3156,9923a1ba-accc-47c0-bcac-da60a4c1161c,38145,161,926,8652
3157,78afc49f-3c7c-4f32-8dbc-2a74b66a44e8,7958,610,2316,4201
3158,794785be-f277-4fa8-9579-6198518d578e,27174,795,4586,9912
3159,14844365-cfef-4c1e-987b-40504d2e81cb,4108,287,3326,8597
3160,c9a16ecc-88f6-4da7-8d41-d395ea8b8e90,23698,745,6713,2516
3161,812e8bb7-4051-4b8b-a33b-cbdece6d9899,13818,375,7290,3222
3162,2f42a7f9-3163-4229-bfd5-1515cf4d72f2,41890,507,7250,9809
3163,eb787bf0-1ff3-4356-91e8-9d4dfb390427,10380,293,9542,7939
3164,6f12ef24-4e21-4b65-bbce-fce8a09d375b,42771,707,948,9122
3165,87264a3d-c12d-406e-8315-29081616f3e7,40085,655,2325,475
3166,064228dc-0991-4518-bc00-47023fe4c4ce,5108,919,8555,1178
3167,e549f99e-3536-4198-a1b2-74e1e397d28f,37289,263,1714,954
3168,396007ea-3cd9-42ae-a241-7ce966014636,26260,886,7608,5560
3169,e41521bf-b2d4-4068-88c8-e43905fc8cfd,4989,215,5902,2047
3170,ded59e2c-a7fb-4d8e-a69a-f15625eaca54,17775,912,2026,2002
3171,4aa3dae9-0012-4385-8d17-a8b1e69577bd,27401,362,1834,8019
3172,58b1195e-0199-4cc5-9ab9-33db60066ca9,33383,52,7656,4419
3173,b38fdd2f-5f99-4a21-913f-79bf8ff5dc4a,5905,71,2075,8555
3174,8747c5eb-5aac-45f2-9ec1-7e69b4141dca,44771,76,5657,6430
3175,6dfdd3f1-bb7c-41e9-99f4-286502870800,43495,402,8186,9359
3176,fb08fc17-5516-4072-bedd-4f85a223e3ce,40383,966,3041,7967
3177,de856430-7792-40cd-9d2e-4bf3e66c114a,42703,196,3822,2428
3178,aa1837a1-abf1-4aec-9779-6b7409473f94,12865,736,6344,1463
3179,4ff54878-433b-4f08-9dd8-fd72805c6f7e,17551,915,1982,3088
3180,74092d93-3195-4434-8e9f-0f54c598cbd3,42219,222,4021,7081
3181,c4ca15b6-4741-44c6-8b4a-94404cf4d7a8,14933,567,8133,6622
3182,3c7dbe1f-e705-4c62-b116-880c017daa4d,38562,596,6286,7995
3183,3878ad50-c701-4428-80e4-90c5204ce74a,33203,767,4608,6363
3184,80846aaf-716f-4fa5-94ef-2b385e9a5157,46545,714,9531,906
3185,0d8dc89c-4d14-4581-af7c-737da7808037,47157,855,1053,7032
3186,ee4a6d60-fa51-43b2-b103-1f749a06a240,32989,930,2878,9285
3187,7abdd9d2-6e63-43fa-a76e-ac587fadf9eb,33529,428,1027,9428
3188,d969ccdc-af7e-4967-9174-172da68dbacd,33999,278,8517,9030
3189,6d867d12-316c-4bd8-b585-6f8c7a52f150,46083,965,9254,568
3190,409e4522-27d6-47cc-b853-646e182e8a4d,14769,609,9902,147
3191,dc475ef9-9f86-4855-83a3-609f70dd79ac,2937,822,8676,8912
3192,9420d6a8-5029-4855-a9f5-dcf4b017611d,27056,237,9932,3818
3193,41d76276-793d-417d-99c4-3f002ae9d120,47330,999,5688,2556
3194,92424ae4-0198-49c1-9141-4b6081322fbc,23785,923,406,1709
3195,79058dc1-3ef9-4973-aca6-9570d90d39ca,11331,816,9665,3575
3196,5a47d35d-c919-4925-bc69-c84b05c93855,16899,160,6469,4178
3197,3f66ec8f-b021-4187-b038-9a5168284635,26036,806,4305,8362
3198,fbb1ed42-6959-4ead-971a-d88ca506ebbc,44582,161,3704,986
3199,98c5036a-4f2b-4f4b-8cf3-42613e72243d,5016,321,3287,2055
3200,33014e00-4ae0-42cd-8012-839335898bb7,12225,806,225,5615
3201,49e79be3-9d8e-4e57-a4eb-9e29eb5e993e,35401,701,6974,6587
3202,ce8bcd33-934b-4260-81b6-4c187eecd5b8,6222,992,9131,1588
3203,505cd70e-51aa-4b7a-a094-2333261e671d,28096,61,8191,6090
3204,79ae5f9f-5b05-4ac4-9e00-cca774b8a31b,33382,248,4108,5596
3205,b9787d9c-2b4d-449e-90da-31c6c451e38b,45389,722,1882,708
3206,4257675d-c367-4f25-90ce-30f1b8b3ea00,28292,839,2695,9217
3207,4c4ea6d2-bbdb-4ddb-911a-893a5e761c1a,25933,779,9815,3924
3208,4790a9a2-ea44-41f0-aeca-90913d31fa96,13824,557,8224,6293
3209,04dea454-54d1-45a3-adc5-ab67e3ca2add,9060,443,4357,2600
3210,eeef54be-e3ae-47db-893f-48b85551a5c2,1370,522,7609,7115
3211,c7fe34c8-a5b6-4623-81f7-42f18f04361e,46876,57,5025,463
3212,6d918406-b01a-439c-bbff-f5e86e261586,29482,362,8236,4570
3213,812d4bd0-9ddd-494e-829c-04b235e6c47b,1566,487,4023,1922
3214,6a069de7-612b-412a-a5c1-20530aae7ea5,47285,248,6625,1213
3215,a0153e2a-2ed6-4a4a-aae9-e4157b3ffac8,4184,311,3743,7309
3216,c88fb71d-ed28-49af-939e-24f9aec4f893,9625,672,9544,2020
3217,005a0834-e24b-4e18-a837-953032fd45ab,18588,908,9352,1087
3218,4a4a3be8-db96-4762-afab-eb9b58990acb,11830,498,8398,8125
3219,1a40bcaa-4c64-4c99-a110-c8c10aec2e18,39883,99,6650,6847
3220,085ba9c7-4c51-4ccc-ac22-b73249886e46,24968,987,8168,2688
3221,0744b1e1-f78b-49a1-9c08-4b98b4092693,10818,948,2556,5571
3222,361f67af-5e81-415b-8558-4e85d892f11f,15797,994,6333,8031
3223,d443b43d-7867-4140-b521-1790d60a5cd7,25436,47,9811,9584
3224,241aa11c-5602-4845-a849-41d7bba67d2c,17913,771,6352,8123
3225,ddfb34d3-7243-481b-8ab9-c94858818c8a,44555,533,1373,3341
3226,ff9333e5-6805-4e53-9abf-784e83d45bb7,28218,91,6994,4018
3227,48816ddd-486d-4c4e-867e-ebdfa640648f,36403,233,1127,1822
3228,b79dba0c-e834-4ece-828b-d69b849217d9,44670,35,1208,4047
3229,8175b578-fb8b-4f61-ae37-73b92cc2151d,19553,33,4791,8936
3230,104fd564-4e7d-4937-ba14-dec535e8e958,48437,772,9950,7612
3231,c82f627d-d785-475a-b5c6-ecb09b402e75,36528,714,7959,4506
3232,f3f637e7-59f6-40f0-8646-dc219e8d53ba,27624,565,9582,9409
3233,a474b461-f29d-4911-aa55-b6c3f4df4b11,30293,219,7568,4627
3234,2d977b9c-66d8-4c93-a0a1-b9cd61511da5,10474,928,5592,6107
3235,60f5946b-03c4-4ed8-8078-571c8effeaca,39824,997,3785,2134
3236,c79514fc-ddef-474b-91ea-cc7f37b208c6,27173,459,2114,6214
3237,388ee50d-60b5-4e64-906d-2a37d686ec18,43513,943,132,2151
3238,4a508b42-413a-4e43-8ee9-ce2f64b1348d,27857,356,4464,3050
3239,2642d60c-a319-4e3d-8a98-2dfe361d6fca,2039,569,3199,1201
3240,54194830-851e-4e9d-ae0e-9ec5fff21a6e,18369,376,6159,5549
3241,3d4c646b-2e66-40d9-bbb1-858e3ace007a,19219,919,1861,5472
3242,e4786419-67f4-4233-9266-ee43ab81a799,10095,620,9040,5019
3243,99dfed78-5f51-4975-a0c9-27fcf74f0ec8,31872,746,310,2626
3244,7010671b-9d08-4d8d-8884-0c955f3336d9,32136,655,2163,8784
3245,9fc0ca09-4ac5-4045-8e01-0ca4b67b771f,13672,387,4204,1444
3246,325e97b0-cc45-452b-b930-c46b2cfc8f33,9874,320,6579,2824
3247,9bd3c0c7-7aaa-4890-bba4-f1bc027a33a9,48985,770,1666,160
3248,eb3869cb-ec58-4dc4-882f-9331091d62a0,21739,934,8792,6515
3249,aa2e7970-a724-4898-9af0-0f0bfccd6d39,22400,874,4932,5503
3250,44e75977-79fc-434a-98b3-68f27cb4649d,10079,883,3403,5320
3251,bfd893d9-2cbb-4d30-9476-49ab37c39e6e,43223,680,4052,6462
3252,2eb4af08-90dd-4331-809a-0fd61fe790c1,26789,988,9989,3283
3253,7832de0f-b0e3-44fe-8d25-c8d94cf46dcd,17804,871,5174,7529
3254,1eb8cc6b-43b4-444a-8380-16f8b289368d,33770,749,2215,4873
3255,6289ec07-5a64-4c7d-a61f-d71402dd3585,13883,240,7466,4402
3256,ca49f5c0-5d08-451c-8a04-53dc73ec5c95,4090,38,7296,8400
3257,212597dd-71be-4f50-a40a-6722db414094,23510,882,778,9830
3258,a8920893-1c86-409f-b767-5e0907cf030b,21428,378,5574,1687
3259,cb4187ee-a583-4247-8ca2-5f73b7dbd8b2,16766,449,2949,4636
3260,bdf18e15-7514-4460-b4cc-faf2ea0ef2f5,49557,787,1680,9553
3261,45bc77f7-14ec-46f7-b393-d21afaae6f7f,16437,341,498,8405
3262,ecb4869e-9ea5-43f7-9b8d-bad11d1cfbaa,46443,189,1125,4375
3263,9c2bf3b7-ea3e-4444-919d-f944706ce1b3,29389,400,251,7702
3264,4856d9e1-09f7-472a-a295-c7a0baa28bbb,44861,820,5788,5116
3265,c18e2b67-40a3-4a5d-8e62-69b6c668a714,2972,790,8646,3599
3266,087d444f-0b31-4c16-9d84-8eb433a43281,12709,957,3730,4224
3267,567c4ac0-dbdd-49cb-9fd4-94233d5afe07,34114,7,683,658
3268,ce71d932-b14f-417d-a49c-46231839e950,47701,426,3577,5083
3269,02f0f328-a3d6-46df-9538-2e4064932101,7347,147,4293,1311
3270,c81bd291-46da-45df-8cbf-3279d31f6a81,33989,522,7416,8556
3271,1745a59d-7020-4c9c-9f44-41dc533021e5,35548,1000,3279,45
3272,9168b9cc-5f17-4908-a7fc-3f5a34d92494,44710,935,4130,6878
3273,4048b28b-b862-4f79-8291-ef970cee46a6,21187,627,6833,2073
3274,e1154a24-93f2-4c6a-8077-8d675606c8dd,40310,402,9174,2269
3275,f59e89f3-b9f9-47c4-9ee7-607d2ed16c2d,11912,324,3815,2524
3276,1f288be5-8c82-4512-9c36-1efa80a809c5,30113,401,4446,418
3277,777b5a2e-52f2-4ee3-802a-b5d4f229e06c,45041,590,4480,2093
3278,4d8fe84d-f437-431a-931e-167ca660e02b,29027,561,6348,8811
3279,f37e5b82-6ba4-432b-8d9c-5378e09b9556,29825,933,9566,9631
3280,34661302-f216-4f7f-9498-363ae375f589,43634,524,1457,2519
3281,7b178084-df93-4a80-84b1-ef83570fbe7c,45178,791,3367,6850
3282,6c0e5bc4-1acc-40b7-b0ef-84b787c812cd,14009,423,9497,1679
3283,b6f38b3a-083b-4d84-bc52-980389ab7a1e,43036,997,8573,2450
3284,d835cbba-2ffb-4d7b-a830-8d2afa7787c5,31593,141,6656,678
3285,5b8eeb84-565c-4a1d-9cd9-05bb7c3eae5e,30289,946,7686,793
3286,6dcb170b-8a46-4b13-8f02-34d9e9c8e146,9851,482,4933,4470
3287,91537b51-1c9f-4dcb-9b2d-0e6d6822e730,49570,312,2880,6377
3288,c2cba1e0-b947-4244-ba24-14d5ba4b11da,18662,190,5848,8804
3289,47dc34b9-122a-44c8-8f9e-f8d583058d5a,5590,76,6647,1570
3290,245cc203-3173-42f0-b6b7-972bb34f7e9e,2715,379,3255,420
3291,5f986ed6-5b56-4ab1-9633-add1fef809b3,22659,878,1122,1559
3292,53bfca43-4071-458c-b3d5-49e11266a79d,22393,940,8787,9748
3293,62fa9c30-5870-49ec-aaf6-213c0c8eae45,43450,257,9801,3234
3294,468574ae-73fe-4859-bd87-fbedca2cab0e,6577,402,1017,8288
3295,7d52144a-b86a-48ed-976c-b05c7923f829,39595,79,7858,8152
3296,1258c3f2-dcd3-4045-ab4f-83ff0fce9419,25297,36,8656,607
3297,673ef0e8-a5db-4fcd-b9c2-6271328481ab,14523,213,1446,4810
3298,e74de929-2052-4836-9a3b-cff037425abf,13629,860,3771,6813
3299,1f792a94-f8e8-4060-8f89-b50a31bd9b76,13975,460,5202,4057
3300,56ab2652-97e9-41d5-92f3-7fccff991665,48057,222,6700,9272
3301,3b767d8d-a63d-4b73-8db1-cbe5040e30ae,5001,473,6522,6160
3302,6f3c82e0-bd0b-46e6-97b4-5912b61b0b59,24175,99,7637,7259
3303,1cc48289-ac2e-47cd-bc0f-ff9962d6767d,42956,402,78,2867
3304,7ea1083a-6021-4f4c-bae9-8dbba11dea35,14412,532,2336,3912
3305,50c8d34f-4be6-4b8c-9c0e-1126fad46d25,47717,755,7547,8455
3306,49b994e1-f817-42f5-a275-bc8926c7947c,16682,517,3779,439
3307,491ead74-60fb-4922-ac1a-a2e387835ddd,29367,328,7482,996
3308,756946ff-a441-40f9-874d-71b3e21ca4dc,2074,300,1362,8230
3309,0445c170-1baf-454f-8d1b-94abc8a5d260,15330,898,6255,5422
3310,e25bc1df-5b05-4f65-b508-6180e90886bd,25276,500,668,7620
3311,28bee98b-e063-46ec-91a5-f8883e8efa21,7956,697,9921,2294
3312,0b0f2a94-ac5b-4583-967c-45c27ebe0e10,43545,229,4996,6744
3313,1fb6891f-f691-4aac-8917-a14dad8c3a73,35408,241,1957,7502
3314,0e5fbd66-3045-47b2-af20-ec2d9ad7f376,8655,875,9557,6852
3315,4a7a3143-bbc1-4e65-9dda-467a4a1426bb,14413,410,3543,7209
3316,335a51a1-eeba-49c2-aa81-4f8340847811,4977,590,6010,6319
3317,78088706-caf9-4b29-ad43-6a7abfed45b2,13249,935,6971,1802
3318,083dae9f-3230-4109-a954-dfa81edca970,19101,485,9309,1072
3319,b7bad7b1-42ce-415e-948c-23a836994d86,11014,493,2533,2802
3320,2451cfb6-d1bd-47eb-a1ba-6edac29ea049,15955,20,3379,1744
3321,436a5b46-eb62-49d6-82f7-e9f1e4abe6c0,37090,198,7490,6755
3322,af0a2d56-7224-422b-b156-f89e59afb58d,8774,553,3713,7217
3323,ed350847-a5d0-4e42-bd92-c7dd39716dc6,22344,276,2999,7567
3324,06021dd6-d12d-4604-9118-d4ffebf81754,24946,692,9806,8486
3325,ad00ee3b-ab0d-40b0-a90a-5c4267903525,23009,980,4899,9793
3326,49dc3a74-c694-42bd-9e38-0ad587f36a8a,12667,876,2462,2286
3327,9504d775-b4e8-49cd-be7b-ba7732ab8506,33699,522,7525,9882
3328,c974a9e4-28cc-440f-9539-e602809a7498,27972,544,2688,6860
3329,c0857c1b-d6b1-4495-b92f-62ec07cde5ae,47016,867,8101,9763
3330,ff70bbd9-3588-442f-99af-bfafb9c739ee,11848,910,8868,9452
3331,78a418da-fe37-4d62-ac33-79815b83a896,26143,170,330,9983
3332,37b82429-8407-41bf-8238-db26784a0006,14075,820,2877,7405
3333,5029074e-d556-44f2-8fc9-1314dd0f14e8,1944,882,6744,581
3334,f5db7e78-812c-40e8-b3a1-97f62d63d41a,47053,794,1665,1426
3335,b1df2454-5c4e-40bf-ae59-43e2d0c14a89,10404,608,7298,2076
3336,688d6534-975e-4e82-a768-a87044a206c7,3927,383,2978,1504
3337,4fdf69c1-dcba-4a77-855c-c0eff1e968af,40052,963,6759,2794
3338,8857c78f-a296-4b2d-8561-5e2d0c156287,1674,760,3459,503
3339,28526d58-79c4-4bd8-b2e3-dd01be88c250,38889,408,7086,8697
3340,646f7421-77d2-4fb5-8661-426db460d087,16231,816,876,8110
3341,e8bdd95e-8b3b-420f-bcc7-b69f9f734162,37579,901,6862,5517
3342,cd261b7d-b04f-468d-941f-259e84d5df22,13782,141,6674,2196
3343,510d794c-542f-42c5-a89d-a714afe2f3a9,8564,607,6645,3846
3344,087eeefc-9e33-4103-8394-af551e04afd6,27255,427,4705,5458
3345,bf6e00aa-1b5b-4d34-a81e-b05accd7895f,43124,198,9192,3809
3346,89c25379-6c8d-40e6-b4f0-5b6b9f617557,41255,171,4546,7274
3347,2bf20b34-4342-4279-800f-bc757734c7f9,19721,803,766,7255
3348,0bc3fdf0-8717-4c6c-b33d-b344224e9e83,36112,785,8859,886
3349,31a1daf6-fc94-4848-b62e-ee4b33b6cc48,44651,515,9281,7676
3350,eb1fb18f-6e44-4525-8d58-7cfc0348f0cb,22471,401,7632,9142
3351,3a0bc8f9-b780-4466-8f0c-780aa2628778,16060,314,7155,2481
3352,6f9d8fd2-2cf8-43c6-af84-78670b7418b2,49345,210,2190,7185
3353,289afb12-1489-4324-803f-bd30ceb91124,14460,973,8099,7608
3354,43d91a09-c538-4d77-a48c-646c9e2298e5,30228,937,7375,4029
3355,737c5dec-5d7b-41c9-bcca-84591dcf13e3,3768,697,5792,4521
3356,5421e076-704e-4570-81ad-f34b394dbcb0,15242,553,9173,519
3357,078da0c6-6b11-4c38-9f2e-4737947ac927,13255,327,6736,8245
3358,2cfa3e2c-6d32-465d-bf54-8af0ffedf408,28396,883,7749,8057
3359,11bd18fd-2736-452e-80e7-675cbd26def4,48219,447,1363,7085
3360,e8ffc18b-b121-4143-8dbf-58eb046cfdd2,15263,665,9407,9341
3361,7534a5cb-5e75-496e-960b-09e9d230e175,2513,42,9852,5553
3362,e91fe389-8743-4d49-b755-231773993822,36469,152,5078,4888
3363,c2c817ab-b489-4444-8a53-7eb214c867d1,11488,349,6311,2827
3364,4020ac84-972a-4213-9f74-7678d01a65fb,6983,95,3240,5667
3365,6a500716-46f6-4069-baf3-f7971a557e37,7615,586,2289,7680
3366,16efe66b-a326-4b23-b841-1b65d7e4d7e6,31778,859,7740,7259
3367,0c46d054-b279-4a8c-8492-13eea552e5d0,25811,296,4037,5677
3368,80b71593-4d83-42bc-90a0-09913a22a76b,2862,246,3298,2973
3369,4f97e83b-9c70-4b0f-9924-eec982b8baf0,36445,545,7682,6888
3370,463ec2c6-4554-4594-9b11-2035783aac1e,396,212,8563,5728
3371,0691c1c2-a493-404b-a364-e30c220721f3,44910,49,6955,3557
3372,39ed87c1-88d8-4ef4-874c-7174fad07237,22287,177,5836,8548
3373,771d35f1-a2bd-4949-8877-a3b4b72dc236,2540,391,9320,1623
3374,53c8a4a4-6feb-4ac3-82cb-e82656a55db2,25611,905,7998,671
3375,b7d98f8d-db73-4bd1-92bf-4ba375cd898c,26957,773,8959,6316
3376,172b81e5-5611-4e73-ac57-1c5dd4ec9c64,40345,656,5777,6405
3377,4391151a-4240-4763-8627-25a5ebd05e8d,7272,885,852,9341
3378,8325c2c5-ff60-4c19-8b56-1666df25a5ac,30874,919,1660,2106
3379,8b1b39fe-b692-42e6-9526-354e3ff0525b,27690,104,429,3252
3380,d7e2fd87-8d49-459c-8fcd-5e2e928518ba,17672,513,9172,904
3381,c02871ea-b3c9-4d7b-9f73-925fd30f4009,2911,691,5793,8654
3382,c803ef70-1753-46ef-9063-88c250782067,15335,132,8570,8579
3383,e347b743-b534-42b9-8c2a-1731f1bd7c14,48323,16,3802,5235
3384,f8f7999c-b482-4c21-99b2-703ad005a3fd,41468,734,8132,9079
3385,6bde5172-bcff-4754-a9e9-7c47402a9f15,3848,131,747,7574
3386,f344265c-a14f-4112-981a-e722bb1d2a40,17207,517,8486,1782
3387,f05ec964-86b2-4012-9e16-4355844b5d3f,25968,952,7299,8666
3388,77636416-7299-4b58-a2fa-951e2309bdde,13016,3,2265,3778
3389,ff14179f-5ead-4dd2-b083-968c037530de,20465,118,3232,6202
3390,7e248c78-c05e-476f-8413-73718990ab30,43485,901,1375,3672
3391,6cd82f9a-9fc6-4754-ad63-91e669523f02,14881,790,2770,2453
3392,f2e8de80-0296-4b03-958a-139f3d90ef1b,26545,772,2375,627
3393,820c7f8f-b3ae-4aa2-958b-a81a145d22ab,39984,841,3152,7926
3394,fb850a4c-b93f-485b-ae84-70be37374fff,32017,972,7423,8535
3395,6b8d8158-516e-4e46-b846-02243cb4eebd,661,509,3670,8896
3396,22a5e212-899e-4379-96a5-c36da60dcb19,40733,294,66,1617
3397,e28de4e1-55d7-41d3-8473-c6fd0e44081c,35323,978,5756,9626
3398,c1a63333-415d-492c-b73d-0c2032a519a3,5036,559,9709,6206
3399,9471ddce-18b5-4f17-8cdd-76b914973692,47659,671,2193,6540
3400,548b1075-d14a-4112-b27f-cabff4e89a53,44869,24,6002,8319
3401,321720a0-7788-4bbd-a854-a8e07708a1a9,5313,141,7330,6997
3402,62813e74-ae25-45e2-978a-44d441e5cef7,17815,82,2566,1311
3403,f6c34e37-4ccf-4de3-9c14-9b5db70d797e,2684,507,3183,2184
3404,a6e7c365-d0f8-487d-a502-ec00c6f411d6,18313,122,6656,8691
3405,63c2898d-3628-47b7-9d16-0b4d5b22e058,47304,914,4891,5372
3406,b97c7209-5e09-44bb-92f2-c542bc904e0b,11624,249,8581,3415
3407,e1aac55f-9017-4dd3-a5ec-6140471bb8fe,14808,932,8133,2483
3408,05b7cd33-b650-40fd-a208-664e70f70c0c,30967,931,868,5682
3409,d5a6b334-39fb-4fc3-9bf5-eeaf8710e38a,29774,828,8906,6378
3410,189fba1a-f242-4c4f-b002-799500fbb20d,16715,678,321,3515
3411,d6ffcdd1-bc84-46cc-8cb6-662f8bc2417f,19814,598,3818,4380
3412,6863d790-80bb-437d-ae82-7998f7522e18,12579,909,6124,6496
3413,d929670f-34a4-429d-86cb-c9c71aad27d2,19268,710,43,2755
3414,7e26aa91-4b21-4f76-a918-bfac7d39825a,41690,401,1277,9243
3415,ec49665d-08a0-456c-8c18-c24421c387b8,48009,537,3539,7001
3416,2c097f68-7c75-4b7b-b387-8dd0190e8fcf,24965,221,1567,7761
3417,25326eca-bc9a-4697-954e-28be78b18f57,7321,424,4387,6166
3418,4e3af4d7-43b7-4f3b-8f5a-9a8a8b342176,35192,977,9406,3490
3419,5df2969f-6697-4775-8d31-d5396ff19b6f,8931,647,8769,9703
3420,327f37a5-20fb-4294-8587-f76ccd32c1a8,13805,134,9016,2014
3421,bc1285db-bafb-4bf9-a8fc-8d9cf89e6b15,48531,637,7729,7216
3422,6be5f40e-1de5-489a-9f10-cdfdf0a121e0,42874,262,7017,6054
3423,23aeb309-2c09-47f4-aff7-7a8974f63c23,41876,402,4947,492
3424,41f80ccf-cfaa-4931-8d0d-7246d2509595,14032,282,5018,108
3425,0d73f2e8-b9c2-4704-93b2-aaa582e09c4f,1486,700,3558,9023
3426,86253404-674f-4786-b0bd-4248f8be3b84,48839,793,854,2917
3427,eb863a8b-a322-4fee-8dd6-17b73ab2021b,13543,426,262,3642
3428,f68dc3e7-93e5-4a9d-b434-a70d01242cc7,1217,335,2074,8346
3429,1f0606db-ea5a-4369-aa79-deac196af5a4,47154,212,8342,4389
3430,c4665bc7-ec08-470d-823c-a5eb1baa357e,5748,937,4908,6742
3431,3f650358-4805-4854-bdee-fb567c113572,11396,472,4641,5200
3432,26b37700-7836-43a1-8be6-f86dd0d4ef4b,66,809,2376,200
3433,49be5e0f-963a-4e59-9100-d2112900f72e,38463,286,5218,5534
3434,3651c000-a43a-4dae-baac-9b93b94c37e2,21486,73,262,872
3435,a075c610-da17-4267-bcc0-50908742c5e5,23441,349,3097,5392
3436,bc525e59-3a61-4b24-89d2-550274674190,18970,435,2737,2880
3437,edb63bf8-64d3-4e2b-b7bc-f1daf1595a55,881,25,9629,794
3438,f3a56ce3-fdde-4f34-8501-9f825c088a8e,48503,883,9490,7868
3439,fd28f79d-dba3-495b-a19c-cc19bebf9d3e,47012,358,7582,2484
3440,f3315291-1f95-4e25-8cef-7384765b13be,47716,207,9887,6913
3441,95f18af9-a3db-4824-8661-829504682a03,13698,1000,4607,4684
3442,0f25e09b-f932-4afc-b5a9-bc09716bd0e2,42812,906,1040,5198
3443,69e4a9f0-e6f9-48b8-b293-1993efff5f08,37958,667,2762,7389
3444,e752cb8c-1548-4941-ba11-79395694b412,16237,251,8661,3601
3445,d2539cf1-5c5b-48b6-a17c-3f00455c50a7,12283,806,2632,7263
3446,2bfdb9ed-0905-4a91-a808-3364790b482d,37455,802,3962,1691
3447,675ff94a-5261-42b8-a166-a813efb5b0f6,17275,586,9943,9455
3448,25a3336d-4284-425b-8bf2-0c91470ba1bf,25253,864,6484,2928
3449,ffdfc080-844c-40ee-ad3f-ee58065b5aeb,13983,134,5871,3390
3450,a39974ed-e398-41e4-9fb0-aa76f356bfa2,19752,964,7948,1101
3451,918bf687-f7eb-4958-8340-15363eecbaee,11953,916,5589,3256
3452,60ba29f8-3007-4841-89bb-9f8b3e4aa631,15452,460,8554,9579
3453,7c2c46f1-edd1-4c9c-a000-1bcaf159299b,20435,631,5163,6015
3454,76d87239-4d6f-4be4-a781-889e2f06a856,39489,336,17,3038
3455,2aae3854-bc50-4a6b-a94f-1085d976018f,27032,611,1825,9878
3456,8c4ed5ec-3007-4466-9e28-9567cc3a8f38,28097,546,6652,7392
3457,7de825be-9233-493a-b0e6-684eca22d5e5,34540,274,8620,9716
3458,1fb30b4f-66f2-40ce-9496-6ea8f866521a,27141,670,179,1645
3459,f8f79739-8cff-4b37-bcf1-9eb47dd647c7,26671,431,7235,2393
3460,4aba7f0d-0378-4959-8cc6-5f431d5012cc,35542,887,7951,6171
3461,27ca60c4-e5ae-4d49-ad13-33b4b40b0759,100,36,9403,9730
3462,e5d6cb04-5057-47ef-8aa5-52ecef9e1dac,6162,446,4214,1363
3463,3d63dc8d-f10d-434c-a54e-0aad8beb3bff,12568,3,6356,3755
3464,fa1a3b9a-2c2d-42ac-be25-a2ebb9cd0b31,17581,911,5730,5045
3465,194c52eb-08b5-4603-a091-f8d6df0ccbb9,251,368,8026,6381
3466,08e37f03-3ab6-415d-ac6a-af754e1bcd35,48150,373,135,1725
3467,4470378c-9fde-4651-bf53-5838e45557f9,46551,80,7108,5071
3468,c2906fe0-57af-4c6e-ad26-28ae6585610d,33371,710,1855,2954
3469,52815ab1-bb6e-48aa-9af3-c66b2ca1c094,3,923,5766,4618
3470,967eaf14-1e80-45dd-8ae4-801c1942cc97,41441,492,6084,525
3471,a7004b59-0029-44f5-ac7b-cee398f32f19,38947,611,866,2265
3472,7f6dc67a-22bc-43d2-bc7c-486df787fbbb,32987,387,3707,2308
3473,b19cfbbf-0fb9-4f4f-bc46-3a7c9e61b3f5,48866,880,4059,2977
3474,0468aab1-b932-4b82-ba06-e5fbaf66ecc3,26243,139,9230,712
3475,6ef83f93-c300-4f76-b4ee-ee125f74bd04,33632,888,483,9223
3476,91a541f8-dd92-4d56-97f7-3ea6a9de1711,23063,977,2770,8327
3477,5b0f3ecb-19f2-48c1-9a3c-396be14f6bf8,36763,403,4907,7044
3478,d775fd58-05b5-48b1-8383-027658101e4b,32692,627,2833,7624
3479,93e7aefb-3737-4a3f-87ff-9d4e3fd07898,14357,909,4941,3770
3480,0a2d70e3-93f7-41fd-ac69-72426a670ff1,37796,249,3202,8510
3481,6cce5fff-148b-42a7-8062-533a49184843,41977,358,1037,7705
3482,5578bd23-c958-426a-a49c-45dfdaf8c29a,27562,523,6756,31
3483,4585cf40-139a-4571-83c9-ec551c9716bf,24265,844,6731,6742
3484,82efcb5b-ec32-4afa-a86b-b722b07b987a,13945,768,4902,8408
3485,1bfbee46-fd0e-4ed3-b30e-4b323cc7d7eb,28765,474,6911,8082
3486,cf1317a2-b487-4f79-9ea5-3bb05a357f5d,11734,850,9282,5428
3487,93b30490-2550-4c33-91e2-d0c0b9941b07,15737,447,6638,8086
3488,06b303c7-e945-46ba-b054-3ed616f0d445,17268,798,2275,3928
3489,104b465d-e2ae-4ea5-97fb-5408a0734b7b,44248,939,1749,8311
3490,4b1ab86b-ee15-42ab-8bc4-61b7d620ae9f,24523,13,3636,2819
3491,1cfab13c-40f3-4430-acac-1d5dc89f3625,11876,848,3310,8376
3492,ac391de4-ae7c-4fd9-8d80-4a21a02c57fe,44023,594,8305,280
3493,20ac6b20-536a-450c-b4a2-8a78757046f6,32848,619,8277,3880
3494,24029ef5-d351-420c-a98f-d1f1ec94d0a3,21967,276,7677,7448
3495,d8d8bfa8-f882-49c5-9bab-91747f7bc8c9,45189,44,1934,1351
3496,240f99f4-e4c9-4bf8-b0f2-62efa406c48c,20945,185,2713,9849
3497,f4f219a7-4adc-445b-8288-2142c9c822d3,35929,514,9972,7920
3498,95a364f1-0572-428a-9ca4-b27dbac231b1,27266,512,9436,1340
3499,a2822dbc-58e0-422d-8753-124ae1993b5c,1955,949,6948,6188
3500,e11d5c45-3901-4378-ae19-8007a94f3cbc,47921,159,5494,6163
3501,e30204fe-b0ec-40d2-9b90-92cfa5a906b9,28333,696,5039,7984
3502,ea31d9b0-3d3a-4fef-a089-ae69554934e6,14717,212,2988,228
3503,93a135b2-53bc-4719-83a3-9c6530773b89,6797,460,5447,8781
3504,dd49ee3d-8904-4d5c-96ff-70423b2dc4cd,20556,514,2852,1088
3505,88db2507-c6a9-4029-b850-5351c9f2f8b8,46327,960,6010,542
3506,fb6a4714-5b6d-4941-81e6-1e970d666c52,17695,394,9040,3352
3507,989272cf-dfef-4144-8f23-0789e1931513,5772,464,4337,8465
3508,7cf9d211-99ef-468d-9316-d5520d7cabb3,17190,783,8115,562
3509,daf30587-0c42-475c-b20a-e241a45b07ac,10370,459,4359,8029
3510,665d1448-13a7-45ac-8373-95686b05466c,5704,712,5566,1201
3511,3c0f2c29-a822-49de-93a0-57957f8966a0,36838,762,3992,5094
3512,363e3eac-33cb-4932-9a22-6acf9aa1bdee,45336,280,2721,2904
3513,4f8a4db6-182e-4c6f-b235-9fdda58543bb,29480,648,6621,5151
3514,8c607a85-abc6-4b75-952c-d235fa7d693a,2352,546,5163,2841
3515,eefa0d28-c51b-472c-973c-8f45b36c9da4,31807,78,1041,8120
3516,5b5c35f3-0e90-4f33-b43d-e3427c854a6b,26319,962,9440,3942
3517,a5617528-ea7b-4afe-b034-ee33cf19c141,30685,294,5140,7148
3518,4f15c976-7e8e-4bf2-a4a9-7f0404546b4d,48526,58,2386,996
3519,8a5b4e2d-b9a6-4bd4-8bd7-71754257e743,27941,257,669,3416
3520,d61a515c-0360-4c4b-8b34-3a6e6d528c71,24292,155,7355,3462
3521,fe939711-12d7-4aa1-baf3-6af13929c234,19909,44,6984,4507
3522,77ae5153-67bf-48bf-8971-ea4ea0a41721,3262,143,3118,5055
3523,7019ab92-6561-4c81-8b71-e7ec29445a92,3583,122,3446,2837
3524,9421d082-4441-4596-b01d-1d06f5bad557,1695,424,4458,1235
3525,de18a132-4494-460e-b05e-a21225be7ec8,46965,72,3209,9521
3526,9218f331-f3a1-4e54-a85b-030ee95f4db8,7339,481,2957,5637
3527,b0e1039c-cb47-41e9-b622-02826d41a95f,6974,497,4815,2471
3528,f19185c9-663f-4602-bd80-8837283b0329,43640,593,9059,2382
3529,26751d3d-b43b-487d-a61c-f6c08e50113b,41452,764,7328,3917
3530,235acd3a-308a-4318-9de8-2f075a3b27e0,24577,973,4087,4663
3531,3aea5045-8cf0-456a-84bf-de6e7a55e620,15365,214,9789,645
3532,993a1554-9a03-4c33-b1e0-96bce2dac572,18158,680,3597,28
3533,3d7b79ce-f38f-4344-ba59-eed43065a454,24004,817,5452,1429
3534,b69342f8-42a4-48a7-b8fd-346b2eecf78f,24877,212,9525,4174
3535,3bc4c350-08e9-4e6a-8589-9ad65656c389,4379,574,58,2983
3536,7d9f55a3-8e6e-452f-b0ca-d1273f2658d6,20303,265,958,5204
3537,b0305075-b88e-41f2-93ac-4426158f3b73,9801,145,2898,9738
3538,02f5bd2d-cde6-4044-b2ee-1663de125b02,40951,63,2422,27
3539,f01f4e2a-7c92-4159-a9fd-48b9d9ca991e,40860,942,857,7460
3540,34919b0f-e8e1-4ac0-8fc4-f7ef7dcde57f,31948,396,8946,3264
3541,f22867d3-41bb-4f0c-9f08-4788b59a2600,554,194,9534,9794
3542,680c31cc-217a-4ce0-bf94-e7dcadba6d0d,41033,704,7761,4985
3543,4735bb21-96d8-47a9-b2bc-fee16c95f41d,16257,892,4624,751
3544,cc125a3c-e076-404f-89e6-7c28379a32c7,44486,294,8730,4722
3545,f5039ac4-44e0-46b7-8705-2c56b086dab4,2924,427,5366,171
3546,eed332c1-d05d-43e0-8cb2-77d71be03e3d,43106,727,1048,4635
3547,f9a5a2dd-7647-446a-9ee8-dacf65356f9d,38612,16,6904,7723
3548,c037b126-106d-4acd-bb4b-f68dfbcc2ebb,5190,24,5657,6503
3549,7f37e9fe-e6b3-4489-818c-aa08317c32eb,4190,109,4197,9128
3550,275523d2-c147-404c-8c50-2cc838afd934,35535,731,1053,9829
3551,1aa6d13a-1e1d-4426-9ae6-6d6693ac216a,24665,287,6035,2295
3552,8207898a-fa43-4bda-8a90-a84ea76f896e,3163,137,1419,5480
3553,b6d2f710-b3ac-47f4-8fdb-82ef36c42d9b,43756,62,2987,4403
3554,cf64f8c3-7ee5-4e0f-b5a3-0eb06577f18a,48835,996,5213,4004
3555,6ed5337b-744a-412b-88e1-74ba0ca3653b,5553,752,9409,4434
3556,d4b14536-de85-409f-be5a-946ac3432517,31703,826,7336,9126
3557,6c872f7c-f68d-46f3-a537-57d3aba1001a,34404,809,5246,856
3558,cef2b516-bee8-40a7-ba9c-b5bb0088d112,18321,599,1096,7615
3559,c5552e34-953e-4b39-a554-ffd537322ce2,5800,553,976,1060
3560,20a7482e-edca-4f0f-9c25-7f57cb92b4c9,36438,60,2552,2252
3561,d26c7241-5715-4954-902f-0348af699d6a,16994,601,7572,5056
3562,fed21d6a-9a3a-4a14-a836-131b0cec6301,36015,494,4459,7651
3563,0e7c8ab0-7610-4790-a199-56974cc9e848,4211,622,6128,9132
3564,1785ddaa-fb21-4cc5-826a-b5985c0c2524,30467,860,8472,5609
3565,38dad555-2600-4788-9828-ee2bd092151a,10639,589,2516,7880
3566,698ae381-5b03-46a5-8211-cc2ecabeb3e6,21899,754,7555,295
3567,eb993b42-8ad9-4ade-9261-35221ef0f809,22783,425,3027,1085
3568,8b74802e-862b-412d-b23c-2f793175623c,36147,61,4229,8922
3569,02a134b1-1c3c-4887-8fbe-d4f5867769e9,43660,203,9929,4307
3570,38913b2c-9835-46d5-83e1-09c36f766fb1,46291,177,7680,5565
3571,cc78a7a7-2898-4995-9d8f-fc458b50ed8b,6293,984,6062,5313
3572,913e1031-2bae-4ec8-90df-a4a7d9dcd56c,9134,980,7981,3746
3573,7aefa121-1fbb-43c0-97ec-6cbdf93197b7,45498,130,442,6948
3574,0f7f7847-894f-4c86-af47-f1da813edbdf,4975,848,6844,4673
3575,9ad8445b-75b3-4aa7-9d7b-68678e8346bd,30306,399,3236,6855
3576,20c1f90c-aeaa-460c-8b86-bfc06d2a67c5,24835,74,5111,1783
3577,fb4b0c48-244b-482e-acc4-54c12e95e55e,4255,724,1893,1013
3578,5e85a8ef-5b36-44c3-ac57-6230615d0546,36184,826,4394,7182
3579,f8545e16-54ab-4ce3-b6d4-571ee580d981,23466,885,2263,5695
3580,378da661-d1cb-41fe-b2fd-f582ca69fb21,10777,454,8520,1228
3581,2d0136f2-ec15-4b55-ad2f-5677d3764ab8,23381,964,84,4968
3582,5b7ebfe2-6f2b-46f8-9133-9444524b2c64,36710,219,4441,1283
3583,30a089e0-e91b-4544-90c9-9c9de5403aa9,40731,902,7927,5577
3584,11430908-e103-4c8f-96be-e0a5fc8db860,945,601,255,7768
3585,c7afaac7-98de-4b97-bdf5-69cfd6579112,46006,50,8248,8613
3586,5be37a64-e93e-4b49-9a74-ac290a23c67d,10539,669,1632,6891
3587,f940f6da-38c2-4ddc-9897-c175e3b65bc6,47305,574,5390,5517
3588,3cb60097-6518-41ef-9360-5d582f5c4995,36161,609,2735,4981
3589,08e5eaec-5fe0-4f9b-847e-86ce7dd30791,2461,879,5840,6540
3590,21e0ab16-2bc3-4ae3-97a5-95572d2bf594,5038,342,9657,3094
3591,3fd777ed-551d-4914-86e0-e60e4b20b205,31935,270,2145,4275
3592,89cae6ac-026c-44dc-a8d4-79bb33222c0e,17674,149,7100,8823
3593,0f901232-58e1-49f6-85da-e98db73ba381,23302,391,7286,2747
3594,dec9863c-1bb2-4210-83a1-f7d8067e8eb3,44582,193,7532,6850
3595,76653de1-0ba1-4b9a-a746-14bc7c556a72,32122,57,3118,6010
3596,f97060d5-1f80-47a3-975a-6f4b6fe011e8,7577,916,1789,2681
3597,653e0d3c-536a-4473-bdd8-4b675fc55b29,25952,53,7832,9162
3598,732f205a-46c6-4fc1-9b01-42b33b3b03bc,5540,943,4515,2940
3599,7e9aed85-cc69-4418-9ad8-d642509ff60c,33108,808,2456,4909
3600,2e18685f-cfbf-4166-bd9d-b2f84c8937f2,17214,893,1658,9575
3601,a95d9b7c-881f-4304-8d46-719a6b050aff,22421,222,8806,9867
3602,8b44bb59-e10e-4787-9e5c-707068ddbfda,23712,720,2995,9238
3603,7d9a5981-fb76-47ef-9ffa-16507e7eee88,31662,277,5874,5403
3604,aef93e41-e0ef-48cd-abd6-03ba1915080f,19019,10,7751,3424
3605,b12a2e85-65a0-4f71-82d9-c697eaaeb0f6,3349,840,5320,9208
3606,d4e4cdcc-3ab1-465a-98ba-12439a0a96a4,14544,168,5529,932
3607,a54b30c2-6101-4275-a052-7ad8698976cd,46488,408,149,7829
3608,0875ac47-e691-4615-9586-7ce01b273fed,822,817,1073,4082
3609,9a8a1283-9177-4d2b-bdab-39d4797f3099,8318,777,3199,682
3610,68309db2-37c5-4152-96f4-173d177601fb,3307,986,1986,2183
3611,19c6e6b0-4ad6-4d10-8da8-7da31d6c5921,49043,793,7384,2323
3612,2f6cc1a3-46b0-4a94-b2aa-9d60b2fc220b,48923,95,8474,6055
3613,25c7e00b-91e1-4d49-a843-be7541e4bc7e,49075,692,3436,9413
3614,121a0026-0a2b-4d0f-b832-ad65de58c0c7,9669,340,2868,8081
3615,9ca668cb-ce2a-40a2-ab15-c1dcc3fc0327,1735,422,4623,7286
3616,55413290-b76d-49e2-a3f9-938b8fe1dfc1,8456,530,2829,1864
3617,a0e16824-dc9d-4e3b-84ed-47d7b71afde0,16743,799,4571,6677
3618,02155834-2323-4b6a-85d2-189852eb67d2,48721,753,841,7801
3619,1df0eb6e-2661-42a5-99f7-cca0be6c62f2,47215,875,3537,4049
3620,dc6bb2c9-16fc-4b1e-a8f2-6072c8762f94,23872,780,8968,9142
3621,8cde34d9-8b0f-4cd4-bb3a-df5480f19c8e,14415,208,4709,5248
3622,5128ce3c-acf2-474b-95dd-5887bdecb4ad,7471,44,9997,4149
3623,47be9e25-c586-4fca-ab05-abf74a1114d8,28464,417,2823,4643
3624,8322c677-8b5d-4898-bf2a-ff69551364cd,29041,956,3554,320
3625,93051816-f132-4df7-8e20-1457970706d5,39563,372,5880,2168
3626,ae036777-0e54-4209-a2de-a608d15a7617,33790,201,6717,6576
3627,2a67326b-a425-490d-8f4c-fcb49cd674f9,32176,158,4445,5992
3628,0fd51398-05dc-415e-84e1-4275bc72464a,7405,384,5225,2638
3629,f6e96605-d96b-4881-8fef-bc81be6dfcfd,40217,287,8602,7335
3630,6982a0dc-5099-46a9-826c-4a9bcd86b653,42976,685,7743,9425
3631,68af3805-a112-488a-9590-b1ea3b98c539,47517,896,9037,6097
3632,15ea4da9-7d3e-4b2a-b03b-e7157bc975ef,38244,205,1390,5787
3633,cacee9af-bc53-4f65-aedc-ec0f34abe6f9,26263,705,8305,1607
3634,2133a2a2-c4ea-46a2-8bbe-1a3d0d672d2b,9180,761,1327,8944
3635,96acc2b7-039c-4a28-89c6-624f452e9276,37712,805,9015,4712
3636,7beedb02-2b5a-4be1-8c57-451546f6a3ba,12193,898,3767,6779
3637,8ea4fb97-9b4b-4e36-bb1f-11c9ce8346c5,47138,545,2917,6785
3638,5263156a-2b1d-4b42-a723-99cfd2476bd1,13145,805,2598,4486
3639,914b31d0-ed9e-450a-8a13-1abd67844e7a,49427,981,1121,9588
3640,c5bfbb88-ffc2-4281-9d60-7068b4520727,36544,51,2842,8576
3641,59637237-fca7-4f64-948f-c06de885a093,44299,819,6037,6969
3642,f7a9bb2e-a2e7-4826-9409-5d8ebbb9d210,22131,751,5941,8950
3643,ed45b98f-93bf-454d-9fdf-b5828501eda8,32930,291,7410,7742
3644,19ac8c5a-0b5e-46e1-852a-a413174a366a,11105,970,3927,3317
3645,73bc2c41-7f52-4089-9aae-9c85ce70b767,18115,130,5531,5984
3646,4eac6ff4-0b7c-4355-af2e-c3f65252062f,28817,328,4873,1135
3647,8596365b-8dea-4edc-aa8c-24ff2abe94aa,20433,322,6292,338
3648,87679103-042c-4faf-adfd-b9c65722be9e,8033,463,7043,5240
3649,693a8042-1d43-4782-9714-b4e9d821622e,19936,817,8879,6030
3650,1b2607ae-a71c-4eab-bc55-afb7d9d35fc6,38850,944,5940,1452
3651,3d5298fc-ac65-4e91-816a-de14ed36af7b,31770,119,6433,8556
3652,f7bbe2a7-79a7-4baa-b8bd-beb8a4c937f6,18996,886,517,9986
3653,0ba9f4bb-3672-40d1-bcd7-fd00beb1c088,25732,895,6778,3333
3654,6cb3db43-8c5b-43e9-a736-4d0fb0a75f92,19045,524,9400,6042
3655,3046a9c4-01eb-4b65-b6a3-dc92535584e9,19741,674,3755,835
3656,15ac37db-9144-44f3-9c40-b7c78c41932d,12700,68,453,948
3657,ab94c701-abc9-4ffd-8ef3-3f0103ba2aed,45375,150,3428,1624
3658,995b7d71-e178-45eb-981a-271546e55dde,17077,339,2592,8204
3659,8b04e21c-2bd0-4f51-9902-30b6ff99524e,4514,606,8805,1250
3660,def0b8dd-43ca-462b-8afb-41429aa705f0,38339,826,7304,8765
3661,3f480783-dc00-4d27-b9d3-fe83ae6ab87e,14209,33,8759,9037
3662,4b144998-86eb-4b5b-9ddf-9f6a5b463b4e,11113,944,480,4996
3663,14bbd1be-d55d-4f17-bf24-24e9c72c7a8f,18799,34,1502,8064
3664,b96379e8-45cb-42fc-ba3b-0940cc047cc6,10367,699,9503,388
3665,7351404d-5ad0-4db3-87a6-883731ced71a,36124,526,5631,9994
3666,277f3491-40c3-473e-9f92-9a397c8f9647,24546,783,8453,6460
3667,c1c02760-9ef7-4916-abb6-376c78bea518,42281,719,954,2320
3668,e350b78d-979e-413e-bba3-4bad7f726ef6,22320,999,6356,7682
3669,757c8683-a9a1-4f73-be9b-35e5a0943c47,31760,618,4575,9242
3670,f79befc8-93c0-4404-af9b-bb1596a897f0,27470,244,111,731
3671,03e6c904-6b92-408f-a946-be6164f6ff91,49097,401,6523,1232
3672,a0342cb7-3296-4e9c-bcaa-8ac0222005f7,35359,599,5116,4679
3673,f62ecc81-c8e7-47c1-a64f-f8d30196df8f,36213,176,206,994
3674,4605ec82-ffaa-4b26-8ee1-9185c9e0f603,947,836,7701,7907
3675,787c71a4-ddce-455f-8b75-2ee1fb91dec8,46722,936,6283,2719
3676,700a2f7d-0d8e-4cd5-ac9f-0293d8981523,42833,841,8005,4690
3677,c53e0730-c03a-498e-8738-05655a02f7a8,6587,643,7704,4191
3678,48a16416-74a7-409b-8364-4266dafc2fac,36611,727,9424,1732
3679,ae627598-e9a6-4b9c-97e1-da6a4ac61490,40923,313,4438,7335
3680,e8353997-5871-46da-a3df-559f0e8ca71c,25521,754,9183,3263
3681,efce2f99-86ac-4407-a3e0-54abc7214260,6509,995,1246,1978
3682,788ba4a4-7e5c-455b-a360-1074c48bfe71,15480,141,6028,9691
3683,e91084db-63d7-4f99-bff4-7eb4a79a2515,49646,52,8308,7372
3684,4cacbfa3-1033-4c21-9c06-0cca676e3d9e,22208,60,1558,1017
3685,34b91f7f-19df-444a-8da2-6071ef8c66cd,4909,338,3325,6561
3686,eabb4e86-decd-47fa-896f-42d4ad9b482b,2014,165,6666,8993
3687,85e9300e-2800-4203-a223-79e57c99cac6,49948,438,3230,9252
3688,4c574827-cffe-4cdc-816a-044438e4139c,21186,672,4517,7718
3689,abeab233-51fb-43e5-9a95-899a15f0db8f,20000,942,34,1101
3690,986eb32e-1d8f-4b98-b0e5-0486a0ad47b9,679,49,4271,9658
3691,d0e72c02-4ac3-46ce-8fa0-2e585a659691,31732,173,7170,5463
3692,bc20d34e-e6c8-4acc-831e-54520c93ad99,42847,308,181,3612
3693,a86148be-b5f8-4afb-ab14-151303b067ca,19769,140,4048,8857
3694,0a095374-5957-41ea-852d-e571b141d77b,17629,280,9164,6578
3695,d4519e89-8a72-4671-8bf3-e10720b438c9,38625,6,2909,7637
3696,79c3bd39-b0e4-4f27-96fa-bfaf991bacb9,40033,591,4296,4003
3697,1c0f5309-46ad-42a0-8c6a-8413a7b46678,41687,583,5036,3306
3698,8e5ab1bd-6491-4c25-b7df-42651e63aa8a,2240,672,306,541
3699,355eb66f-c720-4b7a-b0d6-1865332e24e0,41924,328,1393,7840
3700,86946c17-8945-4d5a-b742-f4db65354519,9785,955,4404,1050
3701,c0abb9f3-2523-44f2-a0e0-7340e458a20d,19594,584,2178,9822
3702,5b7b5e44-47d5-4de8-9096-980a1f03bb53,29538,531,4410,1339
3703,71cf4f1b-2469-461f-9f99-e651ddea11f4,8145,764,9491,923
3704,fd347308-fdea-4558-b13c-5e4b255123ae,46706,598,8076,1151
3705,c8043d21-9987-442b-94ce-a4454249d7de,47531,829,5925,8442
3706,e32513fb-9854-4d93-b54d-90cf419426ee,26827,845,8775,1308
3707,cb93ae81-b7a1-4386-890a-acbee4d1e1b9,11763,51,9869,7011
3708,9b7cf5c7-15ab-4687-9a33-34685e789425,8740,868,7625,3940
3709,ded5393a-87c6-4fa3-8f06-ce4d68ec0660,31830,152,5918,9465
3710,52ad2590-8b65-4585-b265-448faf25c959,38035,380,3586,2849
3711,e28aa6f4-a03d-48ce-8c6f-24f19326e3ca,25316,59,2788,917
3712,4cef0aff-4342-4988-82e4-95b9558e29ee,23516,488,8086,7514
3713,73c2126b-5de5-4fee-aea3-17eb4b3408d5,30717,575,8748,4850
3714,b2b539dd-4b3d-44fe-aa2d-18038a05d3fb,20472,924,5866,8629
3715,277edb68-fd7c-46c1-8b87-90a6fbb05cbf,13337,974,9135,9812
3716,8507f540-3009-4855-82a0-5a731ed055a4,36092,182,2912,4492
3717,58d76c05-efa2-4364-9cc9-16aa3da352bc,18308,595,48,95
3718,195c8af5-83dc-4c49-8feb-c310dd9843d3,46507,675,8401,3124
3719,dcec99e5-83c6-43b2-9c63-78bababaf0c2,38203,424,3249,5535
3720,cd8821ba-8013-4871-8d53-841bfc66fb71,12543,235,7604,2850
3721,c0b60ee9-b073-4b94-b44e-8cd00d0d40dd,15671,383,7148,3260
3722,cce888c4-1ed9-4a57-936f-53e7c4e45632,110,697,1773,5215
3723,5c91f62a-9815-47d0-859d-3a5d7dd656f5,24293,646,7904,8609
3724,f4d6f525-bba9-410a-9713-eafc114ab8e1,13266,694,6085,1049
3725,2d21e955-158b-413e-a0ba-23334a8048e8,12384,416,614,9437
3726,83f85582-8634-40d5-9500-717efda2083f,45754,827,8705,9523
3727,2074fbfc-ea34-4bf6-a7f0-cc11a938ebe7,25230,472,7586,5680
3728,90697411-8fb4-4daf-8722-8c3bcebd6bd7,45120,355,9579,1120
3729,ef8ffdc1-8c02-49be-b0a2-0586910ff48a,17346,340,7641,4823
3730,4bbbd412-74a8-40a5-80cf-57e18891cbe8,4658,778,6816,7544
3731,fb683438-a4cf-494f-ba9b-914f7e45ab39,9038,59,7351,6023
3732,741b00f7-3dbe-4003-b540-f82f480430ed,40866,663,783,3332
3733,2225d620-4653-4f26-8c81-6c411c449014,517,845,3093,8137
3734,aa2c5ba8-f388-41f3-bd70-b65beb073ef1,29016,747,8642,369
3735,ddac9957-79cb-488d-86d7-2dea09744577,4251,67,3387,3291
3736,9d2b50ce-0ffe-48be-a8da-10057327afcc,33305,444,5565,2753
3737,d1643343-01cb-41b1-bd67-6bb7984075af,10465,940,7510,4240
3738,65985ec0-c359-482b-be70-4d6024d9ad61,43068,160,6239,8471
3739,883348d7-6354-45fe-87b4-4969874fe4e8,9603,764,6712,3387
3740,bf130d4b-db37-4afe-88b7-cee66c537058,16088,772,9597,9016
3741,a2008a94-764f-40c4-9c41-8ca49798b1f4,22973,124,8843,3915
3742,5c1ff856-bd70-4b0a-9ab9-85907a18f08c,45877,100,2210,879
3743,1ef036b4-7cc6-4a95-b905-26fe5498fa01,42453,677,2786,981
3744,4bae9a7c-ea4c-40ba-a009-195c802ef0ef,36421,801,3272,5620
3745,c5a22574-de32-4d94-93fb-ca65ba46e06e,16990,219,2308,172
3746,d03c1abb-b2e4-490e-9ec6-74e35b858148,47513,713,2216,9602
3747,6d9a6fc4-ca13-4fbd-a74f-57c18fd83512,37029,758,4368,7168
3748,5dfd4f25-09cf-4da7-9084-d3bccbab5f1d,39678,995,482,4512
3749,312465f9-3902-4a24-8844-6241b52d1963,19791,701,2629,4381
3750,ae2a13d2-ae5c-4076-8933-47fe94f8ad70,26560,295,8028,6730
3751,c04a01fe-1fa8-4f69-8d56-a19a7f826165,47175,658,8034,9157
3752,5740d80a-3adb-4a2f-a94d-f31676e1e64d,23656,944,7830,2914
3753,af706b39-b81f-4efe-a266-e6da221a8cdf,42667,323,2410,8353
3754,5453b49a-05a9-4a21-a778-99edab31e675,41881,356,8236,967
3755,3fc954f8-1560-43eb-9242-87d92ab61045,9092,871,3085,4473
3756,56f2cc77-c36e-4e4f-b457-cea305c07366,19636,621,7439,4514
3757,0ea0c64c-ac42-46f7-821d-02845d8e0284,3982,248,5802,5812
3758,8bd1832c-dc84-4775-b327-c791c420d50a,16015,519,5518,4544
3759,e2bd5ccd-ad4f-497a-86a0-45ac3c92d25c,38826,393,3992,1365
3760,ddb96dfa-7149-4d4c-97eb-37044d3642d4,38310,954,8685,4559
3761,81a5b6b6-fa48-4270-a089-d805167084c8,27066,268,4157,3904
3762,c3b46cb8-7469-4300-87b8-125f219d5f2e,48312,917,5842,4246
3763,fb5ee681-eca1-4d9b-bbfb-352254cd88c9,48413,491,4670,7240
3764,5aa3e6b9-58cf-49fb-9348-046d75e4124c,23824,98,2930,1608
3765,8e09e103-a23e-4c8e-bbef-8c2dc58c4811,29643,788,8405,3331
3766,2cc5da1c-210f-4dda-926e-a458cb4cc61f,3332,114,3172,9875
3767,f6f005ac-7549-4900-9c95-deeb681ca07c,24813,181,9848,6326
3768,9390bae3-3e02-48ea-9bd4-42e1b07deed9,32711,835,8276,5868
3769,023c157f-fbf2-4f05-841b-55cf0a7454ef,18859,228,9489,7705
3770,49c78ee7-14e0-44ba-89d4-4929a795e91b,38120,156,5008,3990
3771,0cf96678-d204-4e80-8ba8-c54f0c81b064,16981,286,6806,4243
3772,d7a4066a-ade6-4a2e-baf6-b17f33d3d300,49580,466,7298,9380
3773,cdd95a5f-e8f5-4e7b-8fd7-9b65f6ffc512,34149,739,8658,9461
3774,513beb46-6574-463c-b654-b90140048126,4726,434,7717,1787
3775,f92baea2-dcda-491d-8e74-32b4148725e5,17432,944,1314,3800
3776,89dfc18f-248a-449c-9caa-fb792ec958b7,40304,942,9266,3936
3777,473bbf72-6516-49ea-937b-e660c19d7e2c,29987,839,2699,8455
3778,6ae9eb9f-cbc2-49c6-977a-34e4b0119a76,9103,813,9670,4128
3779,fce78e3d-50ed-48a0-855f-266a0580d347,19309,875,9765,620
3780,b54c456a-10dd-4ba6-b057-2c6e9cd84c9d,23984,99,6473,3564
3781,e8ad7103-97a4-431b-bad4-dd48a9669b4e,36674,587,7319,7396
3782,c9685deb-cd48-4fbd-ae84-b23354126c86,233,647,1262,3406
3783,90d684b7-6aaa-4a66-912f-d4112052a710,23514,935,8343,6617
3784,04653c1b-3b8f-4c74-b6c2-5c9f0c81362b,33365,612,2208,509
3785,9620fb58-9b62-46cc-b1df-0998f93b2080,34471,967,5928,5528
3786,47951d4f-81d9-460a-bf07-b5f8b386104f,1853,307,6694,3986
3787,d5398461-3325-42a2-9357-1df4ebc1d3ac,1881,294,9274,7518
3788,491044c8-2c63-4153-ab76-8c9a1e60393c,33987,787,3428,4793
3789,4e390f32-b6c3-48cf-b52b-c65edc22fdab,47662,473,4390,4315
3790,55bae8c9-2467-4b47-97a2-8496fda840e2,48043,820,3112,3942
3791,f1f60394-5947-41fc-8daa-8795add162a5,38938,435,3256,2235
3792,de789220-e450-4cdd-8a83-4904fffb65e8,25101,735,1954,2118
3793,5bf1bae3-3791-4eb6-bb57-c5afee092aff,2705,532,9962,850
3794,376fc681-d0a9-4f49-a744-79901e904fc0,49893,743,4927,1180
3795,fa271722-49c5-4f96-a01d-fe8cd3efee5b,23000,651,7091,1217
3796,0a4f8806-4cb0-400d-898c-98f9bf87edb4,12573,884,1754,5780
3797,4e0b446f-546b-4c62-9362-1cc4740142ec,33280,686,4780,8452
3798,f69a0dd8-b95a-4b69-994e-b3c21666336b,10813,149,1401,668
3799,3281965b-a4e0-4286-a7f0-10b2eeeb54fe,18623,470,3494,8813
3800,50cd4f23-5018-4c56-9813-59724eb3e0b6,47715,405,9068,9660
3801,6a1c04ac-929e-48ae-97cd-807d942a858a,23078,335,1733,201
3802,0e69fa71-31bb-439d-a5ec-f32679c3b1b5,47837,170,5618,1178
3803,bd39ecc8-703a-44a5-a77d-d6727010a831,24724,390,5427,329
3804,b7e2e39c-2ef5-43f2-983e-256447227f8f,1701,107,9017,2398
3805,9abd1f97-d35c-45c2-9d8a-fc5fff2fc9c0,9483,505,9466,6072
3806,618ed7b6-69f9-4ff4-8285-3e733f3e8f4e,18546,733,7285,501
3807,9e4a323c-911b-4fca-8c46-1a348d750848,42924,489,5904,9640
3808,2c1d9b29-4335-4ec5-84ab-b3888a454dd5,32951,54,5485,5636
3809,90bd556b-fa27-4972-a1ce-4645f48b203d,12158,333,7527,3176
3810,6a29c664-3c57-434e-9578-7551068a3849,41329,593,955,797
3811,f7a3d25e-5562-4635-950c-330eadd5375b,42811,619,1271,6635
3812,0bcf4524-d6b4-4eb6-8aa2-1cca6eb80005,27703,805,7553,4195
3813,0a205dd5-e13b-4e77-a9fb-77ad9f815f48,17950,453,4782,8655
3814,93ce1e25-df51-432a-bbd9-888b9c53b417,47465,309,5189,7515
3815,e9c2d7ad-804e-44e5-81ca-eefdb1c43c9b,46862,682,7077,5395
3816,f4925c4f-4868-4cc1-bb99-9eaaf078b4e4,42563,408,3510,7241
3817,503cc654-e59c-46d2-862a-3447a3482ade,23259,880,3810,8100
3818,8287d603-9920-4879-b2b7-b57f4b4ecef3,24851,587,738,1828
3819,a0231698-75fa-4a2a-90fd-8f05c4b79a45,22008,12,7879,3594
3820,7c36d085-d14b-4bdc-b9ad-f89fc5882590,8558,198,8330,1918
3821,6df72af4-333d-46d2-a873-ecdee74c1803,46013,31,6414,5613
3822,dfe4f36e-ec7d-46b9-9531-7603be3673bc,43195,106,9512,7195
3823,c0e22f1f-46be-4a43-bf8e-7defcb8039ea,43026,523,7758,4402
3824,6d77cb2a-43f9-4e4b-b632-9ff22952ed31,33655,478,4866,6644
3825,c6442a4e-bcae-4c8b-bb11-caaa8943fba5,7374,4,9111,9079
3826,0f6f9973-aa08-4fe5-be07-e302831280b4,33650,445,8196,4034
3827,f1c6f44a-b5a3-4840-a1fb-dc091a44e69c,36719,186,2240,1373
3828,5edadf37-7208-4250-a17c-da4bb8ba1eb7,44628,883,4364,1038
3829,5f6bb18a-9043-4f96-a309-bf6932f6fe96,10564,177,122,1801
3830,66fd718e-90b9-4346-a81e-706e759a79a8,4055,820,3895,3699
3831,2c458e5e-927b-408b-bdb5-8d53a6e90630,40267,565,9396,5658
3832,7c70748d-1e6c-4645-a2ea-84ca0c8cd3d0,21451,373,4851,5787
3833,e022cb43-d502-450e-b30d-f5bda856e4d3,10862,863,2820,9223
3834,46ea8c98-383e-462c-a9b3-889a342b2662,411,956,6444,4666
3835,dc8bba9a-fa42-40b5-889c-acab3953596e,33349,421,5164,460
3836,e8ff5509-4016-4105-a494-745d5522ecc1,41042,396,8609,1379
3837,b6cd0fcd-e6f4-4678-8b3d-1bc19e7ec844,44332,750,761,7648
3838,22a6bedb-8d33-44a7-9f2e-6816d1c01792,15032,683,9958,4720
3839,04748d7b-5f30-47bb-a0a5-ab39df76d6ab,20730,257,4431,8287
3840,768b9af7-6992-4ca2-ba30-9b167e5157a2,21366,213,3861,841
3841,62e813db-eeb2-4e8f-afd5-ad3c9b08cf68,418,174,3168,2465
3842,dd5d4c40-78ed-42ff-be04-3ff1190e5762,28305,74,3884,4164
3843,d7989b28-47f3-4da5-94ab-f7974b08a444,14138,541,5430,8411
3844,cfc67eec-11cc-4445-808f-dc509eb0c44b,32321,225,1354,5021
3845,641a00ec-506f-4eb3-89dd-62784b430ec8,16530,519,7220,5383
3846,be2d454e-b7bb-4688-8545-0bda2c366986,21270,236,4256,2492
3847,cd8875e4-1488-4d11-a274-00356d4ce0f5,18159,807,4206,7768
3848,44723119-4602-4483-b1e9-caa14b98a913,15294,363,5556,7105
3849,64544874-1421-4865-b22a-be886b7e1b10,3542,778,361,7447
3850,616ca404-880f-4e2e-8b60-92dcabbd1f08,14198,978,4187,7726
3851,7f32c89a-b340-4704-b4b6-0831c3fe20ca,4606,588,6482,7224
3852,f0fd49a9-7376-4492-956d-39fac2497a18,30014,891,4806,7672
3853,80deedd2-5498-4536-a111-27691e09b6dc,23357,816,3827,9701
3854,46231baf-1ed6-418d-a694-ff5464fc0f23,28443,646,3779,7347
3855,3af10f9b-119b-4584-93ac-980d8c3e55ff,38839,508,7122,6311
3856,f4763203-11a5-44cb-a78f-10518e24fbcb,286,22,132,9708
3857,fcf2907c-3689-4357-aa4f-c89ee6752757,47001,774,1148,9187
3858,9ccfba31-a9d0-41db-9ef4-25b3927dc6c6,29049,67,7643,607
3859,dc59ff97-6281-45b6-ac2b-5f72667d46d9,13563,382,8127,4467
3860,33a00540-9fa8-430e-871d-74fd0cf2cc93,28555,762,4783,5859
3861,458dfced-8f7d-4762-a4d6-68df1f2bdcd3,25901,307,3899,3721
3862,db4d5b54-fdfe-4a17-9baa-3ef51ea4a213,34184,216,6591,3078
3863,bb9adda7-49f4-4ada-8efd-8dcb14976189,41451,162,6525,9107
3864,9ffaa71e-8f57-4ebe-ae67-f8a3637964c0,32728,583,1012,992
3865,d68228be-c214-462c-8e08-be2366a3bccc,15661,504,6580,8913
3866,0466eefa-eb20-4a98-ad3f-8753faabf117,14527,459,7541,8771
3867,e426ef68-ae1c-488b-b949-8a2973bf8795,20119,230,8529,9999
3868,70bbdbc0-43f8-47e3-884d-29d233c1dd74,9793,401,6002,969
3869,28f7d6a8-f0c8-4868-aa31-001cf821868b,4512,680,350,1614
3870,c95871f5-3876-47f8-bd06-e3695e4a164c,38391,777,8645,1658
3871,c427d9a2-af3b-40ca-a01f-70ffa57caa88,32853,17,9670,152
3872,070e52d3-4676-4349-aca8-f57eba7b1cf5,42933,611,5916,597
3873,c1b90578-126f-44e8-ad2a-d8d7fcc17bb0,25158,960,3440,9883
3874,f23f43d0-6657-4056-959a-6445dc1fea3f,14846,969,4327,4728
3875,4eab17bf-5731-44c8-ad33-d41c7bf39536,14226,595,4879,6849
3876,99f42389-674c-4f66-bc6c-e135abad03b6,24234,659,2914,2045
3877,6d7669c8-ced6-425f-aae2-9ef2fed53c29,15687,265,5553,636
3878,8ae0ef00-514b-40ed-995b-d2fb3fcefae6,28534,479,9017,4869
3879,ceeb6a29-4cdd-46a7-9f5a-dfda2e2e4490,20363,10,745,3297
3880,6c9f142f-783f-4120-a678-fd82b62e1152,8098,837,6014,8092
3881,edd059a3-5e5d-46e7-9c89-0eb9ecf0f18c,49750,759,5967,4839
3882,f696b541-dc32-4e24-81a8-076648c4e9c0,22009,261,9361,4409
3883,5a9393dc-94da-4b67-9dc1-5b23e0790a62,35988,326,427,3781
3884,78add696-fcba-4fd0-9094-13e5613b0349,34130,348,9625,5070
3885,96b55260-b8e5-4d29-b8e6-98342ddebc34,46821,317,6258,3195
3886,46a08732-8ba4-4f8e-bcdb-eefefa8a6e60,31903,609,6944,5482
3887,ae4df926-2ca4-4ba0-a2cc-b7ac5b463645,44906,476,6261,8148
3888,319ff656-9579-47e0-9bb8-29048c78965f,32365,672,8713,9644
3889,585156ca-92ef-4d77-8604-0ecffda064e8,45338,640,8552,1953
3890,2c5e9e23-b0e3-4a6b-95c8-77f48a590be2,1552,963,8590,6464
3891,11e63ec8-dd8c-4516-adb1-78b98398d4b6,26929,880,3837,3541
3892,14e84de5-8028-4239-a588-07eed1b85672,41495,783,6920,229
3893,98672e29-cc9e-4e55-8ab4-eec528c6dcbe,31406,918,2262,5169
3894,708bb19d-5aff-4bdb-974f-7b2845201438,21069,472,2574,5663
3895,89c427a1-5ede-4521-a74c-2d2450d77eaa,10036,174,565,6340
3896,77f91b41-c214-4c64-aa6d-4035fdbbb792,42967,530,8231,4728
3897,02e94bdc-2da6-4836-8ac5-ba550598f16f,49458,20,2177,8427
3898,4a215dfa-7c49-479b-86c8-ae7367ec2b2d,41824,506,4855,5041
3899,be011d3d-97ba-4334-b907-49576b766e7b,42546,111,4356,3571
3900,da4cafcb-9817-4c09-8740-dd9427e2166a,21034,661,5212,4523
3901,16899a2e-289a-4835-88ec-fe48f7a41a17,498,640,9760,3553
3902,e1e36881-5633-463c-82ff-b0453ffdff90,4149,419,1927,4347
3903,d5f9f0aa-3c97-4278-be2c-ce31fa34878f,27920,910,7330,9146
3904,9b0e0f22-ec28-4521-965f-9a07822b26ac,13050,658,9185,2954
3905,bf697bb2-30ce-44ee-821a-86b76e481428,42790,554,8842,5789
3906,6150c6f8-8f58-4fd2-b915-3698a8c88320,23769,671,7266,1772
3907,cf91836b-26f0-4415-ae26-466c9195398f,2893,190,212,8787
3908,e467d0b6-944b-4560-913e-6cde32ac511c,49180,897,6409,235
3909,f110b24f-47e3-4815-a5c5-1d025c2ba103,1530,677,2821,5170
3910,281d296f-832e-4c69-ba16-d3f0aad96142,7194,263,7309,3798
3911,b814b137-bd9d-4845-ac95-ffcd7405c214,4035,450,5558,1032
3912,5f029cb1-6b5a-47d4-9c3c-99ee344a0daf,24226,513,2522,113
3913,1c1d6b4c-e3b0-4949-b25f-cb06f14e6969,3568,54,9799,7742
3914,0c1506a9-1e0e-4c2f-8dde-00a8fef58955,44974,835,2374,8715
3915,e0520bde-bcc1-4883-b1ff-d6840db53261,39600,838,3354,7823
3916,83782f92-71a2-4ca3-87e7-e4a9262bc90d,16649,706,3140,8481
3917,4972c7e8-2b37-4dca-8379-1782f7a76c49,37001,753,2228,5769
3918,6703db4e-f858-48f2-b91f-e9771b2602bb,27915,501,2074,1439
3919,e0ede304-281d-4e2b-9dca-a5839a7f1327,46577,873,3102,6559
3920,8b76ebb3-74f8-477e-a6ae-0ba1faa3780a,18057,361,1840,4119
3921,930ccac1-5ee6-4659-ad4f-29317e4d3842,23028,137,1371,6098
3922,cfd39db4-60c9-44fa-bc07-872414601551,7988,331,1423,3726
3923,f4c876ab-a218-4f6d-b37f-7f6f403e2174,34324,813,4131,8417
3924,c33003b8-6e9d-4305-82ed-688245217770,28341,880,8667,7894
3925,5939a67b-f60e-49dc-a71a-2f2e29f8839b,8240,101,1419,6896
3926,be2ba6f6-3254-4e82-80f0-6c27cdc4494f,22545,867,8612,1729
3927,398dca07-53ea-4133-857e-bdfadcc3f18a,18883,330,4113,8733
3928,1a97c1d8-5095-458f-8c1d-d5688b219818,46324,849,5546,7661
3929,c7258153-f37f-4652-9df2-c342914ae707,46202,79,1525,7185
3930,7d7ab64d-6f09-4419-a458-73dc1d1d9390,15767,770,6783,580
3931,089e412f-aba5-408b-bc4f-c44c2ab02b5b,1984,698,3120,4642
3932,1429bbb2-b8c0-47d9-abbb-60b59e889a1b,20075,341,1271,1679
3933,60b1dc09-a4f6-4697-9f36-f8efa2141a74,21407,602,5905,2942
3934,53f07473-7223-4fcf-9cd0-e6c52a0c2f9d,6527,595,8819,2671
3935,1c383500-75a5-4c1a-bc73-292e8b6910a9,6278,163,2068,8899
3936,9b60274a-25d4-4df3-a6b5-d7b5f1ad409a,16221,479,1738,5701
3937,2d139db5-934c-4306-9626-f816fb902b0f,42106,964,9369,4006
3938,a146c522-365a-44d9-b0b2-92eb379d0c35,3581,418,8908,6950
3939,f7fe208f-7725-45ec-8849-7f15b1cbdfd3,30966,982,6005,9255
3940,c15d95b7-e2eb-43c3-88e8-c8e06b6937de,37702,817,9419,9222
3941,29e68aed-7abb-4d7b-9339-fc73560d0c3d,44024,491,9118,6452
3942,ad55da39-a605-4099-97bb-358928db7d67,13235,191,1021,5810
3943,27daca79-39da-4cf2-8b7c-084db77ded8e,43003,438,4473,2317
3944,9b2c2b52-3773-4066-96d8-ed932286d55d,16406,66,7728,2324
3945,6f561f91-c2b4-49c2-b9c5-5bb0420d7aaa,8694,116,9134,1910
3946,a787f03d-27c8-4b76-aa8e-1a89a0302a7d,42598,468,2306,4773
3947,7fb24337-7507-4fc1-9466-7c952ed81e8f,24578,659,8646,1117
3948,71365ee6-d58f-408d-a803-8f9883539fd3,13775,239,1211,7557
3949,860a1f76-5df8-4927-a59c-2e7d33ddb346,41652,287,1232,1450
3950,c0ca255b-ae2e-4296-93a0-4ceb9a1ed28f,35912,574,2441,6819
3951,2e2e6037-8ce5-47da-9c5e-35404b11a7ba,47017,889,1924,5054
3952,af9075ee-086c-47c1-bc11-610b30dc410d,22228,993,7874,9004
3953,8957f5a5-3f4d-4bda-9a87-82fc115b7ff6,49913,493,6938,884
3954,7302c8b4-b861-40c1-86fe-ddbf3179477b,14541,136,215,3128
3955,31dbc5dd-37b8-4668-b2d1-312b2b7be838,6012,900,4518,1618
3956,49f8a8e5-f471-4629-9e3f-1c349e466ff5,279,750,1739,717
3957,6acebbef-ec18-458b-8eda-3ffe88ff453c,48360,837,6815,7738
3958,b75f7fab-e3ef-4342-b73e-79ac85a2683c,45196,514,7488,8311
3959,8c669cf8-a3a9-4d19-9c43-dd7c8c5a2d7a,18459,328,9265,5652
3960,dbc33e5a-c5b3-4a8a-8a01-b773647c7499,28290,541,1851,3732
3961,6257572f-c1c1-4c44-a4a3-d2c92c3d8441,40106,872,5350,9108
3962,aef2a72d-d9ae-45e0-b37a-d646bd262a91,44999,971,5273,236
3963,30a4f761-4d8c-4e98-b766-5d1b713aa408,21276,609,1616,1043
3964,ea3e8c77-5bf6-47e5-b0d7-e3d1ea346bf0,17687,959,39,1548
3965,d71312b1-1928-4647-8384-a7ae0b0e70c9,8634,138,360,5459
3966,e970f63f-0a47-4b6d-ac99-e56f6238353a,42720,49,5719,3744
3967,0fa44ca0-7e03-46b3-8c16-1f51c61603df,32780,901,4984,2781
3968,b7a0b901-3e99-43f6-bfb9-d1815e9931b6,43722,135,4699,7370
3969,0d97ff1e-a61d-4818-b0f4-032a993f7a87,425,233,4269,2264
3970,ae6fad86-6d9a-4a8f-9755-038f1e86164e,37890,420,2497,453
3971,c140ace8-ce63-459a-83ec-6cac5be043a0,45674,456,2535,7670
3972,da19234e-d74c-4b25-94bb-613029121999,41872,167,7817,8387
3973,10ba339e-4b9d-450f-85fc-b6671b5bb020,39012,814,1283,3471
3974,2040549f-3f66-4cf5-b281-a0ff44fcb60a,3069,36,8855,9370
3975,da58e09e-2eac-426d-94a7-702e64077f2c,19350,213,3381,1862
3976,68393844-ff74-4326-9ad4-3997f6868c63,12401,371,4018,8841
3977,b3d8097f-adba-4fcd-be61-7d96aa57cb7e,26599,117,4817,9162
3978,2f758bd8-913c-488f-b23c-7775a60926ce,8276,854,9832,7642
3979,f23e0706-e0ee-4561-ae35-ebb373519cf7,35451,583,4774,5990
3980,3a1fd905-8d96-4d07-96f3-004d2f8b1ced,42087,484,2806,2014
3981,6cdddeea-8975-4906-a1f5-2446c014b38b,40782,688,4982,3655
3982,ccc71849-e78b-49ca-affc-899a865c04b7,32021,733,9262,8723
3983,1f3add78-f9b1-4a84-872d-694858e09dd8,6504,678,6844,1590
3984,dabaddab-4572-4138-b1b8-024eac6a1efc,562,720,8850,9757
3985,d2f12147-5f11-42d8-83d8-b05688d94f4c,2413,690,1671,4468
3986,da84807a-84c2-4cbb-8813-fb3d5a7ff7d5,32531,280,2826,2938
3987,21a25d26-1329-4ebe-b289-a433b6ef8bee,14977,922,5345,747
3988,a8ff142c-4d98-41e6-84ee-0e363694bcc2,145,385,9045,8739
3989,e21c128b-6d4f-49c7-9980-b62e53dd22da,47166,85,4789,4140
3990,ebee2db1-b426-4f3d-be3b-c4f5a9adecfb,37829,1,6198,8771
3991,b1fdf7c1-0f2b-4999-b03e-4c532d8584d6,14162,995,8090,3082
3992,0f4c5c0f-8698-49b3-b40e-acf0ebb09b2b,10035,571,9140,2998
3993,f10040da-6cd4-4351-b6a5-af8d5efff9e9,45034,237,3313,1461
3994,434ce973-ffa4-4ea1-a415-8de520916a5c,27175,959,53,3934
3995,8fbc79d5-b917-4c85-b338-bd3329cc193c,24765,330,3444,9184
3996,caa703f8-5a99-4875-b7ba-7a611a92b0a7,11166,48,2528,4461
3997,579599c2-b7a4-40b0-9bed-fa9a8795f552,4209,962,1812,9512
3998,2b91d23f-1798-4870-aa71-fb626937dec8,28753,469,5099,4457
3999,9a74ceff-50ca-43b9-a1fd-8642187bd267,31291,989,8063,977
4000,d3a9631a-dd29-4242-8afe-10e9d3d5dc9e,11807,795,3563,6718
4001,98e67d95-57d3-4c18-a069-7dbdd47f4cfd,32191,42,3075,8848
4002,d242f7fb-ccec-4614-843d-691abe0dcfc7,3148,187,6191,8845
4003,c484f1eb-7db5-413b-aef2-d1e16819fb31,7230,202,4510,4457
4004,e69202cd-011a-4ddf-8c69-26928551523c,34677,673,5156,471
4005,d16a48d8-6e1c-49dc-bb84-ccf9bdf6c364,37472,353,8574,1241
4006,2e74dacf-5b54-4687-9444-b41eae9a88f7,17158,661,7133,9223
4007,42c8f540-c7a6-4aab-b03e-28b1497e25d2,38048,825,5504,7335
4008,18bdc63a-2d3d-4fb8-9632-31c1beca83f5,37785,462,9117,1835
4009,8bbf8208-1764-4461-aa2c-db59e08280f9,17488,156,1612,4234
4010,c855ab01-6d95-4046-9435-335168d9e153,340,925,5643,2393
4011,4c84582f-5c23-4a2f-becb-5c5355739eaf,15141,550,3203,2843
4012,1c9125ec-b827-45ad-84bd-7f3119e0cbbe,29776,569,9737,5949
4013,01eda214-062b-4cb1-888d-ae658db1f891,42583,393,1549,4615
4014,1ecfb0c4-1043-4b4d-8a8b-d038cd76c2db,5996,683,1223,4907
4015,38f82e45-ca61-44e4-9947-63aad6b7dff2,5873,365,650,6530
4016,5d47f31b-6384-4bd4-9ceb-a4f26b993697,47860,404,7790,6643
4017,a5ac4d31-9646-4a7c-a8af-f39a448ac4a4,35974,396,1072,709
4018,835b6b11-f182-44d9-b329-b70309a1d846,13081,403,5575,7846
4019,8ed1207d-7d00-4f78-b537-ab5508232aaa,13488,853,6632,2384
4020,ffcce53c-37c1-4ec8-935a-f2113c3e1f99,43729,641,22,1879
4021,ee5b364b-1b27-4e77-aad4-78b97e4613ac,45010,948,866,5673
4022,c8965be5-e3fa-40ba-b0a4-000c4023b900,27933,132,8099,935
4023,edf780e5-7854-444f-a950-3b2e2f492b66,4305,819,8867,5338
4024,c7541e0d-60a7-485e-bad2-8149ae12d270,27475,338,1090,1191
4025,5be73f5e-334c-4330-b536-42f9db9741c2,47920,420,7677,1896
4026,1fe2d775-e7d4-49d6-94a5-e9044f5a979c,38606,718,3779,5407
4027,550de1ee-b939-418f-a33b-c8ec8ef4a59b,46603,460,160,2390
4028,835ab14b-b153-4d64-b8dd-745f3810ed30,15662,150,9328,5217
4029,ba7defbc-9088-4ee1-9797-4fea0fbb537e,35029,717,6551,685
4030,ab48edcb-5e62-4a47-8c44-70d8e7662bd9,42329,416,5542,8076
4031,54c692f2-f917-40c9-a4ef-3b954d39f9f0,13007,969,6064,4054
4032,efd16ef8-bb97-4717-b280-d635a5ea0aea,30804,720,109,2845
4033,9a15d8a4-b9a8-4563-aed7-ef3b22dab878,4551,995,9961,1904
4034,44d05d35-7831-4410-ac5d-d5625fc253a1,15543,369,7266,8129
4035,41774f1b-3bf6-46f1-8c7e-8117392a38b6,18310,710,8909,5567
4036,b66aa684-5d6c-4e1f-a732-d2c1ccab5953,35013,412,8771,3466
4037,d66097ae-2415-4f65-b513-d2d7fc4e27a6,19707,42,8943,7315
4038,d9f2422b-cd0d-4bec-b359-8e5002207e35,43518,134,5773,4804
4039,0da664ca-4822-47cc-92ff-42b6dacddb76,30634,248,772,2419
4040,8f753d5a-5ee4-4158-b69e-c1f968c0c41a,48288,176,1831,9400
4041,43ebb028-77d1-4c57-9c9b-8783dd7a5b38,8093,249,7551,1308
4042,bc61fb18-5e62-48e7-b8b0-c4432e3d0bcb,4257,102,7021,5771
4043,04e38d8d-6620-4e00-8290-9d2b1895101a,20803,715,6137,5633
4044,2f6ef77c-a1cb-4c64-9ec0-d11b0327c72d,36545,874,2608,3262
4045,25f6f6ea-5fb2-4c10-83db-2ad9f63089ef,16997,379,6849,2856
4046,ba5d862f-bf01-471f-b5f2-e001650d89ce,3982,216,3161,5836
4047,d84c8daa-69bb-4c3c-a962-195faade1566,1884,656,7458,3571
4048,d3952aec-27f6-43ec-b3d4-5e36f4c16b2a,23008,913,743,7145
4049,906b94f4-d3f1-4338-aabe-25ca3ef13d32,37420,681,1320,8465
4050,170dd734-891d-408b-b700-c21642f43924,12429,786,6778,3458
4051,4d8ef952-a892-456c-8506-84c28e494d80,48785,661,3270,5565
4052,fbe905f4-c9ba-4382-bea0-6e1123fac89d,43928,63,4707,2888
4053,f71ec59b-a288-45c0-8e30-8479e25c6723,35810,903,7647,708
4054,456dc60d-b54c-4f04-8b82-ebbd9983e5a1,38750,27,6464,5927
4055,50e37e41-6bbc-462a-a11e-0f756b27253c,21381,658,6266,6135
4056,e6e56ae4-4c74-43d3-add5-e5b10f66cac6,6526,421,2206,2293
4057,cde88b6f-2cf6-420b-a33f-bd4738718bfa,33850,622,9659,9905
4058,d3e21df4-cd3c-4996-bae9-6fc721c2992a,42940,370,5365,7406
4059,29c561d5-c4b3-45ad-b510-db8587f0b0fd,16287,884,5754,7257
4060,2a94c7d9-0736-48fe-91c3-7df31bdcba2b,5328,990,8012,2407
4061,d0fcc82f-4ca9-4f3e-8eca-57051f4f804a,49772,160,3276,1588
4062,1b2253ec-4b56-4d48-be9b-6affe6b69fd2,20606,537,2255,6179
4063,0ec0826f-52f5-4c68-b836-a8cb397b2daa,41966,688,5779,2368
4064,23f88ab4-4b28-4a2f-afd0-41464680d05f,48918,625,5835,5501
4065,3056b97f-a44f-4ec3-a647-08d0538cb657,15902,645,5613,8244
4066,26f47812-bfb1-46bf-9c11-506d0980c048,44743,814,2325,4728
4067,b6647e3d-8cae-4c6f-8a2b-f2b85ae03fd9,46992,934,941,3176
4068,bb045053-4abb-4058-9044-5737d848d78a,44896,292,1729,1764
4069,b6d3153d-81d5-4458-abe6-88cffc910bfb,34458,884,9355,4813
4070,25ad216b-cb49-4e22-bc9f-eeca721819a6,48593,263,3056,5803
4071,47731a00-cd1e-4d55-9ad0-2bb98baa01cd,10433,791,3131,9999
4072,cb7d0b37-8347-460c-bf48-890bc79f07fd,41007,425,454,7610
4073,80d5eb0a-8f7b-404e-bf61-b3e798c5ae1e,17699,114,1838,3827
4074,a82206fa-e97b-4b8a-b86b-f3858b9c54ce,23591,903,3422,3579
4075,0d05757b-a8dd-44e6-a785-024e27d7224d,24105,754,9874,83
4076,9ca3255f-6091-46da-8646-3c890aa0bd35,45583,56,4066,6609
4077,2b6e3e82-52a7-4cae-af1a-d00e62a2b297,11562,664,217,6650
4078,7a7706a1-5818-4cfb-99ce-05e07a6c91c5,28783,846,7066,4247
4079,d4cdaa9b-c2c4-48fd-91a6-0f18dcbfced2,36977,390,3088,7696
4080,17ede1bd-ae6a-44b8-9140-8adb7bbf6a80,47434,332,3542,6193
4081,36224a30-9962-4993-b1f2-feada87873de,28082,260,9972,2431
4082,34ff46a8-54c2-4060-a503-32682f978bd5,7337,32,9544,508
4083,1e7268d2-5a1d-4d38-810e-df8d32998f99,14543,366,7138,3918
4084,1c18f0d8-9e7c-4885-97b4-cf30afcbf46e,7579,133,918,9681
4085,1a7089a7-820b-489b-995f-4b614146d0ef,12389,727,4761,713
4086,c25b6fad-87a1-45cb-b3ed-f85c6b46b872,20708,155,56,7041
4087,84ec0c50-1d97-41f8-ad7d-96788d1b15a9,25122,634,1191,3713
4088,23cc2e5b-c6c4-452e-8b75-10e50bf4a9be,25039,609,384,6903
4089,9b99c127-3337-47da-aab1-6142197e2692,12109,343,6778,3059
4090,8e2ac222-5403-4fef-8ec7-bd926e3c36f0,6831,509,5046,9193
4091,3f5d4e5a-c385-4467-9100-a76c1837a2a8,3020,776,1076,5975
4092,cc030b4c-eeb3-40a3-ae45-185ef88d926e,32869,752,4127,6187
4093,e063018d-fe67-43bf-8d78-a1f9b7691891,17442,654,9872,3976
4094,5aca0cd6-18b2-4b2a-bd74-8113ee1647fc,44203,138,2652,3618
4095,54722f5b-1e8b-414d-aab4-57504aa9a226,25144,454,5550,3898
4096,72b923db-cc18-4e55-af4e-9aa2f05aeebb,23752,484,9336,1197
4097,eb9b9968-9c1b-4ccb-993c-5c04e782d9e9,30692,858,2184,8528
4098,f8afea07-4fef-47d6-ab72-66baeb00eedf,13538,155,6921,7237
4099,26510c55-e2ca-49fc-9e0e-f0bee9e72c96,28536,573,690,5834
4100,ff2b657a-82cc-4bc3-a7f8-b1625c482a86,31031,920,6133,9076
4101,50a3487a-fbdb-443a-b9da-ef17a985eb23,24319,893,14,3951
4102,037df68e-9fb2-4195-864f-da2d76542f2f,46196,534,682,5693
4103,2e1b5f5d-f3e5-4ba5-bc9d-dbf1d4fd48cd,37255,402,6683,3644
4104,c121f5ca-2627-4ba5-811a-282a5e605f1a,36315,607,6504,5657
4105,ab46625b-c52f-4d38-b793-21d06f5e3619,37619,129,5010,5672
4106,84198fa0-cb96-40ff-ab51-f4ded82415ad,42412,40,2248,7996
4107,75791951-abbd-40c6-b2b8-119a2af2f981,24090,899,6019,871
4108,6e62db62-b28b-4c5f-94e0-9c1d0b4d1197,3821,684,128,7941
4109,a57c6f70-84ce-4dc5-9a3c-ed27e1c963ec,26618,844,222,400
4110,18f70d0f-902a-4b6c-a086-666f45f5d888,19195,82,2335,2649
4111,aa972862-e952-4117-89fb-c46a3e8d1df1,14898,872,34,2346
4112,60d1026a-7e51-4c60-8c3c-1a59a5702a3a,48254,248,5462,7012
4113,ffa01eed-d9b0-45d6-9ce4-4cb85c3acfee,13717,920,2531,182
4114,bb6ca1b7-a04d-4171-b0af-2481bfff65cf,29885,500,1263,9568
4115,31321f47-b15b-42ea-a684-cd419a7b8bd5,7881,648,4,948
4116,9c3ed8bd-bc41-4d28-93b1-d41e285c42ef,2520,792,9573,7886
4117,85ff0543-14c6-4659-bad9-dc9fdc971e5f,11071,244,2995,3034
4118,255f37c2-4403-4f18-98b6-733cf766f56b,18582,132,4261,1870
4119,88fb817d-8edd-4e7e-a649-217b94c07088,13831,290,1234,8773
4120,1bdffe8d-55dc-469d-ad0d-9a530641e4ed,49688,156,3028,9692
4121,d9a7ef07-927b-4d67-be32-b366b0fcb1a3,41286,140,4905,4181
4122,2e4fc416-3113-4296-a05c-9b700829fc2f,29178,538,1789,1847
4123,3da0b101-1824-4042-ab46-f3dba402800a,12705,999,6211,2654
4124,9d7558a1-f4bc-4cbf-aa53-5ab10b941420,41935,377,3776,4601
4125,0b3b6726-aa21-46e7-bbe0-c10108fec61b,17584,545,3604,3569
4126,c86b9cdf-f559-4391-8c90-a7bd2297e077,36538,690,1741,9052
4127,a6865628-7d8c-4076-8e2f-f9b3e9b92521,8579,895,6620,4158
4128,8ae7f258-edd8-4f07-9a78-573ecd58a9d4,23196,607,3725,3068
4129,85869794-4503-4a39-a40e-0163130550dd,2285,141,4919,3463
4130,dd890e54-868e-451b-8ee6-35f60a5e7547,7361,910,4028,7727
4131,d1dbe2e6-3ea1-4d17-9a4e-0a24bf6eec4e,4398,997,766,1412
4132,93cce612-7a51-490b-8c39-5f62f0ad5895,43582,396,5881,2381
4133,6532b09c-14f8-4084-b29c-58c8ecb86bf8,4261,244,1333,800
4134,d1bc53e0-69ed-4f60-921b-52e1db62ac6d,6859,168,6702,2341
4135,143cc3fc-805d-40e6-97a1-95385ea9f9a6,22054,272,7938,6970
4136,5573943d-d29d-4507-b67a-872aeee41339,33052,735,1978,7617
4137,6cc1cd29-a701-4f61-b709-e6c4847bf801,41135,534,6103,9280
4138,d66a5d13-e5cf-4777-af07-fc1ed53d87ec,25363,442,698,228
4139,865dc1db-faad-45e7-8fb5-118034704ffc,19974,290,8468,744
4140,4df926df-cc8c-48af-9492-92e0a64f0c04,18185,92,840,2770
4141,f01689d7-e09b-4c8c-84c9-01a6b2488e1f,33580,617,2569,3646
4142,25844da8-277e-4949-bab0-a8b0a3f8e514,46616,337,4721,1392
4143,0dbfc1ba-6d53-4f48-b9ad-7f3b2f30e22a,34197,23,100,1914
4144,fc032615-34da-4edd-9df4-7de90c0e35ab,17981,49,3579,9509
4145,76332f40-a75e-4e30-a9ce-daa608dc69a8,10265,511,6260,9930
4146,f22e4ea6-e839-43a3-b899-392b6d42e1c3,10323,491,6027,5299
4147,5da6b2ef-990c-42fd-8e78-d898a04d9b1e,21335,458,4002,5278
4148,d3057a27-7943-407a-91ee-21b730cb8327,7412,973,4273,2737
4149,f23da4f8-38e5-4cb8-90c2-1a0d1036c7d0,8504,287,6450,9242
4150,02a104b6-8550-4958-bb85-7a6354fd90a1,4594,186,3706,2783
4151,778703e5-76d5-4305-a936-5b627bed8d0b,42048,418,2216,9079
4152,70cd2905-ea22-496e-8e2e-7b84d89021de,31436,780,1740,6436
4153,568016ab-9b08-4664-b8d4-918a3405b749,10034,190,3106,4513
4154,aa9928c5-c892-4c4e-a288-4024d549d266,6341,588,7146,6560
4155,b9f0212f-77e7-4564-bcd5-3554fc2c647a,7119,315,1417,4848
4156,7a02322c-d93e-413f-bd4e-d4991c2331d7,22230,688,5102,1054
4157,e1b2180c-386c-4534-a319-2309f32aa20c,9499,68,7635,3562
4158,06aa7b02-526a-41bd-b7ec-44606bc34adb,36172,422,1604,3574
4159,09d24b7b-d3e0-4705-91b0-35f7410e4eda,5576,414,6695,4860
4160,f5a2f2ef-3dc0-4e5f-a149-f8cb15991374,28542,33,2455,8180
4161,e638e4e1-4ee9-4db0-a5ea-73f2c6e46cd9,25386,696,1806,1401
4162,aaa586c2-af97-4a0f-897e-9fcc8bc83781,3873,634,8052,9297
4163,dcf376ab-9331-4413-b618-5ff4312400d5,34457,771,5259,4284
4164,55159b64-129d-40ab-a86e-67896ea7d0b2,5782,619,3231,7750
4165,8c192923-fe74-46d4-811d-4c665425450c,49388,632,8281,3013
4166,c682616c-3171-43f9-8e4e-5a34d02b618c,38890,918,4483,1123
4167,f5a9ed12-3579-4722-97e8-6dcff7cc7744,12423,290,7376,2074
4168,b7204b59-4f78-4534-87da-f6672665904b,40942,615,4890,6913
4169,4148d1f1-b45e-4fbe-95b2-b4c5de8e241f,40312,885,915,4270
4170,43439a0f-853a-4630-9991-927960fa7b3b,28749,657,4410,8256
4171,e8a93d19-b04c-4f82-acc7-e124fa673d47,12367,559,3482,4058
4172,104792e3-e1fe-4c98-8d23-ec67436145dc,32320,316,688,9186
4173,f2a3240c-1eb4-4eb2-9ee9-3334bbefa3d8,38893,264,6474,2347
4174,2c8d7f40-3ba9-4ef5-8c1e-553a69d880b2,13470,739,122,7111
4175,23b5a5d7-7580-4718-a99f-80638881b03d,38767,407,9421,2677
4176,d2622ff2-ea46-4575-9a86-d3bda3aaa7e9,41813,817,3974,814
4177,86d0fde5-4455-4ac1-85b0-ab590ce94f65,14047,469,4018,3761
4178,55b85611-5d46-4adf-b805-a2da4a7b8926,6951,347,3088,9917
4179,5484bdd1-4fbd-40ef-866f-1ee47d2f2d58,35493,904,8697,6188
4180,e109299d-83a3-4824-9f3d-6936f4a8e69e,6682,897,9790,3167
4181,4a245141-5e6d-4574-9b60-5079b66f3f64,9700,834,5867,4744
4182,0c1b740e-6dc4-42d6-9a83-a21e22991809,23955,312,1662,4993
4183,0d8420b4-a8fc-47ec-a050-a43a49fd4e77,48334,898,6391,5377
4184,72bedf2c-fa39-49c0-b50e-e387f75b4ada,35563,840,7433,2523
4185,cda1bb3d-72b9-441e-9059-808f6e70e6fb,24041,180,1450,4872
4186,a68586ae-b50e-4c7a-9ee5-b7ef888b8eaf,26759,525,1514,4593
4187,0527b714-20bd-4771-a3be-4a11d2689202,25230,954,6146,6546
4188,6019155f-fbb5-46b2-97b4-2f2b1e8e8e57,7358,636,3124,4915
4189,0dd545cb-82ec-450a-90af-e670a9938dcf,7391,899,3110,1452
4190,acdd42b5-7cc7-45e8-8a40-aa6d9e0a64de,909,523,9416,9124
4191,ea7a5dee-5bd4-4f59-b985-de7cb813dc2e,23717,996,1969,9675
4192,d06c1d81-bfee-4907-9ce0-d26b949bb130,34128,83,5457,1948
4193,b1cb123a-98b1-4e9f-8397-5a75fbbada1a,29125,179,3787,657
4194,0e481693-c0f5-49cf-a453-bf6b60f403f8,12043,204,3477,5466
4195,c462146d-fb49-4d4a-89d8-42d946f85d25,31901,125,2589,846
4196,4921186c-0384-4e2e-b858-bb23d59299ef,47021,363,6552,4633
4197,aa5f1938-28d8-4b7e-af93-5d30c6565f43,29740,222,5273,1861
4198,1378baa2-9689-4f39-85c2-1aece8f26e5f,29945,320,2769,9095
4199,ffb599b0-a272-474f-9fe1-01e3bb2c6299,35173,163,7717,5515
4200,8df9a26e-44d3-4472-97cc-232dd10af3ce,6987,925,2275,189
4201,ee53990d-5627-4697-ab94-51f09c550c1f,20285,166,9390,5651
4202,de8b8699-5a94-497c-821e-cb86e90f0421,33752,414,2689,7136
4203,a1e6e1b0-f306-4f70-9028-ca0e34f15a72,23539,320,238,9800
4204,60c22fe2-7376-461f-bece-3f0c7a7d2971,25579,114,7222,5557
4205,9a62b5c9-d8e1-4929-aaba-6e66822a53b4,26843,787,7330,9487
4206,1e8f31b4-f0e6-40f5-92c5-4b1fc60d25d5,29602,693,8858,6729
4207,22f8c3bf-fac8-43f4-8324-2a282ece6530,9963,96,8412,537
4208,e30eb8aa-3630-4f8f-912e-6644f95a0be5,16503,545,5073,9979
4209,d45c3eff-6262-41c9-b883-f6be5f3b497b,47892,419,583,4049
4210,6ceaebfd-e1d4-401c-90d3-b07943babebf,3500,31,7693,2761
4211,e6efb6cc-bcf9-4168-8de0-5f7937c3126f,346,152,4574,1592
4212,6e4a963e-a68f-4a1e-8394-d19f2eab0ae0,48728,716,8938,1505
4213,e0b06f8e-3d56-4ffa-a1ba-0e0540d6ac72,32274,855,8724,7484
4214,da0b4e69-34c0-48d6-b34b-3b98f760e3e9,44534,348,605,3996
4215,3168ece4-56fc-468c-b68b-e28527741b66,34012,43,2355,2064
4216,402554de-5b30-4134-a6bd-0a0baaa3e732,33368,572,3088,6400
4217,4bddf421-53ea-4175-b614-62e9ae4e31d8,20019,57,2922,3630
4218,b1c8d5fb-db30-4831-94d5-39b11bbc77c2,31216,540,5912,1082
4219,7f312e6f-7c1f-430a-88c2-12f0ba2b24b3,29882,486,8464,7521
4220,a2e34ab0-a8f8-4f45-8309-406602099e60,8929,376,2364,1422
4221,03dd39e6-8349-498f-a52e-baaf8ad58fc7,19447,230,7017,1096
4222,f0ded008-1d8d-4918-92e2-dd9800825abc,10121,321,5375,7293
4223,a2e476c2-ec99-4b38-b72a-6184f9a7ab57,40678,586,4527,5866
4224,0940142d-e44d-42a2-ae56-f05b6e04ceee,41142,806,4998,7856
4225,878a78ce-e2eb-422f-95a3-98d4b1537217,31100,853,4523,849
4226,3369c2c5-a30b-4828-a673-dc04856c1144,20609,527,4431,898
4227,5364888a-70d2-434c-8bdc-3b499275320f,27147,305,9234,9693
4228,26e76423-d0b2-42a2-9fc5-df0700f8484e,44686,933,2139,4815
4229,5ab65d93-4fd5-4811-9ac7-979e1c7bc6a7,33810,222,6340,3737
4230,e91a8c17-b744-4f8c-9cac-03de7403b281,7914,118,5303,5291
4231,8f417e0a-b453-4eea-a5e1-624fb8287969,2945,43,5256,7074
4232,5e04e05d-dfa6-4361-93b7-8c6ad73af546,24168,307,7439,4346
4233,88b87c5e-1141-4156-99de-5450c789d11a,47947,599,3481,5592
4234,bb24c186-6864-4756-9cd1-9197d22c2efe,49057,801,4938,5264
4235,aca64f84-6253-4976-a527-91e19448e031,20352,683,3181,1626
4236,67214bd5-229c-46bd-b772-b9cde08d68d9,26583,651,2550,1047
4237,e008e6e5-a12b-4300-a7f0-7615a5cfcfeb,1566,101,975,9400
4238,a63f4036-64a4-4aea-ac0f-3a0dbdf44101,27407,851,2329,101
4239,9600260f-63f9-49d1-8132-f4bdbbcf942a,14979,240,1243,2982
4240,c7350b1e-de52-4f67-98a4-70f75a023fc9,22325,273,140,5980
4241,ea8c4b1c-f567-40ce-b58a-7260f97e2380,22460,349,4093,9127
4242,59ef3841-b2d5-42f4-81a6-17414a61b8db,19556,152,8658,1865
4243,dd7761ed-af3e-4ffc-a148-6f6584b7e361,27541,771,4307,1857
4244,ea07671a-18f9-4b37-a535-0cd5469f030c,20215,751,3006,7015
4245,3ddac3a2-4bc5-4c08-90e9-3c2e6487ef90,48192,300,929,7686
4246,49908a2a-d9df-4d54-8a99-56e939a1ceab,38268,823,5446,7061
4247,876e3497-3bdd-43ba-a0f3-3c6fc3e99891,40834,35,5154,4017
4248,fa7f40ec-346f-4204-8656-547e1851e367,25125,546,3765,7200
4249,5b3ff047-89f2-426c-8006-416e0a825229,8419,626,6840,7982
4250,a6261e43-0725-4bb3-95ac-879240460c26,30768,470,4260,8418
4251,d3dbcd32-cd35-4fe6-9a59-75d38aa11a20,45608,778,5935,2134
4252,416c39dd-5821-4187-a423-08f9efcb6fa5,347,366,9160,2486
4253,982cd25b-3daa-4040-93a5-63c9658ca1b3,39726,819,9160,7291
4254,ee772800-40b9-4097-8d86-117f9ff1669b,19749,830,8243,3521
4255,00a0e2f9-d6e7-4c2c-aab2-34598cf7eb36,20471,914,8259,8466
4256,fcb84883-818e-4766-9f12-d9af7c9d853b,6065,159,8261,1647
4257,2d0b1595-02e9-4e4a-831a-ccaf8581074e,6104,310,626,4258
4258,8d800a32-a8c9-47c3-b2e5-f592a7eb17f9,47447,38,4312,2764
4259,74349bcb-467a-4e08-b7e4-31c7c782f843,23490,271,9155,298
4260,d0beb1ef-9ba9-482b-a0bc-bb882eb12dd7,34709,278,8445,188
4261,af96f540-9e1c-41d9-953f-ad74f0174ae9,1402,252,1129,1747
4262,78d11ebc-c535-4ccf-abd6-e069d7689697,31792,648,8706,8831
4263,e8f65955-736a-490a-a00a-899a7e09ceff,10243,867,1542,5958
4264,854e09e6-0c05-44fd-ba20-d6f006f8cbc4,26804,139,896,3670
4265,85dec678-b1f9-46c0-8817-6eb45f3a5015,43676,601,469,4345
4266,d3b00714-28e9-48cb-bd0b-5d69658c0a13,31207,731,1672,6273
4267,21a59a8c-a448-4976-8820-d24922049f8f,45740,71,918,6365
4268,cf3466f7-4ec0-4468-a5ec-93d79b26c6aa,48712,844,3878,4101
4269,59bf0330-c714-48e2-859c-3aced3d4b80f,3909,19,500,3931
4270,f2389193-4025-491d-8302-245e601f92b9,6202,731,6590,5308
4271,96e3fa36-9bdd-4210-984d-0ce219968e16,47047,732,2185,341
4272,dfb1e702-53b9-4709-a14f-0b350380fe77,17719,819,1754,5312
4273,3fac8830-66c8-4732-8374-43d85af9ec4e,5783,528,6407,1340
4274,e6f80e4f-d3dd-482b-83da-8b3c1354d838,39775,694,4826,2116
4275,5c2692ce-474d-493b-bb5c-068ea1db90c6,10327,978,7456,2210
4276,83ff409a-3328-4dd4-b481-0058d3609090,47048,955,7283,4448
4277,91ea5f5a-4d54-4123-854b-6495aec205e1,28126,166,5374,8412
4278,44fe8aef-6669-4609-8e36-d139e079a389,44076,654,4603,2153
4279,634497cd-2e3c-40c4-af50-530360bbfd0b,30348,200,8328,583
4280,55557e61-65e6-40b5-9964-b7c6a682c4bc,6711,33,3228,9026
4281,a6deb71d-57e2-4c38-b12e-200d6db0c31e,48280,673,6881,5589
4282,99e3e800-2034-4703-851c-2571eae7e909,37988,221,2970,5959
4283,0b1cacdd-3507-4993-bbf2-84dcce4dd25e,41224,266,5200,6672
4284,996fc125-f118-456c-942a-a40adac857dc,13816,267,7931,9144
4285,eef0b5ed-b7a1-4648-988d-91511dd71efa,32596,952,8330,8242
4286,20be566d-67aa-4686-bc89-4fd38765aa11,47279,756,6114,3047
4287,708401d4-d373-4dc5-bf51-d9163d640837,8302,271,5743,3545
4288,d19c3c4d-a520-48eb-8eb1-9b1469712b14,47337,28,7493,9718
4289,69b7ba8f-df03-40f4-b686-e7742e2755b0,911,819,4381,3396
4290,dddc0e4d-8a1f-4ef0-83db-9bbd9a8d3b3e,36126,26,681,3960
4291,9597014f-3a66-4e6f-9bd9-6ac8358aa2e0,18700,211,5722,1281
4292,3ac8024e-7ca7-4374-9482-695b471a247d,20029,745,2404,5428
4293,d019030f-9065-4948-a71c-4ccd291aff1d,23508,135,6682,245
4294,bde45875-d187-4e82-816f-5d13faa6d76f,18958,129,4855,2403
4295,7b9aa67d-1db7-4abb-8c66-91357f5b63e7,9464,618,3797,8900
4296,b2b080aa-e44b-4d44-a89c-77cec7751a87,38175,453,6827,9540
4297,2a57dc76-747d-4cec-9b48-e9bd7cfdf4ab,3440,100,6077,1621
4298,3ebaa89e-307e-4f84-b71d-759b2fff12f3,13680,621,5248,9232
4299,26972df4-12ad-4ebb-a166-f45fcc6ce09b,14124,315,4843,5712
4300,fb8e5c47-82e1-4fc2-b634-85c26302aaf4,32011,680,8254,8223
4301,cff0bcc4-b838-4eba-8410-4377bed88a4d,48677,15,1821,1755
4302,d1be4c6a-20db-41fd-ad75-8d7bb92b21d1,48039,512,5122,8316
4303,90a4fbc1-600d-4647-b39b-25530ed673f9,15642,360,1038,4332
4304,7adfcf6a-6487-429e-818e-a2bbe0b56798,46250,851,1581,8881
4305,04a1f6ee-8b1e-4d4f-9baa-4dbcc437abf1,48259,629,5456,7975
4306,94ac8ce4-dd22-464f-8569-8c4c0a3b2469,7329,259,5079,7564
4307,a302b27c-25f9-45ff-9ade-12dc296134bf,38430,592,6602,4475
4308,48745e27-6867-418f-bc4a-7e8308855ca3,4129,8,6297,7933
4309,9f82f4e3-75eb-40f0-ad73-6849130e172d,8536,837,5154,6017
4310,d9e926e5-ffa7-4701-a996-cfb3a3827203,32587,534,3825,6778
4311,17034364-b346-496c-b6cd-340497615fff,27905,781,8890,8145
4312,58d3f2cb-231a-4541-91f4-c250d548eb8b,16165,51,3321,5214
4313,b5a08b93-4ee1-4c25-8244-de8aca6aed9f,23782,602,9407,2248
4314,7e45dfd7-20f4-43be-8f1d-a664e59a8502,43852,487,829,1542
4315,4f0a55e8-5335-4d91-8c9b-df206151b572,26179,951,2732,6461
4316,61d148bf-15a9-40e6-a5c3-47b1e4c3244b,15626,72,6312,139
4317,c9a732fc-5dc1-45c7-aa97-33e154747eb7,29299,578,7773,1726
4318,dccdb730-fdbe-4f3f-8590-8a063f46bde3,43488,372,1946,7537
4319,3eb45f9d-daca-4678-9be8-9ed72886f504,25157,522,7563,7396
4320,4574872c-0046-4c29-ba25-305fbe443909,24492,388,811,2331
4321,69594387-0259-4471-b0b2-2a7daeac6d83,44377,566,6834,5954
4322,0c1538ee-d7a1-4ec8-9a5a-02baf5c334d2,32227,575,2337,2962
4323,67f7e3d3-b058-4bd2-a67a-3b51a567af61,10680,184,3638,4133
4324,ba4b7f66-3401-48ed-949c-46b683c62a71,33132,290,3257,2546
4325,8920fe70-6557-4137-b4e0-aebd3cbdbd17,27536,4,9140,8222
4326,f7d94327-f2d9-4946-ae64-2c81baf62f13,49385,87,6129,4352
4327,64a0af90-daa7-41a4-8b90-bb31a9510bc9,49323,380,5754,9740
4328,501a9189-d51c-4d30-9454-3f08c237bc2b,1197,742,2969,8582
4329,1d9954bd-775b-486a-ad84-f1c9494292f1,15396,754,7577,6683
4330,6cbefec5-4035-406e-96ee-33bd2f699bc8,33483,185,6335,3210
4331,13fc9b0e-64db-4193-958c-bdca4d29b1cb,27952,449,2751,3565
4332,27cceb1d-4ddd-4385-b472-a64fcaaa357d,13996,331,3115,564
4333,51fe4ebb-3726-428d-89a2-e6d5b36e49f9,49083,907,1601,6827
4334,afadd8fc-bae4-4caf-beb3-e7d4f4906f07,24610,298,4689,2312
4335,fbe0db07-3eaa-4c02-ae97-25b62c41d692,46263,69,3198,4610
4336,8bcf8e19-ecad-4918-b356-02f8d56703fb,10716,478,899,3436
4337,6f954200-66f0-4625-b00e-7831d47b7ad8,34349,73,2386,8988
4338,4b036f74-dd43-427e-915b-0885b92d209b,45955,204,8154,5127
4339,26e6c7bb-6c0c-41d1-8a34-c7aa83576b74,20967,227,9624,7260
4340,b2049fd5-1193-4b7f-ab72-dc2901fee43d,4826,724,8705,216
4341,3d8e14a3-3080-4a34-8d62-2a2ae395aaa0,46127,671,4701,3399
4342,a74dd557-50c1-4c26-bb05-f4f4f805a191,35815,421,7680,6887
4343,c8bc0cbb-5c07-4264-be14-0f8f7f249e8e,242,700,7513,7208
4344,4270bac1-ac96-443c-b9ce-868582f8fa9f,23969,594,9359,8848
4345,98b70cba-c71b-4733-bfe5-6d8b8a9d92bb,35019,161,8742,2137
4346,5b7cfad7-bf2c-4e21-b0de-622f33a1af03,28990,422,1847,6971
4347,b92a4e43-b4e2-4ef3-bc71-c3f49ba39da4,2368,895,8936,3006
4348,c6d59e3d-2a48-4bbc-bf1c-c14f7dcd5d24,29113,210,661,7138
4349,f74b942b-76af-4e73-9b0e-b74e77eff0c8,18156,192,2664,4665
4350,c9acf920-e72d-4402-b4c6-c5508cc888c7,4939,238,7103,549
4351,f3cfc30e-2f40-4326-8b1f-15e80065a98f,24380,187,9488,316
4352,0826fef1-2296-4965-a399-a6deac77beeb,35544,496,2207,3544
4353,004cf976-b3e9-45a2-a780-e05b636f0611,37584,701,7368,6164
4354,90a0dac4-f7c4-492c-95e0-c04fa589638a,11882,954,5291,7495
4355,f9ff3a70-7dca-4b65-8e89-731041b1d7fd,24793,466,5308,6703
4356,54627229-eed8-4e26-bcba-9b5448fde0d6,27695,230,1220,7971
4357,360afa81-79bc-4c8e-833f-7bbabdf9c7fb,39185,307,1672,553
4358,76953d50-33de-42db-96cb-bbe391b55bde,15695,56,3710,9310
4359,9591b75f-7cd7-4394-b0ec-6868a2cd05de,42378,659,7654,3540
4360,5c7d3cb5-c431-418d-abdb-b41a1a8eefc0,7095,608,8265,9313
4361,6c741e4a-0f5a-4fe3-8956-ff6b03e47d0c,24768,536,3928,5673
4362,87a6308f-faa4-42ed-9c51-7ab3b93c4607,15481,915,6730,3306
4363,87b79c5a-dc6d-4e5d-8915-0c614e464efe,31255,444,3893,3212
4364,dc381edf-20a2-4fa9-9016-fc0c7e1fee62,43028,215,5303,2978
4365,b7655d5f-f5f7-49fa-9c77-292acac4a2ef,27217,217,3942,6066
4366,dc8ca7cf-47b9-4e07-b894-7a9276a3a5db,31038,498,5266,7189
4367,affc81fd-6ef6-4410-aa8c-08e0bcf309e3,5491,109,5533,4009
4368,994f4220-be2a-43b1-809c-0104417b3dd4,43196,705,5465,153
4369,0c634a0c-7674-4f7a-81ef-712258660688,49279,453,525,9532
4370,cadb5e06-60c8-4f35-a0e8-34d4dcb6c75a,13742,814,524,6167
4371,92ce0bd8-bdb4-42f4-a2ce-766969b3219c,38959,130,3099,7026
4372,10a9f1fd-246d-489a-b526-6ea0fa63c705,17454,165,3308,8995
4373,9934c978-d17a-427e-ab02-9102ff4deaed,48211,891,4123,2033
4374,64c5025f-e959-4647-98c1-03f01451765b,1829,868,7277,315
4375,76d01560-5b35-46df-9c32-a01ac34983d0,15944,820,1388,4954
4376,cf40af71-dcc2-434d-a1d2-26c364d2ed02,31266,728,5587,8433
4377,aa4264f6-4013-4bf4-9572-a5c361bcf302,36383,185,5019,7995
4378,6ff59540-604e-4f54-8be1-4de23e71155d,40994,740,3221,5154
4379,d49b7520-a8be-4770-a2a8-be052d83dda2,19411,345,8102,5995
4380,6e3a5ba6-3c42-4340-b468-4346de0de462,23557,125,9676,1642
4381,a05ea7e0-b582-4c4b-9ae3-6b5f0ed2cbfb,45499,93,9996,9732
4382,f6b093cb-ae64-4027-9795-b03bd25509dc,5461,300,9774,518
4383,e2332129-3c82-4e51-be1e-f1cbfc6aac14,33255,589,7091,5517
4384,c509c431-72aa-4d16-9398-4c6560aa954d,1781,85,6240,6653
4385,b45eef7f-3209-445b-b262-7d5465ceb239,44389,36,461,817
4386,73aa0ac0-d53f-4cb5-b8ec-57e95ef7fa2f,3790,823,4350,7171
4387,dba30164-adef-41b5-a7d9-55ea9bc62de5,12950,161,1940,4400
4388,d4fd2bdd-266c-4dcd-b117-e3ed140bb561,9061,490,7863,4792
4389,926771c1-0419-4599-85ab-efd29954b5d5,13818,158,1122,7323
4390,5edc4fc5-b90f-42e0-92c8-51d85b15eca0,10115,859,3856,5801
4391,eafca689-334f-44d2-ab3d-38a8dbb222c0,15449,795,72,1020
4392,9b04c72f-23ea-4402-9215-49e92192683f,37865,907,1575,8513
4393,8b96471d-0a0f-4d93-a84d-384c9c9c6ebe,49210,65,5835,2146
4394,a744ee2d-ada3-4f58-a1e2-f6c0c6c8ac87,40454,158,5318,2405
4395,cecc1cf6-3162-41eb-9bee-b282df566d3e,16245,250,1466,4506
4396,96a69ac4-2b85-4803-90f3-ee5712942224,8066,127,9103,7022
4397,e94898bf-ef37-4d86-87c7-65e13ef25301,36557,683,7650,13
4398,a6e7460f-0abf-42f2-8947-1e6c613972a8,11735,851,418,4795
4399,4a8b1270-9e52-4c48-bc1d-d48185ecb515,9578,226,9584,9631
4400,bf2702f0-a2de-4967-98d6-00dd86252a06,48604,114,143,9689
4401,9a156638-7b8d-429d-8872-16394cbd3ad3,49569,622,890,4384
4402,3cb0957b-8c83-4159-a599-c78b1d7f2b83,45776,329,1007,6112
4403,77ef28ce-dad5-4452-b15e-87125673cd6d,14034,963,2928,4197
4404,7f34759e-be4c-492a-ab9d-862a533d775b,14763,210,5012,2301
4405,3f8c1442-9b5d-4f52-989a-2e49b7417f66,14782,631,5347,3261
4406,17aa125b-e837-4dd8-8ee4-dc95c3dcfc46,25400,511,2770,5457
4407,3d45392c-af5d-4837-b472-4b0911eb04f9,9588,332,9693,3680
4408,88a7dfb7-c39d-4f10-a609-a373e1a2e3ff,1543,273,4953,2980
4409,46ded60e-d70c-4713-ba06-751d3b53437c,330,392,7861,8515
4410,dc876c45-6945-4af3-92a9-79ee2186ed55,23226,954,6361,1174
4411,024fda45-96e4-4e7d-b438-0059e5812b24,31293,650,4326,2203
4412,45747923-a89a-4cbf-a803-299c5de2103f,23372,567,5052,7903
4413,c941b05d-639f-4034-8635-7a2ca59df369,10051,733,7171,9209
4414,6f399d25-ed13-4927-9eee-bfe209b02805,37630,81,1828,6310
4415,0e5e544e-ef41-4c8f-8b8b-6bcc967e9851,42183,995,3147,1653
4416,1cb3b970-78c9-4ba0-9696-736dfdfb533e,31574,954,7096,992
4417,5f614acb-f1b2-449d-9b42-d0fe2eba6d9f,6720,196,3415,4883
4418,4182389f-512c-4158-85aa-1b1e35a57550,8576,422,4827,6196
4419,834c0401-efda-466d-ad8d-a9cfc75f9df5,4481,462,758,1008
4420,fc7eb9d7-cfb7-4740-9ee5-0d4852aca7fa,41237,727,8019,719
4421,910ee1a5-343e-4699-8496-0b32c03caf57,30452,494,1905,31
4422,81c89206-d31e-44f4-8100-dcb6c9a570c2,5939,389,5569,8222
4423,5c17ac62-115f-4489-ab1b-89541433dc92,7125,848,5184,4614
4424,9b50a4ea-fa3a-4291-a4aa-196b8dfea023,30270,745,6810,3831
4425,3fbef7a1-e5da-4723-b7f3-ec94a1efb185,44566,845,5264,6864
4426,5c8b9fac-9d40-4d8a-9eee-419f030cab1c,24313,757,1547,7570
4427,5fbb83dc-49f6-45c3-8ee0-ea4540e8bdec,2814,268,8704,6251
4428,fc86d28d-0ec0-4865-b231-01267d3f5cef,3973,689,6568,5171
4429,6bf4b8f5-7333-4e36-aaac-29239195274e,26252,765,4044,9267
4430,37b55bb3-70f3-41f8-952c-fd4c54a256c6,27382,761,9433,583
4431,0546253e-f317-4488-ab4a-47fe48e6eadc,19182,494,1616,4627
4432,5eba15b9-b6ae-4c0d-b5dc-706a10ebacd9,37008,267,8621,2695
4433,b2c74fd7-2c27-4238-99ba-cbe167111119,7861,443,9378,3292
4434,081a565c-dc3c-45c8-9061-34e1e3733950,17975,181,5454,8218
4435,baea1ebf-ad70-476f-982a-d428c13666fc,12752,56,9614,8783
4436,0d3c755e-5626-4d15-9971-6bac5ec8715b,38117,783,231,8711
4437,082d4f9c-0018-42b2-849e-4cde90a3989e,13758,998,5874,552
4438,39fd47d9-e411-4dcf-bc64-357cdb2064b4,24180,478,8074,9828
4439,0ac02dc0-40cf-4890-8d94-9b7b91cefcbd,21348,43,5350,2564
4440,0da24308-f6ee-4f68-94f3-251156abdb66,43146,257,4391,558
4441,71f9d799-17d0-46a6-9640-69fc10bae394,33192,206,1903,7734
4442,849b43ca-4244-4811-87d0-b2d2261ad472,49725,712,3359,6051
4443,66e90f43-8f50-430d-aa9f-fed831049e72,13120,473,7073,9672
4444,d096071a-08b8-4c7e-9327-fe169c9f9367,1014,374,1306,7201
4445,d9a2bb2f-cd61-4002-bb50-ec18165c5f5c,25159,326,2201,1837
4446,7e02d2a4-81c7-4534-83c1-af940a2ba41e,39068,817,3699,6063
4447,45d35345-1adf-4450-abe9-23a27f7bd92b,6497,456,9937,3103
4448,bc6c9464-c738-43cf-94bb-3641b1ba34f4,18747,884,4735,658
4449,41045cbb-a08f-4740-a971-c90595c32219,48080,323,503,9217
4450,ce74e9b9-05e2-4b4f-9a81-2148a368cc21,19108,787,9197,8180
4451,0fa2982e-7ed0-458c-8b9f-bdbce3e75b1e,16553,430,5083,4892
4452,2e7a689c-a068-4595-a11d-6716b80d0187,2502,482,2327,1946
4453,9c86b61a-e0ca-41a7-9078-cf8c25ab303f,37964,498,6206,3151
4454,760f7ea5-58b9-4b5b-bd63-495775c93505,31397,16,4602,6951
4455,3ac0cec4-88a7-4ebe-af48-b7ce1b07557f,23301,407,5264,8412
4456,0092d0df-4472-4cd5-ad44-c3b0447cb77e,44584,719,5481,5669
4457,9e59182e-a8f1-4c99-9e68-de59d60df3db,18544,759,2637,2666
4458,661ac935-aa41-476f-8102-d81b33363732,1963,878,3236,3450
4459,fe89d080-dde8-4ad9-9601-dc92fd6ccd65,40825,961,2800,2979
4460,6eb18846-4a8a-4f70-a7ce-3642f99a2d06,4527,971,977,2694
4461,a2bdf0aa-e5b2-4c15-8c59-026b8b00336f,44495,35,7545,3203
4462,92076e83-7806-45ce-b79a-20696f41b0b4,36304,163,9971,7928
4463,93c3abb2-94b4-42c2-a1f1-a9a9b753d80d,23939,196,7468,4645
4464,a84354b9-9c29-4bea-9d36-d9af8474e6c9,33824,32,5579,7926
4465,d9f79b2d-0f19-4250-a325-3c3230357a36,22882,164,6298,2527
4466,9de283d6-57d8-4a89-b54d-4bf7b397b55b,21453,121,4563,7518
4467,15336c24-6b38-4eb1-a4f4-1b48cfa8b7b5,15725,64,7149,695
4468,e3ebe436-456c-417b-9c25-768776e34ab9,14436,344,5665,1122
4469,aa6462ec-8ae8-4579-b3dd-90e09ed89aae,362,497,2596,4558
4470,427ba5e4-058d-4784-978f-78313cf3fe8c,39790,504,5623,8939
4471,645e83ed-9d6c-4a25-9b31-3848b7c79f62,17094,979,3259,2153
4472,1234e0d1-df59-4de3-b22b-855aead0ccba,19518,378,8785,9754
4473,9062c2f9-6fcd-40a5-aefb-7ffe93c16ad3,12214,685,5111,360
4474,994548ba-667f-444d-88e9-86e3ae773dcb,32064,540,3764,6388
4475,d849b57c-c9cc-4e94-b9b9-83980af290d7,16270,197,154,2293
4476,51ea8c3f-7aca-4d18-be57-d812e8e8227d,24986,163,6021,1812
4477,e3b89eae-b3e4-4299-bc4d-954498b7c6fd,6427,73,6113,2751
4478,752d45b5-1cf9-42a4-8a7b-21d1eeadffe3,22848,216,3749,5422
4479,affd0268-3fc8-4911-b53b-ef9f434319c8,33066,706,1805,3455
4480,df8c61a3-bd97-41f8-bc56-d47d4869f400,13608,40,9425,9551
4481,1e6df732-b369-49b1-9a73-06320a44cf1b,40058,938,8689,8172
4482,021eab9f-576c-46bd-a6ba-e903065a4a3b,15015,401,9722,6576
4483,73285ecf-4f50-494f-ac35-1e58fabebc68,26360,102,9755,6195
4484,2189d69b-807f-472a-a527-370c2f420f2a,10581,894,9646,7476
4485,eeda215d-9d36-47cc-88c0-ee3be9f95280,9228,339,4717,1166
4486,683e88e1-c7f4-4cc9-b4d6-da774e8dcfe1,23250,539,2030,3308
4487,5556bb9b-5645-4077-9d25-df9f5c775647,39499,528,1721,7388
4488,1a13013f-06e1-4d20-8cb5-ef99921ab58a,31600,776,9965,2787
4489,b78ef1a6-9071-4f20-a719-7b8bfc903d27,44278,237,9811,4929
4490,b88674a5-60eb-425e-82b7-705e4ecadb48,49022,900,2888,7397
4491,e67ddcff-7a28-40a6-9276-62c781f4b34d,38541,897,3496,2628
4492,758978a1-c048-4bab-b0f5-c09e428d119e,32883,748,3728,6142
4493,100b0bdc-e852-4cfe-9b48-9dc210aa5f43,15912,973,7202,7734
4494,a83195e0-060b-4fcf-bbff-d215cddddc27,44644,814,6230,1663
4495,6c5e7431-ee74-45ba-8e49-36b03c88fb5d,44244,457,8274,2317
4496,92c7c756-36e7-4e63-aef8-9050d62f16e6,19536,89,5379,3421
4497,9cae6b59-afdf-4677-aeab-577301845075,30120,926,8516,5525
4498,ce6e0a45-44c3-40dc-a2f7-e264bfe5abcf,9125,724,4093,5894
4499,0dc5015b-fafa-4618-a559-3f6d369a8605,9859,681,8258,9390
4500,d7f45cb3-ef71-4802-a6bd-aabaac307bc1,7686,737,4484,3622
4501,b8c4fdcf-7cbd-49d2-b1b8-3c04f71e9fe8,39012,936,8632,5209
4502,5fcee888-fb2e-4588-9838-f8684ca9caea,29529,291,6102,1211
4503,ccd0612a-4788-49cb-8ce1-e2111b64aa80,35347,132,7195,7940
4504,da346107-b134-4cf1-8005-2eb8376563c5,21964,957,9505,1399
4505,30a003fb-a54f-4a90-be64-0d3d4fb50104,39901,953,4927,2279
4506,f39abc1f-1eb0-4e33-84bc-f5a161274a29,30338,88,9584,3138
4507,1a09d21e-820c-4819-a7aa-076fe14030a6,1266,179,1100,8712
4508,fad77b9d-4c3f-4ab5-b084-a3b0eee29ab6,9333,278,3859,2102
4509,3f45abf0-36e0-4e01-89b2-2f4f241c9b02,38488,719,1512,2589
4510,f705b23e-d0dd-437a-a9b2-399edcedcbf2,28357,912,298,2839
4511,d3fe533c-d821-46e9-b0a1-ee9684dc06a8,25323,46,4815,1212
4512,819b7305-7875-41b1-85e7-73261af9e41f,1840,488,5230,2605
4513,ce3ed387-5de8-4989-b99c-ea9e3e5c3f8c,48328,833,9380,1703
4514,2dd40a35-f03e-4e8d-b8ad-6698de2ce869,5538,324,8566,8276
4515,c0c9ce7d-d531-456b-8298-c3497e30e93e,12776,992,8827,6897
4516,4e57634f-435a-47e8-a5f8-7cddf7e0c7d5,5125,131,8332,6464
4517,3e1bef44-23de-4c76-bc1f-ecc6aa922e0a,3662,889,1512,9893
4518,9b360f97-0caf-4a1d-a85c-8505330afaac,40478,548,1820,3624
4519,2fc55f9a-5184-4831-b263-0a74a98454b5,622,878,9475,7888
4520,03ec4fc9-766e-4738-ba45-12fef250c105,773,825,9762,2275
4521,4c9a85e4-ac90-4c4e-819c-0a4d1f45aea1,1548,211,8087,6733
4522,949cef7f-d33f-4da0-b260-37f35a1a1de6,34691,984,4877,1865
4523,3b78a98d-5076-4532-9910-ffad99ccb47f,4339,444,1171,9177
4524,21eb863a-5e58-4007-b8d3-489659758130,32974,732,2027,8387
4525,19f92bd4-8245-4dd7-95b8-30b4d05e8175,12386,224,7648,4376
4526,bb9c3eaf-aa38-4dea-9ee5-1a39db454878,863,332,8968,351
4527,36610685-0459-4e50-90ce-7d112791aa92,12347,397,309,5365
4528,cf94b7bd-4a5f-4746-8cdd-c380af126cf4,11649,251,7804,9016
4529,7ea899ee-2281-4626-9fd3-ab981470a1ad,8798,136,7844,8811
4530,cd246957-1f43-4506-bee8-5bedcaaba40a,11595,608,628,2649
4531,0cf93387-5385-4e29-9eb9-26f5e815b8d7,10225,514,7106,5498
4532,69150ef4-bee3-4ac6-b438-3697a4bfbe42,19234,765,9931,1327
4533,4cad6edb-0f10-4532-a955-d8074db4642c,17322,686,2979,1748
4534,4c3bd9ee-554d-490d-ae2a-6f8993e37da2,1342,936,6985,9206
4535,875d997f-49b9-4b13-bf41-f125e6665041,14664,363,7824,3562
4536,7d7c79eb-cd70-42df-aa5f-2e5caf10db3b,35830,960,3653,9087
4537,aee3dd9f-256c-4520-a221-9b092cd4376e,9086,657,7551,5690
4538,b311ba27-e24e-46c9-ab83-f29d357b6fd6,37807,980,2899,3051
4539,6718a472-7c3b-44cd-8d16-91923c917ce6,1995,580,7028,3658
4540,ee4f3a4c-5f5f-46e2-b50f-c74f3214e018,16709,664,1990,2100
4541,86d30e4a-0981-40e4-b1ca-e62269b745ce,2246,229,1422,1064
4542,b1e9b0b2-54c7-4c4f-9067-8ce59047553a,27684,715,369,2813
4543,6e1d6f65-c0c1-4d51-b857-628f472d5587,8497,490,2170,3747
4544,fda087a4-0fcd-4f85-b6b9-aaaa2a245d8b,41461,16,6296,3510
4545,c139f63f-012b-4c14-9180-ef77eae62551,43188,11,8594,7097
4546,6692d248-14b6-49d1-b09b-a4c2d1baf95f,7381,698,6228,432
4547,fc667d8d-5d97-4e7a-8579-1a3362e73df0,31165,788,7395,2459
4548,d3628020-3729-4494-95dc-0c6e16f8591b,30721,794,6728,3637
4549,3c66a2e3-6a79-44e8-9f56-2aadfa8e5eef,7337,178,4765,3267
4550,ff84e504-bfac-4ecb-a417-d9f78da8266f,38223,680,2162,3109
4551,6ceafc45-c7d3-4db3-b55c-d1038cb481bb,43489,270,4139,538
4552,dfe1378b-06be-487f-9871-2c83be4d320d,45564,177,9700,2455
4553,f473e1fb-99f5-48e5-a303-2db67218ec29,48867,32,4938,4938
4554,1de505b1-4da5-4009-9ca2-2a8fcf08390c,35109,464,6130,5275
4555,ba7cb472-4d48-4b2c-81da-4c3d3eba4134,35503,468,6115,3401
4556,7d51a667-ffc8-4704-8221-1cc60582042f,23848,733,2878,3387
4557,8281f4a8-decb-43e2-ab6f-d7f31815be42,6592,400,5956,9106
4558,380627f9-2feb-40ef-85df-4fbfbff02ce9,40367,930,955,5263
4559,a540848a-19a4-4ec8-bba2-885148b33de1,6212,368,4445,2531
4560,7ea8f56d-6104-4bb6-aa15-e0f9b4b3fe6a,10501,626,8640,9563
4561,784d66e2-8d47-4402-9691-809a8c9b1068,48036,111,9302,3391
4562,15a502c1-cfd1-4bbf-acf9-f657dc25033b,11480,13,5018,1229
4563,0ad9f702-bb25-484e-a60e-d1ecb200d644,26641,46,7487,1062
4564,ff76854e-b39d-4334-b52a-72a2fb3f043b,47126,247,8035,3405
4565,8d6a8ec5-d5b3-4a91-8632-70172a28d5d5,12080,30,8258,7466
4566,642c7de0-970a-4018-9902-6d2865621690,10627,593,9667,8208
4567,12fc5143-967a-47c3-8f2b-2d2cdaf95627,49975,454,2055,7286
4568,23dbd399-3013-4278-83d8-cf1b438aebdb,8861,633,108,2491
4569,7896034a-340a-4e27-a3cb-f2beb2584610,40554,838,172,9542
4570,4a5f375b-e4e2-4285-8736-5386f1ca7dae,24127,189,3496,4189
4571,03575047-2ad0-4111-bceb-1bd7952c4da6,48705,985,9679,7492
4572,80a61015-b4a0-4c00-9339-2aa09bec1339,21739,422,1453,7886
4573,ef4eaf21-ba3e-4155-9e9a-45e9533ff6b2,28583,149,5057,2167
4574,88470aee-b4a2-411c-9ca3-00a901da06c4,27759,392,5683,3575
4575,d971b029-dfe4-484a-9784-bedadc14a508,22855,125,2181,536
4576,c3f70389-5b6a-41d5-acde-dc71173fb21b,2930,212,2342,7478
4577,7de71f9c-1c35-4605-968e-674bfed13310,48852,229,2824,2133
4578,34cc8f1c-62cc-4f02-a864-64e3ec5b5ac7,21815,953,4127,8501
4579,5d0944a9-de6c-49b0-8375-bc5d4fa67082,26459,191,1766,7449
4580,decac4e9-992a-48cf-bd8c-bd835f421b10,48554,243,4208,650
4581,5e007784-1158-42f8-9fad-2759360516de,15965,331,946,9941
4582,64f991b5-256f-4136-a21c-e96521c9e2f3,5996,836,7680,1608
4583,4631ae63-54ad-43fa-a436-68368f8a2fdc,8710,443,9003,8602
4584,7b1765e9-a3a1-4c23-a016-47e955ac9a1c,654,623,3176,4835
4585,eb5f1358-9cd1-4721-889d-1f42552c6171,929,753,4005,8601
4586,fa43cd02-f92f-46a0-97c4-f1dce726d066,12648,771,2134,986
4587,61a2560b-195e-47be-ab53-bd6425d62ab4,34732,659,1719,6134
4588,7387cfeb-1de6-4642-879c-773511cf9baf,31054,109,1156,1014
4589,ddbca1e8-6d30-4287-945e-48b14aa1d37f,28961,367,7627,2418
4590,f0c44273-1374-4780-b247-dac458deb510,26250,110,6405,5843
4591,62ad8f0e-cddf-40d5-ac1c-c8c99acf3b21,1486,911,9679,3609
4592,789e1d03-e458-4bbf-bb35-befede48fed6,3248,543,445,2063
4593,1e510ff1-e78a-4914-bfe6-af69b139a770,20611,781,8584,2276
4594,9ec0cd96-bce1-4105-941c-d3d9969f771d,33588,52,8783,2644
4595,194fa3f7-8777-4c86-8ec3-017b12b97015,21248,515,4089,8473
4596,eb121c4d-bb51-4b50-ac2f-602872fe2f3e,28442,336,5969,4654
4597,573d5996-2be0-4714-8274-b9c8b03cd935,26026,150,5958,9616
4598,352eccf0-3ba8-4c2b-9e0e-840e78d4013f,39641,411,9607,6044
4599,0cc28d5c-312e-42f6-a0f4-8826c95ab01c,49152,655,6130,4207
4600,bc7045bb-d214-4171-af3c-20cf428c51df,47950,927,3249,6464
4601,49f92e95-7882-418f-a0ae-e4397a18f9e4,28152,890,7407,8722
4602,4a0df4c1-7314-406f-bc51-e0a8e74b5c77,22507,570,6165,6108
4603,ecc436b5-80ff-468b-ba9f-cfa1d1694c12,8943,362,6585,5904
4604,2389afb3-e9b8-4dcc-9894-c3335e6209cb,17765,362,5028,4171
4605,46f9ca06-7a8e-40a6-9f84-a1ce484096e5,1394,749,7207,991
4606,f13d0430-1b67-4f31-93f8-471a79b935ab,28098,573,9813,172
4607,ea896ef6-078e-4765-80da-380a20264b96,1901,448,6296,8394
4608,cf07c7b5-af98-48d1-b9a4-3529b3d42b49,29236,493,2,1223
4609,653c9552-cdc9-4215-9154-440f7594dbfa,17096,943,2669,1107
4610,def12c64-32ad-485f-9096-e94792739b2d,6698,462,313,1633
4611,c9bc1785-f62f-4730-a786-0443152143e1,22934,262,3415,7059
4612,36b0ffcf-75e1-4328-93eb-7a20276a31a1,41263,685,8629,8657
4613,0cfe2e0e-e4dc-4691-9f06-b06c1e4f0ffc,30184,758,4358,4530
4614,b7a48f2a-f558-4dc7-b59c-2a083f08ba07,44326,112,1501,227
4615,9ef659c0-80a7-4389-a055-9d11053632c5,40224,92,3157,3251
4616,805ab247-d5d7-4c93-9707-670980e3f519,19609,149,9855,2495
4617,88189dfa-7fd5-4870-8ede-c3f5352432cb,36933,761,29,5500
4618,c8877df6-9b03-4ef9-a600-2fbd0d28343a,20065,930,9160,3873
4619,cb3fdee1-a5a6-49e0-a1f2-02006493a4ae,11703,488,3762,7111
4620,c3fe489f-4242-4230-ae0b-9b75a457968b,42691,594,3711,8311
4621,c03c4e0f-e52b-4171-b6f3-626dd0d4e560,15981,603,3039,1717
4622,315ca139-484a-445a-bcbf-67e401bdeba6,49452,103,8179,8793
4623,4308bb9b-62b0-45ba-975c-4abbfe65788b,12078,210,9250,1112
4624,36c8ec07-c51d-4e94-836b-3fde33cf361b,38792,935,8297,7919
4625,52adeaf5-c479-4642-ad90-f37094d6ec5a,33639,367,5255,8379
4626,597a5f42-52d0-4aaf-a78d-70752cea031f,30596,247,1193,1988
4627,d1a2f34b-4f39-42b6-9933-06ced59dc96e,10887,684,8944,3288
4628,6fd174ae-d870-41a0-a2fc-e6095860a21d,1466,335,4529,7658
4629,a356814a-6490-4761-b109-1541584b5f15,13584,117,4539,8506
4630,19537113-3496-4662-9140-24aa4f7d5af5,21675,607,2287,6706
4631,8fa4594e-e39d-4d66-9c27-148e7b20a232,6177,178,9218,5651
4632,667fbf6a-12a8-4af4-9169-6abc2be9f68b,32480,529,7124,228
4633,d7bfcb6f-b003-4c54-828a-109d7818fce2,31444,805,1988,9670
4634,ff7c9e82-ca16-439f-a505-3604c26aba15,29492,649,8954,8549
4635,5c7956b1-4b5d-41f3-9bc7-dfb8d86db5c9,39216,623,9422,5424
4636,d1bdeba3-6fd7-433e-b58f-340f12eca58f,8347,365,919,4986
4637,c19b47af-b173-4a5a-b7c6-f101f34c27e4,33962,764,1157,9838
4638,87579bf7-cc3e-47ce-ab28-b91eeb617b7c,29088,354,1319,2856
4639,51d726b6-b5f3-40fc-88a9-fbca8184e320,36892,457,8550,7864
4640,0da0d0a9-2474-4087-a52f-5940bc36e054,23148,16,1729,615
4641,948f7af1-0298-4e3f-ba92-126f708bd842,38019,127,6888,1511
4642,9956ee9e-7f06-43f0-9134-67c26d99c06b,41948,34,4159,4815
4643,8972081b-afa4-4bd5-a964-f9c1b7191800,6473,122,1835,5699
4644,95484e06-d94f-472d-be97-0949cb0e7629,2966,805,4056,1212
4645,899d6e04-70e3-4050-b1e9-55dfbb8e051e,24692,418,5006,2386
4646,959f5691-c35c-4a12-8cc6-b6c878f1ff23,1409,454,6805,2398
4647,230b2dc7-5855-47ae-9cdc-df35c33f247e,22712,231,3739,4013
4648,689f8697-ba11-4b00-8fd5-99cb843c1450,49982,262,9464,4776
4649,77e9356c-cc64-4252-8999-533a67b79856,47913,300,7583,493
4650,6729d9c6-7e52-4107-a834-949d8744a2fd,47902,506,5321,7118
4651,63a051ec-4434-4538-af1f-3e603de7f6ff,49716,951,7360,9357
4652,a7213743-5962-4e86-baf0-068aaf73c029,27858,546,9662,5272
4653,843ccee7-0504-4838-be9b-91aba15b1410,14378,93,1980,3905
4654,ecc4fc63-6d62-4b27-b208-389848995a5f,5721,18,5935,7303
4655,107bbf72-db1b-4ba1-afa1-a9b395f6012d,38809,539,9681,3804
4656,4b6dfe39-4663-4ad3-a1c3-62a2ec08da9a,6246,128,2243,7006
4657,754e66d1-5e57-494d-a877-49d7f0a8379f,24249,697,3430,9128
4658,4750c354-396f-4484-b1f7-8eb34d566cbd,15078,979,4322,5611
4659,45ccdb35-53a7-4b6d-90ca-24ccd909612a,8997,592,2213,2630
4660,a190a703-5921-45c0-bacf-801037249a9a,9441,45,1499,7673
4661,e14b0d97-3e28-4ebb-a068-93d0269ffce3,29525,910,1209,4210
4662,7af9d9c9-20b0-4fa8-ab36-288ecd0c13e2,42938,903,7459,6244
4663,542192d9-85a3-4310-910f-e5662511a9eb,34730,532,3826,5220
4664,9a749c2a-cbed-4972-8457-57ce3201ea7d,40991,832,6374,2282
4665,8af80a05-cb95-4cc1-a17b-bbbc92a741b8,36902,536,1969,9881
4666,06e73d4e-5966-4532-8d86-48e045eef111,9575,101,6784,8930
4667,3ad26444-ba61-4328-90ad-c8ef951ce9b3,9626,263,9797,2782
4668,e6103d32-8926-439b-9599-cc420fb08aa1,31465,728,4777,4017
4669,1f1b18d8-0b17-40a2-927b-d977cd3133aa,15831,409,6788,2296
4670,b0cb1b67-9d83-4fb8-bf84-1ccf99b1e411,1801,13,5959,2606
4671,cc7a8189-293c-4322-bb36-92c633891bba,29980,761,3293,6874
4672,78c4358e-e931-48dc-b868-a6ecba4e3ccf,39825,965,4946,6191
4673,3b5853e3-2308-4f3b-a137-46e24490fa4c,20010,453,6285,8910
4674,5dcd2a69-18da-4cae-a5fa-42a9009efb6c,1051,830,4853,2365
4675,60ad9f29-d72d-48e9-8750-ee8c7c80936b,45004,311,8282,2986
4676,5fdb20d0-ec9f-4c10-9c7b-a206f51c6d85,39087,396,3135,2681
4677,2ecc521f-03f4-4635-a77a-404bfb106eef,20809,954,9482,5879
4678,63ed6e7d-69db-4013-a56f-cc176d06d4ac,3698,125,7140,3566
4679,aeeede5f-1c9c-4d20-8890-c53b0cb2a21a,18488,407,5174,7257
4680,d29fd937-4c57-4f6c-8f1f-9c10f7ddc14a,34003,865,453,3174
4681,e44e4768-6cd1-419d-b27c-9c6f0c548735,30068,684,5075,9636
4682,5b4f92cd-836b-46a0-b96c-53b5144ffe8e,36055,454,515,5001
4683,32889f33-8eca-4f29-abbf-82d785382cc9,22707,147,5040,7720
4684,20c33764-fc4c-4e1c-b72d-8752f69f35f7,22924,333,8334,8521
4685,55196a58-9eac-4ad3-8673-e8e3fbbe3f6f,27597,814,6474,940
4686,dabc5f25-ae0c-4fda-abcc-185d60302ee4,32501,364,2082,3038
4687,3959d513-ec94-4d37-804e-fe30afd7122b,8222,417,7776,3800
4688,40ac72f3-6c0a-47bd-ab86-05166082bf62,16922,79,1958,610
4689,5d370d84-e407-4d0c-bbe2-8b143a28788c,2953,806,9759,335
4690,78680130-7c20-4cf8-9bfa-f50535c8cac5,2697,690,8826,1403
4691,88b8c443-8d5f-4317-9ae5-065d21baf511,6860,729,2699,5309
4692,2f475541-79e2-418d-b312-eaa8949f9382,30792,395,9631,9
4693,765197e7-ca25-4f96-8cb0-b453389f96cb,44371,858,2165,3291
4694,69d647f9-c05b-446e-9fba-8a4556a80024,34177,805,1613,9083
4695,e90e5f45-4dcc-4a8b-b976-c2f4b466e266,9695,54,7139,361
4696,1288f9a3-7082-4e85-abc1-b2aa7f0af76d,14669,632,8718,5742
4697,d460212d-90a9-48dd-940a-d193347c0c3c,33103,367,7202,6842
4698,d41e5d2c-fafe-4a40-973c-ba69e3a10014,46078,485,1842,5030
4699,d15b6a91-13af-4b98-94cb-eabaac6e1f10,30103,208,4709,6006
4700,ed58dd01-65b9-4e4f-a635-b20ad811471e,6631,669,9899,5941
4701,a0fd091a-9567-443c-a38a-ff7a0d3825e9,4449,231,3528,132
4702,fd123cbf-105f-4482-bb3f-e9d9de3fbb58,6599,852,1013,8935
4703,5b78257d-b809-49be-8848-419842fe84f9,31970,735,1702,1002
4704,6be20e81-cd26-4030-9f19-3a1bfbb34b6b,20194,162,9199,3177
4705,fde50849-ede5-48fd-8a52-95ab5ff8ff7c,17912,313,9689,6486
4706,e0dc1a99-baaf-4746-b0ba-bdf580c958de,36973,214,3970,1091
4707,7f21d848-b6b1-43df-bef7-f3849ea5fa13,22303,236,9333,4
4708,d926ac2b-d004-41fc-abc5-de2c65489c7a,16620,938,8545,5709
4709,9cac2f8a-40cb-490a-b221-8a53cbb4c5e0,16786,957,9549,5308
4710,932a6f7e-82fe-4e33-9cc6-37f89fb61bba,11938,90,9349,8842
4711,8071a262-faf1-4dd8-8791-f024a4b0c69a,17351,854,7196,6459
4712,227904e5-eb32-44b0-8f27-1a1c706decae,38417,614,5367,6242
4713,dd45582e-5d15-41a3-9b2d-dee19bceeab5,31608,647,813,536
4714,233b64c9-9cf3-4442-8a82-09fb4fad220c,25755,733,8092,1257
4715,bda9c021-4d31-46e8-9d08-14c4bdaae2b8,17523,369,5853,6069
4716,54a84a5e-c35c-4b7b-8858-59a922683513,8872,408,8803,7821
4717,83c9432f-8988-4d3d-b466-19f83eea3606,27219,222,3299,2800
4718,97074902-a33e-4397-af15-7b58c8a1c25f,23961,223,5659,2680
4719,cc3133d9-c790-4149-a44b-3c150dda5cc2,47319,337,4453,8458
4720,9d72dbce-6354-468d-8a8c-06bbe538bf9f,24988,377,2940,7318
4721,723bdb32-340e-44bb-ad24-1737eaba2078,9926,420,94,9452
4722,4f3992e1-789e-4c29-8753-dcd4e5f70262,47207,812,5740,3311
4723,c877ef35-b7b4-46e4-8fe6-94fcf9e0f30a,8625,968,4478,9965
4724,b360641f-3f43-441e-8068-e2dd8352daa6,40973,635,7356,5557
4725,cc716614-3380-4f21-8705-d588eac717b3,34072,789,5414,8772
4726,a88b1020-5c85-4bd9-93c1-c60953bf2daa,26083,792,7210,326
4727,5b0f6bfa-e48c-42bf-a3e8-8cb0f2c741e0,16799,855,1339,696
4728,fbeb3591-82a4-4720-885c-83eeaa76c568,22216,698,5401,3682
4729,0289c413-82b7-4deb-95c0-b48d527369c4,34943,198,8068,4320
4730,563a53ca-3e9c-4b2d-8841-43ba9fc68ade,27435,281,550,5641
4731,ba15d96d-6d40-4830-934e-7552094e58d9,2383,907,6296,7584
4732,f7d8172f-484c-44e2-8549-8e37865901a4,327,349,3984,3396
4733,c71e500d-9416-4e58-86ad-2618690b5367,21594,800,1369,7014
4734,86827271-e4d3-484f-ab21-66d1bab1918d,7674,448,4677,8733
4735,103e4610-2611-4e37-b138-2cb7d850c851,38005,240,7430,978
4736,c58835b0-e267-4010-b33d-5d83ffd94cd0,3956,762,9769,9628
4737,07aa70ca-a586-45f3-8f8a-5d4ce52aef0d,34863,233,3314,5419
4738,afd20ebf-9078-4ee0-8d52-f1c23ca542e1,876,2,9823,6519
4739,c199079a-7683-4ac0-a621-10da0f24cf33,36490,669,5121,5521
4740,00553ed8-4c0f-414d-847a-c7209417e3cb,12504,761,9719,395
4741,dd69de84-be87-45f2-a031-2c49777868b5,21233,284,4947,8307
4742,29eca87a-10f4-466a-8b46-4e55a3b89ac7,22147,820,9387,4951
4743,f2306af5-f1a7-4a12-ae84-ca057af193ca,35826,137,5401,297
4744,2f871988-726a-4eda-8683-2bef7a730a1f,49331,242,4436,2162
4745,2fb645b8-3b3b-4695-9067-49ca49dd8f9a,40457,453,8400,9526
4746,20c6f086-a307-4da9-87b8-110d416c43dd,12253,2,9726,9661
4747,61a5d0b4-fe3f-4237-a10f-9ae2bf2a311f,15212,400,3112,7770
4748,d4f3decf-957e-4ba0-9ad4-62a858943f51,11206,582,7073,2865
4749,89a3ea10-81eb-46d1-bc5d-8050ef7599f9,20977,525,6215,2664
4750,5288b7b1-7242-4a70-a2e5-0ab19c6c13c2,42403,285,5392,3882
4751,5a26553f-88e8-4464-9099-cf7aefacf2ac,12522,698,7098,2301
4752,df60e96a-452f-4749-b075-06271ba33710,5490,353,1160,7297
4753,bf5c61f1-6010-4769-bbf6-dee7a4536ded,14668,86,1604,3572
4754,a27b948e-6823-4220-894d-d784cb8ceef4,9716,535,6143,4059
4755,f33d757a-48d4-4428-9969-e5f23732dea7,19593,933,6417,6269
4756,91657e72-5410-4750-af3f-560f5fc078b1,10067,543,35,586
4757,b8bb2652-4bc6-4213-95a4-9916be0b2bc5,1762,373,6740,758
4758,b2990c55-928b-4626-b59f-7ad7513a9441,19370,671,7929,8907
4759,0a8e7845-51dc-4507-8785-ff2e15816375,45700,712,8767,7195
4760,6d01e4b4-9417-4407-8c1a-b2a2d17f68de,4925,520,1608,6061
4761,6e98e2cf-0607-416d-bada-1b8da0359a4e,7718,438,8805,9817
4762,b627316a-442c-47c4-a54b-336b3787d22c,43461,320,3504,5369
4763,6772aab8-0b85-4f65-8c36-1d6a6850bad1,36098,768,4748,3474
4764,1dd7e4d2-0b17-427f-ada7-5c0832b8487e,36544,195,4098,1796
4765,2d036fd5-ea8f-438f-9481-61aed7ac10d2,3881,187,8366,8559
4766,121693c6-a17d-4c5b-b037-8f06980f53a0,34399,230,1444,2312
4767,5d4c0d51-fd1b-4bce-98b0-5474dfff6167,10174,407,5469,9647
4768,1c0e9f08-b1d6-4ab3-8737-7181c01da763,3193,241,2611,9872
4769,704bdbf6-a40f-4ae9-8590-2c023825154a,14094,959,9731,3773
4770,49198f2c-53d7-4a2b-972a-ba6dbd25505d,18295,262,4000,3612
4771,dd73785e-d558-4e66-819f-3f80bd1672d5,11740,324,4889,6381
4772,c688736a-6730-4bef-a78e-447d42bc6f04,29539,583,3851,2814
4773,d87a481a-60b3-45a6-ab08-46a53258d2c1,12995,783,1284,8030
4774,c43a7f3c-b7e2-4947-809f-b72414eceacd,38870,544,8680,6880
4775,48b9229c-51f4-4260-a36d-5b876f6b7379,36416,918,5381,3757
4776,207f9324-ef5c-4f32-b419-74fb2f8bcb5e,33745,62,1840,5322
4777,73e176c3-dbe1-4023-9917-58c0e643de20,43491,93,2860,902
4778,430e199c-5ffe-4f74-a304-2f14e41e6c95,23011,873,4643,448
4779,592aab05-8a8b-4261-820e-bccf2dee88cd,1892,339,2272,247
4780,184d345f-1791-401f-85d3-741dd1d055f3,29431,354,4010,781
4781,53bec1f6-b3d6-4bd4-9ce5-1710b90050c4,17584,281,8654,8922
4782,e05bdf17-805b-4490-a639-8ccb3aa413ab,37712,958,659,401
4783,c0c63622-482d-4611-943d-454b1f3fb8be,3427,171,4431,7490
4784,5b07e93e-4eb9-4dba-a789-e4a0da461d49,3181,352,5172,9599
4785,909fb56a-418f-4a07-bdd7-ee9e1b827358,47559,730,7686,7350
4786,f408f2d0-ace9-45e8-be2f-1eae32148985,9829,813,7720,6903
4787,a703647b-e70c-4e5d-a46a-2f101fbb9647,15529,365,5980,1171
4788,c0cb8d3b-3030-4097-9ec4-0337fc06153a,17711,178,9864,1340
4789,8ef52e1f-1085-41b8-80d0-3befdd4e60a0,46543,717,36,19
4790,bfd325bc-cc95-4701-95f1-422cd834c75c,18275,723,7218,8737
4791,149433b3-a358-4759-98fb-129e5df70ac9,40382,766,4767,3172
4792,48b7d419-11e3-4881-8000-231618eb1e3c,35791,430,8257,1746
4793,e2b32739-80f5-4f4b-82b0-e7ef0cc7c54c,222,135,1333,7706
4794,bbd0a795-5ce3-4389-9011-bab69e9c80aa,7498,708,316,9208
4795,2e91d4b2-ba46-4732-87b4-a09ae20c6ee5,17743,375,62,5738
4796,f0e200c6-ed59-450a-bb78-04ba56e14166,11464,811,1932,9371
4797,b197d5c8-24fc-4c9b-bbea-6af1f94e1381,16910,34,994,4967
4798,f2d2b0b7-4c18-4e7d-81ba-9065e6da75f4,15406,976,7433,802
4799,6d01598a-8219-432d-973b-ca8785f85836,48186,667,2423,6873
4800,2a8483d5-1d83-41b3-9d72-39517be18863,33598,20,5221,7353
4801,dac03e12-f303-4058-94b9-a95ac744f60c,2216,65,8847,5074
4802,b557f8cb-be03-40e7-969e-61de6817ac23,45204,784,2623,5355
4803,61febc8c-e145-466d-91d6-2849aba47e8b,14909,692,7493,4379
4804,1b83a389-4574-4bd8-b789-bed1fd825d5e,12536,45,2858,1321
4805,606967e1-18ef-494a-952c-83d18b0da370,28887,245,4240,5410
4806,42cb6c61-ed0e-423d-b50c-6861d259d899,40648,669,171,9008
4807,0d8a629f-e8d4-49ed-a9fa-7e8d6483d03b,30757,203,7586,213
4808,decd89e8-a14b-4128-8601-7b78b2aed66c,16033,498,8894,7857
4809,da11ea01-3c7c-4e59-ba8b-605c8583fd1c,20390,372,1259,297
4810,2864056f-98d5-4a73-9544-3fc30fb6d57a,31812,351,1752,1459
4811,d2a52647-98e5-4e9f-aa5d-95cc2376fdae,22688,44,1519,6180
4812,2a2cf819-385e-4c1a-b190-5a55c2f9afb6,48367,363,247,1721
4813,139d921d-adbf-494c-900a-2873ade4bfdc,44880,239,4881,9338
4814,82ae5310-4d1b-427a-86ae-91e6058e6dfb,1339,420,2089,1387
4815,9df8ab4b-5a0c-42d3-89eb-0e3c9407474e,38758,258,4715,9596
4816,b781dac3-713d-48da-b4c3-f0cd562814d4,4067,882,244,2182
4817,df939db7-4792-40fb-9b88-de7124eb68b2,49370,9,8535,8683
4818,ba4628cb-b989-4970-98d9-81517a06c712,29453,300,3663,3548
4819,b04562ea-223b-43c5-8371-2b2f84fa5f9c,16251,764,4798,5313
4820,7ef058ed-600f-4bfc-9549-5d52867e5d1c,32335,304,9027,1700
4821,cb3caa0a-d6c5-4e8b-9649-6e73b1cac262,15242,308,1753,5953
4822,dc8619f8-289f-4d09-acd4-fb6c046fd55c,23581,953,419,9809
4823,f0145f7b-e446-4263-afc4-4064546a5973,39695,321,5053,2007
4824,c663ca46-40ae-40bb-b4e3-78903fd02d77,41217,305,2872,3973
4825,574f07a7-cfd3-44b9-853b-0a32fc98e9de,10568,330,4449,7845
4826,8fe58341-9ebb-4ea0-b850-5d92721361f5,45822,197,2489,8788
4827,c423a5ff-9b7e-4277-a47a-2236014bf130,1408,554,1044,5092
4828,ac51ac42-4c7e-4402-9353-b7e5826b9bcf,37178,274,1530,3545
4829,83fdf3cd-80b4-4476-89b0-9ff3c27136dc,44091,215,5298,4196
4830,a2deb1a4-0dd2-477d-9eff-8e30ee022fcc,42597,225,1187,837
4831,a2128d8f-5304-49f2-9491-22c3ed098fed,16095,559,4054,1267
4832,3ddc1a57-a70a-4e2a-bed9-32b9c46b2983,29697,521,9078,1012
4833,c5cc3d3c-faa5-450d-b4a6-42a81e1b2ff1,34155,725,6631,7523
4834,ceaa7b23-df76-4725-9a30-016cdf863f8b,15545,894,4308,683
4835,8f17536d-67f8-4353-93c3-98b86abece7c,18529,645,6168,3997
4836,fa45c04f-9ce3-48bf-95b9-f29889d9c158,21792,872,2972,5485
4837,8cb0e526-d53b-41b6-b7eb-c51551f9256f,10639,927,4793,4033
4838,f1c4b339-9463-42c7-8f00-6e1523a7a2fe,12605,481,3046,8532
4839,d261ce88-4f13-494d-99c8-187968d7aa25,20008,584,1656,83
4840,2eb695fc-2128-44f3-8272-edc1c23a4c8f,3559,287,974,3003
4841,443d928a-b14b-4ceb-9a76-3f7cfec8aec6,22503,132,6503,2124
4842,7a97a783-56ab-40a2-b612-fcc58040c92c,10199,761,1080,3178
4843,0f12914c-ff10-49bd-97e7-04a2247da2a2,41140,129,3088,9660
4844,3d431fe8-7de6-42e7-a341-2998f3d9958e,22631,54,4029,9407
4845,0b60ae79-cb65-47bd-a025-b29d4aac35db,19417,412,4666,3193
4846,3c06fd2f-4483-4b97-a036-75258a66f936,26651,930,2786,4038
4847,c831fdaa-5439-4079-af0d-7a8ef1bafa4c,13880,515,418,5276
4848,5f3ffabf-2d06-43d6-a416-04301ec37926,41059,444,7304,3443
4849,6c7d636c-1476-4f99-93ae-0b5db9baf64e,28560,577,6730,4614
4850,93d74cce-db6c-43c1-8deb-f77983303cd3,802,370,1595,3223
4851,abcdd44b-7086-4643-ab84-73e5b538c5e8,28246,852,1642,8506
4852,798f22ec-5af7-476b-9aa6-4f1886324856,44673,85,473,7876
4853,9ea1ab04-88cf-4997-9cc5-379fb7e16994,16904,615,7674,8103
4854,e8354c8a-425a-45ee-b3e9-3ba84a2770d1,41183,513,5792,848
4855,d0acb16e-038c-4243-ad31-154ee9caf0f4,36331,743,4341,7007
4856,651c954f-1fc8-43d3-ba52-73a684f5a73e,43475,771,3767,7069
4857,0a03c3bf-87e3-415e-b4b1-e20d15ace1e3,24136,908,1115,9253
4858,ae1e134b-1da5-42f6-9206-e05a78d3144b,440,33,1131,6800
4859,f88c9142-c814-43c3-b1bd-509f4bd23fc8,1105,81,9172,9551
4860,b3abcf5c-cb9b-4069-85c5-77f85ee23563,40129,518,7699,203
4861,a7ddf87b-60e2-4f80-8aaf-c8ecc5558439,30593,981,5173,3758
4862,fe4551c3-d876-4131-82a4-d7277ebdb518,39813,108,5460,6885
4863,5d9001a2-a3cc-42a9-ab30-c84b354e7764,9983,898,994,4789
4864,d3ca01ba-536c-45de-a2c3-1cd6b89a48b2,5075,132,8103,3137
4865,ce8fc434-3e26-488b-af90-ba022655bcc0,29654,940,3630,6065
4866,70a1d0e4-702b-4855-963f-2fc64cdfa0a4,16745,695,5300,4815
4867,38cadb12-0bae-446b-a313-f179201b673d,9368,185,6784,4764
4868,81e5c8d2-2358-458c-8954-8d8449fe99c7,10709,29,8343,3593
4869,bd5b7ac0-9b5e-4b73-b732-107bf7e36215,43797,377,204,7883
4870,36957354-1dc3-4649-a69c-daf219954379,8550,734,4476,5996
4871,ad19178d-2a18-4e58-af25-546e4acc3ff4,35132,729,630,1742
4872,1b75a314-742c-46cd-be16-ea4a17b051b5,35389,205,6775,3119
4873,68416b2a-3dc7-49b5-91ae-22913bcf0c77,2068,209,492,3212
4874,37db43f6-ea7d-4324-8514-54bfe63f6412,42728,139,5387,2774
4875,6e623212-067b-42ee-9b78-60da3a2d52af,5469,593,5404,5243
4876,6cdc5f5f-5dad-4610-9aa7-f6ce823b3d71,7489,423,6640,176
4877,0479c208-9af7-4a7b-8596-fa463e0bb174,13054,404,3668,851
4878,d1e1da06-3746-490a-ac43-c0ad9c5aea77,36039,550,3932,3966
4879,1635285d-dd0f-4f0e-8a4f-80795496cfbe,8814,830,8528,1392
4880,b279d81c-b0d7-4ae8-a58b-533e4f3efdb0,32215,784,386,3943
4881,35dc366d-fddc-4b64-bb56-b7e535de4ff2,17844,65,737,6059
4882,51617688-305f-46ab-a69f-5c96c950295d,28402,463,8207,1541
4883,64e7c2e1-1fec-459f-93ea-153ae253e4fe,20279,58,3580,964
4884,0fc45208-7f9b-432d-a224-2fa570c7deec,15920,568,4886,5240
4885,48f6fe63-ef09-428c-8961-0f2f402973cc,34786,537,6899,8816
4886,c5d0fdb4-b679-4c8e-a525-429e3ef84a74,15663,243,9241,8069
4887,8af6dfc2-2143-47fe-abd5-7205f67f01d9,4717,763,5144,4325
4888,c165e512-59d0-4253-84b1-5e6ed9917a38,3607,983,7989,1905
4889,2e799439-c624-4185-9886-49274ee3e1ae,3033,350,6978,8912
4890,4e1280c5-ae39-4a69-bf10-f01df330c101,3006,232,566,210
4891,859cd0ee-2cef-4234-b83a-51ef3b800d3c,40875,742,7507,6755
4892,d9325ac8-8f38-40c6-8d51-e5fdd04c69fd,26233,989,7066,549
4893,a281cf55-8300-4e8e-8aee-47f57297e584,4689,304,5092,55
4894,6973eab6-6a81-4ecf-a7cf-68bd03879cc5,36436,177,447,4974
4895,148ab29c-1aa2-4a57-9392-708bcbc17245,44902,147,4248,6277
4896,9ece19c7-9568-416c-a9fd-28516e97be78,7932,370,4966,7829
4897,9ab313c5-0eda-49c1-ac85-16714aeca1cd,19232,851,1277,1757
4898,405f6210-4bf3-4039-ba5c-9ac57de1d492,35354,568,5947,6642
4899,2533fd39-e614-4296-822b-a73670ce01e9,28554,945,2375,4320
4900,bc3c11c1-aad6-4c00-b82a-741ab67d9023,48448,2,8402,2406
4901,df7358ef-7417-4fd7-a0a5-255a998cc502,9946,524,3707,5186
4902,74cb09fe-05dc-4c4d-be6e-384bb1998643,20908,287,8952,1170
4903,c7686b0b-7954-481c-8e0a-dbe96f3987f6,38157,393,6490,397
4904,8ccf50fe-539e-4278-9949-f99a286a5c19,33661,223,3162,4860
4905,cf3f308a-3dc7-4f74-9c8c-19689cdc5128,44103,618,1538,6765
4906,ce853add-17da-4d85-b9df-8783a84341eb,15023,463,3401,8899
4907,71c2c563-a5b6-4844-a4fa-3fc24f079225,34195,59,5759,7227
4908,77381f61-69a4-4241-8fc1-5213eef0eb25,31657,102,2734,5506
4909,04480eb5-e272-4a80-9cf4-981d1f36dfb8,16983,788,8869,6910
4910,d2c992d6-503a-42aa-8acb-684bffa16d24,10505,361,4915,5705
4911,19b75e42-490b-4816-be2d-c4bd8e55bd13,45560,631,6393,2244
4912,2fb6eb44-63cb-4d2b-bf91-296e1604f563,42268,946,9149,5382
4913,c45f6111-c951-422b-adc3-07a0fff70130,33337,794,2738,9175
4914,d6897cde-812b-4dcc-b2b0-5901b54dc0e3,18081,29,242,3334
4915,77d79ec9-6db2-4753-bef0-abd26008c737,14609,685,4628,4882
4916,f71f23b4-ed0b-46d9-b3cf-ad34fbbe9684,17145,581,4408,1544
4917,4f9acd65-76c5-4af3-bca6-e199617c388b,45138,595,1012,592
4918,740b23de-9ab3-44d8-9ab5-ebb29c0bb150,37009,48,5254,8457
4919,daa18fbe-c3ca-4b5b-afa7-f307aa6cd3e6,8243,763,6306,1452
4920,07cfccf2-9235-4f11-8024-43c77ef4eb83,20713,735,9980,7738
4921,41a2572c-0ff6-41bf-a707-981b3d7d75b7,22853,851,3143,7881
4922,b58c11bc-92e3-4d07-8f0e-128a0becdf11,24643,170,4996,2437
4923,6f34e644-4e45-42dc-bdb1-b43ec37307b9,7546,530,8557,542
4924,7bb66834-f73f-442a-9cbc-1b4cb2116c1f,22462,977,126,6646
4925,6bf16ad2-4541-4309-bb10-0fa29240213b,39903,144,8161,9956
4926,23b00738-cd2a-45a0-8fdd-89f517f3e311,40554,552,3523,3720
4927,fa7fb184-39fe-478f-8e49-1333402fc824,28416,217,9600,103
4928,7b6cc520-fbea-461c-a367-589f910518a9,32839,439,6145,9908
4929,f961e3ee-bed3-447f-aa97-ef2658d1c408,28839,467,8323,9986
4930,cc70d210-a715-462f-8d54-0f47ac867bd3,28935,955,4524,1002
4931,50f2500f-f16c-43cb-848a-eed726284d97,1046,152,926,7795
4932,099e8040-353c-40d1-8a6b-4f9197dc4704,40333,183,735,6652
4933,957f00a9-63fd-4003-87ae-ba740000932c,22230,785,3036,4800
4934,e970db66-8821-4071-a6da-51f52f318645,30139,561,5005,637
4935,7a906075-1d8f-467a-a4c3-3d4a1278654c,41571,144,3368,8044
4936,1c9df71a-3085-4c9e-a1ab-661ac32e58d5,39082,996,8674,5915
4937,f459e4db-d795-4ae2-84b4-0420d5e1f770,36321,701,8619,7527
4938,2271b06d-6f59-430c-b100-6390f0ecc3a0,29633,594,4531,2849
4939,52597c59-22d6-4dac-8c35-8f3cbb90caf7,36241,955,6430,5378
4940,68355b45-902c-48a5-8500-7c67c5cb43da,41157,558,1606,1142
4941,78037f46-d5a5-483f-ab40-c7609e8845f2,85,796,800,699
4942,42add5f5-9fbc-48d8-8a94-3d4bc7782832,14162,1,2386,7383
4943,41aa15f1-cc30-4098-8335-32db9647a88a,16838,547,1717,9852
4944,705df23b-28b6-4cdf-899a-6a0c07c662c2,5368,764,9168,9731
4945,a94a01e5-1af2-48ef-b98e-24c860bf1e40,1529,338,8670,4244
4946,81e3eb26-2912-40c7-b377-07c3a8fd6fd8,40224,87,1676,3778
4947,623e96d0-a3b2-402f-85ee-069b17dd407e,18935,125,5491,7601
4948,1a8a8532-307a-438d-be80-7493567f3e75,14225,643,6609,5012
4949,697704f3-6353-4b93-ab3d-03fc8afe123e,22639,16,1128,6373
4950,a9d884e1-fecc-41ff-9b62-93c715b083fb,44568,551,7994,4607
4951,7ddcc02d-75d3-42dc-8b58-c2a87bf7b781,9284,676,8628,2060
4952,cc5921eb-1493-442c-b001-32d11b257e94,19875,930,5137,4191
4953,b65ba841-5509-4be9-ba1f-5163d5c81d99,18635,587,9794,6904
4954,5f07b08f-ccbf-45ce-84a0-d922313fb493,3082,74,4152,8017
4955,b2ed2ba5-8128-46e1-a987-39b1cb63316e,9796,690,1644,8484
4956,95557b0e-e6c9-4134-b839-dab4ec964796,46571,211,9083,3466
4957,246638eb-ecb1-4c7a-81c1-04898bce4690,37351,10,9476,5243
4958,fd13a7d0-751d-4d3b-96d5-c11425f9e738,40346,199,7230,428
4959,482db2ac-f967-4165-b249-33b6af02070e,46360,177,6946,3198
4960,9aa8fcb0-9386-418d-97cd-f7b88b25bab2,46772,511,9340,2119
4961,850455d0-0c8d-43d3-9fc8-2fdcb5145009,7874,177,6958,2619
4962,68e4f18f-3da4-4685-9610-79f73b525a8e,7941,812,4783,6464
4963,6c14230b-ebf5-4e3f-8f8c-f67c69495856,14510,466,7639,8002
4964,8c11d5ea-f745-4a66-89d5-3361c3d48f75,3396,520,6623,4307
4965,5d30a1b2-27b4-4109-a474-8d5f5063df04,28234,676,7632,97
4966,49f646c8-6835-4f91-ba7b-fb2182bf4b0f,42271,123,4118,9349
4967,db0327c2-1d75-4487-aaac-2c95780422dc,15591,937,7870,2296
4968,bb604861-397a-4ef1-95a5-477b647e0838,37514,570,8468,524
4969,b09600a4-c4bb-4333-9c63-c659920a1070,39559,74,2795,1257
4970,5110ac5a-edfc-4e64-9849-0bf37ab2b653,11096,595,378,1218
4971,2259828c-35dd-4a18-b331-4f62658efb6d,16485,509,551,5873
4972,12637c37-aae0-4f9c-9011-9f313c0e30d3,40028,397,9207,6123
4973,c23eed1b-db28-4950-8fb0-ce7129c21e77,49729,364,5812,8274
4974,3f0b5b08-32e2-40df-925d-34dce2bb446d,24303,442,3791,8635
4975,75a1da94-f15f-4936-a554-1e44d063183e,33235,682,4353,6680
4976,2ba78ddf-cbd5-4c0b-9118-23d00a115e6a,38201,695,1488,7367
4977,b6ab8ca1-84c5-445b-9221-de09dc3a9170,31728,459,6830,4135
4978,93cc3224-86d0-4095-a740-01851749c064,95,148,5650,6703
4979,ee6cc836-79db-4e96-8c16-7383aadb6b75,41330,291,1818,3566
4980,bbc6ec5f-025d-4038-9909-560ef4686c9c,1944,747,7460,8532
4981,18cfc160-770b-4a68-a967-215a2439209a,19291,188,4554,8176
4982,4f39805b-a417-4577-9e40-6587b7596cf3,9447,459,9286,8092
4983,483ab782-9b6c-4eb4-8625-3537a962fdce,24354,13,408,3776
4984,12a27e29-2cad-4752-a95c-dd693d54aa2c,39697,205,4496,7491
4985,6059d10c-2579-42f5-994b-5510cf67a5d9,3851,840,4307,2369
4986,c54bb237-246f-49ad-a58a-d0ede42b418e,29674,906,419,740
4987,c2b3fcbd-ce1e-4587-baf1-bb0f977ddbfe,44336,872,413,7636
4988,1f0ecccb-0383-430a-abc6-b3dc9922d3b3,10445,633,9133,6139
4989,9e967d75-cab4-4224-ba55-bfd9a415cec7,41790,375,7487,4672
4990,95b2d64c-0a07-463a-9aca-4a3268113722,1145,204,6547,84
4991,01720cd0-18cc-4214-bbf6-90921b99b881,15279,948,4555,6386
4992,91ceb0a5-2c62-4a6f-be1d-289db0cd5b7b,49734,546,9103,8588
4993,0ac53072-8bb5-4155-a303-434a448daae4,5725,972,1946,4848
4994,a7b4df37-3599-430f-98e6-6a581694a64b,37686,7,852,5718
4995,470feb90-c677-4064-bedd-b72031218114,15711,863,6236,7324
4996,381dbc5c-89bc-41c8-8ac3-f8fc5d347ddb,30845,184,5008,1287
4997,769f4669-bd22-4e82-a38a-b51946992031,23343,821,109,418
4998,7a499fe0-533c-45d3-8d40-9c82347e3d06,9029,121,5019,2684
4999,198503c6-e823-435b-9397-51e7d9b3c5ef,28569,521,5755,7520
5000,459c3dec-d8bf-47e8-ad83-36f2950222bb,10881,495,6915,3534
5001,9457076d-7eef-4f87-92a2-f4a1a397b0c5,16643,549,8306,6377
5002,c0d81e40-afb8-40ce-83d3-b3750090a152,27823,825,6963,8319
5003,bfc425fa-c2b8-45a3-91ec-4cca00672fa8,32772,385,6649,8638
5004,63878252-0588-40cc-8551-8d5591724066,32191,203,4592,3870
5005,4b310982-d66d-43bb-9c5d-b98f2ba81382,46203,503,7241,288
5006,866ffadf-d3c5-47cb-841e-9104e520daba,35666,377,1729,8431
5007,5a00ff91-1fa7-4f6b-a8ea-848ee0240ddd,35126,419,3137,927
5008,31531a76-226f-4d0f-a765-331a942258a7,35297,443,4130,1123
5009,e247b556-551a-48ed-8cd8-53a5b21ab380,29420,400,2232,67
5010,ec861277-8d30-4c18-a907-af1f23306d48,29076,412,4721,8098
5011,1c61e76f-a2f7-4958-acd6-49cdc1ed8ab9,27557,939,5991,7568
5012,d2dfcf09-bdd6-4b26-9ed4-3b4e75706495,17752,708,8586,2215
5013,51ef1dae-db26-4084-bdd9-a6233b436dba,24271,589,1482,7067
5014,7c9faaff-e2d2-4420-8216-18dcec164151,1464,122,663,3651
5015,7d08e368-656f-4e3f-84e1-6d6ec6257750,49407,485,9896,1759
5016,2331c648-41a2-49dd-8d6b-44e11c0c466a,4161,743,4074,1119
5017,2e9a7b38-f947-4d8d-8a63-282826790736,20531,824,2768,8232
5018,97a5b421-fc70-4824-b8b0-3103a444f631,792,785,9126,3223
5019,473690ca-e2ca-4cae-b904-8600a9d10e84,21282,368,9164,5592
5020,65cb0918-0ee6-445a-a96a-4f5af4b38e49,35389,350,3254,3495
5021,23578b89-c483-49c5-918e-80d5b6d3f09a,3371,486,8884,7158
5022,e8748ae0-696b-4bc2-aecb-19f020f1391a,23651,72,6611,2846
5023,45fad136-cdb4-4001-84cd-a2a6ddf28e14,40257,946,8197,451
5024,6734fe5c-c4ab-4cbd-aa8f-a354a2080514,23597,84,4698,7865
5025,acd5f849-5320-4d3a-b6c9-2786cf44f791,6078,68,6044,5395
5026,17101f11-577d-4f2f-bbc6-20308e972b47,33838,787,1824,545
5027,c9c51b5a-2961-49aa-852a-8ef7ff373976,29932,140,9729,2778
5028,e650a606-b17c-41a8-b9b8-ad62a6eb6133,44566,800,7854,7700
5029,c3f51a3d-f788-4419-ad82-1c26b0ad4daa,29709,550,6201,9102
5030,d7293b52-1a41-4c04-9b40-5957f7c14b59,11369,745,2659,1002
5031,17062f91-9e57-4253-b7e4-716fe367dfd9,4461,434,8489,9919
5032,40cbae27-3148-44d3-9b72-ca89c7710277,11858,651,6224,180
5033,452a7c8d-3371-4aa8-b2ca-98e667310b0b,44819,167,8018,7837
5034,064b78e0-de2c-4c3f-b725-db471e977dba,41872,881,857,9380
5035,dea33c94-aae8-4e85-a7ec-5dbc84bff88f,16297,492,4803,6374
5036,03a1a425-eb10-43a8-839a-2b61f2db2157,29374,974,4887,4832
5037,c81ca31e-9a66-4d3a-b9df-d811540c5dd7,41949,30,757,1604
5038,0a82b530-665b-4bad-8414-53b8d733255e,19524,839,9180,4921
5039,710beab3-3a5b-41a6-9667-6c903b0d0434,30135,199,480,3070
5040,41bea03c-4f7b-47a7-8afc-f13cb53e5367,42267,665,7409,716
5041,eb7bfebb-b526-4467-97e5-d9ee402cd107,29247,980,1878,2217
5042,8fdfd4d0-2524-437a-a8ee-c0519f3971ee,29341,778,1793,2930
5043,5b3d8e89-5948-4301-bc9a-648ef6d99908,26994,636,9164,6257
5044,cc31ef35-0c69-456e-bc8f-42f0df6c9000,24432,379,5051,5029
5045,81013d6d-eb79-47c5-a0b0-9ac0c3c90295,2474,115,4413,5208
5046,b47ba19f-29b0-4c15-bfd9-ae4c9d5c60fe,6498,147,8616,6588
5047,f24b00cb-fb6c-457f-9314-98709ffad987,17600,320,8017,7459
5048,f52cded3-e048-43dc-be70-923fbad9b684,15434,9,384,1965
5049,ff7a9642-6493-4348-9f1e-e55e232ca9bf,46329,166,5900,5385
5050,dddeecca-efbc-49d9-8313-9dc282aa674e,31526,315,1208,3119
5051,34e707cb-eab3-4f60-9498-7db97e798541,38381,937,5903,5163
5052,b3b8970a-18ef-4e52-ba01-adab8cf5e674,24289,547,2380,8775
5053,b8bc5784-6e4b-4e74-bfa1-b1fd2c18f6ab,25734,903,1663,1109
5054,dd70a861-5b71-45d1-b0dd-d0961f5f11cc,24327,192,4313,3994
5055,d50da057-40ea-437b-9c70-5f49e757d590,22032,337,9149,5517
5056,127bdfdc-12e8-4ffa-9c42-dd102e83b2e3,39525,341,8001,4030
5057,366069ea-397c-4cc4-87d7-e0927b8ff108,30278,450,3473,9548
5058,c9b5844e-2783-40fe-9d7f-a57eaa21a569,11014,816,1145,2295
5059,509a3056-7c52-484a-9932-0608b03cf37b,47262,923,2866,3522
5060,d5514fa1-3385-4b05-a38a-4b609bdd04eb,39633,499,7439,1622
5061,cb77c288-511e-4b5f-9aca-265eac4590f5,43903,309,3221,7749
5062,87adaea2-fbeb-4943-bae9-6d2a1cb2e507,41630,126,175,5304
5063,bcd7a3a4-a5f7-4f39-8321-a66f57d69388,38726,894,2520,1050
5064,451e3d92-34fd-4cb9-8ef0-72638be5b135,43104,880,7168,9148
5065,3c74dd34-1614-4db4-b84c-42c07f3d0a9c,39980,522,2229,3478
5066,18de5839-a595-4bd9-8139-2afeb103edef,18872,895,5302,822
5067,b1300336-f196-40e4-8eb5-499a98f9f632,44196,566,7456,456
5068,0920f5a7-412a-4829-9219-0e863ef913ca,4211,944,7979,8056
5069,257425a6-4fb6-4499-9013-4da8391c759d,2142,177,8681,3711
5070,ad3d53c1-ba2b-4ba8-bc58-ce18efb0e92f,220,413,8887,2892
5071,be0005ac-0d46-4f5e-9edc-38fcbc988981,24064,818,3384,5383
5072,e9875e62-8e59-4c45-9593-8544665029a8,3462,485,3767,3962
5073,2690d8a5-7fb1-4ba0-a127-b79431b6088e,14634,527,9976,1635
5074,6aca1125-8228-4a7a-beb3-884a1e56866a,28966,57,5165,2511
5075,a641afb6-2905-47cb-b31f-fe6b88a8c0f2,1586,367,8659,404
5076,03b0e3b4-5cec-45b5-82ff-fc6dabe80795,11052,691,7608,1170
5077,76f803ac-b983-4ca8-ae6a-08911eaa138e,25940,340,5798,9782
5078,31d9dfa2-d061-49a2-af1d-923dea061b9a,8863,150,8716,4584
5079,43860d04-0e6b-48aa-a668-f9e4a7e277da,29427,692,565,4039
5080,32dfbe7d-b89d-4143-be37-dc1a88c1a754,231,703,9983,1192
5081,2db3f053-a102-4b0f-a30f-48385d4ee797,36893,416,1411,2839
5082,b963e36d-0232-411a-90da-7b784145c7e4,24776,603,9252,3375
5083,2687a96e-254e-4582-9d8b-a82344556a8d,31487,415,48,7105
5084,b7295414-4925-4a5f-bdc8-6c3a87d7faa2,10517,451,8167,4657
5085,d79d95d6-5330-4d4c-84d7-71e7632331c5,5595,534,3777,7755
5086,8f4f877d-b263-4297-9b50-c05a93662916,43611,503,7835,1841
5087,c1622fa8-bb94-4ea4-b056-c0002e0db3f7,46550,395,5211,8142
5088,62502ba9-e8af-4de1-a7ae-9762ea8c7539,3282,936,7259,6249
5089,ba346f87-ed89-4a0c-b116-78f373fd05ec,12667,184,7350,3473
5090,a7c71787-e671-4d0f-8ac2-e4f19efa7a42,15086,313,7094,1256
5091,86681cfc-84aa-4639-9ad0-2c852e1fa6fd,36551,7,3266,7071
5092,678c304f-f257-47be-b8df-4f9752301eba,8036,989,1223,732
5093,932c5712-819e-490c-a881-c50f9b4eabdb,44875,828,7969,3486
5094,6a088990-1a22-47a9-9303-8ac76071b592,38600,687,8371,4812
5095,c248ab31-35dd-4f40-91bc-30980e309b69,38725,745,6256,3835
5096,6e6e409b-3909-4817-af16-ab220fa425b3,30144,912,1384,4060
5097,f3345d7e-096e-432b-bb71-24c73ec50ba3,7459,63,2267,2723
5098,9d730678-3258-4fdc-829f-1bd24ddc9117,18035,801,7583,8398
5099,dcfeced8-dae6-4793-95a6-86d90a314c6d,18466,391,3070,3329
5100,997dee3a-2a20-4cd8-ac50-dcf7561297d0,11572,313,717,3977
5101,14511909-f373-48fe-bc69-dfcea93d8740,24229,899,8148,5144
5102,1a1576e1-af0f-46c1-948d-b8f086cc6350,6719,822,8517,215
5103,6fa8ddaf-cc93-4d4a-8504-6ed09496df6f,19091,56,8520,7480
5104,4899475d-310d-409b-84bf-a182111af1aa,44546,549,3769,2142
5105,7bb1f913-baf3-4eba-b328-cf6723b85514,37581,355,5796,1606
5106,4afedce5-a6d1-42a3-80f6-0c77415ad580,36949,309,3282,5062
5107,26ec1a0a-4846-4281-8d50-9bff155d08a7,24372,897,6209,467
5108,a27be162-2179-43db-916a-f112c5293fb4,25169,652,8611,8791
5109,67180d05-7acf-4735-8a8e-981667ad7432,35097,134,4932,5617
5110,9a13dcc4-f3de-477b-919c-4ab15d14209c,32467,698,3070,1976
5111,217503c8-8edc-4fcc-848d-f1bba735fdcd,39677,178,3635,7741
5112,aaa4991b-ac7e-40af-806a-cbd1b3b7572c,15128,50,649,4545
5113,6e0012c8-a3bc-47d4-9ec5-8ada49198b33,23468,545,2,1693
5114,e9539252-197e-4b67-95cf-ead60332f6f2,704,410,6238,6030
5115,7ed0303d-30ea-438a-aa9f-39273f584b65,25869,54,8760,4311
5116,48d38ac7-312f-44ff-9318-482ebcbcfe8e,37705,700,472,8252
5117,c6af61ab-1ae7-4244-9640-2345b82d501e,45298,251,1995,5494
5118,14909244-bddd-4230-bcdf-bdd94a8c30b6,65,394,5970,8940
5119,e2b15458-847b-4699-9b71-b384f57279c3,37852,85,9170,1906
5120,c163031a-4509-4a6d-9d9f-5a71a251bef0,7502,289,7525,4902
5121,56c0dd33-8644-4ef2-b31c-c833bb3de8f8,32158,159,5585,6649
5122,22b91766-75a5-4d13-bcbc-6d99ae331509,37230,797,185,3809
5123,9d17961a-1397-42ea-9563-3289fc2a0325,7469,464,608,1873
5124,199fe9a3-0f2b-46e5-846d-0944133bfb70,21727,997,5573,1189
5125,6e1dfcab-b35e-4871-884d-bb777488a7c2,35945,154,7139,4331
5126,c78e93a7-7b04-4efc-8114-c17cf91db95b,13089,973,9013,543
5127,9021e947-6c77-421e-82a4-87fc9236e09d,2861,154,7470,6443
5128,a06033e7-6fc2-444b-8498-13f2b5eba2eb,36196,531,671,8846
5129,7f8660ea-aa1f-454e-8983-66fec6c36757,41556,605,6143,4236
5130,ada43505-0a6a-4c37-8584-b79734512a2c,40569,643,2419,6857
5131,41c3655f-c388-40c2-833f-40cfb30ddced,33528,521,1838,2906
5132,46107254-9677-4da0-a33f-caf317717c72,16453,195,6235,5511
5133,a34bb3ad-8982-4434-8e49-ee60946ac981,10938,45,3761,8049
5134,7f041bb2-4ee4-4649-8edb-51ae3242d3b8,3234,331,3490,3908
5135,69bf0d0e-8661-4793-b624-c043fa6073e8,24189,64,8752,8160
5136,27ea7d54-ccac-4619-b993-698ad5f57425,39005,887,4009,9059
5137,66eb20ac-5354-4176-867f-f8e7a0c9ebad,19026,810,2042,1301
5138,e139e1b0-3c22-48bd-8570-8de384625d28,47894,990,7812,1317
5139,eacb6fd6-9c78-4ca4-ba78-1fb6b72a0012,11911,298,1583,9343
5140,895be748-9ef3-4f3a-a836-8ca0dfc76be6,37114,59,138,442
5141,5c95a36a-a773-400f-b7d3-98f72f2244e8,2731,711,5762,3719
5142,286505cf-cd81-4ba3-8af2-76e7225ea80b,44436,879,9653,7487
5143,45408f19-3db0-498a-92e4-c9b63cfbb2e0,27904,567,4216,6499
5144,a7593064-07c8-4ecf-a902-4e3d6a99362c,9586,740,3049,794
5145,922137c1-25bd-433a-81c5-b7bf7232feea,28375,742,1019,5253
5146,544dae1c-0c55-438f-aa56-ad66954eb2ec,21671,294,7264,780
5147,68f689aa-995a-4a2f-b76e-d29b785d6be8,17639,415,5846,3234
5148,7aa24df4-055a-43db-b25e-f6ffc79ae4da,16242,759,5463,1089
5149,58ca6604-5f11-4280-bb06-557f01b49488,32571,129,5607,5313
5150,ac51c07d-3e2d-46f6-8378-d6c194e7312f,15255,562,1299,3567
5151,aecda39d-5f69-4d21-bb3a-461aac2a4486,87,608,8805,6353
5152,5685eef0-62ad-4bac-8662-73bc526efc4a,20471,602,2854,8297
5153,ba6e16c5-f8ca-4955-b0cf-cf4a788a79b1,28303,837,6905,7754
5154,cbdd0996-caeb-4a79-88fd-06c1ee18cfbd,32432,228,4961,5874
5155,795c0f8b-a6d0-4383-b787-96c2f884df55,11565,773,403,7502
5156,b9e4bd74-9fc5-4dda-8570-1155509175dd,49628,245,1280,7371
5157,0910a270-fd45-4f41-b76d-7bdc66366b63,20394,614,1890,1172
5158,aa51b3ef-6372-4e7a-ad2a-0fb1a197b478,47430,726,6244,944
5159,2f641a47-6e3a-4b66-83c5-0b7cc64d9458,49695,819,4122,567
5160,50536005-f63a-4f1b-9f89-1d92ce014718,3240,133,623,6545
5161,cffbb634-bddd-4362-a39c-c266f710836c,21069,295,1561,6096
5162,faea41cf-943d-4e52-8bd2-82a660406e35,43198,396,6124,1125
5163,4928bde4-98d8-48a4-b5d0-32a2c78bbabb,23637,954,4959,4152
5164,0350d560-d01a-416f-beec-40e1d0882128,3114,839,9997,8439
5165,208be370-fb9b-4039-9fb1-8f35f7e52171,13602,454,204,8687
5166,87272eb8-890b-42e3-a3cf-4e96bce022a2,25937,440,1979,3999
5167,abbf924b-504e-43a8-a78b-fe95d753667e,43188,562,4899,7377
5168,73515b69-4b42-4c53-89c3-c0e2c481f305,35158,254,3345,6135
5169,911a4050-aefc-49a7-b7eb-3165d526ba21,2855,301,4446,9559
5170,6e1c5a95-984c-44fe-a9fd-5b477c50a213,21931,338,3987,6543
5171,b7c1e4fe-f73a-4614-a6ff-d37c90e84834,40753,593,4920,7272
5172,1525aef5-ea43-435b-873b-b2ad25492086,45903,167,3129,1564
5173,0e3d5a0a-2ae4-4acc-b529-5910cf081b3b,36230,507,7205,591
5174,da58bafb-cdf2-4ed1-bd7c-a977c4435992,17007,69,5165,3901
5175,15053465-286d-4971-a7a2-f6e8e46fcf95,21666,889,9334,361
5176,99c31703-f50b-444a-9e5f-be6839cb34e3,24647,712,1831,3914
5177,ed93f909-d0f2-4699-9264-d7cd9a12f900,15765,463,9652,9257
5178,3068362b-5e68-4f6e-8b5d-49788626a995,16182,270,3463,3544
5179,54515a70-7563-47fd-b15e-049be9403925,28287,598,534,8440
5180,c33e6818-8591-47b3-a282-e8edcc7468be,4712,986,9773,4559
5181,29390c5f-5b5f-48e4-97ed-c8ad2a0e92c6,27699,730,3659,2327
5182,52621c19-c225-4ac6-ba51-4e0315048b05,4233,525,9841,3892
5183,93f144e8-22a1-43f0-9bf8-3bbae1990e88,29475,198,3499,5091
5184,c6854eb0-38c0-4d7f-8c96-991d5b51b907,45962,162,4513,4450
5185,5e8c2719-bf37-441b-86e7-3b76b89866d1,4087,547,9045,608
5186,16c54440-402c-4c4c-8087-32eb7358264b,10610,6,9237,4731
5187,c742c5a2-5e36-4d80-b280-196eb0866455,437,526,6891,2353
5188,7e88feaf-0086-4a0d-9006-70217fbef9cc,18686,644,3542,2872
5189,06e675ed-3de1-4ec2-b765-1697fc687f45,852,977,2474,7358
5190,d2976f5d-81b8-4b28-80b3-fea2650deb3f,37314,185,1859,4474
5191,6caf80eb-4e4d-4a37-92f5-a692be646e62,22746,486,8882,2400
5192,37d45dc7-f966-4a1e-af7d-b52b149d41a7,15665,942,1764,2993
5193,613ba251-9f47-4afa-a155-6876ba1a4692,30784,975,4524,3764
5194,39143f87-61a9-4bfd-a7bd-b1916c40ee76,34661,308,7383,823
5195,4cb8dcab-d928-488c-80b1-e401bb5eabe5,49153,691,4073,7595
5196,49e86feb-f377-4019-a059-8dd092c1f1d0,18034,101,8219,9298
5197,32a6e099-f44f-437f-9f34-cf1591349c62,9685,831,5664,1508
5198,d2676bda-3493-4b38-a1a7-f863ee56c323,42292,22,3181,5624
5199,8d964cdf-f30f-4bff-8f69-5570de1d1608,4730,649,7148,2995
5200,192c8a32-f176-4048-8906-37d4f0cace5d,13510,312,8865,2056
5201,32335037-87c2-4f94-a8ad-d2121ed4e6f7,12662,174,530,5971
5202,a48228aa-cf96-46ac-8cc6-9b51f97d35cc,344,871,7601,7716
5203,f45f8871-4569-4570-bf7f-86de254c30f3,25495,552,8018,8252
5204,b529f5cc-c4fb-422c-bf9a-4ab1a314c994,17648,321,8543,9421
5205,d2d72feb-1317-431e-8907-21b3f1458335,1558,928,222,1683
5206,a19ce4de-47ba-4146-b1ba-0db109fb3b8a,15524,332,8414,6191
5207,0678fcf6-804b-47cb-8e52-e44671dc26ae,42945,833,9300,3595
5208,90e62e37-800a-4cde-aa23-514ef7d5293d,12547,44,7692,7471
5209,e1f9f020-db36-4cc0-b959-06221885be4f,6576,882,6208,5043
5210,6787fff1-5c76-48d4-b453-2ab5f6bb08c7,9761,4,2230,6340
5211,8c3f6e1a-827e-4474-922e-05a83d55d788,38043,40,4575,1444
5212,32131701-5993-4a99-98a6-a9be3a14d8a6,34266,531,8001,6164
5213,f6bb05b9-581f-4efa-b188-f68d6d72b226,5213,706,3146,9952
5214,7f216426-1e25-4125-b4fc-e169ce62b4cf,4578,697,1076,7894
5215,2d39efc2-c490-4667-9a09-8b42a9320f95,40633,768,2409,2504
5216,86a7248a-d6fb-441a-bc56-a8466077af98,33396,531,2416,1379
5217,dc3e053b-f445-446a-8f84-1fb135551653,18647,30,2682,1835
5218,571e1d9c-e317-4aeb-9f13-690424c42e78,24557,552,9876,1256
5219,e86809a5-a20f-45fe-a5d8-25407a0b7c43,34876,922,7476,3136
5220,3edd319d-0197-49a8-b9ef-51aa5342bb60,44498,328,3256,9487
5221,c8b587b2-1d42-43b0-8d16-5674babc535c,4469,611,1840,105
5222,cf3a021b-ed37-4e98-81d3-4fbc80133185,15285,892,7706,9293
5223,5120d4d8-8566-405c-97dd-061f92d2c20a,43353,821,1125,5504
5224,bf69a492-8e7e-490c-bb21-6d829f12b0fa,8597,554,3909,1583
5225,28aefce2-e08d-4523-8534-5174a361179c,44898,768,4059,7419
5226,7a5df903-0ae7-4b68-9f21-bfc13421c5d9,31816,450,2506,4144
5227,025aaccf-c180-482d-a993-da07cb5ec1c3,35795,937,6392,9379
5228,22723bf9-6055-4693-8d68-dba984962bf6,39336,355,7451,7396
5229,9271c413-0ed2-4581-828a-424fd0b8f8aa,28302,794,3521,2338
5230,7b84e646-9eb7-4e23-a6f6-28b0ea3611ed,30891,943,9647,3865
5231,bf5f6367-e18e-4bd4-ba32-bd647ee5b48e,21939,646,6888,1257
5232,301f3584-a7e1-4d70-9252-1f39028ce003,47434,28,4649,6275
5233,3f527154-f1f9-4684-96f5-5898b6bac514,45886,9,1416,177
5234,1005ab8c-0f7a-4d59-b033-59bd5abc5d86,24002,797,8539,561
5235,2d9646eb-939f-4c2d-bccb-a65ee78bc2bb,15376,721,4060,9948
5236,b35a3e17-09ee-44fa-a789-e8bc07989521,5010,919,2485,7527
5237,c726da5f-eb08-424a-867e-726671f1408c,38466,251,994,7992
5238,f49fbfe6-2ab0-422e-9e0c-69b215539e25,13608,421,5758,813
5239,b00a57ce-95e0-4c5e-803c-3868b52ef23c,32779,82,1898,4653
5240,825b7a83-ae02-42fb-bceb-d8a0ba93bf0d,15875,327,7729,1441
5241,dcc028e0-9ce0-4138-b05a-0b99b1113295,7552,558,9756,5125
5242,9aee0855-55f2-4e11-9c7a-7f4692064c89,16271,553,2386,7362
5243,a4a62210-e755-4e95-aa61-33f6069cbd6e,49432,178,345,3888
5244,4a81c983-c977-42f1-ac26-9f28464a8e11,42790,604,2779,8098
5245,7125daa1-d7ca-44fa-8913-995fd3ffba4d,49865,431,6672,5570
5246,6b7bb7d6-43ca-461d-b602-fffa7aa47687,11992,586,898,6126
5247,6cac8702-22e0-4473-9986-9f27845a1b89,19954,278,2970,5681
5248,ae9069a0-6252-4e82-be23-1e307b3a5431,21172,89,2197,7460
5249,58e61c23-dc7e-4a81-967b-a5ac6f5e3374,47594,691,255,7575
5250,c8cc472e-b65b-4a80-9c49-0fa0a12f8eab,46664,799,3481,6449
5251,bec0ad2f-bf72-4b0f-aa1a-4dca1006b3c4,26677,948,991,7448
5252,24788fbe-5b1d-44c2-b726-502c44fb8ca0,2267,582,1188,8897
5253,546d214d-dd0e-46cb-a4c3-64053728e488,16790,230,3688,9453
5254,1ee39577-fc01-4feb-b6a4-8fa990ec0419,44181,318,7600,6461
5255,3fb17a49-cecb-49c2-9f97-c4a5e47f1184,1559,186,5047,296
5256,8f2f66e3-f794-4a64-b00b-1c165786a533,14885,761,8896,1207
5257,7e55122f-bd84-4d1f-a0b8-7be32f37db32,44808,635,2241,4184
5258,9a5395eb-6a20-4701-8438-9c22a63a9ed7,6789,424,4068,482
5259,34dfe228-b7e0-4b59-83b3-c65b12e52a18,34461,758,4118,1210
5260,deae8487-d7c8-43a0-94e9-337cada94b7d,27754,998,3923,1243
5261,6d25b346-6dac-4dd2-b1fc-63a7e11f7d86,44896,201,843,7185
5262,13f412b8-7e5e-4764-9787-df389cbe3278,21486,890,6230,1602
5263,4d3f9369-a959-463e-b815-2ae51558481c,37416,900,226,6363
5264,5baa35c7-1755-440a-a3c4-7baa1dc03f4f,3053,721,6606,1031
5265,c22bc748-fb0a-4e6d-bb31-da1a237cde4a,24922,926,2336,3349
5266,b219f3ef-05d5-4142-a5c5-aaf35ff81561,44030,155,1053,7827
5267,bcabcf1e-d112-42de-bef1-4fc14e8e0d07,33814,178,8057,1340
5268,f7a75a30-9cae-4a2e-9e50-47ee82c11cb6,8626,51,1036,6462
5269,7316c320-178e-4f8b-a533-96ecf421f1a3,35224,123,7702,7986
5270,792d62cc-9ff1-4a68-a306-7aa0cffc6782,32420,409,289,959
5271,d07c3156-6c6b-4770-8769-39e76a9cea78,3806,990,7206,7161
5272,266e2454-c696-4590-8c98-453f3da784dd,18802,729,6263,350
5273,a391d2e1-b460-403b-b9aa-d5b925cc7543,41957,585,9095,4694
5274,3717d84a-7e5e-4e13-a06f-8b4a5b32fa6b,35101,104,1082,3170
5275,0d9d66dd-e369-4bfb-ad4c-2e3711100161,44436,754,6793,1248
5276,272ebde9-c08e-4ff4-a2f0-1196c9570821,22717,604,1975,3478
5277,0c91359c-84ef-4b90-8050-abe155fbd09c,45665,498,5283,4160
5278,34d52b63-a1db-420d-a7d4-11a86aba860d,5513,745,1665,1507
5279,b7805901-1fdb-4e05-989a-fc7d7f5172fd,32524,653,293,7726
5280,f24ccedd-bb6c-48a9-8985-cd7a54237a46,43048,414,1574,9809
5281,bfca9638-7056-4dcb-9c20-9e482324d631,36161,327,8831,6433
5282,ea869478-8cc8-45d9-afa5-eefea10db9ef,35992,164,2541,1
5283,f02d4c97-0e26-437a-bcb9-8ff747d15a5e,19783,246,456,3669
5284,45917c4d-fc0d-4365-94af-9e7b8b753b9d,20374,772,4509,4806
5285,8d03e511-a273-44bc-ac7f-b774d6db97c3,998,496,8166,439
5286,adc9f185-333f-4f3f-896c-3278e18ad93d,7733,500,2417,4981
5287,f3a997c3-b6ac-465b-ab63-3b46fcf18e31,21921,745,458,9930
5288,546f8736-c4e4-4d28-85bd-cecfbd1870b0,23716,42,7255,2776
5289,0b29cde4-67d2-4541-a985-58c37aa76234,5509,296,4994,2634
5290,0a9a3337-f71b-48f6-ad87-07630a930fc4,36977,454,9800,9237
5291,5dfacdc2-f1d5-4541-931a-f184866b524e,39051,694,3935,3347
5292,5c36f28c-618a-463b-8495-dff6177cbb8d,8405,201,4358,3449
5293,385660fd-3be0-4532-b1bb-05b7ef084220,8695,167,168,9463
5294,ba70d701-5ff5-4d14-9fac-a9f940813846,8639,522,5481,9219
5295,209589d0-51fc-4045-b06d-d88d20afebc7,48717,624,5512,5340
5296,a4070271-afcd-4279-b5ed-b4d72ca65158,34579,365,9765,9751
5297,28a361b7-10ff-4084-8065-314bb7f25827,21536,365,1278,9670
5298,d0332222-1c12-4ff6-9fd5-081d70e7255b,42288,938,8216,4575
5299,6da21164-98e3-42fb-b3d4-28220afca8e9,10277,205,4338,9788
5300,a9aadd5a-eceb-4513-b409-15d51df2f425,11856,94,7475,7667
5301,c30a6d26-521e-4309-9bb6-262be8953c63,4456,977,3833,5530
5302,88687842-1cef-48dd-8d84-3ea4e16b4131,43630,782,8827,7790
5303,d62a288b-c052-445e-bb5e-570d4d0ffe99,20037,331,2741,4050
5304,22e91177-ec60-4b9f-8963-cbdc6913ee36,27796,940,8450,5084
5305,4a7f60fe-34b7-4ffb-bfc3-3244484763f6,18133,686,5282,8022
5306,5999e640-d27b-4639-b04f-8873b2aaca57,14683,423,663,1516
5307,69afcd86-cac9-4a38-8191-16cfe27b2946,15036,949,9585,5690
5308,5042fe87-21a4-431e-9fc2-5629d725b7de,15864,377,1355,5156
5309,a3df4221-ae88-44ad-9f81-bf96c5edf162,38725,7,1334,2133
5310,19930bfc-3d06-4bae-bf99-aacfaac0d87a,25671,28,7269,24
5311,ad03ef67-cc70-4c3d-9c91-7a5dc5952634,30377,517,7151,5344
5312,1aeb63d6-9172-493f-a2e4-2255c23feb8b,4265,31,1678,72
5313,fa430521-4382-48d2-a28d-666344fca3e8,17926,233,9415,3072
5314,19c3e645-6b9c-4269-8cc4-e39c83c16580,11924,609,5611,4636
5315,825e4533-e99c-4457-be3a-6f3acaf95314,32069,619,762,2316
5316,8e3334cf-547a-4449-8e68-e931b7ee9f3d,43458,371,6982,8670
5317,dd3660de-1283-45e9-b1be-e43e93aa9ae5,27323,934,5763,541
5318,d3c5904a-8b48-4d6e-98bd-98785c66c921,37168,14,5652,6261
5319,dc5c3058-0f33-4bde-9fe3-f18b3c8752da,23127,222,4488,82
5320,9f9f64d5-fa92-4958-864b-d247ce354440,36787,936,2229,672
5321,21ed69ea-408e-476e-9af0-e8850085761f,36913,12,1529,1853
5322,41b1d3a6-2926-4673-ab0f-d27ceb575471,10429,973,9408,1540
5323,007003a3-7d55-456e-bf89-4d81307adcae,7674,932,2550,1206
5324,7967e8a2-caa9-4949-a541-084b46d4ac01,11947,890,8320,7097
5325,0bed245a-67f7-49af-bd5b-7216cf4ac827,16883,689,8165,7563
5326,cdd3508e-b144-47bd-b70e-72d4cd469524,21832,422,4779,4253
5327,6398dc9a-02be-492f-9892-aadd2ca394e8,49667,930,4965,4477
5328,729a4a67-63f9-4569-a990-922b369369a1,35658,546,5623,3584
5329,2498349e-fbdc-4bf3-98e9-17752f58cb62,25623,378,6526,9116
5330,b5c41b11-ec19-4b3c-be32-f53923a35566,11777,441,45,5982
5331,8253bcb9-d494-4138-b4af-30d3149364bc,48977,812,9816,7044
5332,e7dd0d41-f7a0-4c2b-8df1-b1904fa487b2,22086,562,1214,9028
5333,2fd05a51-b0d1-4529-8ed1-d938f060dcd1,31085,439,4217,5541
5334,a607c9d8-b72c-4f62-8c63-8d80f4854ac3,32771,959,7753,9248
5335,2911027c-31ee-449f-92e9-aad3c257d8e7,43579,54,8227,8429
5336,c9972049-a677-419e-835e-8f8f44e5774d,22866,690,5724,8607
5337,9f127a57-dc5b-4759-bea2-574ae20c54b3,42565,707,6191,7644
5338,782ff819-9351-491e-9417-803c07e2c07a,39369,817,7069,4327
5339,0d3fcbcc-57f4-4b67-8929-d044f55a9fe3,42233,196,3853,9417
5340,a2d1dd06-af69-408e-a11f-30d365cb15fe,44425,675,320,3612
5341,e150822f-083c-4eb2-8179-3c53943722fa,17467,920,8784,6409
5342,5bc91bde-c5c2-4ed0-9a06-05426253d053,8988,389,5900,1640
5343,e0510781-b603-4487-8d87-54d715ca9b7f,32861,8,52,8393
5344,4e615981-4953-4df2-99e3-ccd772f80f30,44763,881,805,2769
5345,9c1cbfa4-a816-424b-a958-621ae94c19d4,28827,787,2848,8324
5346,534ab0c6-4dc4-4da3-acca-feed8d17a720,956,218,9348,66
5347,f19218b9-c057-4c64-8899-b78db684e974,45240,859,6359,1391
5348,2d79514f-3bdb-459a-8687-c3761824dc78,9890,19,2839,1713
5349,43c69f69-225c-45d9-a344-2d94317f525d,12521,374,7866,9848
5350,545de621-ed3b-488e-ad69-4c9b7b9d2bc8,37539,919,7203,1915
5351,bb68aacf-41a8-4a3c-a612-5d8e94428d1d,39376,69,5787,501
5352,e94715f7-ff5f-44aa-8253-8685e81075f1,43170,753,4078,1034
5353,a081d969-9f7d-43fe-8a69-9d265371d51c,33224,550,1440,2039
5354,2188e007-15c5-44c6-813b-c2fb064ef844,28232,7,3205,1354
5355,3570e7fd-fb16-43b6-8718-f7aa6d018f7d,27825,423,4714,2483
5356,097f046e-ea0a-4af2-9e48-6d5264f24a61,1571,921,6753,9063
5357,b44dea5c-ccda-43d2-aeb9-63b5bd71d7d7,49136,389,7010,9119
5358,2768d128-da24-4e61-b1e2-245b857f55a9,37113,957,1808,639
5359,113e3834-bb39-42ec-85bc-9155521e68cb,6373,615,304,3947
5360,21927aa4-0dfd-43bd-be6c-73916ac9f14a,37114,311,6891,2955
5361,939a61b2-f64d-4c71-912f-7be1ec83f294,43887,987,104,7390
5362,896acd8b-2330-45f8-aa55-5d5edaf36e27,3169,617,5632,6594
5363,97a98e56-7c9f-49b5-8145-101349aab163,25493,821,9186,1103
5364,e09baacf-3417-4e6f-9e5b-cc72d96be492,37822,117,713,9825
5365,e3b7cf49-ecc1-4008-9fbc-30defa61fe7b,47285,563,1518,206
5366,697511b9-4ba0-4f36-b921-96e3599790ca,5941,2,5590,2417
5367,37608c11-ef0b-4590-806e-93080fc933c3,35416,726,3935,5012
5368,4068c323-b93e-43a3-8ea9-d2fc549abf1d,43693,338,8625,1422
5369,593892f2-ae61-473f-8455-300186e48aab,7003,139,1265,1162
5370,a0fc2be3-e5b0-46aa-a01e-3f2a7084114a,16168,300,9193,6369
5371,abd40494-bec9-4988-993b-90e8d8d25879,22301,961,3931,4169
5372,1b0f7806-9c42-4dac-ac78-64fcf1ed43a6,5232,379,7825,8627
5373,35d8d09d-ada1-4831-a3b9-2c8dfb331b06,22989,125,3346,5180
5374,27d376ec-ff6f-48a5-abc9-bb2cb79552d4,14725,344,1021,666
5375,062fb2e1-b003-49ed-bbf8-b2bcbf168209,40906,271,8529,2924
5376,0d8ac3df-9c78-47c4-92d4-34481faa0231,459,575,8946,4648
5377,b22c9235-c780-4ddd-b8a3-cba4afdb63b2,14637,659,4148,6330
5378,fff30f87-f0d5-400e-9d80-d7871424c99d,31595,853,1717,5881
5379,5816c0aa-91ba-46a5-9c2c-32f3c8d9137d,44561,164,4585,1000
5380,a0675b0f-a1ee-4e60-bca4-7c9b5f419496,11993,695,5747,9659
5381,64d3c7a0-6da8-46b5-b262-c4b28f48f3dc,1977,779,4748,7268
5382,fdc370c6-cbc6-429a-921a-fc7c7cf9ae3a,23668,115,5087,9938
5383,0a995986-e2d7-4c6a-9dbf-c9e50db079c3,11701,987,9712,6644
5384,59c43536-8638-4500-8858-c81c8f70df9c,10787,499,4592,1414
5385,825e78da-9c6c-4514-aa1d-a14ae16c8822,16781,537,2026,7984
5386,9a311610-eb96-4787-837c-e89c3b034e49,42566,558,8593,6373
5387,664af513-c652-48e5-ad13-6f65ac2c2503,17321,960,1411,270
5388,5a37da0b-d829-436f-805c-8e4e332d4da5,42459,556,3417,1851
5389,283ca712-9941-48ef-b1bd-f918d01fb470,19971,249,7893,1835
5390,f5eec375-a446-4b7b-a297-af3b5a742289,33363,768,1202,1414
5391,1dd2b4a5-1527-4257-ab31-148044ad0a05,23416,793,5563,4185
5392,5dac362e-8283-44f1-840e-6faeb8580550,18417,540,7378,5902
5393,ad8c23e2-44c3-4357-91f1-d83ba84a0dbf,30068,757,2815,2243
5394,a59afa9f-7edd-4304-8e69-8f14aba24952,6762,45,4100,1481
5395,999b0447-0489-4bd6-bada-9e6fbc5287de,16097,935,4711,1416
5396,1efa4553-350a-48c2-a003-eee7a4985465,34293,168,5904,5364
5397,7a39f834-db10-4dd7-9d9e-627ace4ca449,2760,45,8333,2840
5398,8e80700a-174b-4417-b6f9-68bc89d23655,38505,696,9239,2211
5399,d325a5c5-e804-4ef1-a9c7-8338bb7dd82b,34855,956,869,8347
5400,674e34cd-747b-47da-9021-b4590abbca01,41142,45,4621,1238
5401,75d2d62d-0664-45bd-af81-818bd7945e07,13554,918,16,807
5402,c1ddac9d-5703-4be7-a4b5-d69d8fad061a,892,368,447,9621
5403,fb7917fd-e22e-4acb-92de-04c092750128,36011,830,4056,4299
5404,6769df3a-b6cb-496d-8514-3ef6f0abb014,32585,827,6853,1069
5405,8eef4380-d6c4-4e2d-8484-944bedc1e077,3166,436,7494,6190
5406,c41f0e8a-09a5-423f-bd0b-694ef6816d75,6089,540,100,9993
5407,ea7fec94-f6ef-4f4b-88f1-2a1cedf5361a,41738,84,1552,8618
5408,fe698107-294c-4516-9d80-083dafa5dd18,24277,418,778,3988
5409,bcd0232c-2aa3-4fec-99f7-688d8f2a8b48,16134,176,8880,663
5410,f997573f-9aa6-4a0e-a625-551ddc1bf9ba,10153,669,2482,1249
5411,ed8116fd-d661-4e6f-b336-cc42ff486cc7,29480,366,1162,7636
5412,bdbc898d-827f-40aa-adec-058877907e82,3429,755,1714,3592
5413,b3472eff-a9bc-434a-a6bd-1d60412d3a2d,22987,465,1737,7819
5414,862fca6d-4a91-4194-ad47-6078781184c0,8364,334,8161,5391
5415,6210244a-6e77-4469-bd4b-79e33ce6c981,37868,654,3400,1859
5416,31f61525-d4c8-49df-b82e-88c9a91ef597,20886,909,9343,3629
5417,f79e5e71-da73-419b-b31f-db19a52be3e5,48179,610,4436,8258
5418,3a0d203d-4171-4f6a-9f9c-cebca5e57ab6,32538,86,2062,7985
5419,27824e7f-ae1c-4dc5-bd86-4461d3f02c0e,34425,113,4627,8277
5420,a15f41dc-ad7a-4d7d-ade7-b58d92eb7195,28133,251,6366,2275
5421,2e671abc-dfd1-4b35-9e73-f5611b11cf82,14317,676,27,9109
5422,2863aae5-c499-4176-a54e-c7b0ca069cf1,28377,195,9046,3721
5423,d1ea9bc8-299d-4c99-824a-4fc8a3541d00,46435,334,1850,7993
5424,12479576-ae0f-4de6-8be7-fb69348d67c4,15342,197,2129,6310
5425,2917b629-efef-4b39-87c4-4c60e9a26cee,17500,106,1524,7378
5426,07976121-d74a-4ba4-a009-a226dcc9ca1f,24026,699,107,1395
5427,f296fa32-36da-4c8e-874f-50a0af2270f2,28587,825,6825,8938
5428,6b1d5702-df00-4e86-a880-1e095ee45b1a,25123,188,9335,5361
5429,67e696e9-11ec-46fc-879f-904325ec8af9,3367,366,7561,8664
5430,679bd84c-4c82-45cc-bd3f-6dd40a3ab305,23620,306,8763,3497
5431,cd321eba-31e6-4875-bee3-d1167af10199,3898,153,7097,6391
5432,4d9f8ccd-9a50-476f-9e3c-85001ec2dfe7,22518,466,3940,3954
5433,f7dbe66a-2a69-4832-8df5-36325dfb1739,43970,725,9990,6121
5434,ff19f8cf-459c-4c3b-a334-a84448c10b9b,41690,378,2823,1352
5435,ec842904-a403-4b4b-84c6-f5334323b9c2,22075,229,1872,8946
5436,05ddd14d-dfde-4cb6-bdcf-b748af808d55,34412,625,3635,6794
5437,d3409041-65c7-434b-bd30-c4388901901b,22450,401,2656,5243
5438,17e4ace1-3881-46d1-961b-1ea5a4428338,35868,595,8782,3321
5439,b2088a8d-b16f-4bea-8b29-b61837422906,39707,968,6241,7144
5440,76a80d90-9253-4160-b43d-eb2a61d9921d,12711,653,4983,9332
5441,5adb76e9-bb76-4fbb-9c93-0dba7302c576,19025,231,5808,6015
5442,be42d6df-4de5-4b8f-88d0-588a35fb9662,8679,556,6280,7868
5443,9fc77b82-4fdf-4ebf-86fe-e525fb383bc2,18942,901,9643,6291
5444,bd5e007e-5ec4-4b66-9e99-d1d603c7cb00,33241,113,4714,6605
5445,c443ba9e-114f-438b-bc77-99624d69e19b,17945,14,7788,1212
5446,ebecc205-13d5-4560-8668-69bd912392f7,25820,370,6702,1279
5447,5d7d47d8-3103-4759-a88b-81d23deabac5,36070,86,426,9457
5448,6cbe7418-5a51-47c5-bb6c-b2a99fba3742,15100,730,3910,7971
5449,b1d65322-a8ba-4156-99a6-3214d2ea7ff2,4506,90,8741,1554
5450,21eb367f-cca3-4227-ba0b-89d1cade6030,47343,654,6480,8155
5451,3487b493-0cdd-4d74-b6d8-1ad1491a4103,49448,396,3172,8054
5452,f402fb27-d589-4bb2-8a82-995839a8ee2c,10001,237,4393,1978
5453,02f55356-9ec3-401b-9d1e-d913e3ead77d,11628,483,3636,2626
5454,d8cb62b8-d7e1-41d5-82e7-7b5365d96ed6,49189,622,7773,6546
5455,1020ff10-024d-4276-ad6d-7d76fce9b0da,15369,535,7917,9869
5456,77b047e0-fb4c-4847-ba74-08703c3bc2a5,34691,926,2205,6639
5457,ff7c4501-2d60-41b4-8b2a-4700b69c595c,7751,278,7341,1084
5458,ccec94a7-7bf0-4c89-9657-2a8b29ff3aff,10384,218,6331,1053
5459,f408fe0e-4b5a-40fc-8e6d-c250b4636f8c,34220,832,362,2200
5460,5beeaebf-822e-440e-b6d8-5b3cd17374a0,30098,777,2336,3091
5461,b70198f9-01d6-47e5-85d2-2409a1d53955,23889,255,6154,4495
5462,ec08973b-3c5a-4ebe-979f-0ba1d194a676,7398,110,1312,3896
5463,3b853204-1a51-4baf-9e04-ee5b4aa3cf31,36158,209,2500,9576
5464,8d7711e0-9981-40e0-8e62-0913043ba0cb,42265,756,8313,2509
5465,0902e327-85f6-4a42-9873-ef1e67b83241,8128,150,3164,9127
5466,ad5acf4b-82af-4e7f-aac1-544319943708,41604,596,293,150
5467,90730ec2-c368-471a-a92b-1c74386ba872,7493,342,550,3558
5468,6c3ce18b-3bfa-4d9c-8d8d-8bacb1e00dc8,35417,365,8390,2219
5469,d6463406-ef33-4cb6-9aef-c35e9c8096b3,42781,593,2598,4732
5470,a0056a90-f30b-43b6-9719-09242e51ab04,45169,101,7461,5895
5471,e6c897e9-faa9-4e9e-94fe-c05e6c60a022,37652,393,8064,6411
5472,ac388a19-714e-4eb5-a28f-da3ce62532ad,40878,371,1058,1235
5473,8cae8a98-3e99-49f7-8a8e-1be3b457fbbf,27611,90,5294,5171
5474,6ecf6f08-68af-4269-8d7f-03cf9f3e22fa,21487,784,5223,7938
5475,52dbe6e2-6e72-4745-b7b9-071856813b02,26361,301,1282,2472
5476,8cf4c08d-5b91-4c62-9057-d9e0faa12c4b,12703,731,6287,937
5477,8e86a1fc-720a-44c8-8f23-ba447c2607e8,22398,118,4360,4719
5478,06bfeb87-9d60-4251-b013-1f11b0b4ca06,36655,7,242,5102
5479,d4bee669-37a1-4443-9df2-1bb8765d87cc,22417,839,9639,7989
5480,a2bf62f2-011a-4d00-9904-90c7e7b6a2fa,6475,52,6102,2568
5481,1abc3e53-e40e-46bd-aebf-042a1ad00984,30425,777,4735,1944
5482,f10a7e8f-fe1a-4e97-acc1-ea4d00840ffb,2041,519,1802,4754
5483,167d18ae-ed66-44a3-b29f-de1168590747,28532,768,8391,1257
5484,5f4d162a-0763-4c6f-a861-d02b7ffc1b6b,17076,994,5167,6603
5485,56de5972-8167-4f40-ad78-ccd3b3a5c9a7,7352,477,7574,9162
5486,5140a45e-1293-4dcd-b6bc-0bb5ed862f96,26236,503,4017,1187
5487,afc89f73-cc96-4090-9e42-b37b1ed687d2,38604,652,9167,4996
5488,cd755e67-33a1-46c5-b67e-59b2d70a031a,39966,760,6001,7552
5489,784e086c-d4d9-4e47-8490-bc5817c0a670,13370,160,8095,9498
5490,6d14ea57-08e3-4881-b7ef-fe47d5c53e3b,1077,579,9411,7218
5491,ded3e5cd-1508-4f1e-bd7f-52382ae5b80d,5707,432,8950,2863
5492,7a075765-c8c6-4002-9b5d-3d145ecfd81d,17337,621,3866,4389
5493,fe388d94-513d-4b35-aa02-b026637ca415,44282,149,6320,469
5494,2ef528c6-f6ab-4eb2-b4aa-cc3c4f189b27,24034,706,3943,5378
5495,7d8b49bb-2936-429d-baa2-f0ddcbf6c159,45480,321,3224,6268
5496,922f70db-9924-461f-97f4-a2e6cd190ede,41955,910,4796,2583
5497,dbf81aeb-eee9-4f34-bfdd-1454d20db8a9,49920,852,7161,6404
5498,1532255f-8734-4e04-9c82-ecdf02785321,32357,295,3024,6094
5499,e3355586-e745-4a14-af2f-567e7d695ef6,25569,218,2881,6596
5500,629f561c-c06e-486d-aa0a-8cd03ad41eb8,4808,307,3297,8266
5501,3ac4d24b-1b85-4810-a583-c559262ec2dd,40001,405,1958,2897
5502,457cd0ca-0fd4-4a38-814c-492b8150644d,18199,576,992,345
5503,2bd6ee32-0480-4ef0-91df-ead39b64c4eb,28767,926,8869,3035
5504,83df9fda-b650-4112-9c6d-90b4c61556de,1180,336,8436,5566
5505,bfea42ac-505c-4da5-b634-e3fb9bd7f965,1505,579,5113,7160
5506,66d3eb3c-c812-4c01-8c38-94df87b51379,48129,496,1551,4002
5507,eeb2c71a-ec6a-4255-9ba7-c2047ad29362,16163,167,3596,11
5508,e8104aa2-1048-46ba-a84a-11e6cb45cafe,22867,328,319,3220
5509,5212d228-2df5-40f7-8f07-e741113ee820,47634,531,8905,2203
5510,eef37e0b-c312-4e5d-93c3-6b09f11e3609,42143,359,9234,4518
5511,e31debc9-9961-4fc2-96ac-3bffd6522c48,16245,832,3786,4654
5512,7cd12e1a-430b-4482-a3d4-ae28e1f4b679,23344,171,2544,6874
5513,65c6ea71-43ff-4894-95b8-ea889b66a8f9,39271,532,8003,5149
5514,abf4e012-cf19-4ca8-8370-1644d49ea175,21323,23,4080,8725
5515,899e3c46-85a5-4408-9db9-8ec354e56eba,3619,987,6359,2501
5516,c6bdf889-9cf6-4818-90ec-3ef0f601eace,9249,687,1737,9334
5517,d8528fb9-6ab6-4543-8448-7de6b3a59536,27600,915,6535,1922
5518,a4665f87-822a-461b-9fe6-beba9c172c14,4071,235,2239,4472
5519,ff963b18-d9c3-4297-bb4e-a5fb76e27e16,8194,802,6150,6578
5520,19cc8a4e-9040-49c1-b8a2-02263435b56c,28909,376,737,7307
5521,99bac756-6bba-4fc8-99e7-4165bc378f17,16313,95,5495,4355
5522,c26cb5ae-2d1c-439b-9c79-c74e663ed151,9968,598,2305,6018
5523,d8d0e981-a17d-49af-9643-eda4590255fa,14176,46,8937,1053
5524,4cf42384-916b-4b58-b47c-6d29d80aad17,2056,169,9560,2858
5525,0b90cd02-ed2a-4bd9-bd91-cb956a3d8283,19954,500,8272,5960
5526,382c7db4-6a05-4ff8-baa8-57b33ce67543,16534,686,8928,3120
5527,67a9487e-1d62-4ff0-9d84-f2c195ca360a,47102,871,9914,6060
5528,90db183e-516b-416a-98b0-730f493f5d16,5955,738,4718,4040
5529,959b2014-0c8e-4401-b615-1fc6859c9c40,38517,12,9213,7514
5530,b12e0e98-77d9-4fc9-9964-6b7e343fb920,26004,590,7216,9314
5531,a4b851a1-0f38-4640-8707-823589e15c49,5747,339,739,9392
5532,66dfbe76-138b-4ba8-af12-3bf00e61f919,21013,88,8644,5043
5533,343356a7-48bd-4340-aa7e-d3473d108c3e,28406,68,6754,4003
5534,e7803fae-e6a3-4f08-ada1-2cb627bae9d1,15594,275,6927,2383
5535,9b03f9f1-aa6d-4224-9c4d-6bbf56aebd0b,34966,227,210,3472
5536,5ff43024-57cf-4ff7-b1aa-4a0cb453a9c0,244,164,4386,171
5537,22124b7f-bfc6-4aaf-b31e-6fe74ac7f8a2,1538,127,8393,4989
5538,70b8f22a-6b25-4d27-9515-9a0e277446a5,3411,631,2324,9599
5539,6cdb6847-fdc3-4d64-a933-41bba5d42fcd,10291,553,8067,6961
5540,1f7e6737-8fce-4ea1-8bb4-9b99fcc9a801,4058,989,5690,5648
5541,af946eaf-6976-438b-811c-d53774fba6e2,29516,789,1422,1338
5542,c20df639-bc6c-4bd9-a6d9-d5d7f23b52ab,38582,413,4485,7927
5543,3b117794-fdf7-4973-aaa3-fe70aa227b8b,7820,443,2002,710
5544,0a6f1cf1-8210-43c6-b42c-8805f5cd0fbd,20467,18,7175,8170
5545,1d606e9b-b054-42e1-a15e-60e561522e4b,3458,700,3800,7731
5546,ae473185-8b42-4a28-a4ad-d6a63b99f89c,46733,514,2435,7514
5547,c582c7f7-7de6-468a-a89d-76919eebbf69,3803,408,3907,6798
5548,19d44604-e983-4cb2-b472-9461e254a6ad,39921,375,5003,6147
5549,a5d61dab-8074-48b0-b07e-16dfe25919ff,47148,252,4396,9610
5550,2f7c3292-0569-46fc-ac1d-aee491f28c54,14630,534,1424,9399
5551,28f0b7f9-5037-4b6f-a3f0-a39e18dc7e44,3003,791,1251,7236
5552,846323ed-15d8-4ed0-bdb4-583428723eda,37580,756,4789,1170
5553,c67c9fe5-5ae0-487c-81e2-7967f52920d6,36274,648,1654,2241
5554,cec3a675-874f-49da-a16a-b83ffc6e13f0,15060,938,7950,7718
5555,467868ec-1a89-4f37-888d-56db6d449903,22513,900,2886,8820
5556,f77460a1-ed55-4511-a274-027377944171,44139,968,8858,8475
5557,16d4005b-4c47-490f-bed2-d9999db844c9,2959,388,2903,2316
5558,dbd0783e-6bef-45bd-b3df-0cd555d76a94,2082,764,9170,3317
5559,df49cb36-3b0d-464e-a17b-70b393fe407c,27725,160,3463,4582
5560,ad011511-406a-4fad-a897-9713b1ac7c9f,65,174,7779,4736
5561,a8a24892-8a64-4169-968a-84a31447b88b,1474,491,6862,9527
5562,758305ce-dad9-402f-89f3-46655d28633a,30449,768,3479,3679
5563,2a1c6069-930c-4d8e-a4c9-ba4fdf420c11,7576,594,188,8655
5564,d302b82e-5f81-4158-a078-82faf778abdd,26280,405,5185,2039
5565,b9b4085c-247e-4bb5-b780-74eac6806465,25845,218,6978,8164
5566,ecbf7dab-2798-4a2e-92ea-1dea763a5a44,39793,955,9916,3163
5567,dfcb461d-5c8b-4452-834d-fe710e812dde,8736,625,8480,8533
5568,bfb6f813-9204-4937-8bc3-8630e43404e0,19663,161,6003,7554
5569,78756c5f-092c-4ebb-bdc6-1ee3e8eb0740,11952,215,704,3593
5570,9a61fd96-8612-4ef7-9aab-1359960ef2f8,39269,98,993,5755
5571,2ee46bd2-0c8f-462b-a822-82d53ffe5b36,6369,716,5509,2034
5572,5ed0f924-28e3-4cb5-abea-a0ad46e916bf,22317,729,8803,547
5573,e5b1addd-ea08-42a6-8536-8c2bf7394423,10639,446,842,8566
5574,8006cea0-1e23-44fa-a551-34a1bee04321,8001,622,9112,6803
5575,1856a6ec-9452-4585-966c-b0ab652808c0,11389,466,1046,7089
5576,ba51f69f-14c3-45c8-9bae-09ddbfbd8bf4,29173,353,7956,536
5577,a30d16a8-bb6e-4334-a6ba-325f969938df,18956,537,5829,4206
5578,682e4836-3299-45e9-9de2-c676d7922d49,10721,843,1382,2601
5579,7da02528-3bd0-45d1-8700-eaaa9f829c9d,2539,17,6558,2625
5580,d0ad70b4-82a5-4b66-9d64-699255a990df,38690,520,2487,8182
5581,d0edeea8-6343-4a16-a36c-af3867a81354,3439,973,5719,3702
5582,e336f6e3-736d-4716-8578-1b76b029c9a0,8569,47,4063,1153
5583,acca16db-46ba-449a-a66b-fd36dcc38a50,19288,363,830,9108
5584,3c91613c-0683-42df-b926-368b50431ead,48949,288,6439,7120
5585,f9499b70-518e-4be3-ac43-4bea5e791626,6972,866,7804,2321
5586,42c39704-7d01-472e-95f9-5563067e8e51,23088,676,8298,5727
5587,f1f0ceef-6640-4038-9f2c-bbbb4a49442b,7123,603,3728,4070
5588,7a4d55f1-b1ad-43b1-89db-0e8cb458d665,41231,955,9812,1584
5589,791a5929-5122-4e0e-8faf-45f51fb9ccbd,39964,725,2860,8241
5590,945e8464-8608-4ca4-a5db-4efe0deca2a7,4879,814,2377,3105
5591,996bd0e0-ae4c-48c6-81e5-7a7596adbdbd,14852,246,4545,6837
5592,0f38bfbe-230e-4626-9d97-1f7325cb404a,28276,635,1571,217
5593,c2448796-82cf-442b-b0ca-1fab069aa233,36147,418,1476,3085
5594,7e287719-d2ce-47c4-9027-2c26fdc18101,44297,399,2071,842
5595,77dd33f3-5c52-4e9e-aaa1-1797744289fb,30506,324,1440,1958
5596,66878fc9-d2cb-435e-9c77-faf3909370c8,9031,459,3199,293
5597,5ca1247a-f7d6-48f2-9b2b-d7e2b1023dfb,4967,987,3073,2146
5598,2ca6268a-acc9-4656-b144-e935cb8c0a05,6045,503,8804,6462
5599,d757dd6e-b9b7-4f67-a021-ba6e5f6ab576,16763,379,4039,1386
5600,79fe10d8-a2bb-4b63-98f2-d399b5db0e96,28790,782,8332,1269
5601,f206dc01-b202-43e4-ac23-f7a6fcea4ccb,27010,793,539,3605
5602,363639a1-834e-4da6-be34-29baf7be95c7,39508,600,3762,7274
5603,bc1843ca-ab17-4c1b-ad45-b2656d7e452a,15529,873,7827,7355
5604,a1b3c3f0-0d12-4f88-aafa-a7a5a54d375c,18034,174,4308,3088
5605,ec58e7b5-1f67-488a-b3ff-bed82eab78e0,32289,814,6836,8535
5606,3761285b-9627-4a5c-b36b-b879f3106424,2121,509,5017,6225
5607,96713c4c-cbe1-4bec-b7d2-c8faab20f558,30431,296,9386,3858
5608,26540b50-7a87-4cfe-a9cd-ce7958279c97,6328,823,2996,2905
5609,3de5c135-87fe-4776-9fde-820ddf13effe,30998,675,9716,1321
5610,919f6235-bff1-4b43-ba11-fb16cbec5bd8,40578,349,2498,9881
5611,ad14d24b-407a-491e-b5ff-a80dd3dd3ec4,11730,76,8184,1145
5612,28a67000-952c-4576-ae32-f453e50182c7,1549,752,7947,2824
5613,44f7cada-613a-4894-9159-db2d589e93e5,10991,607,1910,9332
5614,5d43ecfb-58bf-450f-b39a-d282a83e062d,5111,951,9225,8176
5615,a6e2d045-12e5-4af5-bb25-75531e2e6ac5,2678,172,9898,2342
5616,6ad15f99-2215-4943-b78b-9e6d45777a75,19042,134,946,2086
5617,836e25c1-672a-440e-b325-74b67de3c5b0,6864,687,847,2913
5618,22700329-5098-4cc0-b7d1-0ed0a511ebaf,9974,463,831,4793
5619,efd68196-02fd-4a6a-9918-0fcb07bf6d9b,21147,386,9306,5130
5620,02501fc9-9c9d-4c9e-b943-3114c512afbc,20501,99,8257,8185
5621,d4ccd449-5ffd-472b-8e02-d82e8db30d89,29500,200,2485,1987
5622,c53868f9-62bc-49d0-a5a6-b9a95396c656,3246,815,9319,7387
5623,7e454d37-18ee-4519-b20c-b4ab0fbaac21,26217,124,7629,8790
5624,d6301468-25d6-44d8-8121-f740c657f7d9,47912,170,35,5040
5625,75dfd445-89e7-45c5-9241-8e1be7b2dbd7,49565,594,5226,954
5626,de50f1f2-2f4b-4c98-b781-36e3e330b7af,36965,798,728,1217
5627,9478680c-03e4-4d53-b76b-87b3df7410de,14458,564,7284,5573
5628,0802c6d0-6e12-4bed-bbd9-db0dbbb05abe,6582,175,5502,6011
5629,21a4cb17-18de-45f7-9f3c-2b635eb01c12,8642,664,2343,8761
5630,cadae1fe-f0bd-4b4a-b212-05480a350ba3,6874,543,5654,2611
5631,8010a03f-d149-4390-b1ac-05354ffa8ef0,3314,939,4019,4943
5632,e7935c86-2320-45e9-a4c9-cd6002d02e3e,24818,626,7648,991
5633,ee3ca86a-8d38-4a62-8983-33744cac89db,20155,664,3679,2336
5634,8d55175c-0777-47eb-96de-229c20b12a5e,243,686,7906,4927
5635,08a6911f-7b80-44fe-afbc-e3fc00373328,14470,5,4185,792
5636,2dc7c55c-f578-4770-ac29-aa4566447d71,19551,684,317,8747
5637,9c9c5ef4-ccc4-46d0-9565-9cc982074d81,8968,889,4316,5309
5638,c184fa6a-e7d1-4341-9c5d-9c5018291c17,29140,10,9929,3472
5639,260093aa-6681-401f-90b7-09d48d6d00e1,9038,215,6565,1892
5640,b9e887e0-93df-40eb-bedc-b99825aad156,8542,229,226,9171
5641,f75f2bd4-4945-4b6b-8531-7cb60814e508,13539,863,8403,2157
5642,96e4d384-b417-44e9-a04d-f36773514ba3,15009,442,5718,7645
5643,0ce7afa5-a3b8-4013-b4d7-71c10b8fcd02,28364,228,3192,2836
5644,53a8de59-3e1c-4709-bfab-b2142c92ac02,27801,401,5953,6572
5645,08111c72-9abf-4b32-9640-e6fbf923fc45,2898,452,1324,6860
5646,17835066-36ec-46dd-85cd-322942ddfa77,47581,649,9469,1286
5647,329ecfaf-b09b-4829-b83c-ae4ec1384dfc,39592,530,262,5951
5648,abb8d87a-0acb-49fa-9ddb-81fa0a298da7,47780,593,598,608
5649,468b3b4e-ff40-4e2d-8651-d105d94d4a96,16430,86,4581,2348
5650,61bbb6cd-2162-4222-8e06-6a95f062328a,26383,679,5230,7527
5651,acf84519-0b59-4569-9ec3-3caf16d96fe3,30147,917,8950,7404
5652,46685eaa-e55e-497b-918d-6042d32f2eb9,32229,992,4849,7488
5653,3fd4af18-6cf3-4b57-aee6-9f9221f30083,6434,164,3873,3317
5654,0411f034-667b-4b4c-bbd1-291e0b2a1e94,9695,395,1747,4092
5655,10118fee-2c76-40db-80d5-98bab4fbfe89,37486,606,3145,6623
5656,a0aceea9-9f79-41b1-834f-b862f9c8dbbd,13621,195,3179,4788
5657,7f466a6c-c145-4942-83e8-c54630950bdc,41541,88,9416,503
5658,8def2383-9f3a-478d-98c3-0cf2a59b8574,45798,712,7034,2172
5659,82af6cfa-8c93-41e2-a408-ff9f3ac72b9d,3025,763,6973,2867
5660,a2bf6821-3cdb-4065-8fdb-a7a2d5a5c303,33833,454,668,8660
5661,8ed339fd-9f99-4f51-bbf5-7721f10006a9,39319,108,7677,7895
5662,5f31a90e-80b1-45cb-b8fd-df2e43e78d76,22817,465,34,4947
5663,7976c153-4ff7-45a5-b646-da6a5e29401f,34198,876,9191,118
5664,c15bf53f-948f-4869-84d5-c975f4df5d8a,35522,9,834,4708
5665,52c80d66-b64b-4048-b5b0-673ff751c6d7,40624,71,7909,7423
5666,b2ede93f-80fe-4421-8c4e-dbdfea8954e4,11255,725,1270,3920
5667,b70c61f2-9060-4a4d-a3a0-0953c9d72884,6360,108,601,3424
5668,7e10eb13-d4aa-487a-b96f-fd7b1c872134,26830,520,3714,5973
5669,3d3dd424-0f6a-453a-83ae-896aabade347,37596,504,9847,746
5670,f836ef2e-0a56-45c5-8e5a-f032ddd5e742,49138,436,851,5043
5671,de5fe0fe-1b16-4a3e-8fc2-4f697fda994d,17092,767,7858,4067
5672,97751293-0b50-4373-9292-d97394317b33,5992,565,4810,6529
5673,d5760e5d-2a73-4a27-b88d-b192f81f73bb,14529,445,198,2200
5674,258193dc-4db8-48bb-b0b3-2ee0f0bbbd79,13880,497,8638,1095
5675,5d979f61-4516-45ce-8a07-4c9d5bdc1847,24710,689,4415,8503
5676,15ed4f0e-4e98-47d2-b9c3-560d5115c706,10085,401,6212,3024
5677,736363d2-f131-4f8d-9391-7c4ee5b205ef,47194,392,6575,3490
5678,206c42bc-42cf-4e13-847c-20a55095d6ea,31049,733,4846,3079
5679,44009605-9e47-4cbc-9136-99caaf387214,25230,863,1442,5430
5680,4cfdcd3c-ec8c-48d0-ab91-eec75df04786,39923,343,8405,1715
5681,3a17cd03-3cbb-40b9-93b7-3dc93dfd2e4f,42619,928,4952,3802
5682,aac62527-81bc-4d42-b47e-4916b113fe03,21029,786,1102,9734
5683,c665c576-753e-43aa-97ff-73a8aed4e72f,19049,9,1744,7378
5684,d70576c0-849f-4231-b57a-3325dbec138a,19228,429,241,1383
5685,70c93112-6c0b-41eb-8bbd-81975d1cbe14,17507,447,7849,4282
5686,3f5c40e8-a8df-4ce0-a27f-af804b5a9460,14090,62,2290,646
5687,93d044fa-ae6a-401c-a0ff-1154fa9b7ed9,22160,908,3914,738
5688,75342efa-aa68-4c48-8af1-bf124ea037ec,31018,528,3163,2805
5689,7e0b0de4-e3e7-4dc7-9798-dcf95eef264c,31663,486,3713,6759
5690,13745aff-54bd-446d-9e46-30a456b1379e,19417,540,8594,1181
5691,9483e16f-3772-4a0d-910e-cbeaff4c52e7,5170,241,3601,3951
5692,f3565cb5-bfef-4e28-9cd4-b129c9b8f8ce,26531,503,1349,3621
5693,bcab3996-113a-475e-bcd9-0f7e663ed950,39267,526,9508,6163
5694,8aff17fe-416c-4ac3-b1b8-66b1fc9509d0,3197,611,8822,6711
5695,077d853c-176d-4a28-ab32-893a39a4805c,8303,40,2211,7521
5696,83df856c-791f-4c19-83b8-b3784dd5fa7f,30611,690,2143,9742
5697,688a637d-d27a-4f21-a73c-e9f1e96eb2cc,47557,619,1925,4136
5698,ee1ff1f8-2e8a-4735-9003-4fdb6be85439,12780,647,7003,4571
5699,f5185a40-84e5-4ae5-b082-22026407f150,15321,725,3147,7468
5700,c1eea992-d21a-4faf-94e0-74e42ea06c5b,13791,766,3959,4024
5701,f19319d4-2c62-458a-828e-ff1e0f7d63b1,35758,716,6212,3094
5702,466e23f2-8fb5-4591-b12f-bce3f592bdc0,49908,798,6889,3906
5703,a33c1661-b997-4568-a8f9-096195e4b5f8,9393,888,2283,2614
5704,8a15455c-7370-43ac-bc29-29a562257c7f,34403,901,798,3125
5705,4b163214-39ae-4310-8bfa-5ca01dc161d5,33797,816,469,5160
5706,06d5da97-9eb9-45ed-9dad-7cc5a51773e5,8734,919,2150,8511
5707,c41170b2-16c8-44b3-8d34-534f0a944e80,5416,798,7070,50
5708,df84c65d-5cfb-406a-9079-32bb288ab398,40479,335,7212,8528
5709,1a2e00c1-7238-4803-a992-6163432cd8ec,4240,965,2339,5157
5710,d87baaa0-8ca3-4d2e-8879-6b7842e2ede1,38400,35,8926,4022
5711,0f16db38-8273-4195-aca7-ad38452c7594,6219,839,6038,8772
5712,1f659a05-c4bc-497b-8cdf-76d3820b49b3,5209,222,1066,9530
5713,2acceafa-01bf-4d9a-aabd-6c4f918fee84,16909,136,4226,2052
5714,890b6998-f45b-4a07-9449-12229758b5b2,1774,809,4297,1346
5715,55abf075-cfdf-4134-b338-3cc2dacda947,36445,218,6893,6977
5716,48cf8b5d-1139-4377-8541-d18d6433a9c3,34627,670,5651,8236
5717,0b881e33-c19d-487d-98dd-549c3eb16671,36521,417,9471,8760
5718,4fecc3d4-a4e9-46a4-9156-eea7b088e3b2,15774,678,102,3403
5719,71ed202f-0b5c-40e2-ac24-430857ac5004,4977,361,9856,8001
5720,7dae0474-0a2c-4272-8794-2da811f67abd,13181,280,4077,8464
5721,dd334a63-aa02-45f8-9c50-db8bdfd076f8,34558,363,3223,4072
5722,97111474-5da9-49b5-ba18-7ff1cf4b2129,42915,226,2162,7183
5723,74799510-d466-44e3-9427-1caf4335f299,30509,105,6624,6033
5724,1c3ce327-7c8d-4024-b105-a94fead9c96d,29339,394,5874,4114
5725,e6d1322c-bbed-4684-9612-f2ac2c70bc75,40980,600,7196,7379
5726,a40d1659-1676-42f1-bbad-eb72ba17613d,47535,240,4198,738
5727,aab74ed4-690c-4395-b6a9-087edc5b48d5,3754,931,2175,2368
5728,73097202-10a6-4541-a449-b2a67d57e66e,31066,835,1981,9810
5729,bd5150e4-77a1-4cbe-95d0-4c886a751530,20560,538,6731,4718
5730,4dc82f29-6578-4807-89a6-8feb4d0a7f49,26762,924,9987,9759
5731,b2e9018e-57b9-4627-bdaa-ddfe7036dd10,38722,771,2014,4917
5732,364f2c2c-7c4a-4e9a-9cf3-e7cbf588e42c,21945,209,3826,3573
5733,a44fc5cf-4331-4d4c-a2dc-63f42da7e7e5,40089,72,9367,7574
5734,b9ebcc4b-a96e-4446-9c1e-99a1640ebde7,15517,398,9394,19
5735,f7e1ebb8-a729-4b04-8ebb-7495a519c880,19936,124,3400,40
5736,38537631-282b-4a80-9ac1-34f3e8f6881f,24183,794,2330,7564
5737,723e72a3-76dd-4a3d-9dd4-2465a9f00027,1948,162,57,5853
5738,aad87e41-e6e0-41e0-a806-a930e9092e72,12829,183,6504,5751
5739,c2527410-9a09-4fa0-8664-db2e74c28a6f,39063,225,1600,8399
5740,17eccc56-fca4-4d83-bb2d-c118b7966f53,40493,218,4838,6108
5741,cb6778a4-a95e-460e-90ea-88ec18b78cab,33566,223,507,1432
5742,c5ddc594-7135-4fb7-b04f-7604a0442e27,26654,45,889,9741
5743,7f468b9e-e567-4ea6-9742-7a9ad35804b8,35676,323,2205,1998
5744,bc129a29-42a4-4d96-99f2-a697107b52c1,25114,33,3614,5052
5745,f8042a18-0aef-4e32-af95-74dd91f30f5d,18466,42,8626,9915
5746,e51f07b7-c3d8-4ee9-bf3f-f0ab7ad5146e,28536,40,7279,7133
5747,4b3f9767-020d-497c-a0b6-85853fa7bcda,16309,358,5847,266
5748,3278d2b4-6cae-4815-9cf9-3b94a59daa0c,35482,455,4513,9969
5749,357ffbb1-290d-4060-b614-fa1a918a3abb,49397,42,9434,9560
5750,31ebbd73-f456-4e69-9190-d30f5d19a2d9,31938,439,7041,9165
5751,02dbc8bc-2f12-4887-a130-53d84ab7bb2d,3520,61,865,2982
5752,a2b085bb-b89e-49f0-8da9-de6f045dc8df,40801,485,7452,5791
5753,dedb9ad2-cdc3-4bc2-ab1d-9bda979d0ee5,20605,260,8444,2744
5754,8dcc15e6-fea4-4dae-bf35-63c0c03836cb,32077,78,8421,5532
5755,9e5a2637-986a-44f8-96b9-a93c0072bb74,30842,810,3461,4326
5756,5ef6c0bf-090c-4bd6-b821-6d72f2f5d444,46160,804,8413,4975
5757,c397d9d6-0ff2-4f1c-8217-8057c23a9685,197,316,6370,6254
5758,b13d6bd8-e601-4f26-b7fd-45dec8561e3a,8290,263,1717,8427
5759,2c8ee02c-5a49-439d-a24c-dd499daa1658,5609,394,5832,497
5760,00a08dfb-9d62-4938-ab8d-4688d5edf920,30995,495,660,2565
5761,ed63498d-2f63-4a90-aab2-8bfcb62febf7,21710,967,8077,3749
5762,9589740a-8251-470d-a49d-cbbfe6185000,38928,32,2585,8395
5763,7550b1be-1a4c-4010-8c66-30d05922aba8,30576,237,9531,6381
5764,af62a7b6-208d-4cfe-93c9-c455a9357d83,4763,695,6409,8
5765,34074c3e-8845-458b-ab3b-ebd793422408,39069,791,8813,2374
5766,07c58038-4f3d-422c-9e3a-59d548491a15,21280,908,8451,2398
5767,32702109-cb1d-4637-8504-83c77df5156b,39323,510,3160,4147
5768,6f0b95db-c2c7-4d18-b44f-140d69f6630a,43448,351,4024,2124
5769,77cd1ccc-41cd-499c-9362-7d28388235f0,19223,660,8807,9590
5770,5503374a-bcbf-4a73-8660-5dfd3054f18e,6379,367,8686,4348
5771,53e47699-6ce5-415d-b83a-1f3928bde452,39441,235,1683,7362
5772,7ed7a757-87c2-4f39-9713-6b2ddd348f46,15080,153,9440,7096
5773,276199b0-472b-4be0-8b0f-aa184f9442c7,41598,896,3858,4079
5774,1b5fb734-7b9f-4aac-b2aa-a1434ba36d98,46245,83,3445,2977
5775,6bb32c7f-d662-450f-b9a8-31de736e6ee6,48793,527,6057,9534
5776,3e132a3f-724d-4f60-80a3-9ec84b06a462,41639,722,3493,2007
5777,b1cf08e6-cf23-41a3-baff-232c4e5e138d,17410,587,183,8680
5778,40c2d1a5-e44f-406e-958e-aa2d67846857,7914,732,4902,5404
5779,9638e0b5-f95a-4f35-9081-cea792a3e482,1725,287,4654,9680
5780,3a7b75d1-d3c7-4044-ad2e-b527c18f9a41,43633,796,9559,8828
5781,729a94be-c42d-4d3a-8cdb-62efb8675e92,38682,592,9122,6250
5782,ecf507c4-bd17-4b27-bb2f-c8d88888304b,10297,386,8335,8799
5783,95d7741f-4f67-4e8a-9679-d9ee0a35ef29,23273,323,7832,1599
5784,227099f8-1aa5-41f1-ab2a-5e21e8864c81,2418,210,5555,6853
5785,b2b33b5f-dba6-4416-bb79-0e56d8ecbad9,36586,126,5637,2019
5786,1a146589-4b13-4199-8249-867f5a6a0280,44501,329,8134,8907
5787,c7b3127d-b22b-4945-b194-365d2ca81ace,43576,538,4927,7448
5788,cbc09ac6-33f0-4bf9-af1b-2edf152df43f,21466,858,3974,5682
5789,3dbb6e5b-7e50-4e99-ba5a-2fc1f8b72350,44366,279,3527,3706
5790,b313adbb-38fd-48a7-add0-8526956b354c,37405,843,1014,4292
5791,c51bdaf0-da5d-40bd-b066-47c275a6eb06,39077,842,7711,7302
5792,aff8ba15-dc3e-4a50-81fe-ce26c5410245,21248,361,2007,5927
5793,27f38be9-aaf4-4ff8-83ee-8f88cafa7d7c,33102,638,8766,9932
5794,c5cbd81f-039e-4b0e-9c22-c8983b1e4cfd,3104,548,9340,27
5795,cc371005-c725-45e2-8160-1c568d6c979f,3515,57,1481,7580
5796,75229871-4c67-4299-b3f4-0f98617b983e,43034,448,8648,1275
5797,8b527e29-f99b-4c0a-bb58-4c61d3db2958,28706,327,9272,5864
5798,f38e502c-4a30-4eaf-80e6-c19642fb14d2,36569,218,8498,8335
5799,2bf82083-b6a6-4f4d-8059-7f9b24142d21,19814,492,1215,6417
5800,83dc6327-6b5b-4249-ad12-f97c9a40d2a5,47408,672,3765,9260
5801,d8080d0a-0dc2-41af-9edb-944eb1b285f2,41101,443,4724,5913
5802,f727654b-6fb3-41ff-b7c2-d54ae9a05d34,37834,853,3207,1594
5803,da882b47-cee0-4ccc-b8c3-5ea1128e6eee,15119,112,1684,7029
5804,d9001a09-ee71-4737-b5e2-41238fca441c,34043,784,4127,9457
5805,50d2fc6d-818e-423f-9884-9de8f55a08bd,304,214,8918,3508
5806,ede5dbc5-e2f7-448b-b76a-56443d174c19,32315,544,1787,8687
5807,9171c92c-d043-4e83-ba38-bea4beb1edc1,853,184,5955,7070
5808,1c4b5765-02f1-432e-b183-1b7c02611415,9580,430,1396,9343
5809,6250fd70-45c4-4019-8f27-d4ebe8229dd8,24161,228,1484,8072
5810,10077396-e2ef-4147-a43a-8c55738d7e8b,47203,166,4424,81
5811,f5507052-bf9e-4407-a2cb-2b9f1a148f0f,10163,55,1689,5974
5812,169b32e3-b7d3-4add-8caf-d33e9790696e,33872,613,9774,3719
5813,2386a92a-e17f-4d8a-a147-34c4ced04f10,6310,261,3374,246
5814,512336b8-4fdc-46b8-b220-cdc0131bfcbc,39121,605,8509,7907
5815,2708db45-28ec-4fc4-8206-038daaec2c94,3562,426,2487,6364
5816,03d81cd0-45af-4eea-8365-33f6e59bf6df,14207,685,3530,3760
5817,f41f747c-a3cc-4d0d-bb7e-bc6df5cf7dbf,33368,263,2248,5402
5818,6b399dc2-d1a1-495c-9552-cf2f1de00ae0,5256,516,5009,9457
5819,c367e56e-0ac1-4ddf-9ba1-7b14fbf52e11,18150,391,2256,3169
5820,87603e1e-7c55-490b-9366-b936ce36c464,42132,417,2512,6650
5821,cfc240c2-13a6-4424-afe9-f003745fd459,39717,768,296,1772
5822,e204a1be-9e70-4561-bc50-8248c60848b4,35154,331,1231,5388
5823,46bc78ba-4e4d-4802-bab5-186dba8e2ce5,9545,95,8712,9436
5824,5d2be3eb-812d-4255-a869-910b669cf7f8,372,612,3656,3085
5825,9505db4a-4ef7-48d1-8fea-ad23398df6b4,46240,232,1772,5898
5826,72e27bf7-00a1-440f-8dd5-e87b2ece4291,30945,645,1800,1319
5827,74e2719a-948c-44dd-8075-c2b5353f4b26,35483,507,8363,1868
5828,42946370-5088-492c-b19b-9a58e633c6d9,36611,624,9547,4581
5829,e1ab096a-eee6-4edb-bb98-51fb2bcc2acb,9829,211,658,3580
5830,9eeca6da-a7be-49d9-a447-9ed8d278e16a,15249,196,4646,679
5831,da1b0893-8ba0-4340-8bf4-4c33f8a9fc84,25753,566,689,6148
5832,98aa5b41-15dd-4ed7-bf2b-70673f515c57,11571,314,1233,3303
5833,aa4dda2e-ed78-41e0-bef5-4dee0d093977,25988,72,6405,9922
5834,da7e1f44-7182-4466-8451-d9661eb55663,9725,509,5700,3788
5835,a737fd1a-f86c-4805-b870-e6fe15496056,3762,283,1434,8383
5836,5eeab449-8eb3-4c1f-b258-98cce1befd70,46413,34,7564,8083
5837,04987c07-3826-404c-8cea-18cd58e9a08d,30775,890,4973,9408
5838,763b9863-ff91-40fe-abc8-5115b26c6706,7090,928,7024,6517
5839,54d79669-e101-4247-b384-2bf8b31d443f,19831,447,3216,3324
5840,e27e6e56-f5ca-4891-bad5-ffed6e850165,35949,96,3202,7279
5841,bf9ccdde-a71e-4633-8c95-b40000d0e963,30837,444,949,6572
5842,027d5c33-b4cd-45d6-ac83-4a3d92bba269,4327,753,9349,786
5843,cbf1203a-e03a-4fcc-8f42-29879f73b00d,4042,36,4166,5836
5844,6120f94e-464c-4619-b953-e472ae2853ac,20402,471,2469,8214
5845,1fa3870c-7e0c-4706-9e49-d2c112b838f8,39020,298,3260,8427
5846,00da6bba-745b-4bb2-bb66-aff542ec4736,38656,247,2202,1250
5847,5070af23-da2c-415a-bd5f-832e5c525b9b,45748,827,3998,9478
5848,3a83481a-01b7-46a2-96d1-e2fe90bef4b3,37652,942,108,9440
5849,e795f01d-da8f-445f-be0f-df54be0da4b7,43943,129,921,2412
5850,63fb309e-d71c-4d32-a7d3-40b40fd27161,25270,6,3994,2769
5851,c2fc307e-31aa-4aff-a246-e8410ff1255e,7048,254,5489,3831
5852,550bd4a9-9f8b-47ae-b547-35d5cc7ed613,19065,633,9804,2220
5853,fd5d1558-73a8-40bc-918d-b5fc1c1771ff,41199,503,9830,6530
5854,e65efd93-67b2-4dee-81ae-b4c5cd307d9f,42939,110,578,8719
5855,13304fd1-f35b-421a-89da-5bf247fa2289,13335,945,2694,2328
5856,67309107-e48d-47ea-b131-9b7c19040c22,35499,242,9094,6942
5857,637d0d5a-393e-460e-8823-ac17515d29b8,47887,67,1373,4099
5858,1ec5fda4-a9af-4017-843d-05ee804bbef7,34648,984,6260,9253
5859,186636e6-79c2-4025-9ae3-f86df0e308ed,2493,651,9323,1677
5860,658c11d6-b9b6-4424-9c66-0bd5ffb6d5eb,43988,183,2822,7136
5861,277bb965-ef27-43a8-8b48-3c0414c86bc6,15311,599,5670,6543
5862,aa56669b-f3c2-41b8-b835-60f953317352,18617,478,4320,6253
5863,562ae7ba-d117-4ceb-93ab-d81caea078b7,11754,188,8808,5096
5864,739c45b9-6a21-476f-b42c-447b02bac7df,43093,478,1571,3407
5865,93625cad-df94-4437-a8cc-9aa7b28157ff,39371,605,4303,8543
5866,5166519e-3025-4f7b-a4f9-1b9c84480303,1312,350,6866,8585
5867,249f5875-268c-4a43-946e-94236d4a9408,15059,878,553,7490
5868,691b7f36-e96a-49fb-b560-1adbb10dc49c,18797,409,9091,4095
5869,21c2f0af-81d5-4754-b91c-ff9dcc4eb53f,26113,812,7278,1736
5870,68f585f4-cbed-425d-a5e6-f364cbf824ba,1394,693,5417,1011
5871,cf34fc45-3884-4ed7-9b4c-2f74e2b5d0e3,35722,543,5056,1917
5872,2263f3c6-3c8c-4893-a1cb-8718272432a2,11561,714,1504,4634
5873,08854125-a3ad-4bac-9a90-8ce109ec7d88,15200,500,2406,9292
5874,9a47503e-d588-4dce-a178-92a65d843963,46677,671,2602,5744
5875,5f33dd09-41c0-4c56-8932-cb225f42d9eb,17864,175,1614,6750
5876,3a504db2-de67-4a61-9dd3-042773787e44,23780,298,1002,1881
5877,a089a198-1532-4ddd-b34d-b438ef19c5a6,23372,523,5908,6671
5878,f0a7a135-c0e9-4299-8b92-65cfd63f5644,39494,499,7008,4045
5879,86215baa-0a5b-4e2e-8687-d721e4b87921,26724,895,9584,5666
5880,c194fdce-9092-4725-9278-394ce85e87d0,33862,674,5156,4611
5881,85281241-76ea-4d9e-bd3b-71e69ad09e31,33826,23,4941,9628
5882,3511ab47-dada-46d9-9fc2-9b631420155d,33452,930,7244,4327
5883,5aed15c6-49aa-4e10-9e60-ead47223cd25,17094,597,8739,1277
5884,742a2cc9-4e4c-4851-a04f-d959a3d9b7cd,18614,96,4744,8518
5885,1783331d-198d-4327-9b25-c6ec93cb067b,18973,896,3985,7097
5886,62591de5-eb86-4445-a366-e1570f997aba,10734,257,3118,9161
5887,c4891be2-3897-44de-b34a-bd40a4803fea,18815,165,176,3630
5888,a401adc5-9146-4212-901d-8d6b81c75e4d,31404,979,923,6613
5889,5400910e-a595-4229-9947-eb317690f221,29248,801,8960,7816
5890,54ef10df-3814-43e0-9aef-5b02cc211f88,23143,357,4134,4207
5891,4645f04d-1121-43fa-81d8-15deaa5fc8f1,39678,80,5721,5369
5892,598f27d8-0c0a-47ce-8916-61d7234069d3,1187,619,934,9686
5893,e8690ab5-80f1-4890-9da5-139f5f213b53,6667,724,7068,1536
5894,35f0788e-371e-4214-8f40-25b98fcaf094,46285,614,7609,1789
5895,93a49583-43bb-4641-bd58-2914f6a536d5,40156,962,8531,452
5896,320df284-6a32-4446-b19c-a2fc78d37f4d,1671,72,5340,5359
5897,ff280d4f-b0d5-47cb-8664-b35f49e05582,38044,574,8835,1006
5898,12c9568b-f4bd-48ee-994f-2193a4e2c39f,27967,25,2256,9005
5899,f624c1be-2327-4f82-8c34-d09e09f80c46,36484,10,7999,2914
5900,e7dc6948-c6d6-45ec-a217-bc183ae4a912,47464,952,2002,3177
5901,a0bc85d4-27a9-43e9-8eb9-9a200d10f7b7,24199,418,7799,8711
5902,885c158a-7d9a-4cfa-bb28-d9c923f29654,37210,686,9800,2081
5903,987306af-2b4a-4ec3-b085-26f318a789d1,47527,617,2690,1967
5904,384210e9-0f3e-4f65-9ca6-d4e729c6fd94,35710,841,3866,6468
5905,abcc3ec8-b6f5-49f0-877b-82c0a586f024,47612,560,5925,76
5906,161bc3d3-02d0-4188-bc86-0c2a1f380925,12952,449,6295,7562
5907,8c42441f-646c-45fe-9efa-8b63f0642593,33994,806,6873,9068
5908,d36dd19f-78db-4dbc-8218-a83877b16afe,45570,20,6330,8404
5909,22226c50-0fcd-4daa-9e1b-1a5a1a636e9b,26320,805,7597,8598
5910,79a3550f-4a09-43ce-ad0c-6a9f5b1c101e,28771,130,6040,8190
5911,ab9ef1ac-774c-440e-a977-9fae5ba4408e,34624,651,9198,5695
5912,497ebeb0-612c-4d1e-a175-92524296ac1c,36787,685,3914,5985
5913,1032d37d-3a15-4e17-9051-f9e4117182cc,25188,770,7342,8988
5914,6252d268-1e9e-4429-acd8-14edc340ffd6,27450,761,2365,2465
5915,ade41808-3761-438a-bdd2-fe4fc95700d9,36022,789,7418,1080
5916,be1c3bbf-5de7-40e6-a0d9-3953166f65bb,48070,589,2993,3551
5917,0caf389c-b91f-4f91-a910-e5e0c19b0002,21114,424,3321,6079
5918,0e3242e2-12af-44a4-bbb4-2449099514b6,37939,10,2900,7490
5919,6ecc4782-a833-4dbe-992b-f5caae39f997,32924,312,6817,8429
5920,04a7f234-5f78-4a59-9d5c-18d79289dc8e,36496,970,6948,6484
5921,ff69340f-a3cd-49bb-8c77-f9b7668a3157,46,246,5138,5401
5922,68f5b8a7-8617-4c1d-8f42-c0335f17a4bc,30357,600,1978,4873
5923,c1e92b12-a371-4e91-ae10-bbc76fb5b4c5,40376,908,5956,1606
5924,1cf2860b-97a4-47f7-b475-4069938e44d4,5696,739,8878,6978
5925,2932b66d-64a8-4105-ace7-f5af79e8ac48,47174,194,359,6569
5926,8c81ff1a-c28b-49f8-a51f-91c8a3b0330d,32478,74,4608,5795
5927,c755a55e-7c80-4c90-bf8c-d37767b163e3,43673,222,2750,4954
5928,b1b67717-4a12-4cb4-bbcf-4921e8e859e0,39744,104,19,1306
5929,2534404f-1264-4aba-a144-273da915a8cb,45532,40,7222,4134
5930,acb61171-dc75-4161-b835-a2e6efd0424c,39964,913,9557,2424
5931,e301a56a-337a-45f8-9edb-cfd86a9bfa84,49240,497,2773,4590
5932,be0c9cdd-bdd6-4bad-ab35-569b98f12822,4406,281,6461,1451
5933,49296c38-558d-4406-9481-b4644e4afac8,47170,873,3738,2451
5934,8c96a87b-4cea-4a43-b625-a9af06f67238,49382,860,6534,2405
5935,b6026557-7248-4a9a-8abc-707dfc1649e4,19408,200,8932,3390
5936,d40ae509-c148-435e-968a-3b494f244e36,27405,979,1438,6968
5937,2b1b567e-02e0-4856-a08a-917b133608fa,34953,211,7443,1299
5938,ff31b04b-747c-4c28-ab81-107503df7cdf,45366,120,2242,5206
5939,b1573be1-69b5-4912-af30-d48391c06adb,24429,125,1780,3511
5940,bd6a1bd9-8d6b-44dc-b2cc-87654c0dfcfa,17263,25,1221,1604
5941,d7a5cca4-d79f-431d-ad6a-f427d4cb4c3c,36129,46,4799,8761
5942,5d63cabf-6698-4fdd-af2e-17282597c63f,4803,469,1674,3314
5943,1b2bb5ba-3f24-4f32-8d5a-6ed5603d1dd4,24357,239,407,6803
5944,16038842-bc06-4c5a-814e-686a11cc8e64,14232,409,5701,2508
5945,d47f8258-7ece-43e5-917f-6bda9fedc3fc,6427,802,5403,7813
5946,d8848d1f-5ae3-4a80-afc7-eff1fec19979,10172,982,76,7485
5947,74ea0396-5da5-4ad6-a3dd-2bce392a02de,8661,275,1466,4242
5948,4740f2fb-4466-45b9-86d9-256b7616be08,48270,243,5265,3871
5949,147a0418-9ccb-42c3-b459-ba38ea808f02,8764,556,6131,7591
5950,c8658a1d-10b0-4c3c-8e0b-c3d3b43a0a30,42282,280,8283,3674
5951,e0273e0c-bf6b-4bac-b873-ae53d9bb3f80,26730,247,1653,2055
5952,cd526033-7216-467a-8818-0469dbb3485c,33876,997,9590,4500
5953,cf833a65-2913-477d-8366-0625ead265fd,25910,635,5879,3812
5954,bde9decf-3b83-4e8b-9497-080ac6597f0e,10110,764,9570,2211
5955,cefd6add-ebb5-45e3-9cf8-77c40f58c290,4320,525,7616,4222
5956,5cea81de-4ae6-4b66-9e65-815d2f09954d,45376,206,5129,5436
5957,0add90ea-1d45-4f23-af7d-466008e60358,48715,468,2917,6213
5958,bd36b583-d9cd-4749-93a6-af233d093358,26048,410,7668,6167
5959,2ea3ce27-a0a4-4d4f-a5ed-585d4162ae1a,46028,630,2235,8355
5960,ce1c531e-34e9-4bed-9a10-8c001a2dcbfd,27637,495,836,5603
5961,81980d8d-2c12-40d8-996c-f6df7b712dff,6988,641,6136,5066
5962,a1d62ba1-4133-4929-8d79-54887ab608b5,8489,530,6172,4890
5963,88ea65ff-ff95-4308-b707-e574c0f26ba2,12169,306,6667,5317
5964,cfabb659-caaa-405e-8f48-5a7eafb669be,12569,676,7598,6486
5965,b7bdecd8-144c-4ba5-94ae-835c747326b3,13893,670,45,7201
5966,e7441b4d-c3dc-4a24-ad9a-61887565cba1,37466,488,5309,4275
5967,140655a3-6650-45f0-a954-c6e941f0a976,10555,618,8873,4512
5968,06427f32-7ad5-4a55-9915-cc4c641aacf6,38621,902,5630,7746
5969,b69d9ec3-2c7d-47d5-9cb9-889875792c5b,35741,456,5516,6896
5970,466ff44a-1288-4be2-b1b2-77995a79e3ca,19929,78,8522,4668
5971,239b44bf-3187-4e1e-882a-33f2af5a6c8b,15334,132,2665,1281
5972,7221edce-3b4b-4a30-97a3-917348311360,7109,120,4460,8099
5973,d3cab313-3bd5-42b0-ba4c-d67330ba5892,36980,254,8539,6190
5974,785eb9b2-da12-4fb5-8c77-341873c867e2,44430,445,3690,6171
5975,6dbaeac3-e6c3-4a8c-891b-5177d843cf4a,22847,316,1895,4745
5976,c75d7cdc-7c90-483f-b4cb-b1463953fae3,16418,579,8462,7443
5977,8646ad36-b705-4e8c-8602-8d215cb69111,43307,807,5321,4254
5978,c99191be-ad14-41cf-8b7f-fae0e070f118,31113,731,9360,3893
5979,899ccfa0-77ac-4ebb-853f-bd5f99bf93a5,37692,802,4434,9545
5980,f3806035-e1e4-4101-b5ba-a7ac5585e1a3,23580,604,3473,5374
5981,4e55cdb6-cd1a-4db4-8954-64fd110e321b,49565,647,8257,9239
5982,5f304210-3582-4326-8e0e-ad36e57e6bce,8028,239,412,2958
5983,6507e9a4-5385-4343-860f-a8ef1d255e92,46703,448,9402,6377
5984,999d8ce8-832a-48eb-9600-ec7eaea421a2,44690,593,6404,1301
5985,3c2c9a7f-69eb-4980-a006-19495404381d,48019,77,9969,8264
5986,ac5a4f30-937a-452c-986e-fda3417849df,5715,186,6139,4273
5987,39d4d21f-ce2c-439d-9c22-cce9bc337849,47639,911,9875,2733
5988,536aaa9e-9d96-4cba-b929-d7f55162dfe9,14478,109,1526,7919
5989,91eec10f-0da8-4063-a1ba-b9209d0bf6fd,23895,476,4305,3940
5990,9cd4727b-01f0-4e23-9610-f42b11d74588,47392,789,3068,1768
5991,c6b3954b-96d8-4143-9406-87be0bc80f6c,13744,87,2485,2990
5992,d5826b4d-412c-40ec-a858-3a4ed863d72e,32533,423,8887,8634
5993,3f3f6376-2d44-4d8a-99c8-531cf1186296,28341,521,5973,3488
5994,9d7fd30b-698f-4d6d-abf1-7c56461deced,17324,73,5640,7665
5995,f8b9cce7-1560-4b38-85af-249feec083a0,29867,163,463,5405
5996,519d2fbc-a64f-404a-9137-184aacf1bd96,42156,880,8075,742
5997,c7579a78-821f-4c11-b043-a16c8528d507,32827,183,4119,1465
5998,38358bb6-bb27-459b-85f2-3ab45839c1f4,22244,977,9997,1053
5999,d2edd1ba-72ea-49be-96ca-85e123cfe9b2,29754,558,8883,9144
6000,61404ca5-d7ca-4781-a062-83a6b4009410,28651,684,7667,6121
6001,f03d67c7-7ddc-4e8e-a1b4-a37de80eec53,20683,234,8616,1334
6002,0413804a-1426-43c1-944a-3316c8fab164,14441,87,816,4199
6003,c96fa6c8-b054-423d-8af9-f92e9441ee25,31891,171,3219,7148
6004,b5a8d334-12d8-408e-8397-27fd73526981,17148,573,2449,6889
6005,cf4b6f33-d98c-4db4-913b-39d91603ecf6,43833,828,757,3594
6006,bdbab381-300d-4135-8fed-2a79a82a5184,23281,337,2089,6148
6007,ebaad5cb-98a4-4b44-84f0-2f262ea49790,26345,965,4681,301
6008,2dc32774-6772-47ec-a337-0d9d5ef4eff9,36650,425,2827,18
6009,f9ab87c3-d238-4667-ac22-e7155493a644,9898,586,9247,3406
6010,15712fbf-0582-4eae-9e22-b83023ffa89d,48547,542,1545,7176
6011,4980eed7-827e-41e4-b002-97441b46a375,29122,565,3955,7815
6012,20cc518b-dbb0-4e62-b246-c9f2484cdd71,30304,936,8422,4571
6013,8740f683-76ea-4595-80fb-8d815883422b,14483,674,4428,3548
6014,7f4a79ab-b70f-429d-ba82-b3a5bc43e89f,47481,825,9721,8548
6015,1cdd18bf-497f-4867-9834-d0140f485232,2178,41,6457,8620
6016,f9f12c39-74d5-44e9-abdd-e2f594f2a635,5193,953,3031,7828
6017,031b30e3-6af2-4bf1-85e0-bbdf2a547fb3,14819,717,3312,4514
6018,e234b793-d560-4f34-b969-d3226b51782a,25992,672,4350,3037
6019,819cb148-d277-4251-a07b-14acaf6387f5,36462,866,3719,485
6020,c6b9bb92-74e4-469a-8771-574b61906d20,15961,608,148,2807
6021,6e4b1575-fb0a-4f42-b49b-5ff23233006a,5827,25,99,2465
6022,3b26cb1c-dc60-4045-b32a-4745c0a2378e,11509,255,1792,8906
6023,66be9443-4ad7-4c00-8505-7f2b219ea35c,44246,622,7542,4863
6024,6c0331af-521f-4a9d-84d2-b18923135a30,11696,156,6386,7048
6025,721be2e8-0274-4790-9737-12fd334837ff,28140,389,8776,9785
6026,c0c7f58b-69e5-46b9-92ea-39a3d7722f6d,36131,745,1209,3021
6027,5d9a354e-00f7-4228-b530-7abeba77207b,32618,199,2209,657
6028,f8b95c7b-965d-41e1-b27a-2470c62db746,37505,158,7940,5006
6029,2cad9d5f-c772-4018-ad6b-4292dfd8f70f,12368,634,69,1017
6030,6618fc02-3c87-4f1e-812a-c1597a714a49,28945,359,8743,7580
6031,3c9be3b1-64cb-4ffc-adb1-8dcec48aee59,11851,761,390,3296
6032,a772ef12-ec5c-47e0-90f9-60b7d3268a91,15878,572,5385,1966
6033,1551624d-a14f-4d05-8b08-4098c82742c8,8134,280,8722,2401
6034,bffa3274-e52d-4b2b-bb9e-2972ca9c001a,44630,31,2564,3186
6035,4d5ba9bf-ed44-4853-8600-4c1f5323eafe,31028,872,2456,4380
6036,53e6bd39-b49b-4bbd-a7ea-4623b7e226c8,27504,492,4365,9968
6037,2d9cd51c-22d3-486d-a0b7-7d0e258d24f5,24661,920,6510,7847
6038,79feed78-2232-4027-a59e-1e62ed7b0f7f,775,627,6799,7933
6039,c2201f47-085b-4b34-ab0e-13712d05a252,11618,273,8945,6430
6040,527e5ad9-affa-433a-bc76-c897e24fc493,35061,483,2286,6830
6041,9f40362b-85f1-4dcd-bef5-3c3e5024c9ec,39247,17,6504,212
6042,72d7ab98-3354-47d8-9ea3-da0058e9cf7c,23361,689,7794,6132
6043,3747e88a-9d24-460f-ba58-3b90c917cdb4,18369,21,9185,7393
6044,79ae3611-77dd-42bf-9557-9ea2c79882f8,42648,718,2648,6824
6045,26296e75-380b-43c1-80d0-da04973862c1,41852,845,7459,5099
6046,7f9663e2-1628-4b0c-991e-2fb5157b768c,16440,710,6463,1147
6047,b6287055-89f3-42dc-878b-05ad5fccbc88,28882,319,7834,1235
6048,1702a332-1290-445e-b7db-e72cebf61042,5308,892,4582,9234
6049,e69b820c-9048-4ee1-ade8-d3c2ad6061b2,49850,452,8466,2757
6050,aad7da28-d3ab-4e2a-b29a-441d01787e44,31787,944,136,8486
6051,37257925-74cd-4952-9d93-1afdd582a522,6150,980,6906,9953
6052,716dd58c-3ddc-437d-b0a3-85ad98b8bd1e,41079,580,4062,6419
6053,8882aafe-7620-4e51-afc5-f71ef35c7033,18174,401,6159,9581
6054,cac3ee56-0b37-4c3c-9151-12629f5c594b,12226,299,1908,2406
6055,ea6a1587-9d48-4132-b4fb-b0402ab40c6c,40768,636,1389,4449
6056,74d4c29c-0fe9-462d-9525-0e21bd4c580e,32876,76,5934,3977
6057,c3f254b1-78c7-45b0-854c-3ee13d6531a0,40560,933,4056,7706
6058,f93f06e9-24a1-4927-843b-2170f6df58af,24911,738,6127,1807
6059,8fa41f27-3e59-4708-971f-2d47d67e8272,18800,543,1858,834
6060,5b327e7b-dbe8-4155-b009-14fffaf41003,8505,272,4191,5541
6061,fb6a1d50-f012-4487-9193-933aa950740a,41854,456,3670,3118
6062,49f5d0ff-267c-465d-8d66-d859733f9d54,29199,420,5312,7529
6063,6928797a-565a-4b3e-9a20-f48c6e1f692b,15697,1000,7454,1330
6064,e49880ea-9bba-4f24-8939-9666b5a352ad,16745,522,5171,4357
6065,2531ad00-01e9-4f5b-930d-ccd67c85f99f,45660,878,2440,7339
6066,2dfb6ca6-beb1-4a76-800d-a34c681e76bd,16934,502,5580,5923
6067,5f1c3536-395c-49d1-8513-c72435cad9ba,17475,586,3436,5943
6068,c2e01892-ecfc-483f-ab4a-410a8554a39f,2828,556,5788,4227
6069,d850441c-acee-4032-ad51-9a5abff79d2f,41805,798,9886,1008
6070,96595a5f-9479-4f7a-affb-5edf1af9f82c,22814,119,1026,6178
6071,f3780067-1ea4-4428-abc9-460529878b39,19227,180,4703,2502
6072,b2b62e96-47d7-4861-a5ce-380d5c4108fb,31114,756,4938,7392
6073,f3f2d673-39d6-4962-b520-2cb6325ee247,7699,566,781,7809
6074,55f66f86-ffdb-46e4-8ff3-363f06019775,36203,709,7080,2691
6075,02838cd2-2fc3-43ff-9122-5c34c5eb888b,42734,14,1031,3652
6076,3beda7cc-05f5-49d5-9288-656d1a78b8a5,41625,924,63,9650
6077,c19b4c35-d02a-4e9c-b58d-d32d881f4c0c,9964,641,3128,126
6078,62cd55c8-5465-4e33-81bf-bb2377758371,38102,80,5007,8018
6079,490371e9-21d8-4817-96c9-c88972c5e296,9496,722,4312,9328
6080,fd1ced63-5c32-47bb-8d60-8162dd288a9a,27724,239,6409,3940
6081,652da29f-3128-40b5-a030-ebc156f9b281,1940,864,4511,7138
6082,bee1a9ce-18b2-4f96-a970-08354ce434c7,10771,442,8950,8910
6083,fb677552-1fba-4d98-8116-84148f2b5599,8975,383,8082,6959
6084,f8698d59-0400-475c-80df-4473dd3387d7,20824,808,7725,644
6085,ec817e4c-64e6-4a24-a99a-7c883bd360ac,46476,139,6419,1530
6086,13c4a8b5-c5ee-4a68-89da-40c5f2a4469d,22507,507,9729,3379
6087,debd6a5b-63ca-4b23-8cc9-fe1e4abc1e0b,16940,908,5162,6763
6088,94fdbb4a-41f0-40c4-b294-b407f8e3ee78,4235,584,3793,6035
6089,ce72ee96-e82f-4a35-9114-54091e98c28d,9277,18,8757,297
6090,f5272cc4-8262-42e7-9d23-57ab977bac17,37801,768,7432,4167
6091,61594016-919b-4d0e-a18e-3c4e033bfffb,41268,846,7480,2936
6092,bea60f42-0829-456f-9c66-51d4a938952d,30070,173,3954,5308
6093,abf8b17c-c2cd-4b2f-971f-d3e2dd194073,34310,584,314,7399
6094,33e9174e-5dd0-4a45-a198-ede47ccf1f53,29277,402,2307,1739
6095,128ad344-86e0-4465-840a-909fe66528fb,47796,689,2379,1517
6096,e4f93839-2ee2-4bbf-bc2f-146a06a8c53a,13257,899,6035,4786
6097,c78e8a62-4e8f-4003-bc6e-9d6b7cfb1f03,23976,792,5016,3679
6098,949b2a4d-082a-44c2-9366-f2dcc917e23e,38950,286,1714,7651
6099,ab1960b5-5fe6-456c-a292-271409fca1d6,39167,172,2047,3638
6100,0307601c-819c-435d-8d7c-7a3da1eee868,6107,289,7099,8314
6101,57c74493-a660-4b81-905d-48f42f5b46a3,16360,644,2624,9301
6102,d859668e-5f9b-454f-9dcc-20aca01ce57e,8110,115,5642,714
6103,9c4e9cee-7dc7-4069-b522-65983aecea95,14805,733,2096,9278
6104,1871cbbb-7ee8-4b30-a478-d3ee51555a7d,22732,828,5612,9454
6105,18b012d9-9561-47e0-9afe-35b402098506,19824,561,4588,6131
6106,11568738-1c8a-418a-bd99-e0d4eedefa2e,6422,66,6275,2348
6107,77f51ee7-e5c2-4ee6-a06c-2829335ab58a,3152,816,7928,644
6108,b9c43fec-7d4d-4bcc-bea6-063ec051ca33,38860,525,9658,6353
6109,3ec11551-1998-4f7a-99fb-b0a8f9ada990,36994,990,2963,3010
6110,4c1689f3-d0f4-4c30-8e9e-1dc22c5d20af,18713,532,6798,7459
6111,13e419f6-47e7-492e-a911-77fb4641035b,16598,750,1233,5739
6112,46af1e06-4e86-4ece-9bf4-d1b258d06128,8447,404,6662,8660
6113,533065f1-2f87-4826-8b35-e7a335eccd0c,4190,386,7093,8331
6114,85840bd8-86ba-4904-94fa-a7eb5b4d1404,4036,297,8468,1545
6115,9f80fe7f-8bb7-494c-919a-d75ac30b14e6,16090,869,9903,3304
6116,7b14c12a-6096-40e7-96d7-aec9e9044e83,41575,912,4500,4524
6117,148f5471-550b-4689-b37e-8b9ee1be79d0,8908,95,8751,6596
6118,d93e2ad2-c43c-466f-ab20-7fb9e14a4167,2213,9,8963,205
6119,9c979529-09a6-4700-a412-3cb928eded68,11978,899,5108,4846
6120,e371930e-b839-4327-8d1d-4cdcd93044d7,5417,775,8486,3494
6121,9c3b16cc-76b4-4c73-b144-0a093a04311b,2054,482,248,79
6122,76846d1e-58a6-462b-ae49-8d1a8523d5aa,39760,177,4019,8537
6123,8dcc040a-1c8f-4563-9e9a-6d4e593f1317,19654,977,7172,6695
6124,43f96bf6-7b48-4ebb-9736-e83b36bb168a,36331,3,9599,355
6125,8e61eba9-fa8f-463b-870f-a16f1241e513,1430,768,5908,7055
6126,20d9a04a-b064-4df0-b817-47e502a00c55,13378,238,9525,1667
6127,a696714b-1f12-4a61-b2d8-6f646cc5ffa5,35831,383,9811,8599
6128,3f2ec237-fc19-4a9c-81f1-910c1bd4ac8f,38959,292,7706,7585
6129,a0a4bf71-8d4c-4f91-ac89-109d147db558,19838,695,9184,5390
6130,8ade1c6f-98cb-4366-bb61-29176a82e99c,8296,755,7987,165
6131,bd00b463-0cb2-4841-89a8-7aaf4565340b,31277,811,9565,3793
6132,f086cc04-fcf8-4040-9670-97979ae0adfe,30378,318,4771,2680
6133,5d1c5cce-7e0d-4927-9ee9-f2bd349ce7b1,6607,472,6642,1259
6134,f5e5dcf9-2c90-4753-9bd2-59a7614ada8a,9833,725,3484,5345
6135,21d0e9fb-bec7-40a0-9887-f0a3f31198c9,5545,184,8796,8363
6136,97239734-036b-4d10-b01c-24daf9c68eab,39828,526,2051,2323
6137,09655d27-60c3-488c-b759-ae98d3eaad94,23929,669,3572,4718
6138,d5973fff-1d07-4632-8685-f6b42d274fd7,28362,978,837,1024
6139,192b55dc-8df3-4438-be9f-d0059b434446,40128,929,3357,9188
6140,62a92ef6-9275-4ed8-858d-8f45a65194ba,35701,840,1494,2777
6141,6a5d184f-cf52-472d-9b29-1debd85c22f7,22864,237,9245,3627
6142,a8ab5fb5-c8e2-498e-99b7-91094cbca954,43195,104,6229,1946
6143,979b00da-8654-4b64-a795-277d7cc6bd7b,23622,786,5122,753
6144,97bb50b1-a2ab-4b7c-be49-8125e49d885d,48848,265,683,2449
6145,9451c8c8-c520-45ce-9883-3a156da0b2ed,7646,626,5441,3780
6146,cc7f0cd0-50d6-4751-8217-4f1dff4d7e88,46624,954,839,2043
6147,bd60b83f-80b7-4a13-a3a4-68e5a9ed0e07,19640,229,1908,1469
6148,5a92b2af-db13-48d2-a64c-b1689839db46,24012,728,7366,6450
6149,37fa09b7-9418-4ab8-aa58-bf17674cd160,35479,819,956,6312
6150,92817cc8-d86d-47fa-80f3-89a7138f5113,7417,648,107,5615
6151,754defe4-4aa5-4039-9c5a-d517c06dd72a,23804,830,5041,4836
6152,ab82705f-f7bd-466d-a659-94e7a44a0f4c,12912,146,8268,306
6153,433452c4-28d9-47a7-b532-06807ea1a777,2464,878,1669,1250
6154,fb586e4d-6fd0-4e68-8f65-b419a6b23371,48762,446,4184,456
6155,c04d5e7b-d6c5-481a-a551-39570cf781d1,18655,885,1295,6618
6156,8a559dae-7b1b-46c6-aeff-44d368e3f89e,38271,692,2441,1591
6157,0c558e04-123b-49b7-a3e1-92372f179e66,3841,247,1697,620
6158,f584ad8b-3827-4e4c-805c-6c2352669f31,43999,527,1416,2484
6159,27c0a234-41bd-4b37-82a3-b5159d296c14,35720,755,5907,8142
6160,55342717-6a72-4e87-8920-4605166d8ac7,46233,760,9787,4854
6161,3ef7d67e-e066-438e-8ec6-fa59ad95cfd7,418,286,1363,8769
6162,feba9c6b-6639-4f85-9597-698f89e5107a,37005,673,3825,7336
6163,1a13d2fa-9929-4af7-a5d3-282acfa7c7d6,34132,727,8817,2000
6164,0ab87939-fc97-4b3d-89d5-d6fbda73d006,33670,627,4062,7371
6165,47259bca-850c-4103-8379-1575b610675d,12154,338,3323,3893
6166,4e6703f3-771b-4a96-ad8a-cc19827cad95,28828,808,8407,6644
6167,ca1d1f7d-991e-4a63-a537-f53d6dabe4e4,30554,896,8750,7894
6168,d9c61ee1-8c3b-4b94-ac74-7e0db1d243ba,35629,625,9845,9299
6169,648bae1b-6963-4a9c-9f97-e214f5467101,2395,635,3522,1187
6170,a2c97a95-ef11-4585-a578-55ff75c7d7dd,19591,257,6139,4070
6171,7cca1ad2-944f-4527-a593-a8d2ba532644,19126,3,2538,9086
6172,efe0e960-7d61-4ea5-a67d-9e99a80605bc,40906,521,7563,8167
6173,817bed1e-4a97-4951-b06e-653f7b6cc934,46672,255,225,5354
6174,16d7569f-7c6d-490f-a5b0-c6910ffc1602,14899,773,3128,2458
6175,6e34977c-c116-48c6-bba6-f3ef047433fc,11043,542,6378,9536
6176,9bd2eb9c-4373-4f87-8d8e-4b1b45485f2d,27175,223,1568,8406
6177,5233940c-ddbf-420e-9b8b-7642ab6a2c62,2659,240,2499,2479
6178,7a12d33b-ea3d-4ce7-bf81-b8d016b5aabb,37006,469,6846,4899
6179,7c8c5b48-7848-415b-ab5a-78cecb06f6b5,4838,498,5471,9465
6180,eb9b805d-5fb9-4949-84f1-bdb88be1c047,1154,256,4050,3923
6181,3e5eef0c-d298-4c50-8c6b-a9b5f32116a6,5074,729,9765,982
6182,efff5cb8-dece-41df-b4d8-f687ce7b1cb7,43654,442,2483,9126
6183,d1da02c4-8794-408d-bbb2-eb4f3e7cd44f,21562,605,5441,580
6184,55bb1661-f058-45db-a9de-dd2073898f8e,40742,503,1114,5977
6185,4befc8df-6055-43d3-b511-f13cf9798683,515,329,901,810
6186,3421ed49-8736-401e-b175-d8096e6fc124,27950,904,8321,4021
6187,57c7aec6-a7d3-41ee-a17f-cfec6b7e1b88,20699,582,1714,4322
6188,3d4b2c34-b370-4518-a4eb-79ecec730494,29780,260,6946,3178
6189,4dffedf7-5122-43a1-b73d-d0d3cea8940c,31463,953,4706,7106
6190,a9b3cf66-188c-46a6-93ab-137efe83bc2d,2607,12,6263,8532
6191,dd66dacc-51ca-40c6-81dd-c848ea32fb99,1814,718,8861,9331
6192,9777664c-d62e-45ad-b366-1c4537cca8dd,2386,588,3360,6294
6193,bbcf05cd-1c8b-4623-b901-8aefab100501,45164,19,383,6467
6194,51dbe0a1-587b-4123-879f-40873a900261,17985,782,4948,4284
6195,22de9421-be73-4668-a0c8-855049f48d31,9961,87,779,1110
6196,1cc758e4-3ecf-4a86-a502-e62fd46cc9fc,42225,413,2454,7697
6197,1d5bae95-78f2-4914-9da3-d735470083ae,26775,97,2050,9784
6198,f436f187-6b87-4aef-856c-242d52faa14b,12146,546,7152,3704
6199,306fb25e-11e4-478b-bb09-84570e450abf,4542,154,9440,1198
6200,a2d70ec1-961d-4d4f-82b0-3df9e9f1bcdf,32910,204,6926,2002
6201,d1f95092-67da-4296-a1e3-60c6931ff368,25733,617,232,6583
6202,dd4a8a3d-b559-4f49-9b4f-4c962ef26ff0,14272,359,3182,3987
6203,15f1399f-838b-414b-80af-931fb4940413,4699,861,9266,8207
6204,2e7c3e6b-d8a2-4bff-b40c-26893c1853ae,44688,542,2386,3832
6205,edaec855-1705-449f-9a59-6939b8290be4,46332,272,2226,5500
6206,b7a620b8-4093-4c2a-ae77-c1438f7c7b8a,16414,282,7929,2075
6207,53882702-f3ad-42bc-a523-7ad9e20ba6dc,7163,96,3749,4146
6208,bf50c3b1-f5ac-4ef7-8b09-d6d70317b20f,45284,645,3016,6278
6209,50bf63f7-f514-4615-bb89-90cc28e040fe,16845,972,699,7713
6210,aec0224d-c501-41f3-877b-c23ef7487dcc,36437,349,1508,1920
6211,305cc015-4c6d-4407-95db-96932df70f82,42540,186,6488,2293
6212,f17f5dc5-0f35-4a31-81cb-a7bb765e0569,12928,395,4552,7483
6213,067bb7f8-ee2d-47d6-a3f2-057c18b8e752,47976,26,8271,5593
6214,e54f6504-6a39-424c-ad9d-aad06a310dfc,31654,292,6507,5868
6215,93bb8026-6525-4644-89db-f6b53b61deac,21478,634,8926,8131
6216,4e9aa655-7d39-4858-b79f-99e1bc1feecd,21324,662,7814,8697
6217,e0c6588e-4379-43c1-af3e-b61c2004f263,16856,41,8259,8896
6218,cadc45ab-0b4d-4ad1-b5ad-ecd4eac7eed9,21555,2,1215,8959
6219,c85afdc2-f432-4351-a701-05d602be1447,37045,589,1403,4200
6220,52e3f9b4-dc4c-4e8b-a82e-8ad3c46fda51,3480,410,1601,1507
6221,cdf16378-1909-4ef3-a9d6-ecf43e740259,46002,590,2285,7256
6222,8119f728-2074-45f2-87af-428fb19164e1,5648,143,2362,9296
6223,635996bd-b2cd-41e1-86c4-fca2b1b32027,28834,974,8768,10
6224,aff5a9da-712f-4d24-acd7-fbd876a3557d,32164,954,9344,8267
6225,5de355a8-4469-45c7-9161-444f192a2714,36076,242,3019,4695
6226,cba06ce8-1b95-4e78-a844-9ee7c8e21d19,38961,901,6543,7016
6227,7811c1e1-d353-44ef-956b-2a9b41ebdf60,39642,419,8319,8156
6228,9b389f52-9bda-4b82-ad8c-17d49b260f09,21584,182,6226,8384
6229,e669384f-4aca-44ad-9457-2aa3fb0721f1,28397,193,913,376
6230,8c8fb666-3876-42e0-90a4-4fd4ebe86cb6,32274,710,5367,1832
6231,efa9af9f-24e7-45e3-93d0-da6e6b291940,43871,690,5068,2439
6232,5e85ce1b-f722-4d2b-ac71-f282d19b8847,42702,772,5007,1341
6233,ab541f72-e8d1-4db5-a881-bdb0d2ac4f3d,46195,342,4409,7664
6234,5d2bbbc6-f68c-4217-9eff-b7cba26009d7,11453,937,9397,6088
6235,568cfb3f-f523-4963-a4c1-1f288e14d3a1,45438,488,3544,7249
6236,5be84a1a-d533-4135-8a9c-0075c619db4a,42183,416,3731,6503
6237,f12e785a-2b12-4895-b1c5-b420dff8b3dc,44203,841,413,8833
6238,e1bd4de6-47d4-4a9c-ba07-4e2a8bc3812b,8808,842,1518,5629
6239,8d212415-a7b6-4baf-b67b-de0009786ace,8071,106,9878,110
6240,e8f60a7d-999e-49b4-8ab9-d5e8cad3817c,3751,404,5888,2112
6241,60a345a6-5cea-4f83-a686-3ca2666d1172,46052,697,672,4936
6242,db0ac32f-d226-498f-98fb-99f87b9f024f,31172,537,7720,8069
6243,232824f4-b758-4e6d-b0f0-fd0e5122778a,37940,13,686,9020
6244,28c8eaa6-bb11-42c0-9e2f-63cda0678b7b,23892,290,9118,8814
6245,af9718e7-b880-4343-8f82-3fbb987077ec,8200,731,3439,5001
6246,c2b121fb-01c5-477f-85ee-7a6d3d5442f8,5306,833,9338,48
6247,5ddcf113-d00d-4d29-9c64-96611162fdd3,6396,535,1887,424
6248,9fd28149-90d5-4115-8b58-29d9c5c83e22,7426,582,3252,6382
6249,f2685e26-d946-4dc8-a4e8-3c9b51df33f0,35940,466,5168,7961
6250,0a750b20-7d93-41c9-bdca-01e2b51a4ee1,9421,318,613,3095
6251,f03b3043-8cc0-40dd-8cb9-cef4b61f4169,24497,258,2337,3628
6252,fd846ed8-e6fb-446b-a1eb-c04d7a455e03,14653,821,5981,4930
6253,43f88324-bd15-4859-829f-090bf20e7b9d,25635,845,1763,4393
6254,849b580e-7bc4-4847-91e8-257f3db98d71,43408,355,7327,5330
6255,9b5e6b30-3efc-4acc-b746-649c879b6748,49568,148,3656,9211
6256,6f4c93c3-b759-46bd-a176-9eb217edeb5f,2759,469,4650,7487
6257,7c37d25e-1e7b-4492-9211-890030e4b7dd,13465,949,5236,3534
6258,4562dbca-aef1-431c-959f-4713bdffc4a7,19691,643,7445,5797
6259,5f2491eb-f6e2-4069-bc14-5e96ca7868b3,47211,590,8612,9301
6260,319a2645-6e9a-4856-af9f-b88b1f0228c5,723,831,2678,7535
6261,054dd578-3809-4ccc-9926-aec28dab41a5,49779,36,5675,1559
6262,207659e6-dbb4-4d25-ae77-f4de4dd3cf82,39868,184,9977,4832
6263,b5d7b2b1-c08f-4d36-94af-3f6e3992256a,8579,142,1,8815
6264,878d0414-51d8-4f51-bff9-536f1400fad3,43991,234,8857,1695
6265,af674d8a-6d12-4211-b1c8-832923210a36,34202,401,5642,4663
6266,a5972597-6c6b-4c39-aad2-81eb585db64b,31862,290,8499,7696
6267,d6159abd-eaf6-494e-a015-d91da513c4f2,22789,331,992,8335
6268,e3cd7df6-983f-41d2-92e5-a4d2b648a410,2171,941,8015,6178
6269,82ec8025-5d75-4650-a91f-a39836203176,18287,698,4994,3322
6270,473d9dad-e308-42f1-bb82-a6685f9dbb04,1384,579,448,9072
6271,36140259-744f-4d02-a1ff-506454ed9012,49846,889,4698,704
6272,ee3d975a-bdf5-48cb-8d9c-a88b7b1f52ba,26412,958,8627,1706
6273,c3b94e1f-bf09-4618-b664-c3aabf989000,13191,418,8166,1833
6274,1fdd54f6-a169-46a2-9e77-0732d83d006d,6575,129,778,8396
6275,675a30b3-8a36-4d97-8781-b65ffa0990a3,4819,779,1729,2058
6276,e41ba901-e42b-42fe-900c-548a5c6e2549,21162,849,8570,9194
6277,c2b22ad0-1291-4480-bfc4-264fb2174638,27928,12,7193,3537
6278,b58ab34b-b8ce-4ba8-b6ba-cd9eb1e209bd,31819,208,9178,3123
6279,f7f2206c-71e3-44ea-ab93-be2b48405c00,22581,425,5119,3180
6280,394c23ce-eabf-4940-8a41-47b64f98fd8e,22366,280,5546,1209
6281,7ec2f099-d77c-4ae9-95f6-d45e4556dda7,8849,142,5032,5759
6282,a58dd108-dfa8-4c04-88e4-6b1967c0b517,21095,720,2193,5086
6283,9d67a1fe-1508-4eb5-8510-9302454cf0cc,18623,80,2389,1433
6284,0469c139-4c09-4719-a494-121afb2058f8,11555,193,4742,1387
6285,75f336d2-234e-4ee3-bda1-51b4f53004ad,26388,266,6547,1261
6286,8089650e-9a27-4979-88b5-a6d1d2112c5c,45910,511,178,5316
6287,1f3a1067-f77d-4dcb-80ac-a02005dcbae1,48115,873,5222,6825
6288,0792ed0e-74d4-4d5b-a6fc-575acb9885b9,34131,90,2400,1268
6289,7f85311b-e9a6-431e-bbba-c116c76c4306,2923,105,3400,2139
6290,e84e3d53-a8ae-4f4c-b7c6-418b5c3926be,45459,55,799,199
6291,36239141-0a0d-4a41-afc6-dac46feb8506,34086,431,4500,1888
6292,510febb8-301f-43ac-a0d3-7f33b177c622,16170,160,1606,8269
6293,f519ebe2-7405-43de-b4df-c410fece700f,45118,945,7670,6659
6294,18873131-4813-47d8-bcda-3c57d335ff1f,38267,502,7824,9193
6295,a63bd609-7552-41df-9f23-cb4acb82e51a,34206,39,3897,2242
6296,29cd8bcb-7b70-47af-9818-c56f0a41fad4,18007,11,2134,823
6297,41457945-51e4-4155-8124-34ef6c3f0999,3221,914,5825,3093
6298,2b8382a4-9f0b-4543-afdb-2e5d47fc864e,1928,949,8514,3600
6299,4308f73d-bb42-44a3-8f1a-fff818072a8b,3249,332,7543,7660
6300,952346e1-e5af-4f73-a667-3300e09b138f,32712,346,8781,275
6301,0f928679-ee78-4dad-ab77-405355f9f262,48791,205,1019,3377
6302,c5302696-2843-4735-8be5-ba612d2fd4dc,17467,461,1378,1062
6303,13d38692-a478-4a3a-a8fe-38e7e2255a99,9422,519,4200,2471
6304,20386fc7-03f2-4114-92c4-3259ca0cf346,41660,21,2940,337
6305,4f2337fe-5bb7-4234-b8b6-81526ee3c77e,29914,309,537,3083
6306,7e08e3fd-d9ad-45aa-aeef-fddb825f953b,22565,155,4162,4534
6307,cb608dd0-1319-4ca9-ab52-1c78bb4f6903,33882,711,9084,6983
6308,afc57785-9992-4fff-955c-a3fb943c9f64,12590,928,9609,3800
6309,8767aba0-f681-4814-9599-f23b21c1bca1,14195,443,6036,2444
6310,7553673d-13b7-4ef3-a3c0-e022ae3da9c3,12522,22,1279,6602
6311,a92bb437-65af-4f77-b1ec-ccd8f7189c02,19803,691,1486,7058
6312,b5a641dc-5f9d-4c14-b244-78ab0daa8491,35589,542,8393,2592
6313,84da624f-61cf-47e2-92fa-bd091ccd457b,10232,608,6617,5826
6314,b1a3e2d6-e03a-40e1-a55e-3e707a28b014,38892,312,571,9188
6315,7869d699-c90e-497a-8da6-cf2c0543ccba,10531,443,9378,1558
6316,3e1b2b13-31fa-47f1-900f-9f1f351aa2fa,35333,994,9142,4721
6317,d201ef8e-5433-430e-a25e-e36c23e14a29,47426,702,3941,9430
6318,ce72edfc-8899-46af-b0fa-207c900f327d,34091,139,6661,5944
6319,8b6fde18-7682-4be4-bdb0-c2f375ccd256,2835,745,9911,9308
6320,7ba9055c-216b-4adc-be60-ec81860ce001,30187,811,2278,3185
6321,517d10a4-6065-482f-8e46-9096c9b271a1,49832,798,5968,6750
6322,824b1e89-2a03-492f-bc3b-c9f3487e7f70,49345,882,6101,6870
6323,f78e437b-f7e7-4b76-90f8-c1467e609bb6,22399,181,185,7114
6324,c67d8a35-cedf-498e-b835-5d3347ac7332,5720,355,1574,362
6325,e5d71c94-46ab-463a-a237-4632b8b220ff,47512,209,9718,5242
6326,f39df525-d5c9-453f-b9f7-60104291a76b,19809,484,7487,5201
6327,47de1b09-51e0-42ea-823d-3aef0d09fbd8,6843,537,3202,3692
6328,466fba98-d0e0-46a8-855d-89b1f53f1a1e,1416,270,9928,5381
6329,ead407a4-8532-4b39-aa29-edc6f138da30,40089,713,8382,5306
6330,61b8fa75-1295-4e08-aa85-50387e340e49,43991,732,5159,4470
6331,2c756a8a-8e5e-4fe7-b3a7-23d94bc8d817,554,286,2976,1502
6332,8a673f97-c009-47d3-a7e6-f0c7c64f5359,29822,509,9570,4993
6333,a9bd0790-6305-4dcf-97f3-89b1e9fe3fef,31967,288,3502,777
6334,89d4788a-61f3-4c56-ab8f-41f32c28bd2c,22304,886,9649,387
6335,ea725d5a-ad13-4ad1-907f-c32912141cf0,3601,516,3280,8863
6336,8ed49423-646e-405f-add3-c83c186fa8df,796,1000,9889,547
6337,246eef74-c420-4d51-889c-483348b78b9c,40888,867,9504,3112
6338,38676e5f-2af4-47f7-8a1d-72ce7a8cfe18,18099,171,8636,8376
6339,13a975c3-819c-4fd5-bc42-844a51ed7f4a,2380,123,7352,7399
6340,419bbf78-2ef4-4814-8707-3f903a1aa2ab,44569,801,1935,2408
6341,53d8cd88-a72d-4dfa-accf-f602b4b52967,11643,406,2039,6019
6342,1e7b6a2d-815c-4ed0-8921-c85134b15193,36038,650,4626,6527
6343,e3c0a9eb-af0a-4bfc-9908-413fb741eb7c,37768,378,9299,44
6344,ee0263c5-cbc1-4823-a951-6aeb043c3cef,22971,21,5790,9332
6345,0da4f132-c278-4679-afe5-40231ec22f92,12989,28,1898,4716
6346,211ae975-56ac-4954-acf9-1b4b7e4dcbe8,36507,872,8846,4688
6347,36f35d1e-386a-4ad0-8afe-9882a0d850da,6025,182,5895,6581
6348,af4b5246-f0bb-4026-a2d3-61e57ec8c3c9,21022,511,5355,178
6349,803aadd9-b327-4b2d-ba65-94bbc11ab4d6,29981,647,6175,2216
6350,c8e4e74d-f1be-4029-bfbd-4fee86802037,41682,434,29,3946
6351,f7ef8db2-f5a8-44f8-8222-81e799d40b25,17645,579,5082,4890
6352,20a8a0d9-14e7-4014-85b8-a23fd549ffa7,25710,66,6285,3782
6353,db50f6b1-c0a2-45b1-8436-6ea3f5f3f632,29977,718,3119,7229
6354,379d5741-7a9c-4176-aece-77180a489c46,34256,423,5424,3181
6355,14283758-1d98-4409-a0b5-8fd57fcf171b,49193,894,6335,973
6356,cbcdbb4d-fd71-43d0-b146-fa46c555ae81,25762,899,4000,4680
6357,bd8e3e10-acfe-43e0-ade8-18d214ee5334,31650,478,8352,4849
6358,65bd4aaa-2d53-4cf7-bfb9-751256cc0e16,43012,153,9187,7058
6359,7a0b7ac6-0aa2-43c3-9a0e-7b3262173487,47823,595,4554,1724
6360,1df6f886-e1d0-4de8-8159-8510c18a57ff,37663,453,9460,4966
6361,ddcd2796-6a12-4952-a43d-85c8ef93f31b,6428,433,4415,7491
6362,472aab80-be66-4947-8da2-d57fc2d58a6c,16939,613,8218,4157
6363,168b7ede-5b6b-4e1c-ac24-ba23f2ca2f5a,15561,230,2959,9878
6364,a3b0532d-a97c-4f6c-b77d-a437286c1eb4,23910,56,4146,8134
6365,a5a76d7e-5ba1-4039-bb89-7398526cb9e9,38931,597,7374,5961
6366,8ab4ea17-f828-4dcd-947d-0c322eac6506,41817,953,3116,5421
6367,bf576aa7-ab07-4629-a12b-3993bd338265,1189,254,298,4041
6368,b2c386f5-2d70-416c-8f12-1c26c216aecb,13647,102,6169,174
6369,47d18404-5aed-4df4-abb4-fa70b490da97,39291,669,8585,6273
6370,973aab23-c22d-4d50-85a9-621abf711b70,32518,171,9818,9699
6371,0b138a02-9571-4ccf-b993-f84d03fc2830,23821,810,1274,1874
6372,8ff53cb9-efe0-4542-87c7-fcc313800326,4015,795,909,8533
6373,64a57c85-e81a-4645-b103-53800fc1478c,45999,743,2359,5344
6374,b177dd1e-a7ed-4932-85df-2bf4b4d573d1,19362,351,4962,3041
6375,b4014700-ad4f-4290-ae2f-956c9eaa6d2a,9347,669,1272,9684
6376,8f9240cd-8aa5-49ec-9935-4d8c07ac6d51,7471,955,2607,6477
6377,eede0831-61d7-4f88-8e76-144a638475b1,12242,264,9646,6813
6378,5c7dcc95-6e80-4d6c-8f2c-bccaf40856b7,47321,749,277,8145
6379,3011ec49-150a-41e5-8923-ebce4ba03315,14526,997,6989,9786
6380,2af42d4b-b30d-4a88-9336-d67cec9dca20,18710,29,836,6197
6381,59c6b23b-3228-4248-8b69-7a849cc0e9c5,9457,884,5438,261
6382,469a0564-6d82-44c8-b0c9-67e5d7403494,31695,807,4384,6313
6383,70208072-5819-4c3f-b9a4-82f972e8bd77,47669,422,132,9159
6384,90ad15ab-7455-4e25-bdba-da46d403d1b2,3295,396,5296,9719
6385,f74234c1-a3e9-431a-ac78-1f411516a2b1,31596,556,7760,9153
6386,424f355b-fbb5-4d57-8c96-726e53db564d,37838,848,5090,2329
6387,2cbf379a-64ce-491b-a797-2cec89b4e670,11029,424,6322,2291
6388,85761bdc-a471-48d6-b71f-9906e3476be7,41662,630,9078,6017
6389,8d9f4790-8c33-4858-bece-1eabd3258f76,24771,824,9522,5914
6390,361bcab2-19bb-4cd7-aa5c-b54319be8251,39256,933,1857,2418
6391,7313c0d7-2b9d-4256-ac25-a8bf1a7c07ca,2513,216,1868,42
6392,996c1747-223b-4c71-b889-3482d4da3aa0,29108,400,9148,9495
6393,900dedd6-1950-42c3-87e4-c09cf598cb0f,21296,330,9419,2116
6394,d98913d8-f880-42cb-be77-7b799767e758,25184,72,7058,7737
6395,5314d610-af7d-483e-b4c7-61da88edc63d,45816,712,4035,8163
6396,c0060018-4acd-4ef3-8902-1392eb6713a0,33058,76,99,6133
6397,1ec8a5ac-d329-4493-9817-e5b0af0b829b,22742,129,5711,490
6398,4657d902-1dcc-4dbb-9642-ebeb11fe8a64,43877,212,6117,5738
6399,ae0db157-3b3f-4daa-8d03-8d93c5ba0a27,42082,411,3684,9288
6400,76207490-6ba1-4eb9-8f36-19b88dcee7ad,34645,82,7838,1448
6401,73535b60-d201-45c4-b8d3-7a96a64663c3,2854,808,1909,7535
6402,882eca75-be36-45f4-824c-e93a69cd21a2,34310,847,9289,1437
6403,7b3a358a-f052-425c-b76f-9078c078e99e,38827,596,1074,8930
6404,0359dbe7-ce08-4877-a1af-5378a59e0a54,23754,249,9744,139
6405,b76ed158-8d5a-469c-b596-a8e1a410e78c,6509,424,923,8183
6406,d864b879-a42f-4d42-a7da-4d4db9a14a4b,6470,173,5944,3316
6407,739ab57f-7e62-4d8a-ac60-42a155afe707,31281,117,2385,3501
6408,dc9b9bdc-ef19-4f13-b56a-4f62efafa616,13626,829,2362,4667
6409,d4cdcffb-ee08-4e1c-ae40-90339b4c6054,6128,721,5867,3725
6410,f6fbfcf4-9910-47fc-aa25-09cb3adb20da,21786,612,1061,9219
6411,56a5165a-06c1-4425-8cae-7a83cc79f71a,28172,483,9444,5409
6412,c3a35e87-b7a0-4fb2-86f1-92efc2581090,40435,997,9390,1129
6413,010002ea-8f30-481b-bf5a-9695ab5d6302,48287,975,1528,15
6414,cb64f863-f666-486a-9e13-d642f8b2a1be,9434,100,9054,9504
6415,440d4bc3-4d4f-4b07-b3a4-41e208cf14c6,19802,113,1664,7464
6416,c0aef711-eb14-4350-bfec-4e21e360d5df,32502,846,4028,7872
6417,e82af447-9d38-4a60-903a-b43c84970daf,37292,360,2995,9259
6418,4c482885-cd95-42f4-aac2-7c826773cf33,24641,481,5753,4192
6419,a30bc54a-49c5-4390-b8be-b33b696e782e,12577,927,1193,9359
6420,9a1e5b9e-a628-4dcd-b463-acc406e6129b,35400,368,8966,4344
6421,14f0b829-37cf-41db-ae7a-574707784612,11628,841,4315,6063
6422,d5e2c08e-af92-450a-9d4c-aad3228890fe,42543,61,8754,5056
6423,bbd272d5-7207-4aee-9408-16b59643a831,15287,765,9810,2463
6424,4b71af6d-29b8-4cde-8d8d-a1257e21f6a4,3677,820,7147,9830
6425,3183e02b-ffe0-4072-abe3-f10e9ccd6cb7,49334,247,1124,239
6426,653f8737-92b2-4aa4-b627-471fc0ef9ce2,13420,958,6441,623
6427,61f4abcc-3707-41c2-a1b6-f1fe86073775,1133,754,1666,8230
6428,ff1f1e72-5295-4a00-bae6-0971024eea4c,17271,861,4537,1354
6429,e09fffea-5188-4d57-9c0a-19d56e0c4821,42848,985,8703,8287
6430,84eb808e-8e43-4ffc-8227-caff284e010d,21907,981,988,7944
6431,99ceb413-89d6-4b8d-b78f-9b6e535a804a,27475,850,9559,4124
6432,29870b8c-7c62-4992-aecd-828a4419bfe5,28405,977,5941,9484
6433,254bf2e9-dedb-41e8-97dc-9fa01137c39a,3491,715,3257,7124
6434,57365d70-f2a9-4878-bbdb-ea4fa99769aa,30682,724,8384,9386
6435,c2c9ab32-78a5-4a22-a138-93022324646f,44318,252,1057,2695
6436,2c6775ae-4190-43a7-82a4-c43976c5d26d,27727,591,4985,2783
6437,286b8b5c-45a8-4c01-acd4-9f659e2dfd6b,48799,733,1865,5153
6438,f724dccb-1862-46a7-a5a7-0bdc6d011f8e,32276,292,6089,7596
6439,576c8b0e-3577-4645-b2ee-7e6170280f7e,28672,591,8718,2935
6440,612e6d00-7674-4936-91ee-bdc644b1cde3,4935,543,5856,9841
6441,a0203790-7a38-4610-84c9-a853674d4695,46249,188,7634,8601
6442,45fdbec6-861f-4300-8874-3a0520a80e42,47032,364,44,9708
6443,b59a125d-fe7a-49c2-a5b1-42959e27fb4e,13983,426,9847,8286
6444,2c5ba147-edb4-492d-b87a-0ac808da390d,40283,192,7995,7101
6445,3f9295ca-ebc2-4b8c-a46d-81aa0c4cbc2e,522,267,1439,3969
6446,dc4b941b-3caf-4d35-830a-45ac02f30319,40169,176,8352,1120
6447,b9bf328c-4d17-4f1c-92d7-7aed341a9f08,3645,864,2393,2807
6448,228d98a2-84d5-4b52-aad7-40585a855f54,38248,477,612,3241
6449,724c7b93-5b76-40da-b1e9-9f63f09a5e9c,16945,159,5664,7367
6450,a7fd294a-b5c2-4b2d-a44b-3f224d118bd1,1836,521,6912,3578
6451,8afe2b9b-59d0-4884-9edb-0dd8562c8fae,31709,99,3300,506
6452,701a4cfd-65ee-4772-9124-8a98bf749f8b,11589,990,2085,5462
6453,136e7f53-0eb3-423f-ae81-493f847ede57,26834,7,6975,7730
6454,440729df-7835-4c78-822c-91d2b68df94a,20015,674,4851,1171
6455,b3c21f64-c486-4789-af2c-2db395af75c6,29324,686,2034,1755
6456,7490ba3d-0b24-4189-876c-2db29f96103a,12237,127,2921,349
6457,ec910e34-4664-4f0f-84e9-b2b293f14707,2092,603,6495,8077
6458,c3c3be29-5628-481a-9114-f79a4ea04a0f,28211,81,4437,2644
6459,8a67cabb-e1b1-4de8-ae94-7c07fe87e364,8643,553,3861,4081
6460,77bb3477-cc16-4be5-8a03-243cdc3db1d8,14667,68,2059,7471
6461,cba64fb7-2c0d-4fa9-bf5f-0a0edc03466c,32963,574,1412,527
6462,1da2b4a3-180d-497f-9ea4-93c37dc6948c,12499,304,7711,7754
6463,1cc390a9-87fe-401b-adf0-d2c2b3ca7a1f,18834,77,3014,1275
6464,c1d4b6e9-ee67-413a-a4e2-966eccdf38d8,2563,279,2663,1491
6465,827bb63f-3c09-4fcd-9ad3-98f2321c3518,13541,687,9954,7581
6466,c9d1e8b3-9071-4ee9-829b-d0fe16711b9f,49187,353,4284,5782
6467,f160e761-6ad1-4980-b972-01eabb14985f,20177,511,497,188
6468,78b95a45-7a56-4335-a1f6-2198ad4fa12f,1983,36,3130,4942
6469,4a1e299d-6a42-4903-bdd9-f6a48043aa58,9082,808,4986,2918
6470,7e4ecb3d-991e-4e32-8541-e2797c2cdc1b,35005,598,818,3755
6471,e8d5161e-a00a-4639-bb77-faf20063b6bc,23343,308,3884,4209
6472,9633a8ea-07a5-4c23-b771-018f66933968,18842,461,9875,9511
6473,445dab22-2142-4624-87e5-b3ed9d157fa2,36913,546,296,6873
6474,c7213cbc-46a9-48d7-9864-c133f58db3f0,43430,808,5624,368
6475,33b7bb90-dd2d-427d-b275-cf2e4ed2abc0,37760,515,9031,6571
6476,0f866065-afa0-463b-9581-6c42e2a28870,6981,784,6978,9216
6477,781bc3f4-8253-4679-a9f0-b6e9c0b1b9b3,11644,912,7547,5348
6478,70461a93-319c-4ff6-992f-027433f28e1b,7730,510,965,508
6479,35a9a5e7-658b-47d8-b22f-d5ab009b4653,19139,958,8781,8856
6480,c7091e0e-8d29-4f77-a871-f066ba4fc93b,18690,475,5293,9700
6481,4ac4d312-a4ad-4b63-8cc6-b700effef66f,10046,155,4963,9724
6482,c82d461f-e607-41ab-8215-6e69ce04b348,19468,524,9065,3135
6483,279b2db3-37b0-4e22-a20e-c942ada41986,16817,453,8978,8553
6484,69a79e09-c2a6-4310-895b-eb1d73dcc5de,42621,441,5833,6599
6485,d4b0ca25-4cfc-4d0b-9f9b-a93918c3935e,47938,807,528,3655
6486,14b17200-73b0-4ba5-a56e-293172e17e2a,39063,351,7242,657
6487,22951ddc-973b-4438-81d2-ce20a3e5c45e,29391,726,8332,459
6488,555add7d-ab36-47aa-97fe-83af038b9770,24252,734,1785,2209
6489,094a9716-f0a9-43b1-a181-eded07189ad0,32748,699,7782,7362
6490,aa825815-fade-45b3-9b45-9f534c1a8d90,668,143,4556,7794
6491,131f5b4a-16ee-4f65-8495-887de28e9748,6218,572,323,5709
6492,1e879dac-68f6-4ff6-b211-252d02f6f71c,17323,100,8482,2978
6493,693fbc32-fab9-4aee-a9b6-ebc2a46a38c9,12714,735,9952,8476
6494,956e2d04-8f1e-466b-a590-a22a034dc9ae,15380,157,2374,8807
6495,619e7445-bb67-4a46-bae2-455e856822c2,20762,682,7989,4653
6496,d2a37ac2-21d9-41e5-b092-c3e1fdf3f6ce,6601,275,2337,3338
6497,c5f518ed-20bd-4c5b-9061-0ba2b7b0dbc0,6022,297,8913,9872
6498,e801f63e-50e3-41b9-b6f5-0ba034777d30,5074,942,7480,4595
6499,2a03b0b7-c569-42ae-9e57-f88deb628177,49131,345,6244,6676
6500,587131b6-1d10-451d-94f4-e2c874fb2611,19421,167,3885,2825
6501,7b067701-807a-42eb-a646-f42b48791aec,8278,41,4272,410
6502,7a23cd12-2b6c-49e5-a74c-3e592a0c1748,45638,710,6522,892
6503,f98f2bd9-d7da-462e-a162-d0a3e95dea2e,15522,252,8188,9619
6504,d40bcff6-eb22-4aa8-8177-ef4952a75f50,8400,594,80,5509
6505,85b706dc-61c8-4e11-9468-90c6678fa69f,12934,16,9768,2374
6506,f3f5e6c0-879c-4414-8bcd-861e8fa0d5f8,22600,982,8679,7286
6507,a7974bfa-ccb2-4bfd-be40-1984743cc701,18312,801,5856,5456
6508,ed7e3f2e-377b-490a-a13a-8d6824a4dbe6,7792,587,2322,7979
6509,b0d27c5f-579b-4c6f-b61b-350334dcedb1,6714,612,9425,8676
6510,3e47b245-0acb-4de9-b94c-69216e144f8f,3023,518,8183,9979
6511,6185276f-0c5f-4660-af17-4c8ed8fdfdd3,34753,489,913,9553
6512,11283952-0fe4-4c7b-8eb2-df0b586a46a9,49374,305,3659,864
6513,dabc11c6-7914-486c-8c84-11ce1ca04295,44815,386,4785,4025
6514,49f60812-377e-406d-92a2-7c667d1a24b0,21974,785,7691,1918
6515,37ffa7b4-ec5f-46ec-801e-38ab8a324682,49322,913,252,3803
6516,99b48c4c-f342-47cf-ae5c-c9dd44ce18fb,553,571,4044,3835
6517,386fb65b-2ce3-46da-ab65-eb1b5ac11ae6,4984,179,3284,8820
6518,2b13f0cd-1246-4123-abdb-50b313f49aa6,8448,294,3164,9902
6519,5b0296f3-1cef-4107-90cc-fbe5e0d69c4a,1369,914,4707,5426
6520,978f2435-54be-4a5f-ac1c-e4ba8bcbbaf1,11825,854,8159,6375
6521,12eed67b-be55-4b8b-8d8b-8ee9d1ef8459,39362,363,8357,136
6522,225aa841-4267-4ee5-a84c-82ffd769b303,26784,911,1054,7319
6523,6f6b26ae-c539-40f9-9840-0a914baa361e,16022,349,7310,617
6524,5d53aa31-c325-4adb-bd77-1571a5015987,24218,520,3127,1264
6525,52c22dae-714d-4ec0-88fc-d6b152314867,47699,200,8186,2998
6526,3ab1c81b-a79f-4982-8ca5-07dea31914ac,6854,759,5669,328
6527,4b4d035d-e61c-48ca-aaf8-5ac2b6b7d899,15207,881,8183,7244
6528,12f14e07-552c-47c2-b923-aee79a6a70ac,19422,497,8930,3854
6529,25cb12ae-34df-4ece-a84a-9139625ad325,32423,129,8994,3385
6530,fd72b48f-fb06-4c95-9c1b-d41f61e007ed,9816,129,7947,2664
6531,026aa233-7ea4-4294-b8ec-4b67892ffe9b,31242,366,1889,419
6532,1be101c1-f561-46b8-a07c-29cb244aca48,46179,434,906,8020
6533,af150f89-d518-4e81-9169-127e89c8d032,36825,110,6867,1217
6534,230fc79a-d9f0-4382-989d-bfe5825493c0,32769,620,6433,9590
6535,35230737-03f8-4253-a9f0-fa7ed6758ce1,11800,641,3833,7417
6536,ad30b6de-85ae-479d-8ee2-e3ae7c20a330,40929,372,1873,2401
6537,06c048cb-419d-4847-8747-2a0d8d9a58b3,9783,436,879,9317
6538,6aee4e9d-4fee-4df0-b2e6-8925cbdd6eed,21876,708,2448,7859
6539,31f63502-80cc-43d3-8435-a07b80d12c90,15237,365,2722,9188
6540,325d2e0d-a862-43c4-8c01-501f4f6bf08f,3450,556,1171,3068
6541,dc45daab-9b0f-4722-88df-99374c3ac5aa,46174,765,8459,1277
6542,9e81d735-172f-4826-addd-955751872792,17739,261,5869,6978
6543,cf0cee36-60d6-494a-bff8-f5eaacaa0ccd,34728,78,6675,1009
6544,afc9f936-aa84-42d8-b44b-3c818bd53681,44262,382,8616,3759
6545,cd22e7c1-d468-428a-be17-1f01ea8a2d37,20794,642,7967,2123
6546,7c39f472-64f2-42e2-827d-0b51822f02a5,11001,606,7822,3863
6547,d38b2c0b-46e5-49c5-87a1-a7bd029df037,6450,297,8745,3544
6548,118565fd-1b33-4186-9436-d06ca5eb2d72,48700,580,9620,8105
6549,40de35ad-0409-4fec-84bc-762634ca3569,9338,56,4613,6979
6550,f2d5d302-0410-4c6d-a004-dfbdaf247914,29921,163,3614,5146
6551,7fda21db-b3f9-408b-9b07-ff940e010e7b,12109,864,4739,5639
6552,8ac84bec-739e-49c0-8823-10b7da00fc46,42819,349,2521,831
6553,542655a1-7e35-4021-a7d6-91435d04741e,15303,831,8446,6755
6554,f2382147-3001-441b-81c6-ec28c73198c2,15909,741,8528,2716
6555,7540f110-e118-4c12-9652-9daebb253634,28660,139,2288,4263
6556,690610c7-559a-4a94-9002-84d59b5bf9b4,19937,496,2440,2061
6557,5eb1d6f6-557d-4c2f-9839-a5f5507d713b,18239,66,5911,148
6558,85a5e52b-d679-40a8-84cf-42ba1e72f6b2,36029,29,146,5727
6559,aad952df-5eaa-45db-9ddf-6b6d34398495,38244,736,7218,5752
6560,84a52d94-a392-49cf-a756-cffe8373216e,2514,665,5237,1019
6561,1b80f604-1766-41ac-9e67-759cfaba1f31,38469,44,1429,6333
6562,f7c62bd7-73af-446a-97c8-34bc04ee7733,13237,89,7015,7677
6563,c4f3adc5-0c21-4cf0-88ee-670803c3e481,44665,167,3281,6557
6564,00ec253e-db0c-4e21-b12b-1bb191f6fa3c,41685,456,3828,4781
6565,393260fc-6c8d-477f-89b5-6cbf3550a563,2335,636,6911,6679
6566,b48e4f62-1ac0-43b7-8888-e23e8a49db36,48186,834,9328,549
6567,1d0f0865-e871-4af1-9919-ebde10b1078a,12909,200,2701,6706
6568,35f3ac65-5297-455c-82db-386c941bcf24,14249,957,7761,2511
6569,15276bbd-f84f-4f97-8b84-e001b87a1391,38513,806,2934,1835
6570,0e477b14-90d7-4fc8-9174-c90439db58b3,44489,336,4396,8577
6571,e8769c19-23d2-4ffb-8b5e-464fd03a2285,21192,162,5588,4668
6572,5f7fa8d2-615c-4d01-837d-91e7098c46a2,117,238,4197,1900
6573,ce361825-730a-4085-a90a-430326adbf78,32000,367,8974,1705
6574,20ce9a12-f12c-4c00-b325-fda3a4471203,44470,623,8519,63
6575,28f23a1b-d01c-48ca-b523-ad0363bc8c69,34298,360,6387,8472
6576,375ec732-ed83-419f-b51d-35d16d684162,11673,384,9202,4014
6577,741b2143-1a5f-49c2-84eb-f85ecf97fe74,27906,997,8255,2222
6578,3fc207b9-cada-470d-ad57-a9bc97a06bea,16921,437,6642,3462
6579,b01e602c-40ae-43e5-8b02-c3023025f8fe,1694,149,3950,5725
6580,a7d348b8-25dd-469b-b966-65ff9deffb59,11614,993,4409,3553
6581,73c88235-5578-4ede-b408-3d1c29d6556b,38042,825,8404,7587
6582,05305e15-9764-4ab2-8421-79d619006205,6727,682,840,3997
6583,22479d0a-9fd8-4190-a2fe-761bce3fea38,40278,943,7234,8914
6584,b49bef08-cb6f-4ecf-a5c2-1b66753306d4,12957,589,3302,6377
6585,07ba8a52-cc27-4b14-86ef-8ae852566bd8,8747,434,8351,3621
6586,4fd0632f-4923-444e-a15d-44986131b695,33874,423,8426,3159
6587,80fee617-d4aa-4a80-b8d4-91d45b5d0fc8,42014,216,2609,3544
6588,c30c45b2-6808-411d-9375-72258c2323c1,31973,811,6237,6160
6589,f5f23f1b-b192-4a40-b17e-34592172bc2a,16380,888,277,8930
6590,59a5baef-fba6-46f2-98bf-4648a5872410,31985,206,8808,7365
6591,a887d4fa-5dee-40ab-837d-e2ad9abd6682,21393,345,6934,9199
6592,b93c4707-fdef-479f-9570-0ed03f3954cd,18419,694,4474,7764
6593,5cfc0a44-7d73-46a4-9718-cd45bb3365bb,44990,107,1911,152
6594,5fcc1f53-842a-4870-aace-6a45e231a74a,10290,947,8940,7443
6595,524532db-cf57-4dd9-a6d3-c633b97d862e,14871,324,9103,5282
6596,949e3851-cf3e-459c-9519-017aa545b9b9,822,931,8691,5499
6597,d566f8c9-d673-4cca-8709-11d123c00a56,17712,258,3767,1520
6598,aed832af-51b5-424b-97d1-d496b3e397f4,31444,719,4300,9262
6599,ea8eb950-a892-49ec-9310-ca4e8bac983e,7209,332,5262,6078
6600,0a53f177-b608-4456-811c-0818ab30e733,16053,892,5998,1079
6601,f3c536bf-ca74-4187-9e57-ff1ba873f397,32350,63,6971,5497
6602,9dcb4ddb-18bf-4362-92c2-b7af0a4b7921,24022,690,6841,4614
6603,bd7ff33c-849b-49a2-9dd7-eec7248891c0,11278,660,626,5551
6604,acdde7ab-f962-4bb8-a86b-8bdc23793abd,33842,727,2631,35
6605,7dd23b6c-f924-491c-af51-ee5d73f66450,14366,647,4123,3847
6606,8201160f-ae9a-466f-877d-f15f34820878,30973,177,8010,6869
6607,be41ba89-4721-43ed-8f41-40887faa64e1,18234,61,5636,2841
6608,b985cb03-8a23-4818-b413-b37cbf0c60f7,33609,426,3619,4464
6609,4c5a827d-404a-41c1-9613-24aaf216a2b5,29395,390,650,6789
6610,cb573acd-67da-40b1-b985-f8fe3e637e8b,755,930,1645,9053
6611,c40367d2-0364-41da-a25d-6e919854e570,33808,329,8984,2638
6612,dd40d046-1eab-496f-919a-51929c694c1d,47904,567,837,124
6613,a8c1ff4e-b742-49de-9250-dce47b6e27ca,20510,857,6904,974
6614,d13def0a-b1de-4e01-9767-ee619eeea06f,33052,317,8714,3786
6615,076a5eea-ca64-4a4a-b03f-8fb24872e78d,41520,735,4600,6547
6616,9ce3c73c-1335-4961-b20b-7283b7f43af0,9724,42,2835,2031
6617,e9de0356-2a36-4856-8f63-2d6f2ac2cf7e,14796,871,97,482
6618,bc2dbe7c-e699-4067-80d8-e3b4915534e5,15991,70,4383,7832
6619,084f3a55-62bc-444c-9bc9-6f81a3e8f5a2,14386,110,3972,5301
6620,49084045-e60c-4334-bbf8-9497c1784746,4886,557,8527,7401
6621,93adf654-39c6-4d2d-9a41-4fd50da9d232,19120,152,8521,3503
6622,31085f62-c281-42b3-a5b2-ed0a5f4c952d,30565,932,1815,476
6623,1db9dcf6-148f-43f7-ab3a-1e1a8b595dd8,23961,162,8876,5767
6624,08903d22-4284-403b-9547-9e254941aa7a,17060,826,5487,6143
6625,b35034d3-c5a5-4c34-b5c5-04c83fee5201,12428,7,4624,9367
6626,f57399cb-3cc1-4213-ae6f-b365a60c72b7,2579,570,3467,5454
6627,c85550b1-5fe8-44e3-8a04-a2a140260e87,24271,545,5236,5907
6628,35e22943-721b-40f8-8942-033a932f1ff3,29841,338,9463,578
6629,76b2bdbf-5bf1-4ce2-a25a-effaab35a2b6,2604,742,4217,5335
6630,14817f08-fe36-4ad6-b069-41a35bd7a9e8,23174,352,2753,4168
6631,f9ee13d8-a537-48db-aec7-7ce10fdc92cd,4456,622,4818,6946
6632,45e81f04-780f-4baf-823d-eb223e2ea698,27789,264,2446,7675
6633,a63869e5-229d-403b-9794-886542e26b24,33637,569,9008,3456
6634,b7ff28ce-4dc8-4cf6-a58d-dbbebc3e9cfd,18160,243,7482,8453
6635,95824a43-0582-4966-b6d1-23d27c65fc29,2907,12,6077,9207
6636,a40122a3-65a9-43a7-8e2d-d31b9544252e,26998,585,3693,2824
6637,92dc2b8d-8f7e-4fcb-b5a3-63a0c2b90550,2723,524,13,1638
6638,dfb3531e-4cc3-42fd-8536-3b1190299262,41468,969,6010,7554
6639,aa6c22b1-ecff-4645-9142-a6157abe46d1,8450,402,6124,572
6640,3a24536f-1934-49e6-981f-15fd182e3183,7431,272,7421,112
6641,b14ac6d6-24e9-44d0-bf3e-a9c1445734e5,22281,192,8628,55
6642,ea906bee-74f3-4416-b660-6328d0075aae,45547,542,3984,6910
6643,12d367ab-8e19-40e8-86f4-df89880314e5,35982,103,3341,3558
6644,5657c81e-d026-4bbd-b9fa-76a7f2100904,39376,790,4437,2202
6645,d4a8eb97-c19f-4bfd-98a5-737266acdcd5,42055,130,9714,1361
6646,db95e1e8-6e0e-4dfe-ae4e-99350611588a,18191,932,4548,8794
6647,9cc181c4-8f0e-448a-83b9-1d53a14425d3,43032,489,2445,7588
6648,797fcc3c-207f-4a82-b7ca-5d4ebcc0ec9f,1243,320,7412,5794
6649,6b251d09-b181-4e1f-80bb-12ea677a2b45,22891,954,2307,7341
6650,c5b9cb64-b10b-459f-aeea-24dd1b2c1f26,33426,913,3857,9526
6651,8cd5d654-c946-4129-b9db-55cafacbf77e,31632,833,3024,1577
6652,23a4ea17-5b51-4a62-a8e5-9c3ced963709,43985,136,1311,1632
6653,35729eac-26c5-4146-847d-287629c8285a,24718,548,5197,1829
6654,6a99b5bd-4f8e-40a5-bc05-219e4e6695c4,38241,229,4031,7332
6655,319d97ac-302e-45c9-9d14-fd99f14446bf,45504,796,3875,260
6656,3ae5aef6-29ce-42d5-9b91-650970e00141,45695,655,2325,3068
6657,7a804c47-177a-42dd-8c0f-2ba47d66d812,34387,722,4897,5609
6658,32c1a37f-1187-462b-8500-e30ce98999a9,14863,985,5223,2302
6659,9af292ab-2b6f-4366-92ee-041a7aadf509,45835,894,9079,4255
6660,cb865775-92f5-48a4-b982-96d4bbd365cc,20748,909,1134,4594
6661,2c1a0ca3-d7a2-46ec-83ce-36e2494aac7a,45598,190,4453,7361
6662,2570b5ca-f990-4f6b-81a6-f9057a21fd7e,25804,255,8741,2198
6663,e7a93a46-b590-4a6d-b1c2-e4d8bacf2570,26268,841,1095,9104
6664,7e2b017d-9362-4fb9-9609-58cdb3357486,19185,695,2813,4063
6665,d74c8166-6824-4f9e-addb-002b6a22e4bb,43403,348,9834,5351
6666,55812dcc-8d71-4c94-9956-b9a27d7e9c01,11679,977,5383,5805
6667,da0a0437-2a41-49c6-9020-2a340a59fa25,7345,548,3014,5870
6668,f70c395a-9c06-4e16-8a63-c1933848f2ce,44475,286,3352,5381
6669,701c456d-2a91-430f-9aa6-e671edb1762f,18765,902,1740,5053
6670,862695da-6f7e-4f1f-a0a4-2337b7eae06d,46039,176,3916,1473
6671,3b385af2-23a7-4300-a01f-f04c22dbde58,10328,722,3192,7156
6672,05db85d0-458a-4302-abbd-c73a7df6302c,49381,807,6451,5757
6673,c4d95a5c-507e-483b-8831-54985af1d8dc,8430,819,8253,1198
6674,31cb733d-e2f5-4cd8-9ed9-9b34e9926df8,48576,572,5513,6027
6675,0968e68a-6bcf-4214-80dc-d2a1406e1cbb,44247,761,9673,6222
6676,8cf851fe-00e2-485c-90fa-f62c5c4fb1b7,41273,821,7453,734
6677,918ef75e-1df7-4c1a-83cc-f082b960f77d,25859,433,8608,4817
6678,96bb5d63-fcda-4d6b-9742-d4b217ebec80,22740,662,415,8879
6679,5ba0c045-7332-4c56-8c40-24180eb8d9c8,23335,159,9843,9573
6680,d6b4ee7b-383c-472c-95fc-876be40a89c0,39518,917,285,5509
6681,92b72aab-dd36-4144-9be1-5ea28d78d3ed,9819,170,4051,5944
6682,86e2cd16-2a5d-4c0b-af44-32b7c4fa8f3c,26580,833,4006,7253
6683,f359d18a-b4ac-40fb-9341-ad5c409978af,19710,165,9044,7988
6684,95d43754-155b-4e6f-bd66-7544eb5c6b60,21499,271,6777,6416
6685,fae2fc49-f327-4555-bc6f-bb901502e436,8356,345,6585,1205
6686,15c66004-a7c5-48cb-a7ff-bfcbc364a730,687,13,9578,7219
6687,4a9a63f8-a2a3-4edd-b863-609db295c3fb,18336,533,2374,7133
6688,84653463-8502-433f-842a-d02557cc2749,24662,343,3967,8933
6689,76fd4ac9-926b-49c2-917f-2899ea179673,7308,982,7113,4252
6690,e4230b44-0a11-4103-a738-6e2d05803881,36275,709,2444,7780
6691,76c479d4-a1b9-45a0-b18a-e6b9c99a4d73,520,1000,7876,2104
6692,4aa9af36-7644-48fb-b607-8e35c9ca8cd6,49702,265,4591,3233
6693,a009b771-f5b0-4bfb-b5da-96e23ea6e29e,45054,169,1590,3567
6694,2dedc708-1ae5-4f59-8dc4-5de9464d4895,10305,722,4219,155
6695,fda6e3fd-0a08-4246-bfa5-2fd42a498df5,49252,450,8075,2519
6696,422db018-3f36-422a-a8e6-83e45490be67,32544,579,9920,5566
6697,9b78c617-17df-4705-a31b-97dd42d2a6ce,11889,789,5651,5368
6698,36b32930-f21f-4b09-aa42-e5857bfa5fe0,5931,41,7073,2862
6699,e8734e8a-9b9e-415e-b64d-11c666ab1f10,44294,441,6832,5001
6700,b1f85774-1d36-4c30-964d-7e8166aac6de,29180,665,9387,461
6701,eb726735-775e-4a58-8636-09f18fdf0725,17312,991,6973,7253
6702,72c44cbe-a21c-4bcd-a986-0cdd807f746a,33989,365,2665,1893
6703,1ea65d66-5265-42e9-9e5b-e0d57b3ca74a,33457,570,7995,8728
6704,8aec1cb0-84b1-475f-bd6f-23376c9de923,9923,582,6206,7477
6705,3cd50180-31ec-4855-a038-cc64dd0bc173,9736,587,4275,9709
6706,9ad5302c-ae10-465f-99b3-7ae7442be059,25568,285,5300,3386
6707,da80ab8f-1a58-4f83-9767-9a375bce907e,37489,783,6506,5671
6708,8bc6bfbb-ede6-4f37-abef-07990027c72a,29212,601,667,6237
6709,d8a4544f-3180-4383-8348-f2b2e14e22c4,48856,269,9305,5265
6710,b64cefb9-8adb-4aab-aca3-f31217a793a5,20119,998,9027,1694
6711,531bd919-9103-4d7b-bd0f-f32f25c26772,22896,188,7213,7898
6712,cb500176-51e5-4b71-a31d-927c8b98bd10,1276,66,3576,153
6713,65393a5b-eac1-4ed2-a54e-c94d02c1f660,49495,97,4705,317
6714,3d44f9de-e122-480e-a2ac-cdfa4a470efb,11510,87,9497,5340
6715,1fe00003-1f30-493e-9ac9-bcc94231504d,14050,848,942,9762
6716,7f6301ef-7310-4684-b3f1-e85d83ad6b9f,22875,917,5178,8813
6717,bd327f29-78d0-4f9b-84f3-525f35303dba,24750,957,1870,3956
6718,ff6c1255-bcaf-4f54-9858-7c5bcbf48882,25654,698,2428,5764
6719,02098168-4d87-4dcb-85be-d39cea1dbdb2,33254,105,8547,8020
6720,8e7dd746-d8ce-465d-8444-0ae9d4b32ab9,42867,725,5478,7967
6721,ae9a950e-6b14-4f6a-94bc-f029d4b5eb8b,23922,424,1335,7470
6722,3dc0b134-e014-4899-9b15-b811bca2517b,6986,393,9836,3460
6723,6731c9a7-0152-43a2-94ef-b68c9bdc03cc,27707,612,4042,7382
6724,cc9e90fc-3f47-49a8-b18e-8b8921246bd1,38419,496,7698,6933
6725,977a07f6-3d38-41ad-97a8-7d3ffe3640bf,19816,469,7016,6770
6726,ce17f597-ed84-4f09-8575-d84847ad2696,39029,618,9152,2567
6727,a925ce87-d523-4650-8f66-055e53a711bb,30926,196,4562,3331
6728,79e4fe81-97a3-4a5b-94fb-1cb5ef1ab258,43713,752,5640,5385
6729,f4142a6c-5d7a-4e2c-a9ec-77f804bab81b,21113,675,7483,7897
6730,b78ac4f4-430e-4af9-8417-988d25dbcfd7,22345,518,5637,2443
6731,72cc310f-396b-40c6-b757-1bdff32fb5e5,13091,887,8065,7065
6732,6785c884-8e54-4b77-a946-274004255a54,36591,229,4945,4672
6733,1d752cb0-7366-417b-93f5-6b3afd3c58ef,36965,585,8335,4633
6734,48a41ce8-686a-480a-b7d1-f5c78770e5d0,5667,247,5324,1236
6735,46bd2d58-df7e-41c7-82f3-cfcfaa9436ef,30340,841,2624,412
6736,153edf82-534f-4691-be58-c4b3dc8f8931,38630,716,3639,3527
6737,2b6e2c43-621b-4df3-9135-05e7c0bdbfb4,4755,892,8437,1578
6738,f9a5f439-6c21-4ee2-9941-d2653b9ee752,29387,147,7110,1734
6739,8ab6a3e8-8992-458e-836f-39bd780fcc7e,26048,600,3585,4935
6740,5f6bddc2-fce5-4af2-91ac-8ab123f258b2,31102,757,7718,6432
6741,0d0bf451-209e-42d8-aae7-08ceb4703321,14348,595,2003,519
6742,230aa32d-f2e1-47ad-9f5f-ccc877b20ec0,40297,763,3672,8874
6743,2d247433-af9e-40cf-bd6a-f1355b978761,49162,267,1434,8968
6744,2b07aa89-a087-4ace-a8e0-b40245f5e084,32353,701,3719,8393
6745,d04a621c-e04d-459a-9162-8435665edd3b,3062,308,5873,2858
6746,e2485d6c-4274-4028-be5e-fa02d87e4e63,13877,579,5797,1541
6747,234cba87-0b21-4e60-8372-fcb3536d5bc8,40483,626,86,2229
6748,29946cba-e3df-4d7f-a742-9425879652b1,47271,645,3377,1873
6749,f4ed6e6f-631e-426f-88ec-02e44446236d,10052,848,7735,8467
6750,b25a48a1-f142-4a3a-b9e4-0d9a5950a83b,16648,5,2462,4396
6751,70f36b2f-aa10-401b-a8c5-75d7a776e146,19527,458,4213,4028
6752,03018350-a1b1-428a-96f4-67d9322ca3a8,67,554,481,197
6753,e580139c-a087-4f33-bbd0-62387da9f737,22730,907,5617,8534
6754,d6bce9d2-c49d-4c6b-a25c-b8f65814f466,38381,123,3799,1101
6755,61f3f0b0-7c30-46a9-a151-cb77ef88b332,41727,1000,2668,105
6756,c0414361-631d-4829-a195-9e36d99c13dd,28124,181,2578,4240
6757,b704f80a-d551-4af9-a4cf-120a123a7f12,12065,719,2420,7832
6758,c96112dc-792d-4eb6-b317-bde5faaa1a99,16896,644,9338,8203
6759,b8d03640-dc0e-44b4-bfc2-79f8213c43e3,9575,385,7157,187
6760,88dde525-e758-451e-886c-fe9b60bf5e0f,12715,368,7443,3505
6761,e8c69aac-511e-4909-bd91-7ab4e94071f1,30890,232,4382,3448
6762,473cbdd9-e6bc-4d9d-bc84-10e2d086200b,31630,510,3684,1422
6763,0cc83a6c-f4c1-4565-b926-8e890b904e8a,5446,979,2389,1420
6764,011d5135-3532-4a52-88f7-ba60715fa5cc,25303,196,9653,6421
6765,d2bbf270-521b-49b9-8388-55cccf2ff7be,43562,525,8084,9375
6766,b0a4a297-ea81-48ca-9b19-f90f97d7191a,33275,212,6645,7724
6767,3e2a6082-6636-4107-a629-41d644439ee0,7032,391,7359,2467
6768,72262efe-a951-44c9-bf6a-958a63f86621,34529,606,9050,4958
6769,602bd830-4ada-4362-b722-2c0ea503c3c3,4676,913,1972,2137
6770,e875cdb6-f584-4296-9574-d0cdcfe4a772,23866,1,8265,5562
6771,afd201f3-db67-43ce-8076-b8f22a3e4b40,38832,790,5573,7352
6772,af0d73d0-e3b7-4b5d-bf89-16c6524e01a8,11681,780,1785,8548
6773,3aae9a05-0f89-4c4c-b6c7-ba5cd3a772d3,48949,684,9316,1353
6774,b43eaddc-b4ce-4d64-9411-9d4290d74e17,37711,744,4560,4171
6775,df2a1a3a-af88-4bcf-bb1c-354000657764,48349,699,3647,4837
6776,ed5b986f-085b-4e76-8841-e9687cef7df5,16149,936,9923,8187
6777,b5468f08-c7f6-41bb-8a37-eb04bcf02c6f,29699,102,1022,6571
6778,555d9503-c406-4e39-b0bf-2100be9cb912,26860,283,3451,6633
6779,a71ed869-5512-42cc-8759-6a6966aa6d5d,21365,690,7706,3286
6780,7da2fbc4-b6a5-4688-9ce3-e54acae329b5,41515,496,5603,5223
6781,67b0d30d-3cfa-446f-ba82-6b37604a4f64,4767,250,715,6402
6782,b44d34a9-d999-468c-a69d-ac5cf7d74196,47921,289,3402,2332
6783,cd2132cf-3514-4305-b56c-84ffc757a0d0,6881,61,7390,690
6784,33fe7d9c-ea00-4093-804e-1dfd6c9888dd,31204,791,9732,7682
6785,ee79ed2c-b2de-4dcf-aa3c-cdb352f8d2ca,27216,113,8921,4317
6786,6cce0cc6-5cd9-4002-ba22-54dee5eeb664,14435,670,4184,5677
6787,84c69856-e797-4ee2-80c7-7a09e27fa3f6,48801,881,7567,4148
6788,236cde01-0e7f-449c-8562-395be5c546a4,33286,514,9008,6965
6789,e868ad8a-1346-4808-9835-37a1d29e1f76,19887,505,4805,8143
6790,2ae9a667-b516-4870-8e2e-45a22d2eb0a2,1735,647,6493,3179
6791,386b2faf-39a7-4ff9-91f7-c6a7f3fa5a7e,49264,179,4128,7436
6792,b639a1aa-d940-42ff-853e-46381a76c8ef,25094,722,1531,6189
6793,0b894e4d-2b16-4b15-8657-b8dda02b444b,26380,491,4496,5394
6794,65811423-7ac4-4399-9b44-b74b24bee5e2,3939,413,7886,9148
6795,f63f417f-39d1-48b1-a998-95b10159b401,35534,101,3767,6548
6796,206db6ad-3fcf-49c5-9ced-3a8d270b0890,15304,493,7193,3324
6797,ed1f4ea4-e2d2-43a7-ae44-6d6688dace6b,44632,916,9942,3700
6798,e71aa8d8-871b-4ef0-b235-e267f06ee87d,49448,734,5106,4960
6799,a2381683-c1ae-4fcb-8abc-e98dbc1a9e03,6098,969,2744,5962
6800,ccdefdf1-f5dd-4c08-a522-80ba7b21f88b,24370,946,402,558
6801,ad9ad784-bbd3-49eb-bb96-55470869bf04,49351,124,6473,1174
6802,d231fff8-b136-45cc-ad40-c5eec59cc1d9,14638,841,2899,3816
6803,00c3b27d-a835-4189-93d4-4aedfd3afc0c,11080,791,931,4341
6804,4558aac6-d013-47a1-a72c-7c24e332d9fd,17088,702,8451,6817
6805,cc6c8198-dba1-469e-9acd-b28d8931d292,10477,376,3268,1429
6806,6021e6c8-34d4-46ad-a39b-5ea9fedd9c52,30542,462,8052,6969
6807,e0a93ace-5118-4281-8bc2-ac6f6b313cb8,19418,3,1112,992
6808,815f4329-dbfb-485b-a840-ee1d458e9cc7,34557,429,5132,4675
6809,002f9e38-b324-4aa1-b4bc-e672b54f6e8a,35153,130,286,3137
6810,0b4a310f-b8b2-479d-b2b1-439d402a1b00,27783,431,2467,1013
6811,d3711bb9-09a7-4678-ba48-47bfc7d1c1fb,4631,954,3929,1647
6812,cbc7042e-68f0-4317-8ca3-da17a9a039fd,37733,408,1554,4437
6813,55b6efd4-b578-4e9c-9058-1fb967eeef72,16880,869,520,7610
6814,6fbea28d-4a27-4165-834a-46dad17e5740,45937,735,7504,6992
6815,1843a420-d8ed-4974-9d25-362a855f5d2e,31795,825,3998,1083
6816,5eb8069a-4829-48fd-baf5-320ff8941977,14828,392,1500,9037
6817,0e8a1131-6a71-471c-ae08-0fc8d217f74d,11771,806,1235,8887
6818,a703e8cb-49be-4c70-bc10-5e44fa6ebbb4,26705,398,4734,5118
6819,8948f2d9-bf4e-4e5a-b9eb-24c5487894c0,30457,756,3695,306
6820,dba0dcaa-90ad-4a87-b45d-4dfbce697c3d,16938,248,8409,3417
6821,73ea19e9-1921-4569-a87d-120abe12ba7e,25391,218,3434,6101
6822,0fa5cf9f-2048-4b9a-9a3e-e91d69ec7d6e,28439,412,1791,1400
6823,b0f73dea-4504-4be5-bb73-edd4e9990af8,5309,121,1634,2696
6824,a86a82a4-5180-4d64-9cda-96f72cf8da27,26661,168,6195,1043
6825,8f21ea40-cfe5-40f2-a6fc-267eec22287d,45986,588,1393,8003
6826,8148662e-1c53-4c8e-b8d5-5581fea8ab2a,12552,210,3802,8700
6827,dcc4c05f-60fc-488a-b952-c95ed8913f51,24015,244,1245,2901
6828,3004e60a-2de6-4aad-b922-826f0f28ddc6,2612,755,8469,6692
6829,f85ce3aa-ed33-4e6a-9703-29626f2b71ed,12704,938,98,8748
6830,0ac5938a-7c17-4085-bdd2-4ba8a86eae7e,26033,553,210,6356
6831,a7d3a4db-248e-4f98-81ca-bd96ad32f7c1,10326,487,2088,8350
6832,3fe3bdad-c97e-46cf-b672-88834b0a9185,35844,188,9878,380
6833,91fb8f10-6fae-4945-82ec-55e1628b8fa2,40756,820,7363,1900
6834,58242146-8037-4a3b-b01e-382fb5f9298f,33623,504,2452,8299
6835,7ee8d6e5-f994-4c27-96d4-73093508b6a0,978,410,2189,7242
6836,6a9ca07a-a00b-41c7-a17e-0386841de3fb,43462,418,6199,3269
6837,1bdd0e00-cea5-44cf-ba29-93a6b7457f0e,6172,315,6657,1609
6838,233615e3-c49d-4158-b3d9-a9e9516324fc,41780,179,9089,8980
6839,3d132e13-29d6-4061-afe1-69fad7b1e898,1208,626,549,4322
6840,12e4ba79-d6d3-4563-a788-0b37bacf6210,29939,979,4715,5337
6841,e1dd38fe-ac8c-4231-a42c-32d68e2e29a9,15826,569,4282,9259
6842,b544d528-0117-490d-a5cf-295f16f9e1d1,10450,909,1949,462
6843,45e5bfcd-be56-454f-a1ba-5c699da8d33e,18261,427,7295,3911
6844,8411b52a-c22f-4a98-826c-3e2a0ba49ccf,40785,957,4455,5002
6845,5be3acd0-4bd0-475c-bbe4-9b5653b14645,8477,511,1262,4903
6846,f26cddb8-d9f0-49ca-b017-a8dfebd9406b,610,607,4403,6595
6847,e613fc1f-928a-430d-9591-5f36a4a2ebe5,12007,204,7661,6792
6848,39cadb5b-e720-43b3-9242-ca7cc5feaa36,10159,74,2134,3134
6849,a756a897-4f43-4c8d-b5d5-4f516cd399c0,30497,446,531,905
6850,c9e364c6-6986-497e-acf9-db5723046f8c,39742,10,9910,7335
6851,0e6392ae-9fdd-41fe-8956-c356761ce40a,38751,212,1181,9085
6852,2b119962-4e65-4be0-a81e-2eb852649ae0,6998,916,5122,9640
6853,ee6d6780-405e-4bcc-b9d4-7dba0d96ad9e,22328,349,1003,665
6854,aa588464-136c-433f-91b3-6071005d9963,35821,888,8366,9950
6855,486744ef-0bce-4c26-b658-953cc99b92af,25333,721,794,8209
6856,f93a7ee4-9696-46ad-a88a-657c0dcc3958,40214,426,1054,1513
6857,81db0a12-41dd-4805-982c-183a152950cf,10967,402,6175,2990
6858,7a9626d0-92b1-4189-88b5-14174577b1e8,31929,735,6589,9165
6859,524d2fd3-ac0e-4999-bdbf-149fa68d7c7c,41883,471,9562,8399
6860,6b84f9c1-a670-415d-948e-94179ce0e616,48579,11,7233,1555
6861,e357912b-1b1d-474d-aa1b-e7fd4c483448,22502,274,6687,1185
6862,6b242e63-3fb5-472b-8270-8f8e0471f6ee,43871,932,6321,3025
6863,e65d41fb-ad1a-42d1-b070-fb0751640928,17937,258,741,7190
6864,37ce88dc-5aa0-4a69-8795-79cc40f75893,49693,323,1330,9418
6865,b43db4f0-3e5c-445a-8cce-4feebb4346a4,49048,497,9673,3369
6866,5f192b4d-61ee-4a94-9a49-ecfd868cdf2a,7178,932,4538,7539
6867,7f4adda6-b487-489a-84d5-00d901126d0a,28075,60,6499,3080
6868,bcc4f3cc-1aa1-489c-9a7f-2d0a441f5cfe,7705,332,5749,5981
6869,9f0f47ff-efd1-4ca8-bb4f-6000466e5062,44402,791,4428,2390
6870,7856cd2a-abd2-4f83-8500-232146bde9a1,8584,188,1345,1559
6871,0001518a-b3bd-4ff9-86f9-11ab2ccf798f,38390,721,5778,7158
6872,ceeee45b-8aba-470c-8ac0-dd962c5a352c,24942,704,3624,2069
6873,1e0571ff-e63f-4c80-b387-7248be44ca52,6613,902,5904,3916
6874,92cada0e-60d8-48ab-9654-b8a35cb8ca4b,28193,418,5933,9388
6875,2d119259-a1c8-4445-a49f-88ed951309bd,40890,522,8220,9935
6876,a070a168-66f5-4253-ab67-6fae6868ac10,44460,70,8417,947
6877,f18da270-567f-4889-974e-206821727bb3,29110,331,6744,6569
6878,1e561edd-7a29-45bb-9999-1540dfe0cd87,36109,180,203,2045
6879,2db0bb77-1fca-4e38-8014-0ff6cf139d04,7182,697,4484,1803
6880,13aa73a3-227c-4c65-821b-555ee5fb344a,26614,172,9335,7827
6881,d57e159d-40c8-44d1-a8c1-f9cce2ae5509,38718,837,1365,8163
6882,38b74c84-7bde-40f6-ab17-f3fafefe7cfd,4203,616,424,7313
6883,5fcb3fc8-6f0c-4b11-9b46-90c72618adf8,28718,203,8249,9461
6884,64c2f6e6-b43a-461c-aa54-dc70fdcd2c7c,28224,644,5313,1754
6885,d7c1618e-5889-4a94-a2ad-d946f3a6d6cf,10522,366,4213,9804
6886,8e85ff9a-e0f9-41c1-b5e5-748baa9aaac0,9985,38,7051,9657
6887,162701ea-220b-472e-8a9a-ca218e260999,6756,987,8379,2025
6888,662b1454-57a7-4c7d-9161-635b99682c3f,10508,651,8170,9631
6889,1a9d27e8-d672-4b7f-be90-c82c47fb52c2,37811,352,8987,7485
6890,1566ca44-d714-4cc2-bf80-b50fecf54bf7,4771,303,6157,5898
6891,af369eef-5182-45dd-9f8b-17918016621d,1809,863,2293,4824
6892,af9abf5e-8373-40ec-a954-dcff9e4c88b4,25812,898,7195,150
6893,ba8290ac-b797-4074-8124-933fe90b1c87,46211,175,6803,4388
6894,cf560246-c7a6-4d7f-ab42-9a8a30ac565d,11559,40,9643,1223
6895,f30e0d59-7543-44d5-8b1b-b48544a55105,6238,582,6792,3053
6896,4c7fa8ab-5210-44df-855b-ac2eb6693c75,44422,173,8082,5425
6897,10764ea9-d412-41c4-a9ec-ff5a89269467,46348,865,8321,581
6898,36349569-ba04-4776-967c-e10e12fb6265,25389,168,8727,7257
6899,37d98857-ea1f-448a-9bf5-4f68cf06b053,18056,867,1241,2764
6900,6802cf70-50ce-4aa3-a8cc-b85e4dac2cf1,16606,916,1589,7902
6901,7e196c11-d372-4f3c-9d2b-7bdd3364431e,38297,963,742,4139
6902,58b67ab0-99a2-433f-9970-4ba74bc9459e,42429,858,4448,9171
6903,56f4bbda-0a78-4ade-8e5a-8274cbd21490,22999,29,8445,1908
6904,4fc759cf-f4ac-4e1f-97ed-28908bb75305,37856,146,8681,6477
6905,ae9f1aed-5236-4847-811d-9f68e0c6063b,25776,955,6707,3268
6906,63691f1a-b4be-43b6-8aa5-f30812d8f2ea,13935,165,5773,8369
6907,0370c600-d956-4fa2-925e-ea4eb267ffca,723,552,1907,4641
6908,fc9f7030-4360-416f-866e-c3617faa1392,1498,246,3144,3937
6909,cc6b0159-8dee-48a3-a3f2-4f8cd342e240,48739,930,7463,8850
6910,ae8fc2bf-1c1c-4862-a19c-195399ca2dcd,11796,554,7966,6817
6911,a5be22b2-70b5-42f0-aac0-8d8f0d73e610,20669,123,2869,8229
6912,ee7e597a-4e4b-409c-9cae-45401979a454,664,685,3607,7722
6913,5837a818-8ce0-49b7-8225-dd1793ec4730,29665,96,5855,4907
6914,f4c2d153-295a-4170-bb56-6b994a079420,13006,767,4365,6183
6915,c74acf1d-f9f9-4731-9943-b76e2e5be3e1,27612,222,8217,3607
6916,df729b62-4dc8-4a72-bb17-ff725b1c963e,15284,320,6842,8028
6917,24c32cff-ebfd-4998-859b-93c9f2f59e28,39500,683,6018,7092
6918,617d0553-f239-43b2-ad27-6c5a74a47a3a,2735,582,5930,1919
6919,c205b5fd-9f0f-4a46-ae75-df781be434c2,34000,403,4012,5616
6920,c25a720b-9b87-4ab4-9a46-91091b23fdf4,25708,373,4196,5927
6921,b543c293-e9c1-4cf9-9d52-b0ca9b0835fc,31589,283,9127,3748
6922,77ac8dd3-f938-4d6e-9c64-85613dcf0143,37661,605,2705,1753
6923,a6996e47-4009-4e44-872f-57e16bd5b4fd,6418,203,7979,2254
6924,21d36545-7f13-4c02-aa00-ed3522c64875,2722,34,6948,7836
6925,9d4bf967-5b25-46a9-8569-228483808f5f,29348,870,7935,7297
6926,bd5ba67f-adf2-4d1c-99c3-d65e04f94125,22035,182,6139,9858
6927,f13c28ae-48f3-4089-b39c-c6dba2f0676a,46463,76,3036,6240
6928,915db5f0-85c1-4833-8545-1ad6eea92364,10994,850,9356,3697
6929,78f5466f-3bff-4f81-b325-7f3c2db5bbb4,26674,831,765,2400
6930,3e8f1438-d9d6-44a2-ab8d-c2072e7b75dd,20124,499,8432,6076
6931,bd85837f-4ae1-46fc-84b2-2dae4d261735,30474,69,8857,5772
6932,084cc170-e008-4cc3-ae7f-319808812a56,44006,140,6944,416
6933,af311e39-286f-4603-a058-2f12b9712ae6,30014,164,5967,4470
6934,ac40f6d4-bc91-4154-bd5d-5494c0caf2de,12870,637,6837,8363
6935,e26eafd4-198f-4b35-958f-d0df4a4ae1ab,27779,226,7761,3555
6936,c79c9fa1-227f-469b-b09a-203c160e2a80,40034,913,2989,5248
6937,e31806dc-51f7-4b4d-a910-821fb1af3eb8,22950,693,9280,6522
6938,2aece03b-10b1-41fa-87eb-38a509cb6fb3,45082,668,475,2046
6939,2918bb05-ee46-483b-85d1-c51c2f2d0a6f,24286,806,1623,3542
6940,a4139178-61fc-4034-8b6a-2bc1ec0d372b,17792,197,8514,8709
6941,ce312eac-03b2-48e3-b95e-1cb0a77fc9a4,12901,438,2237,1236
6942,5e88f779-f294-4b28-a46f-467efafc3ab0,48874,731,4360,5994
6943,8cfbe384-4282-4ca1-865c-47629010e4ea,19488,3,6932,6071
6944,7a168001-59dd-4df9-98e4-f2d44b6e2bd4,48384,160,8947,6667
6945,1c7994df-f00b-4e14-93aa-f75257dd466b,3929,161,9428,5332
6946,4fa07062-cfe6-4198-83c3-9480db980f73,39898,202,1195,1939
6947,45d328d5-d969-4194-94f4-55bbe1bf476d,39212,866,4285,6822
6948,9dd30e33-cf9e-4c9e-8cdc-9c54d0469f50,40843,20,9963,2381
6949,c250a43e-94b2-4b4a-91fb-9def3fdd5df9,7633,406,6283,5874
6950,6675ac00-6110-4029-a7ef-d2feecd2940f,38357,380,5222,1856
6951,7fe48bfc-34ef-4ed0-b9c0-058d3a5e71af,34357,111,4323,4289
6952,8c3ca4c7-11f0-4274-91c6-ee26fd8db732,905,618,5377,7586
6953,c47f21cb-5900-4fc5-be28-6bd1719b4aec,8403,213,7598,1642
6954,ded0bde4-801e-47bc-8ae7-a92b3fb42539,23571,318,1128,5382
6955,1c699220-ab3b-4c6c-b479-a3395dcf1bba,44883,926,1849,4520
6956,33f7a868-75e2-4b73-bc94-d45752ba4d42,16330,331,281,1306
6957,2370c78d-7d0d-4cc2-b8fa-9ee195edf247,34170,916,5262,4524
6958,cfa455a4-90a9-4a4e-85dc-cb5ec35bcbd7,49114,413,909,4764
6959,3c78e0eb-0b6e-4620-bdab-4effd38c6a14,29227,745,7656,898
6960,b0f54573-e5d9-4b90-8cc8-83e033bdce3a,46098,216,6359,9690
6961,443672fc-9e2e-417d-8121-6ec7347132a1,27464,379,7887,1551
6962,e34d40b5-198d-4849-8bed-52b41d8eefe2,48703,320,1477,4501
6963,203bf48f-3593-479f-9e6b-cba0eb8bb1cc,34066,5,7072,5450
6964,67263554-9b95-494f-a930-5da98357bd4a,7783,488,9793,4422
6965,eb0a7c1e-f87e-42d1-9eda-a5358717ebd1,14769,749,1100,3986
6966,f14bee2a-94f4-4e99-98a6-58202dac9fc3,22524,272,9958,1212
6967,ed8e92a5-cebb-4109-a7ec-0d9f0024b1a2,36415,451,8532,7012
6968,48891e65-3e27-4fb2-8c08-24c3127e02ff,5409,240,747,8257
6969,d39e0363-f5ac-4bdb-ae97-c9ca7ae928c6,19241,655,7124,4744
6970,f3b1ed78-b795-4288-bfcd-40c39c8724f2,19788,180,9455,4598
6971,f555920b-ded0-4386-96f0-a5b4400b6876,4929,517,5858,1688
6972,a008ec56-8c13-4851-be3d-033212d8fa18,48662,570,707,3832
6973,ff3bb60c-8edb-4281-a37d-02566753eac6,13253,53,5059,221
6974,59cd078f-b835-4ece-8ef5-5215a58bf36d,25741,552,7357,1113
6975,c9a3ee40-ce16-4345-b781-ff111535f2c1,17123,993,2881,682
6976,01611850-8430-4498-9872-ddcfe87a778d,11779,795,4992,1735
6977,82fb654a-0f73-4708-99a8-dea640f8e3a5,32573,81,172,7840
6978,68e17c8e-d071-452d-84c5-ee7c9e8b9b75,47571,825,3126,7097
6979,5e8db567-bcad-4771-8ba1-859a16f2c309,35570,903,1425,7380
6980,80ddc140-46ec-4acc-ab4d-245e395d8d94,37604,671,3259,433
6981,12531422-c249-4967-aa91-b027b15cb442,31073,981,4475,5113
6982,c1ae898a-2865-4f5b-977d-29bbddb33121,24571,926,4510,1879
6983,8bc0d669-09d7-4c22-b60e-9bb0da0d00e1,6811,946,7029,9961
6984,44f79520-b054-4d31-a585-2e3e0afe9f50,32800,798,9435,4700
6985,a03be3a5-dc6c-4522-9fb1-4dbcb33e8199,18944,593,6395,1098
6986,00eec437-cbe3-4ef7-b16e-dae598694a81,24013,738,6975,1540
6987,78cdff65-a10a-49c7-894d-6f19b66c27c4,26625,645,7106,9765
6988,996485af-32c9-4cc6-a7e2-abf4c27e1352,9653,254,943,1673
6989,97366a06-745a-4242-a3a9-d9b533c2ad93,31372,434,3750,6568
6990,ed14dcd8-1be5-4c22-841c-f8cd58df3b27,20931,707,7118,5167
6991,3cdef539-05c4-4893-952b-da9b4a1a671b,23099,239,5039,3350
6992,af466d34-3ab8-4486-908e-999e689eae37,2078,173,8649,4126
6993,91af87ea-801d-47fa-a044-8426f1326289,35244,65,3682,1051
6994,67bb12dc-69d7-4631-9763-825e81891f76,6309,884,7518,259
6995,e2b09799-a82f-40a9-98fd-5be380dc55a0,34079,29,1003,8315
6996,514fc0a3-d8ef-4d51-bd5d-fc1f4e30c3ce,16985,702,5387,7775
6997,2d6220d4-684a-4723-bf53-badfd0ccb0cf,41353,289,6634,8052
6998,e21d53a2-6922-425d-960c-746185a76fd1,31726,883,5714,963
6999,eb3e69fb-8afa-4d76-86ce-0a9ab4e484d6,46378,358,4067,280
7000,e786a1fa-cf9a-40cb-ad63-ce900b44473c,7969,482,8465,935
7001,3c06e493-4f45-4841-813d-4915f5c837c1,27435,154,1987,9199
7002,845068a7-8c2f-489b-8513-944041e2f864,1514,45,5284,1292
7003,c06da7b4-9b75-435a-bb6a-c6ac44c2c1a0,46353,485,6342,7132
7004,aaba7d95-3a9e-45d2-a087-ae1257c9f64b,35120,676,2801,7398
7005,20c1cd91-090f-4e6c-a637-9953e3b0fad4,41182,77,6382,2572
7006,045846e2-3144-4e24-a82b-756a6aa74b4c,31067,257,9226,2879
7007,b0cdfd3e-6d3e-4e80-a8f6-d11468acf96f,22691,537,647,570
7008,141713a0-a4a2-4837-b874-90c3d92a3a28,4693,190,7097,5164
7009,8d92e454-06db-49fa-9c31-7029a3c257c9,35210,299,1851,1474
7010,c8f1d8cc-6c92-4540-bb8f-1594f1eb2226,43176,817,6809,3428
7011,bae4c2ec-2506-45ea-8d5e-76c6690e004d,46375,77,3205,9704
7012,781fac69-1b83-4e46-94e8-e21cc47c105e,38808,36,9174,2464
7013,044cde7c-6691-4103-856a-d7e8f494c50f,7584,648,4931,5627
7014,3e600bb6-dcac-4900-b2e3-c9a2bae429fb,15081,32,9061,7095
7015,841a83af-5280-4f4d-a4cd-c7d341bd13be,2407,714,5357,8820
7016,5e4a4723-f28a-4ac7-8364-88025e49539d,10801,898,8946,1565
7017,840d99c7-9e1e-42ff-aeb8-5444ab232067,36926,972,6807,1650
7018,35bd425f-d34b-40bf-81bf-237ad57760db,1408,296,4211,1439
7019,2284db11-9370-498c-9240-36f854b9622c,6742,641,4251,5650
7020,1b69327f-0b25-451f-bd76-9ecf66a379c6,45944,135,95,6175
7021,37d46dac-7ae0-4653-bb80-b5ec5ce84bf1,41308,896,4038,7751
7022,67613f1e-627b-458e-b2f7-7d8da10a837f,41877,250,9217,288
7023,b30ab29c-fac4-45ba-ac4b-76ab52f58b42,13775,136,7767,6996
7024,f56292cd-a8f3-40c4-aa6b-8f6e0e7cf771,18908,761,8386,9146
7025,ba533026-d993-473d-8e5d-484b0959b63e,9083,382,8068,1922
7026,9245b31c-cd58-408d-8a88-b369d8981870,5670,237,919,5003
7027,0ee06851-2e46-4709-810e-8325aea4f9d3,7152,949,8458,6880
7028,8235294b-69aa-46c4-87d2-02de58e3b823,21182,548,4926,4792
7029,362ce96b-7d5f-4dbc-b17a-e905d0db7ad6,33256,138,1422,1549
7030,053b8434-504e-4ac6-8f25-1ab938383f9c,41145,979,2049,4792
7031,06fe78ff-ef72-43ee-8d31-cd1d7afd323b,22491,757,1067,6722
7032,33adf406-20b4-4dbf-b0b8-e5d003f73d77,34794,681,1752,8786
7033,97f043d1-bfd9-4c37-99e0-88e7a1ae40ec,20706,752,4384,1684
7034,28985191-b25a-45c6-8561-dc54f3252416,18436,474,3635,9218
7035,938829cd-8dda-4c44-9fc9-17efe43e6032,33280,158,1747,313
7036,e0e8e5a8-1c4f-4b7a-a5ef-97dc359789b2,28100,571,4751,7608
7037,1b643aa4-2d92-4af2-886f-0694ae2899f9,19687,591,311,6495
7038,09d24b86-88b8-4b8c-9fa3-2c1404fd0ae3,7678,849,264,1118
7039,54bacb0b-f085-4d5d-aa10-f666dfa4884f,25746,488,864,7987
7040,134130e5-b4f9-4e85-82bb-a2b984aa3062,5257,542,9391,6740
7041,2e9aff43-5ed5-415e-9f7f-ed2030ca82db,29475,163,29,4660
7042,6f6bb300-b417-4473-8c77-701bebb26d8c,7624,252,4656,6199
7043,d95cd533-3aba-451a-a45d-23ce6f6f65af,8611,716,7367,1882
7044,b881343a-3727-4ff0-ac56-eb5a6dbd8564,39628,1,6785,9236
7045,57d03c72-4cec-44e3-8802-45c5893d4ece,40816,505,3317,858
7046,ce483b8e-84bd-4963-a79b-13f112bd740e,552,967,4823,3112
7047,47d08f73-1767-4055-9a91-f1e1759ab51c,5837,806,3495,5065
7048,caba049c-4418-481d-b676-5d2e51c9a876,36716,175,3367,1787
7049,8ba499de-463b-4c24-a96a-47b35971a7da,25121,87,5250,3559
7050,31c29a72-6577-439c-bd39-3b781e962276,11399,168,8736,5445
7051,4a1e636e-9e5f-45a1-a8ed-1bfd6c81b20e,4719,733,8879,2897
7052,c242b245-5687-4f07-a0dc-73314efedcdf,34376,648,8041,6958
7053,b6dadbae-b74c-4430-8af1-86ff4683d038,21104,704,1348,9653
7054,2b6fb463-2e63-4566-a588-202135ee3331,6313,538,7144,1642
7055,294cd8f1-276e-4d27-8ba6-0cba21c9981a,32726,917,185,4597
7056,ea85096f-e583-4cec-80ac-09e28891597b,44267,509,9301,4962
7057,85a20c24-b6ff-49af-af1e-90533096bf2f,27193,884,6373,6222
7058,881d1560-6575-4488-8dee-92c99bfb0d99,9425,425,8938,2659
7059,db26f3e4-c7c6-43f8-8809-a5b240eea54e,31994,580,1775,2937
7060,3c60f324-6259-47a6-9a16-ff987b51dd9e,27269,758,8893,5591
7061,d37e4d80-9d3d-4851-904f-41834f7213b8,48083,466,9308,4512
7062,5e78db12-3b45-4890-ba49-4cf8e4750153,2276,3,644,5310
7063,636034e9-9aed-4721-b520-16069e9a23ea,37023,194,1931,9090
7064,24074a2b-7a4d-4dd5-8e44-2e0c57058b15,21977,702,646,4285
7065,8dc81454-e2fa-47fa-bb54-336f1d862b4e,1936,206,9219,2209
7066,e87c52ac-9dfd-4488-a0ce-be8d03f21a43,31809,673,4690,1811
7067,804d3ed1-5d1e-4850-bf58-8ed5799a134e,26716,479,6862,4876
7068,856db476-e6f5-4893-895d-53b2a956a378,42411,623,9038,5730
7069,021f33bd-d8b3-4e08-8788-45c33cb55344,9119,787,3508,3209
7070,90b93fde-c750-4503-85df-3dc3e8cf526e,25535,704,9502,1411
7071,b2377360-0916-48cc-a894-f420b730a880,46675,219,2723,9473
7072,d2a971e6-1de3-4b47-937e-dbb270935fdf,35669,275,790,8983
7073,94aaad85-1355-420a-a635-379bbc604f54,44492,621,1094,6319
7074,02d160ef-c1b8-472c-b79a-37491b786334,15557,436,719,8531
7075,19001495-b89a-4ea8-8ee8-bd1cb503082e,47942,422,8958,4350
7076,4e6237e9-2883-48d7-900c-1a3919ff23db,5144,893,4589,7471
7077,5081c3f3-741a-4e82-8052-c18f780289dd,45876,813,3950,9260
7078,8dca5f4b-c826-464c-bc4c-46681f0914bb,7687,929,7951,7460
7079,9e3fa912-581d-4b71-b183-3a9a81b8facb,31026,104,2406,6316
7080,096c39e3-70fa-4df1-8923-646959567576,41152,303,5934,9121
7081,4e69233f-c0f7-48bb-8461-5bd045a240f3,1880,497,5865,7280
7082,88188b72-aedb-4c99-af7d-74ff9fd240f6,29723,358,1782,5763
7083,c58b5eff-35fb-48c3-991b-64ce14e631a5,19296,470,2812,1643
7084,1e3565ba-5b90-4957-bd5b-aae665c76614,37047,183,7587,6563
7085,b8bb3a66-f211-4deb-ac1f-9fdf9b7df94f,23055,374,6905,5991
7086,d22e1a27-e41a-41a2-a8c6-993806bf2186,24297,577,2958,2320
7087,4565612f-ae01-483c-9188-14dcba862910,22388,552,3713,6610
7088,9a3bb5d9-6fb8-4bdf-8d5e-b9457042bbcb,2411,506,4439,2964
7089,9c4a17e3-d218-4bd1-bd3d-28d1e0024635,22208,203,1933,2529
7090,fbac33e8-004c-4c95-9428-d0ba95347ef3,29344,21,8399,2536
7091,45e33f04-215e-4987-bef5-488ffbb49976,618,293,2024,9343
7092,f2ac25d5-ccba-4deb-846e-602bb9d5f9ac,34877,952,8069,8595
7093,9977728e-21b5-4b3b-960a-9a739911f00e,10037,756,4652,9265
7094,d8cd0174-6e87-47d5-a720-d27c0fda3b5f,45043,683,8440,1306
7095,963fc174-83b1-4436-9d43-b7a7e8e41eb8,5100,664,2676,6249
7096,d1f9e9cb-ba83-44f2-bda6-efb9c7ec701d,23081,452,3660,1655
7097,9fe58ad7-ebc4-4d1d-b9f3-1800af625c35,36196,55,7344,5197
7098,926cff45-c48a-416a-858e-ed0e935cf593,45898,525,5395,8005
7099,4d94c51f-fed2-4bb3-98c4-39074cfb834b,15941,586,4203,5441
7100,707e4eda-f2cc-4195-99a0-b4d22ca1af8e,2141,799,8901,9861
7101,6541f912-6422-4ffb-83e7-964bfe900f7e,18544,963,1026,7460
7102,a02772e0-27ff-4475-acb7-c585c7d04d40,6350,567,6577,6722
7103,53944c36-410b-4cce-9740-3ffbf2803f74,27205,671,6374,1106
7104,b4e9ecf0-c27d-4e32-9716-fbb5321a01fb,17653,143,3243,4635
7105,ed7164ce-eaca-4e55-a325-ea287b05eefa,22142,123,537,7404
7106,ae277dc6-ae04-4a71-a8b0-eaf028a91e48,23633,868,9987,3641
7107,1e795ed8-d909-4b02-a75f-776a49f64ef5,40753,835,8991,6697
7108,c944a3bd-0887-4565-bf38-53b5947eb17b,33277,833,9123,6718
7109,4f6ef229-abc8-454d-a3ab-6a877e138f26,42114,694,3522,263
7110,54a3bd46-469c-4697-91b7-52939bcbd6b1,25404,536,5418,2835
7111,e23ffd11-6ea8-4646-9db9-7708505826cf,910,642,1733,7331
7112,1ccd0fbb-c1a5-4088-8c4f-042ad105de62,40823,465,8984,2373
7113,820edb00-6a84-4fce-ae0d-c78f8f8baacd,7810,628,5535,1741
7114,c0ddfca2-ccee-4958-8b37-35a6bc4d349a,32278,339,5544,1790
7115,10254556-a13e-4592-9091-8205518e685b,37827,961,5523,3407
7116,4f460205-6207-488b-ad43-61aa0639d2d7,28232,180,2341,5464
7117,35b8ac43-bbc7-4f75-9814-8287c662b34b,26409,688,2820,268
7118,cbc453e1-e08b-44ce-b41e-90c595f0d90b,17235,185,4545,2203
7119,fafeb1fc-f968-499f-9fed-5d4e1d8a8795,11119,27,3259,4199
7120,3ca6a4be-b1c3-4606-ba6d-b8540189699e,2582,32,831,1040
7121,23d793c7-a6b0-49a1-bf36-ae2575769408,45213,921,1463,4929
7122,7ba01442-c64e-46c0-b80c-68dcce8d395d,22421,257,3636,8707
7123,13b2c7bd-a868-47ca-bc71-4c783eae7f6e,20678,629,7010,918
7124,bbb0f4b6-ef5a-42f7-aa5e-0414437cf27c,45452,715,6256,2595
7125,8d1aaa06-2b8c-4045-a1b8-a3513a6842c1,42597,581,4041,3287
7126,67ca05dc-e15d-43ee-b07a-8acc9470a2a5,45002,667,5292,5135
7127,9a882070-997c-4f80-9ad3-f9b34310a13d,27811,281,3176,6497
7128,d5511eef-fe0e-4744-aea0-c9cb923ab4dc,19295,986,2228,3632
7129,fe46931a-96e6-4494-a473-8878abea7893,18963,205,7028,6888
7130,c1741a38-5071-494d-883f-ec717367ca1b,43009,578,2458,1197
7131,b0c86b55-8c25-400f-8db4-d1066e4ee404,39057,779,6227,3581
7132,f840f3f0-4bb2-4c3d-b820-7405d507bace,9912,765,2827,1599
7133,da1fbfb8-31ba-47e5-ad87-9efc10d37768,31723,900,1596,5767
7134,be7287b6-3c94-462d-b806-115db784a7d5,6786,138,9605,2101
7135,48c18cfd-0b0a-4bd0-a789-204377f8d3bc,22577,283,3727,26
7136,6d58c476-7d34-4cab-a393-28a049068abd,2818,662,5422,5505
7137,187530a9-86b0-4fcf-a6c1-21c5f1be6286,46791,161,7568,3097
7138,b59cc9d4-66a3-48f4-991a-81a8fddce28d,40601,866,8837,7937
7139,3e5a2c3d-2e7b-49af-9468-0d970711dc74,23746,493,4727,3976
7140,e628908d-314d-4480-b457-2473d713746a,21988,392,1384,7603
7141,4f377ed0-146d-4f70-ad92-418b930ac513,16462,68,4217,4427
7142,fe41fa1f-80e2-423f-a794-a204c26dfa9c,9179,6,3589,5579
7143,c787a3bf-f1a2-42a6-9a2e-afad073244e0,35566,663,9516,3924
7144,5f5b987c-ec8a-472f-87e7-ea3625478ca0,48717,390,3361,973
7145,b4e38185-82cd-4188-b80a-2c99b370c6e8,48263,232,8681,4600
7146,9b8402d1-c4d5-474a-94ac-fbd152793f65,5117,603,8816,4787
7147,8457d886-ac38-4a8a-904b-29ac07bc8abe,9480,777,5063,3086
7148,b46811a8-f366-4dde-8697-b828d7aa8c0f,18463,447,8564,8902
7149,4c4dca9a-05fb-4980-b899-765d50ace389,42723,160,5389,9021
7150,ca5ea07c-33fb-447d-81fd-f40b1f6a3268,40368,564,7781,8158
7151,11845841-40a2-4db5-bc52-56b14ceefe28,34432,832,3568,8210
7152,a59717fd-e714-4b46-9204-7d6e154af948,40710,937,6084,9299
7153,ec1fc7b6-556c-4961-9b97-132691ff7eea,25353,199,6275,1918
7154,2e65d7ea-96e8-4446-98ea-709c0d028804,25918,209,8699,8200
7155,4df72df7-5266-4bdd-81ea-729f4dec678b,47050,442,6939,8542
7156,5123b977-3fa1-415f-8219-e91e51fdb1ad,2184,398,2524,8655
7157,d0d675e1-80bb-43a2-9dd7-aed2daf7a163,17679,136,4550,4576
7158,35353db1-5617-4dde-92a3-d393e7c734c1,8021,773,796,7914
7159,dce75c38-18c7-4b86-a583-d2a090f59b2e,11281,551,5052,595
7160,d6f655dc-4d9a-49a1-b8db-924016682d21,1124,180,6261,6427
7161,e3e73970-a806-4412-9f19-66bce24fce45,31427,899,6610,7451
7162,afc61f31-9570-4434-ad7d-6bc2be3def97,47899,510,7680,2103
7163,d636a2fd-1660-4a11-be4a-dd4585fe293e,19247,821,3010,5033
7164,d5862790-85db-4a22-8a2a-3fccaaadf3b0,13646,455,1930,4027
7165,9c612d94-bf31-41b8-8751-5bb619b6658d,48054,893,1665,3523
7166,14102c89-808f-4de0-a0b5-9ce9b8b3b43a,21012,482,1341,986
7167,45764364-3569-4317-bb62-4a341e33dab3,10570,832,6081,3711
7168,0caa48d5-98d9-431f-a082-581f8d2bac76,38412,868,475,6340
7169,552e1a0c-cf1f-4871-9719-9dfd383e56ef,10182,123,5177,2841
7170,a5b7e74c-f0e0-4965-99b8-9cd4881fb54f,9864,629,1766,1337
7171,f9e3c187-5b50-4355-a93a-39d211cc3121,29306,142,1354,2983
7172,7fd49572-d12b-4444-b84d-84f5b06de297,6473,780,8326,4472
7173,5f385e5e-9953-4ae2-818c-46d53e752a12,13496,510,961,7619
7174,03fc0789-67e7-4605-8bdb-580403c185f1,48638,845,7045,2046
7175,b9020700-871d-4046-8005-d645fca94e95,20082,800,167,6361
7176,f3876bb8-c3fc-49e7-af20-872f8a8a5c5e,4862,991,2954,7910
7177,0b4cb358-a148-47a9-9ac9-c07119195146,46866,810,8827,4961
7178,0cb89bef-d01e-4dd6-a60b-5b07f34ebcea,17825,962,3520,3509
7179,efd908c4-925d-41db-aaf9-a5e1f89f8264,17547,59,1925,7194
7180,2a67ff47-8684-407a-9c00-6ee50bd1ee6a,23508,671,6282,6944
7181,edf4a0c4-9ff8-4b34-98b0-f6a84cc82016,19620,350,3367,3644
7182,1d56f551-dca6-41a6-90db-86f45dbc8475,39674,416,945,5071
7183,8b08b5bf-9680-443a-9b6f-ca67331c8a26,38634,718,4596,9174
7184,5d6acd31-a3e1-4b49-b77a-e3d6fe6d54c0,29462,470,2007,5422
7185,731de7ae-35d8-49f4-aace-6e8817f1c1f2,6806,832,9522,9446
7186,3ebdbb66-d33f-4679-b666-fe9edd709bc9,2591,208,5954,6563
7187,3ad8da2d-a291-4e61-b826-23c1f38909f4,47615,590,54,1944
7188,75b47228-149a-423e-85a4-a16f91a7e77d,22499,803,1023,424
7189,8eb11c16-7cb1-489a-9ad1-f48c1c9f27a5,48008,216,3861,628
7190,b414e6ef-95b3-4901-9311-a7e7270c3bd8,4828,840,6828,3525
7191,f2fe2556-17ed-4286-9987-747006f7bbaf,30212,265,6530,4462
7192,60f13070-316c-4d96-ac20-1127d9b5c15f,37196,500,3169,2271
7193,e0684354-4d6a-4a4d-b7af-ee0fbdda71fc,47520,204,3250,3907
7194,6e55f03c-1be5-4d7d-b9be-845dd1aff4e0,11847,229,9105,8976
7195,e8ccbf27-4862-40f9-bee4-035b8958c349,38547,33,3095,6098
7196,87fc3f65-a9e7-4e88-a1f4-2218c15f2158,28723,318,8056,6549
7197,1a4394f1-f7fc-47ca-b6e8-9b95a43fe8d6,9773,2,1755,3436
7198,f145546c-c2c3-4809-9c36-3114bee7481c,33898,670,2492,5007
7199,f49697cc-cd49-4b26-a220-82557c9c35ea,35909,121,1093,3340
7200,5574f3e5-611e-46dd-9232-3a57c8e4faf8,9098,510,6181,8586
7201,711e4663-e757-4675-a4e0-7ad9e757b0b8,9204,573,368,2579
7202,10cdb23c-c7c8-4c41-b727-049d6810a054,17300,811,7910,2170
7203,367359cf-3f27-457a-b1e7-a1c05152a505,29241,677,7467,3148
7204,514b14f4-29ce-4479-be72-1e552e13e7ea,42267,54,1114,3492
7205,e8038b8b-9fc5-4b18-b4b9-427c4898dd1f,30368,678,6964,533
7206,7dde629b-bcd3-4875-b7ea-30248448f6f2,48233,810,9481,4962
7207,832bf269-89e9-4025-99a6-47387cfa3229,31754,286,2757,427
7208,ab188759-44b7-4c6e-a92a-fb04086717bf,14918,766,4257,420
7209,dac26380-cfd9-472b-94d8-6b842904994f,3540,866,948,3078
7210,bc51a12d-caa1-480c-a22d-030726097820,26990,272,6016,8663
7211,b9eb92e5-698b-47c0-81e2-66fa53e761b6,43013,820,1073,4478
7212,e35e8400-b053-4fb0-b391-a52f4409c20a,9242,162,9287,8837
7213,dc4699f5-49e6-4da9-97dd-d8016701e892,17937,14,9017,3531
7214,720d3649-091e-44a9-9c2e-a72d7ef4a243,35534,806,8071,2968
7215,beb2f4d3-d090-4a47-bf5c-cec8962cb821,15703,664,5450,3102
7216,11c7e0b1-c8e0-4a27-94e5-cb16d52ff745,18899,668,902,8358
7217,07367abc-e619-45c1-9ef4-b23cab50486a,6899,458,444,2393
7218,faf1ed82-e04f-4b95-a6bc-3cdc1bf2037a,20640,414,8318,6136
7219,3263feb3-79f7-45ac-be7a-e2bb0139e1bd,34287,678,8164,2020
7220,6bb5fc21-72e5-42dc-a898-f8c59a4fb7ca,810,813,2223,3287
7221,9ea844d5-13bc-4144-850d-f4b58a69a8c8,7391,305,4313,1656
7222,1a630753-f621-4f9d-a815-dd037de30bc5,32213,24,2704,6029
7223,87b4044d-26db-4a93-96cf-aa3b6761855d,3464,64,321,2815
7224,4a7b0bd6-75f9-4c91-8cc5-1922d8626e0f,44020,700,3989,8736
7225,f7493115-6561-47ba-9d84-7a1367d1bed2,16585,988,6057,9062
7226,7aa69a47-6044-46ae-8c5d-0a4305def75f,4792,683,4662,4529
7227,8471e973-6f88-463c-8346-f5c19fd1c30c,49839,324,8749,9151
7228,95db1f95-2fae-47b2-bfe1-f4efd7b9ddcd,34696,473,9834,7148
7229,46a17e52-9bdd-44ae-bc63-ecf05587d045,46462,137,8973,1701
7230,be896194-dd1c-4a3a-89d7-85e2f2359be5,22677,878,2695,2463
7231,59e79c14-d759-4e8a-80f4-234fdb6bf7b2,31721,647,2281,1502
7232,4f0e7391-0ea7-4491-87b1-0cd699da0ee6,47991,91,7767,7914
7233,011677f0-779b-4596-b7f7-296ea24a7531,24972,677,1390,6664
7234,ce1e02e5-bfb0-4972-be5d-6647b3366f3a,38332,399,900,8758
7235,3bfcebed-a8bf-45a9-baf8-511df9a11659,7498,935,3172,527
7236,88f4a2ae-38c6-4996-b97e-477d067fc0d9,12130,210,2386,4358
7237,156e9037-bded-4efe-92b3-fdfd3a850f69,23438,651,296,1191
7238,df729b88-f448-4a58-a55c-5fcae51c1e53,2984,162,1735,6635
7239,1feb92a0-29bb-4fad-9f49-bb8a8b69cc15,44774,508,3707,9492
7240,3b4a3b08-23c0-461f-bab1-e966e75e6bb3,17441,914,6951,6976
7241,e2a991b9-48b7-4262-850f-86cca776e4f0,9838,393,6344,1750
7242,719fff6a-03b9-45d1-885e-f3c7401d7df8,31260,351,3546,4271
7243,52fbf3cc-21cd-4c48-8fbd-58ce73480743,31825,16,7267,5921
7244,7a21cfc6-63a7-4550-b5d6-a2a1a06f5c5a,38904,310,5791,924
7245,b1624c85-45a2-4f5c-9ac1-3bc33fd0a4f4,3816,957,1825,4409
7246,24922c32-d53d-4cb4-885b-472a0656203c,47603,340,7809,705
7247,5896c6d2-4662-404c-b0b8-64abfda0be1b,17274,303,3138,9419
7248,0e4d0f04-1878-4b81-96a4-59bf20b3dbec,27663,382,3755,9987
7249,b49d67b9-cb29-4166-88f3-afdae434c5d3,35569,153,5249,6822
7250,966a2258-f95f-4f7a-8619-0ee2e930f172,8818,420,7417,3755
7251,d7cf8d9f-e396-4df1-b5f6-bd5d474dbb13,6329,753,5049,3262
7252,19c8a082-b527-4bc7-b042-ba11bb249b0a,21091,550,2879,3521
7253,7e3f32bd-7765-4c54-be34-e18adc1f7e15,20038,703,5776,880
7254,842fb3d4-d2ad-4bec-9c19-85176d84f238,49629,623,536,6916
7255,ca0236d7-0df3-4cfc-b16b-7720ea137e86,19942,642,8264,8251
7256,d8470774-2f87-4c63-804c-27748f3b1987,41784,360,4968,349
7257,a10f673d-d93b-451e-9dfb-ee5df21dfd85,29517,486,9767,5873
7258,91fa3f8d-1620-4fd1-a1e5-64d55739b17b,33475,36,9340,2642
7259,22c0c21f-4bee-4914-a3c6-7a04f442fcd8,30470,727,7889,4841
7260,336ae120-5747-41e7-9312-80619a4d1d5b,16969,446,3896,4851
7261,96847829-2c0a-45a4-bccd-27c34ef0c345,29478,169,4637,9926
7262,098e0e8e-1b46-48f4-9554-e80d337bcbab,39038,141,7318,5158
7263,13fbaf92-5fb9-4721-9ffa-0b56bdf290bc,34097,610,7658,9724
7264,d9211676-0f90-40b1-a60b-717f567c5633,43752,803,7274,1894
7265,640942ed-bb63-4f3e-b934-a111f5e9a90b,15202,217,7368,2119
7266,b39e8520-08ef-4ff5-87b3-baa90679349a,45259,907,3889,6141
7267,250fa1dd-5714-49fa-99fe-d32d7aa88495,8657,692,9051,9112
7268,e73f4790-4a28-4f18-8449-7c8097599488,21330,623,4646,3868
7269,58052ad7-7414-499a-8fef-f661013b9bca,15519,927,6607,2105
7270,f13266e7-ec3f-46e1-93e4-ab916e01f84a,48957,387,8313,652
7271,9083f12f-7ecd-455f-9cb1-ef25ecc1950f,15392,660,974,9486
7272,424d527d-34ac-4bbe-a95b-54b043849d4a,20870,964,4552,5987
7273,5c58e31a-1cbd-4f70-b692-ac795d2066ef,1629,70,9253,2555
7274,0ffa5bc3-775f-4767-98df-2d06f02987ea,19267,921,6953,5096
7275,a7d201f9-87e3-40ee-9075-60709b759bb4,4703,478,8987,6861
7276,24d47ccf-ec60-4c71-a4e9-3a507392f62f,23009,666,6756,2110
7277,f2580e3b-0cb8-44fb-9e1b-edec3b04219f,42872,550,5831,4249
7278,e30d055c-7102-42ea-8b4f-d811b776c684,2923,814,3298,3945
7279,6118281b-9789-4488-a5a4-8cdde2a3f255,2654,737,1411,2375
7280,778f8250-bc8d-4667-925b-8e2aaf029bc9,17724,887,7712,8844
7281,7272616f-59c3-4ed1-ba4c-dbaf7a6e1cd7,2660,990,7546,3833
7282,d35ac642-d667-4ec9-aaf1-6dc20d6d09c0,5293,486,717,4106
7283,9c289f5b-d509-430c-83b5-d77d724076ce,10492,199,295,2
7284,cdccca24-86bf-40dd-bcf3-2208b0e96592,17370,417,6348,2593
7285,b7f43338-673a-45a8-8c7c-3e90c7e68e15,42599,14,1127,650
7286,fbc5a392-4a9f-4466-a874-27e5d114d85b,25637,336,4340,4972
7287,bab4bc8b-8ea4-47ec-a85f-2f69cbf229d7,5620,826,8419,8055
7288,4ab103db-6452-48c0-9199-b15b06ef1e8f,4317,903,996,1483
7289,4338d03e-c1fe-4972-843f-fe7b03f7ba49,27946,674,1645,9997
7290,83b814b8-00c5-4b11-a25c-612a38ecb54f,8703,916,2095,4277
7291,82b579e2-a475-4659-b574-de83ee246b80,14441,431,3000,9056
7292,cf8510da-ee6a-4918-97c3-074ca3b0e66d,26580,594,4202,5414
7293,03b2c610-cffb-4537-b6ec-ededa39615f4,32226,467,5901,6298
7294,819285a8-c4f4-4ac8-bd01-1b6b51781231,2699,564,9790,2590
7295,bd9eddb6-5728-45c2-b1e9-c66807436a4b,26122,662,2923,1895
7296,ca4f445f-0784-41f8-bd53-0a3ed1a97d01,40155,41,9958,7994
7297,3ab4d20a-675e-4fc3-8833-9c5fd8142831,7425,178,5330,7298
7298,34150b6c-d647-4acc-903f-24837c584860,35013,839,8687,7079
7299,f6f06ddc-deb1-480e-b18b-e7ba5f3d2e45,25914,837,2335,1658
7300,b4e82161-231b-45a8-870b-fabffd95d063,41920,746,1230,6895
7301,f0825e1d-acdf-4167-9a95-7f411e3f85d6,11817,12,7946,7546
7302,adbe3b2e-b1ac-42ae-bf95-1f2e33d15a7a,28320,474,54,6199
7303,db616750-da6f-4b84-959f-f017d81e7d2d,45755,341,5008,3821
7304,193a1396-3543-4a37-9a38-661972e72cf3,42115,219,1536,3581
7305,03758a5a-5d71-474f-aac5-9b9852a6c842,26734,974,8741,5339
7306,593e1a71-21e5-461b-852e-c6667bafa17e,3367,840,5382,7468
7307,031ed08a-f025-4892-9136-33a7a58b6394,8002,971,8337,8846
7308,a5643490-dcba-440e-8b74-1e480110381a,18161,498,2656,7329
7309,49a29a91-ddce-46d2-92cf-00a020615c38,47839,33,5005,9293
7310,9e5ec8b6-ddf4-4dff-893c-d63cc6a0c57c,35479,372,952,1273
7311,23b1ea87-53b1-4cbf-8935-73a8fcca4858,28759,783,7159,7976
7312,ce9db781-0e6c-4c93-b3fb-14ac3261cf2e,20135,154,2575,5806
7313,717017c6-8b89-466d-b2ec-6eb64a64a0ed,27026,97,5524,3362
7314,19aaccdf-9737-4a84-b9c6-0dcc55d1ae43,28929,449,7099,959
7315,7118c513-ed9c-401d-baac-cfe91caed667,30006,563,9521,7559
7316,fcafca08-0e33-4153-9867-dc1caa448bdf,29855,566,1510,4326
7317,81da1483-d8a6-4e1e-8fb2-ac134dca43ea,16081,303,1506,3002
7318,1581233c-06d7-465d-a32d-bb9088d14a83,44137,917,8800,6861
7319,1fca307f-cd31-4819-a264-c938ee334f36,40280,648,1184,7640
7320,0790def1-a69c-47f3-b6e3-35dd05b3a7ae,49647,774,588,5649
7321,52c89d01-adbd-4a5e-adb8-ff48c6f1f4f0,12357,695,4959,6433
7322,3f87b9ba-68bd-410f-a569-c3d466e0a0cf,44866,91,6025,2406
7323,2005cde9-13a9-4871-bcd7-19d4aba3a2db,37056,99,7262,410
7324,45e4b457-f732-4824-aa60-0c73ceed2e7f,44953,109,2003,6453
7325,6d941b45-677b-41e2-8b60-6711cfbbbea1,11025,418,8975,2687
7326,6b3c6265-1874-459b-bb71-3dadb965821e,3210,9,9632,9278
7327,5963ab68-7f14-4751-9908-9465a45b27f9,43538,948,1110,9164
7328,0e488877-ef2a-4a46-9fb1-e487545bcca5,27885,401,4781,7956
7329,68f8c959-8cf7-411b-9d55-a7527a67a3ed,18975,608,7606,9039
7330,6300563f-5c74-4863-be4e-507bfe0ed2ee,31592,390,1759,6890
7331,de9788b2-0c66-4acd-89d1-60442decc268,31948,324,7824,8410
7332,cf0e3288-9c0a-45aa-8323-01526a31e41b,49272,483,6109,8472
7333,54175607-37ad-455d-9e82-2bf4c94227d2,27198,98,2157,6687
7334,cfcb364a-1391-4f20-a88e-e0172ba76081,8997,863,2661,4665
7335,c79bfd9d-9232-4943-b892-1661bedbaa52,18986,800,295,6835
7336,8df016ae-44e6-4e0b-b897-f362fe0822cd,31567,66,4324,7098
7337,32dc03f6-627b-46b1-8fbc-2907e2950e12,26082,900,8184,6180
7338,09e353d3-89f7-42c5-b541-8f76b0f908e3,4961,889,4541,9512
7339,56a76bd3-c174-417e-8adc-b0e3a056497c,44698,76,3841,733
7340,c4f74e5b-c6e0-4955-807a-268112b29438,45879,612,4964,1528
7341,a251c472-4368-4c79-9003-6fb3895819bf,44336,400,397,1098
7342,469522b0-fcaa-4bcb-a9c7-07855ea61a65,11612,421,837,710
7343,b0949384-0b6a-447d-97ee-111881d54b69,9329,366,4520,5490
7344,69c760cd-b46d-49df-bb7d-5516afe44f04,10943,443,7718,6774
7345,20b25a1c-7397-4ecf-86d0-23728f5a9ebe,18857,679,9426,5409
7346,67717b21-3278-411b-8fbc-7d9459509538,4164,225,6475,3160
7347,3d82e870-9565-45bb-a516-8c9baf8c325f,32785,71,9603,2744
7348,532800c7-62c6-44d8-bc6d-64b0eb37cdc4,32576,659,4501,4246
7349,0d99def2-1fea-48e6-8b9f-6467bd024847,14754,403,242,4413
7350,f8b12d0c-cb82-4988-9685-4ae35a4a7a14,48861,409,6578,7046
7351,53359611-7a46-499e-9cd2-40b89a9ec934,39523,58,253,4775
7352,6b22e70f-4789-4db7-b2c8-1fcb859f224e,1953,811,4295,5224
7353,0649307d-9fd6-4049-80c2-1d3af95e49ea,2870,708,3572,7234
7354,2faa8df3-7586-4dd1-9089-522a382b4a5c,36167,675,2508,2869
7355,235d457d-634b-46c6-a5ec-571c87bf9c04,13612,431,3763,9539
7356,cb12b57d-044e-4e2f-abf0-4693f0e33104,20719,869,8852,6047
7357,d1862a59-206b-451a-809d-a7d07dd468f1,18344,557,3958,6876
7358,efcc4195-a495-41df-a47d-2956bf1e7ac0,17367,180,2199,4703
7359,63736908-7e43-4138-9c56-150020e08a6f,47503,88,7789,2843
7360,e48502b7-f33d-4494-817a-dac413914c79,46708,925,2230,1943
7361,aa8ae5b9-96f3-4861-b18b-b531c3ad561c,231,678,8529,3458
7362,46920833-70ae-4413-ab98-7915475006db,735,359,9397,6942
7363,0449a8b7-5e7b-4a31-a274-3a10ccee55b7,2990,993,2736,2512
7364,f7f30da5-5442-431b-a89c-40dd9a5a105b,36172,579,3233,3663
7365,279258dc-d006-4a19-8acc-2bf420e1da3d,22362,194,6680,4283
7366,c9920dd7-7923-48a4-bd9d-6a945eeaff6f,45265,715,1301,9505
7367,ebf6e413-0864-46b7-9aeb-aa697b2dd179,28632,814,7610,1284
7368,f19d53f8-54d9-4cf6-a921-1ac9bc202781,24952,523,9614,6742
7369,28de4e75-dcba-4833-b4b6-2c843ecd51d3,23232,73,1544,2069
7370,6d9d8605-9b0c-48bc-b370-9fed9b1a3558,44982,182,8058,8082
7371,64c828f9-b814-44cf-a815-7abde00516f3,5803,103,6389,6422
7372,e6898433-2c7b-402b-a324-df356f22f914,13196,973,6945,8999
7373,20c23beb-89ba-46b5-ac54-26294e82366c,19712,64,3213,4653
7374,ee11ff0a-6148-4df1-8950-6220cf2f2f04,38834,882,6834,8157
7375,d9a0fe3e-4550-46dd-82ba-feee6f2c420b,13279,76,5575,8666
7376,dde94011-5086-4483-8ad7-7adb3c70af0c,18597,816,1470,7149
7377,853ab655-811e-4664-9d0a-9b03e3bf42b8,1594,924,3598,1756
7378,925b52e3-c88e-4efc-a027-303b60cb5e17,853,187,5216,7128
7379,7cca4b83-fdf2-46be-9b59-25243b03b6c3,16310,829,7028,4368
7380,fdfb6de0-39b2-4720-a09b-c0c37e7c4dfe,48485,520,8090,1098
7381,3973254e-f12b-4ec7-b647-0ac1a863ab83,43556,847,4459,3298
7382,e7895bd9-b081-42be-8c0e-79a03d418b33,7842,707,2933,3646
7383,12edd685-5df8-476a-8bf7-c21407f1c14c,4720,544,7748,2251
7384,cd214169-906c-4c9a-a155-f2adf708eae7,41209,389,5191,4573
7385,215d3e97-4976-42c5-b8d0-22d49c00459f,4872,778,2068,2361
7386,409c90b7-1a74-4a28-9d5e-2e8f66ece2fe,40505,897,9260,7482
7387,16282998-aed7-4c75-89d7-a5a53de7e8e1,37517,113,907,8541
7388,cce6abbf-acc4-408f-afb1-2da47ad05bd0,7441,361,6297,5010
7389,792477f0-2430-4edd-8eee-0c624bab48b0,40322,894,3915,4183
7390,5e61c5a8-54d0-4607-9f8f-64d3211539b0,48004,680,774,6502
7391,e882dbae-45de-478f-b51d-30c002809d85,8988,283,6816,8116
7392,a5ed1199-7e32-4237-910f-ded684f74569,44701,858,8939,7664
7393,bd1e4f7a-c379-43f3-8d8e-e09a046874b5,48079,801,8473,1119
7394,631edabd-0eca-4fd9-8d98-3b25b9b8ffc1,37115,515,7581,2386
7395,a2ffacad-4365-4a16-b5fa-47e7c2c350ba,14215,139,5137,2030
7396,d83d7c04-acf6-4b2a-88cf-75a72e53d7ec,48960,557,9025,9322
7397,30be09b0-58d5-491a-84ed-7d7874349995,47470,375,3519,2842
7398,802c644f-5ea0-4ec1-8b46-246481a84f31,47536,818,9983,5380
7399,906ac566-738b-4587-ae20-01b4fe13ffa0,1235,190,561,8542
7400,09267334-b2fd-4a39-bba0-7f9ad905f501,48229,986,2326,9493
7401,584626a4-9c5c-4dcc-a784-6a7677dc510e,42793,485,8153,8487
7402,b5634704-dc3e-4234-8ee0-f4e6b5ff1d6e,10437,360,652,8455
7403,afca7ee7-44ef-467d-afe4-b39604448721,15456,121,4339,2008
7404,d8628afe-becb-4b29-bb1e-552ae2847bbd,31635,748,8524,542
7405,c37aaa8f-cc09-47c0-98ec-f7cd8b500b45,32051,190,1530,1859
7406,05615df7-ec5c-45e2-91fc-fab5310f7938,2047,481,7181,1138
7407,f04cd9a1-00f5-462b-9dc4-1b934549d349,23239,38,4528,5063
7408,a1d91e1f-d9cd-4bd7-82b3-102df04b28de,23136,638,4513,4104
7409,f8ba497f-006c-428c-a6a5-613313b17956,48579,511,8130,5697
7410,9df2c1ab-5a93-4be4-8ec3-4a6f56651092,23978,323,8422,9031
7411,80b830a1-fae1-4a03-aa52-80adc6ea8e8f,13956,646,2998,8253
7412,3a9da39a-7ae7-42e1-abff-92e3769b21b2,16927,898,1827,7155
7413,8c4d8b8d-9edd-4f78-9267-960dd0780969,24435,581,4064,3089
7414,3cbf4acc-3095-4324-af6d-ffb7bdd3c29c,34980,612,7992,3327
7415,3663b762-e8ff-4cce-be91-e369beb4c697,49435,994,8273,8636
7416,556afcb2-329f-4247-ae82-8fda6d5e5a50,26159,876,2554,1675
7417,f4b5c520-8ce5-466b-b6c3-c3386fbd9c44,35674,220,5844,8103
7418,c0acdd8d-c971-4738-a96c-149db61fbe78,5079,699,5438,2881
7419,97f90ba4-fbc4-4bd0-8433-d89370408cfe,31481,912,1249,6081
7420,7892de91-a19c-4c5d-9509-094eed5145ae,43180,598,893,7521
7421,614bc49c-9513-4463-ab22-95b025bea472,8992,864,9281,120
7422,67c991f8-3609-4cd0-950d-997540a6ad8c,33978,43,7555,7389
7423,fd7ba88a-82ca-4ece-85ce-c4406401b793,30004,759,6634,1060
7424,c9269602-8ba6-46e8-883e-24e8bb3ea51c,7822,680,5981,7345
7425,16120fc8-c9e8-460e-aaae-9ce4981ab8ca,43289,283,2050,8581
7426,0f923fec-6a22-4e16-8746-e1bb8a6e2c86,30341,461,4762,1487
7427,0c1af6a8-2ca2-4844-9fc6-c0b1c30a5fb7,13334,883,7808,8956
7428,a9c3b9bf-1d87-4e5d-bb4f-a21351cc3771,12803,833,3446,8256
7429,418c905f-3b03-4d1e-ab72-900669e0f02a,43173,528,4529,4976
7430,09386d3c-5927-4185-9c0c-b7c9e03219a1,39622,597,1645,9644
7431,aca0c204-dffc-437e-a0eb-55dbc36bebd8,20171,619,2902,897
7432,7822297e-7da6-4142-8678-a5e31d19dd7a,7234,978,3738,603
7433,6135b6bf-1173-4668-b6e7-5bb123b7687f,21186,524,9834,9703
7434,679272b6-f54c-440e-bf7d-762910f8a8d7,8234,136,9935,8850
7435,dda52267-9b55-4887-be3a-2b64937ffe7e,3660,48,629,2251
7436,23559fdb-0954-40b4-b700-74e9a27c167a,44309,741,1604,9085
7437,afb32bfa-333c-4c68-80c1-dd6c451f3375,22872,542,4302,4884
7438,4236b441-8e5b-44ce-a496-da00f8f5221b,33551,917,6345,3316
7439,d138ed63-aaa3-40fb-8d54-3f6cb84f1631,44290,122,9545,1111
7440,4ff73767-28f3-4420-b363-b8f50e0920f1,24757,893,6153,347
7441,556ad103-18f0-4a3f-8cb5-d1568200a57f,34947,349,2405,1872
7442,cd58780f-de5a-426e-b5b9-a6d63f4b8c87,28553,915,9662,6964
7443,0e1f2685-5caf-4728-aca8-49b4c52332e6,11157,633,7475,1155
7444,4f2b73bd-a3b2-44cc-a65b-1bbc9ab9f3e9,30565,39,3547,4164
7445,a7fa731e-99e1-47cf-910f-5f72c18e49d8,2704,654,1444,1664
7446,3a90e25c-febd-49bd-9a58-bcd74af76cfa,25231,25,3125,520
7447,acdd045b-2070-474b-a2d9-bd279f704083,22080,711,8701,2730
7448,39aa10f6-9983-4ffa-a423-be313749ac0b,16123,365,6677,348
7449,358d423b-132e-471e-a6f0-0a6a75934713,43247,134,5796,621
7450,c0e7109b-b6d1-4b26-9114-cfd22cc18f55,39338,536,3420,6746
7451,925d98e8-ba45-41c3-aa5e-76f85c12dece,6763,149,3249,7160
7452,bac92599-9771-4ba8-b40c-a6c96a047f64,12324,297,7457,7354
7453,dcd210de-bbab-463b-a873-a94849209e35,18603,663,4374,1963
7454,574c86cd-5e3b-4c2c-a4c6-a9b98ed433f9,48043,845,9087,9913
7455,0635a2e3-89d3-4349-8c82-4d18dd0d881a,28823,882,5942,2986
7456,2039eb6b-e8d7-4ced-b272-3787f70abf00,45536,754,2885,2916
7457,bd55e96b-d27d-4cf5-b81c-99a978c9a2b2,17416,71,5507,3844
7458,92b5ace0-3d96-42f9-ba26-6f39002ec339,36843,379,7214,9733
7459,d560ee84-6ffb-4966-bc69-6427fd934e82,18197,226,5396,360
7460,bc9acfc6-227c-462f-ae9f-de92e28d9547,9509,158,421,3014
7461,36976bf7-999b-4e03-8a0f-a2d1564cceaa,24608,989,6932,6279
7462,2825e789-d6b5-412a-9289-7fd1d8453878,47858,426,6274,6927
7463,7f110139-66d0-4934-9c12-577cb9006eb6,3494,77,4849,5904
7464,def45428-0dd4-4863-8e20-bc0e185931fe,12028,393,9140,5743
7465,4e7bf407-a311-43d8-a835-1a70bc08914a,29942,21,5210,9440
7466,f14f8f24-e5a8-44a2-987b-3401a7c0fada,10802,256,1312,7149
7467,eb9f0989-a1dd-421c-a225-0d20e36090b5,22032,66,8815,8748
7468,fe1b92e1-2297-43b9-84fd-5a00a869188a,13232,76,9441,6217
7469,fb7866bb-dec4-4e88-b052-23cb568095fa,41646,442,3143,3425
7470,8b35f683-3d90-4aa9-b6dc-4a9c58b62d6e,10356,812,4054,8160
7471,6568240e-fb1c-42ce-958a-ee17274bf59f,18441,204,1816,5035
7472,9c176a4e-8d43-4eb2-a03b-fa508296c563,36227,943,8474,52
7473,b2a21298-6bb5-4176-842b-fe310103634c,14196,625,4567,6893
7474,b475fd76-f970-407f-bf2e-a96d37bebb43,1216,470,9634,3404
7475,dcd69173-5c7f-4576-82f6-fd3357d1eeeb,49057,124,2430,7684
7476,998f3e76-6516-4dd5-9432-3f4e7046a5b5,23747,972,4034,7770
7477,db2e6fe4-b2b8-4402-b8d9-2b9d99a469f6,14023,727,7644,4489
7478,1081515c-40e3-4652-a9e8-6b84f34a9a24,16465,664,9474,210
7479,15d3814c-6354-4f62-9904-a0d77059e659,4080,736,4134,5551
7480,f2180032-5b7f-4f55-bc7c-5ede4f09300d,39491,379,1118,8345
7481,6e4cb7f5-fce4-4362-ae9c-c6b8ce21a282,29134,877,133,4420
7482,14a09582-a8ee-44a2-ba93-d293850242f7,43630,240,3401,7462
7483,58f9d952-5885-48b1-99af-ebbf33245939,35864,271,2460,7664
7484,1e58a72e-263d-4093-9039-3bed7fe99c86,3240,585,8345,1518
7485,6744fc75-77d6-4e49-b2aa-c84c2c9c7624,17611,619,7493,8261
7486,6835eea0-06e4-4e73-b66e-6c7adf6807bd,15705,773,1914,2916
7487,81bbd4ae-4a84-4798-9b04-05aea66ff100,39534,183,5149,9207
7488,5b48a6af-1f60-4bd8-b2d6-f4298e195763,20259,548,8464,2396
7489,db612e37-e3f9-4e89-be27-707952295e94,38790,68,1692,9747
7490,63040fda-a164-4877-afa8-153ca480ca7b,12132,482,6912,6758
7491,0428a4cc-deb1-4603-b421-0e3bcaa74e3d,14937,514,4595,3964
7492,4c5bbb68-7b21-45af-83c0-adbb94929ead,26915,446,7263,7198
7493,a2d958e3-fab6-4b0a-900d-157c07e47da4,14017,474,5803,894
7494,0a5e5645-a42d-4c41-a54b-dda9d89fcea1,6426,636,7440,67
7495,9b1ca6e6-4424-4331-9fb9-20e722426ad6,22883,767,1829,8984
7496,6c8f7de4-1390-4bfa-8df8-2c1bb21bf379,12009,608,3694,1851
7497,d0e8c623-3703-43e0-963d-2d02280b827f,21723,174,1302,5347
7498,94be56f4-e5a2-44b2-a835-143e4a76fe55,35895,284,688,5808
7499,bc73d6c5-978f-4c63-ad99-8144e5317d0c,32984,574,6850,3702
7500,6bbec91c-dbc4-46e4-9b90-1d85a6248eb3,66,298,1528,919
7501,a8989e62-c9e6-4716-8089-d597cf423919,1248,162,8325,2397
7502,6c0e049a-7be0-4d6f-b5c6-3344259749a9,47703,48,2632,3038
7503,eed41267-5eed-4ccb-a76f-c738629148c3,27595,739,9837,1063
7504,6b9e3c34-bec7-4ed2-a226-84e3499d5ae3,33203,386,2164,9963
7505,f9c2a68d-5869-434c-b6e1-86ac10dbe506,47935,542,605,3307
7506,37c76fd4-69dd-44bf-bce2-3c1089770be3,35831,909,1293,4050
7507,40d2e563-09f7-43f8-a533-e59980dca166,9861,488,9909,7550
7508,5481d312-3a80-48b5-949e-091f602e2998,15427,656,9706,1971
7509,89e819ac-641b-4653-b807-0eab0aafe764,28064,871,4540,5167
7510,c05e7327-b02c-49e4-a86b-73dad72f259b,31937,467,231,1335
7511,11fb70b9-891f-4a45-bc39-bea642ec5389,38870,358,7664,7137
7512,f6c1e5b0-d230-487e-bc73-f4bf07ae8d6d,41553,542,6367,9923
7513,a810088e-f1eb-494a-9550-8d0ce771b4fc,26083,129,8945,4010
7514,8a2b9553-8ce8-41b7-9f61-6f4f52323b46,44997,38,4747,3338
7515,4cf3169d-17a9-404d-bab2-f92d6190459e,39645,967,8559,9870
7516,002e0354-5b55-4542-8103-4a357e85e018,26123,112,2415,8789
7517,86b590d3-1d31-44e1-878a-6cfc37a458b5,38751,718,5609,8418
7518,649b0509-1ea6-4db9-9ed5-9a853fb7fa86,21619,295,6435,8469
7519,4b138d5d-8302-40d2-8553-cac4990d987f,8233,250,8065,6862
7520,ce00cc2a-1574-47cc-9f21-ec8d0f325a49,35118,427,16,4860
7521,02e2dfda-bea1-48a1-94e6-086a0b8a3d4e,14044,688,6321,4435
7522,f8186675-efc3-4a39-b48e-b1005d87d925,39876,264,6260,2960
7523,53c56dd1-67e0-4931-ade3-a5671cc8c784,12960,178,3976,6571
7524,bd15aae5-04b9-4506-9234-8f4fa09d858e,8376,246,9686,723
7525,566f2cc7-1b3b-4c41-a655-8847280639aa,13176,886,6593,5183
7526,b8c2be8a-dd43-4c4d-9035-77cb17d62ff2,16908,284,8838,8874
7527,6dc0761a-66ae-4089-aed0-539cd26d32a5,26157,136,7632,7227
7528,6af949d7-d3b5-4678-a621-7012fe822f62,17193,719,527,1900
7529,85e80898-9705-40ee-9e5a-94d94316b905,11044,357,3282,6678
7530,e80ad04e-fa7c-4621-91f6-90be10011b48,30009,275,4027,1734
7531,e95a4008-f94d-4ada-9a5f-a6797b560a1a,31127,286,910,3236
7532,9356159a-5162-416b-915b-8ba7e84e7a2a,19824,579,7181,2713
7533,6d40de9d-4671-438d-8ac6-c8b9df0553e3,15581,553,8278,6717
7534,e531637b-d68e-4af6-b5a7-73231893665f,12953,954,8898,2895
7535,8067cb26-84c7-471c-af77-449fac38bf89,37295,358,5246,3271
7536,42636213-3cc3-47c7-ab99-75be584db0fe,44481,532,5602,5807
7537,0ef16847-156f-48e6-ba43-cf1cae4c58b3,4473,964,1374,2860
7538,52febb50-7c53-4be6-befb-712a18f63bfa,43276,729,4871,8157
7539,041e836c-a33c-49b3-b298-ca7cb567c413,20506,574,7241,893
7540,fe9c8854-98fe-4d4a-9c91-a5b48a94c344,22236,925,375,8260
7541,855e85ff-cbc6-4929-9022-c95831f4c8a7,7469,732,1804,5996
7542,bb17896e-ec81-4f85-b6e3-f51e8d2c7a08,8297,461,9438,2905
7543,cf894582-94f8-4653-a027-94231119d24f,43883,870,3744,9506
7544,4b850ae0-1b8c-4aa9-812e-206481d4903e,17416,866,555,763
7545,f58eb2c7-f473-40b4-a94c-09fb7e078cb1,11882,885,7093,1137
7546,04fbc5b7-88fa-4a80-b9cd-855d28748075,19869,574,3855,6081
7547,b1de2280-c01b-4313-910f-2b11ffda3b6a,47429,888,2460,9761
7548,17481805-ee33-4ff2-bdc1-298baaae0cdb,43824,2,9867,4583
7549,b8617352-f6c6-4dd8-b5b4-f6dc019bb891,37445,903,1043,3603
7550,0eb19ee6-cda2-4e80-8f86-cdfad79b2878,24458,473,5644,5695
7551,bfd5bf8f-305a-4b04-8efc-9a526300dd37,45183,74,914,3457
7552,a08a44d8-a440-4cf4-8782-ee130273c15f,11223,580,5298,9926
7553,9c99ec36-803d-41c7-a60e-5d83b55b799b,28923,920,7620,4749
7554,a3ce2d29-cbef-43c0-be69-3d4ee4accaf5,34654,927,6186,4125
7555,f48bc8c2-41a9-4b46-a1e4-3851e7b5f289,47819,596,8178,735
7556,c2fcadb9-74f2-4452-8988-2921e01dce1c,33129,689,8631,3027
7557,0e21b509-b6a7-4e09-9cac-06934d2f6421,40695,135,4122,3938
7558,480ec89e-f0b6-4847-bbb2-e097f6132b57,20598,23,9719,816
7559,65ce2d9a-596e-4608-9ac9-2a4fa3d0be7f,17460,204,8899,8368
7560,a31330c8-f9a9-4502-a6e3-b10c81cc776f,31958,244,5193,7390
7561,860fd387-af02-4132-be04-d14ab115bd54,28797,790,1282,7264
7562,aab7c6de-ef01-44aa-ac40-c47cb7ca144a,13657,384,7108,9928
7563,35403767-f0ad-4057-924d-8199cce5c3a9,49002,25,8962,6806
7564,0798e228-8726-47ea-a78d-62fdf6ca7967,34818,639,5781,7374
7565,11cd03f9-a0cf-44a0-9f7c-f808a6aabd5f,38415,120,1282,1692
7566,737aeb1d-ef53-43e0-8277-6c212791d061,24890,269,5273,4437
7567,c8b13f5d-5163-4eef-aabf-e4941b63e30d,21099,46,2160,9383
7568,e45a03a2-e38a-47fb-a7c2-53dedc6957bc,17545,496,4853,4498
7569,358ddbfe-872f-4d4d-9e15-5ed0b8d539dc,6373,853,4290,482
7570,0a89c03c-dbbf-4e54-99a3-f498f240a2b7,49202,356,1259,5903
7571,34fe1186-2d5b-483b-8ba4-a215faad4453,40188,222,9710,8635
7572,39137ae8-6853-4608-9e74-9d4a8e1782b9,19761,632,6307,2412
7573,906ee578-e557-474c-86e4-194ed67745e5,10506,190,5028,5199
7574,8ecea72f-8aa8-4c87-bd17-d21387d8af42,14091,270,2315,4871
7575,875cc95f-3f29-4048-927c-cc5f208cd155,37923,920,3036,8599
7576,b05a465d-73cf-4e70-9f80-616f594ba78d,43318,520,3575,574
7577,69c5e706-9cf9-423a-81b3-a6e756813810,255,678,9071,8599
7578,4a5eda13-a76c-423c-89c9-81524e982027,44615,537,6533,9987
7579,c7063517-2c30-4d95-a419-32f1ff8da599,43377,58,9468,8868
7580,700bcfcd-c939-4cc2-8f24-fc091a1d8a2b,6469,668,8660,3541
7581,8639e522-8008-44cd-90ef-9a60d70d19af,9884,559,2431,2371
7582,05d46188-25bb-4b7f-8960-d2515d990b48,3800,160,1998,9696
7583,3f548da3-ab99-4c42-b4a3-0e832af19793,13790,880,9064,6092
7584,c90c4328-ec77-4b19-bb55-3b2047727add,30630,66,3259,4067
7585,48aee27d-8812-4c73-8d5e-68e4afd1f6ca,34464,372,913,7485
7586,544ea75a-8cb5-44bf-a180-aae0189b00c5,38726,392,3070,9467
7587,5f7a3646-bef6-4d2e-a03d-e7f858396c7d,40286,629,6935,4249
7588,0cee0282-3386-4084-8464-2a456456fe85,37121,590,3796,8467
7589,177b2fc8-3792-4752-b9e1-4a18542fecb7,9185,88,7602,515
7590,07be8484-d3c0-455d-bd7f-01e97588eb58,22908,285,8197,9330
7591,3f259d7c-a9a2-4b58-854a-3daee3d58103,43056,560,1164,7786
7592,b50e1637-9d3b-433f-b1da-7622c4fd3aa9,39308,949,8629,3731
7593,8675d52e-9377-43dd-be3c-06eb8fcec705,49287,373,858,1451
7594,de139ed2-c1e4-4dad-8f49-d48a8d3e2f58,40638,211,1648,2636
7595,eea0ead2-c849-482b-a2d4-5daeb7d88c77,15058,109,1500,6716
7596,72d9e268-ed11-4fe2-a5c2-3a02949028a8,49278,397,8472,3765
7597,d2ec448b-dd8d-46fc-a35b-702bd8388c2a,22590,856,6808,2211
7598,62d37ce9-716b-4c57-994f-4b779ae06a34,1727,783,6863,2513
7599,1ebb9f8d-57d0-405e-afa1-7ac5df453ef1,9743,101,1510,1088
7600,f6722883-844e-4fc1-b83c-d63b165ded61,26938,792,8696,7657
7601,e720f152-b94d-466b-8f8e-5ffb9b27cf3e,7055,936,9206,5319
7602,8481ed27-a8c0-4fe8-9271-9ebdedc5a8f0,23419,264,7887,3772
7603,fbe56b80-679e-43d8-990a-89de5a32ee63,13292,430,9744,5356
7604,cba88461-3fbc-4b56-aa14-49dd343d68c8,4589,13,7040,1024
7605,0dc240f5-0e07-48b3-9429-cddec0c442a1,1361,315,7928,2217
7606,11500daf-17ea-4061-adfa-b4de07f6170e,21227,436,971,3305
7607,b13b820b-6c77-40e1-a2ee-b67a6bfd265a,45836,570,6787,317
7608,6edca10a-e874-427b-a6e5-f49185a0a5e0,2582,89,8701,3544
7609,12af9c09-ad13-4ccb-849c-39a2fd819970,21512,256,8816,3855
7610,6d1c4375-3bcd-4ca5-86c2-cd2974fd197b,13113,580,2346,2107
7611,7c7f70d3-86bd-4c42-b6b3-51497029f88b,28470,126,8212,8424
7612,abf4f7ef-ea21-42d3-bb7e-229fd094b009,37441,372,953,6358
7613,bec475c2-62bc-4e7f-8aa6-8f729948fa0f,29009,856,6232,8069
7614,12a40640-0e48-4075-89eb-0a14348cbd0a,49650,206,9357,263
7615,628521d8-242e-4e31-8adf-d391171efe2b,21289,94,8511,4432
7616,f553bedd-4594-48b5-aec1-fdf2cab45cc3,9069,352,6617,4894
7617,fcb2c400-2b84-4544-a2ef-26a10800661d,16625,382,7138,9193
7618,99b8d764-3a17-4a41-8121-393924063eb3,18320,213,1547,9496
7619,27f11a98-b58f-4667-8a61-75b2bdddc427,44215,58,5957,488
7620,d27bea26-9f90-4c10-8e28-67fd620683c8,10463,981,6051,1571
7621,aead4b02-67ae-48e0-8016-0be18f1518ec,40131,591,4239,665
7622,fa855f1b-5c97-44d4-a609-6bf54094533d,11582,413,6612,7004
7623,416348c5-a07c-4feb-8640-89182945bc79,5966,490,27,141
7624,7c4d2b18-9247-4693-8f08-24b23f11f4e9,27073,29,6549,6075
7625,725c661f-6872-4093-8161-5ad4f70c2dc2,40346,302,3283,1033
7626,5fd993fe-ea66-47a3-a6ce-9e93e5331b4c,11788,146,3153,4349
7627,20b0a4fe-0b32-4bf8-b33b-fa3128c9e038,12747,509,9219,3854
7628,b70f7c79-473f-4b13-a0a7-f87c2e4c4fc0,16793,899,8734,6409
7629,69aecd0c-115b-46ab-9a70-d6c4e08f01a9,37396,542,9363,910
7630,3ac8cd00-823c-4119-ae3a-370fd83d8962,45845,997,2796,373
7631,caa30b45-8bd3-4182-a417-3e5c39302914,15378,254,5092,9205
7632,cc713585-cd04-4283-ac81-57a30b381ae6,24015,670,1558,9614
7633,6df15837-2a0e-459f-aa98-b573141b6cd5,17825,48,3959,168
7634,4c40393f-5a98-4c6f-81ef-cb836622d27c,5544,135,7612,6375
7635,ef686187-ab84-4930-990c-d6f6ec811b82,37177,610,9204,5576
7636,de6d3332-273d-4e43-8efa-cc2b5380bafe,19211,204,2599,5377
7637,b9717e2b-9346-48ad-9aa2-4f80cf05d74e,24073,626,9641,7955
7638,91b0bbf3-23a6-49d9-97d9-7a359a415b10,30528,220,5150,6949
7639,d0bfe0f7-4193-4e2f-93e7-35a061307baf,14343,55,1250,6822
7640,e9760f1d-bf64-41f3-bf2f-3da8b5421c83,45037,939,6265,4133
7641,9234d840-45a7-4bd0-b701-011a3e569cda,7459,579,2406,2518
7642,5c72f972-74a5-4e69-849d-8d7c7f46f19b,20311,856,5192,9309
7643,9d04fe00-ea8c-47c3-a144-5c5630c4338f,2853,907,5032,6789
7644,e78aabb4-23eb-4c1c-b054-1886344676e1,3450,767,8595,3726
7645,8b940b7d-2935-4e43-8e1f-c9197dd9c7d2,3460,650,222,6927
7646,18746b6d-bc32-4f1e-9fe6-2191314a52d9,45474,219,3779,9773
7647,ed814a5b-8964-4118-85d9-c1ccbdac19cd,38253,418,8206,5945
7648,fc9fea96-4bef-49f1-a179-6d1d6447fec1,45401,445,1051,307
7649,af4212e5-a66f-4f85-9d89-d000671e43a5,8227,574,5391,8018
7650,a251d169-1cb6-4d77-a129-256fc7d21b64,27701,448,8642,8440
7651,389dc8d0-ec32-4f43-b1ca-84bafb1ad713,32192,788,1260,5496
7652,ca2ac678-5f16-441c-9351-01aba3a4d649,8510,830,6413,9790
7653,96160c8c-5181-47f2-858d-479cad684067,21982,940,5493,3701
7654,3068f2b6-3a4f-438e-899a-d194751ff663,11917,551,2786,1092
7655,a4333f31-887c-4eee-8c36-97c096766861,23721,202,4382,9121
7656,7d56e287-46b0-4cb6-b537-7dad4f7b2703,23619,72,186,3232
7657,3fdaa22e-e217-46b8-8a74-6738906d7bb5,4902,800,8724,3733
7658,7e5bc8ad-581e-4058-944f-4c697565a652,8934,33,8300,3582
7659,fcdf429a-eb0a-43e5-af88-7f82111441d5,19696,559,7946,1069
7660,6873160a-1fc6-4521-951d-8f09396c0a3b,32721,130,4530,9274
7661,531f4a41-f9ce-49c6-977a-4b050a4bc140,113,48,2877,7938
7662,7eac3db0-99a8-4dbd-8f6c-0ac4634f5cda,26633,401,6397,7376
7663,e40e59af-91d4-42e5-882f-c35b8a638b5b,38480,105,8012,7786
7664,e6261e26-4f0f-421f-99ad-6e9473b04578,2492,90,7421,9980
7665,9d921d5c-37c0-4a6f-b5e6-4ff5da898616,28367,921,2848,4865
7666,4c48af06-6f8b-4b91-8f4c-276b31943549,10605,483,9406,1447
7667,65259a0b-4b8f-443b-873f-12513b519fd0,43738,386,8618,5322
7668,90062ebd-c025-43c5-bafb-d9aa3750cc20,41397,195,2822,926
7669,00abbb12-5813-4f9a-90cf-bfb905f07510,40987,56,2022,959
7670,ae2ac9de-0c55-46ca-854e-02ccd66139c8,17673,451,208,3128
7671,b9d5b34c-e8e2-4708-a5e5-918d98220de6,14502,63,4715,3203
7672,2d7b1a9e-b0d8-4469-9c7e-31679fd14ea8,45812,279,1747,4437
7673,5da42448-946c-43ad-a01d-29416f446bd5,43851,304,6622,8456
7674,db38062b-0c24-4ff2-82fe-235bf5a3b9ea,27058,697,9545,4048
7675,e3686b41-f628-4245-a34a-409f24916cd4,28159,648,1954,642
7676,5978fbc1-2cbb-4f1f-88ae-316e12d2ff7c,42572,175,131,8329
7677,83fa38bc-3af0-4735-9b4f-abaaea12e1d3,14314,771,1330,329
7678,98b528ee-8bef-42ab-9f60-833e3aab7b9f,32967,813,862,6581
7679,3a96f350-7b75-4bf7-96d0-7b28189043d5,27181,49,1798,5715
7680,d3f29ec4-166e-429f-a520-bca8f3009129,17082,805,6072,4092
7681,dea3c623-e4f5-4498-a7b6-fa21bf7ebcc6,35053,310,368,1729
7682,e4d740e3-e9e9-442f-8cdb-e43e908d4385,12024,118,7869,7737
7683,b7e72a5b-8f63-49e5-977c-91bd57b49ed9,3504,98,2243,9364
7684,3f5d6f64-bec4-4297-abd5-3fcb6e4d1d21,20248,946,7061,8221
7685,fc1a0c61-6e16-4307-864b-8d501e73ffae,49638,901,6539,6486
7686,15e874f9-b187-4a69-9d8d-6908c5dc66c7,13166,640,1315,6528
7687,cf9b18e2-4cba-4833-9c3d-59d409ccef05,4728,422,3160,9406
7688,7feabd43-71d1-4cfe-8fae-6ec4033cbc2e,8342,598,9428,1189
7689,33093ca5-3d57-4f23-a018-8c8cc2583111,46221,579,4478,8580
7690,2477896a-8c26-4099-bfe6-2a0fb306f1f8,32880,350,5930,7824
7691,3a393153-9f0b-40fb-824a-d00dfe860378,30654,565,2877,9563
7692,51211e8f-2b36-4c5c-bc0a-75682e49cdc2,8118,933,7318,3942
7693,6195b3c9-2d6b-46ce-961d-a995265277c7,3880,465,9852,7920
7694,2500d0e5-b1cd-4233-bdab-7def6ce73d12,25583,607,7658,9097
7695,c76a7a89-a5d0-4a57-901d-7889134ed1b4,46219,38,6927,6213
7696,33f46bc3-dabd-454e-8dcc-108b1f2c2e93,6908,518,1447,2676
7697,448ade0c-e349-47c6-8fa6-4966be1fea05,46167,914,9424,2817
7698,187df658-3177-4b85-b3de-c55c07241d89,41027,563,6370,4428
7699,22565fce-69a6-4737-89c0-41c6c5f3b6fb,23278,587,8157,6277
7700,68e9e452-3edc-4ab6-828f-5e2f97958d7c,48896,205,8363,4491
7701,36c18820-29de-46f3-83f7-478688ca7f75,9778,609,6354,2708
7702,0f127a01-60e6-46ec-9d20-5fd00d927ded,30877,164,4129,9901
7703,6f772243-ce7c-4454-900d-dd9285380146,5239,850,7671,4366
7704,cfd2c0d6-4d42-4940-a188-bc9cecc2917e,40577,660,5918,1250
7705,3a2cbfa6-0afd-492b-b604-4eff092abbd8,22065,923,1719,4117
7706,1e0f1228-7cef-4d62-ba04-e66b27acb544,42544,591,4426,2522
7707,386c82a6-9940-4e59-9ad8-6eac635c2844,33560,436,9911,8396
7708,9a27b646-2e36-4787-942b-4ab78f4a6d6a,2733,107,7888,213
7709,83e492e2-4fcf-43c0-93a7-729d7fc6088e,40441,853,9520,8562
7710,8661a347-2b0d-45a7-9292-2b6bd484ffb4,48508,608,1134,5584
7711,c28377d8-963a-4c9b-8427-55cb7bf73852,13081,375,9346,3639
7712,1f34d025-352e-4475-94de-84f12fa0ea44,34421,567,4210,6804
7713,7380dce7-204e-4ec1-92cc-bd309dc2e605,27138,125,6697,3746
7714,d95a1391-e2d5-482a-9284-6829e54b0f0a,18424,481,1862,6588
7715,cd70cd0b-b483-4d66-bf6d-756ddb0ce487,47495,492,4768,6310
7716,fe454270-d54a-40b0-8363-390209f9520d,14433,196,9829,8447
7717,838746a6-b6c5-49a5-9591-2e4df3da1c54,39120,66,5494,8780
7718,58398e4f-96a2-41d7-9493-e0edc9616a35,31779,53,3311,1441
7719,17244e69-45c4-46f8-8e7e-ae3fe0b56e7e,9593,784,1904,1193
7720,3c6001b6-3e14-4a07-bd18-ff4e1429c11c,9328,382,5450,5390
7721,14c5cd4e-4cb0-47c6-8d9e-f832864c7b47,43023,975,6565,8047
7722,f42776c6-aa60-4ec8-95ce-ebf697e53962,8588,423,7576,2364
7723,cd043b96-c10e-46af-92cd-9c5b23f5cf98,44388,145,2648,8872
7724,3d85c868-a420-4f59-8aec-17afb6050288,21910,640,1200,4605
7725,533cd339-8cdd-4785-8b79-6ed1e7fe1f01,49102,715,8796,1035
7726,6e1996aa-be35-4533-8e8d-3fe9200db3b8,18812,262,8158,3180
7727,378cbb93-f1f3-4c34-a341-75f9ae1e902f,6406,408,1818,584
7728,08e91a13-d26a-4fbc-9c7c-e121cc98db79,18178,395,7972,5250
7729,1528ca5d-cca4-4a98-bd42-990ad16b3399,9464,969,8576,4751
7730,e7055931-1a56-42fa-9d03-6fa0d6f65299,18590,34,9996,194
7731,956e18cd-f903-4fa8-a6ea-ea00c95da89a,49014,198,239,7566
7732,04ac003b-8310-43f3-ac88-8825e1fb52b4,21891,12,8707,1027
7733,35768f8a-b562-46f5-b469-57e059b7f6ad,17760,403,5252,5886
7734,369c7c66-cac1-4af9-832d-ad71f71cc467,30589,478,9232,9124
7735,c08d9a84-1a5c-4af6-92e3-03e4ce9c8233,36195,626,9044,1163
7736,e31acf50-2f4a-4e00-99e2-551411487d2e,9127,768,1780,6694
7737,6966db9e-ef70-4ffb-9d1b-13e5803eab4b,22248,391,2732,1749
7738,8f11367c-b6e3-4444-9213-c120ce26b001,48507,878,9114,4246
7739,e3103379-588f-4607-809b-796869620445,14548,846,4443,9178
7740,9fd28259-5bbe-4471-9e46-a9e77d6c81ca,32399,909,8721,6590
7741,4ad67136-08f7-4f25-b51a-429bb98c7a44,23609,180,8982,9483
7742,bc8ef96a-028d-4aa0-a78f-9b61f80c16c8,25466,787,67,1175
7743,006bfaa4-57e1-40b7-938f-b22b5153354d,39272,35,3531,9614
7744,04a42c16-d1df-46a6-91e2-c817030026b5,19993,352,9734,4571
7745,21e87e60-a990-4856-a9d7-3a24ebd108a2,1532,105,3794,2584
7746,1a24af82-26b9-46f5-9719-616f42cffbab,18545,281,501,126
7747,c218395d-28e8-4e57-ba5b-c99e2d63d099,29226,245,6054,964
7748,7a6b9731-feae-4585-abbd-5ee7bb38fe7b,44873,234,5800,4723
7749,a01a759e-b7d8-44e1-b7a2-45b01788cf73,1515,204,5312,8306
7750,2394eb07-17ec-4a35-8b09-01f50012e6f3,32840,683,358,2609
7751,6d3da9ee-ed24-46d1-b148-7e078c853fe9,13827,330,1148,6009
7752,028ca8a0-d6d6-4140-b5be-48d66cafffd5,37238,700,258,2568
7753,99d331f9-6d01-4d2f-982e-70e522d68273,45254,123,547,3975
7754,9e84f771-3266-44d9-8065-de4b85929c79,4129,998,2348,725
7755,660582b4-14da-41a0-a3ff-3d72c990e750,32603,835,4804,9678
7756,c04ee4f8-68ba-423a-91e0-9f86d576fab8,12717,208,9404,334
7757,23bf0961-9d37-49e8-a344-8dcc6c41aad9,24754,873,391,7461
7758,1ecfc9c4-25e2-4b2b-86ba-9bc6cf6a6cb8,30110,664,4101,9234
7759,b857ed3e-58ec-4902-94fe-03352132521a,25436,359,1703,5052
7760,91849367-13eb-46e1-8f8e-4a34d91b827b,28157,106,1612,9115
7761,7faa6488-431d-462e-9e10-19c4009b5db2,18618,542,2536,7494
7762,9c790ca3-1aea-4faa-8643-d940dff49e1a,40578,946,3668,6983
7763,0e0b841c-c529-4283-95d4-2a9b41f18fb6,23750,218,5594,688
7764,7ba68759-020d-4c20-bb11-bb7eac98d5a8,20136,637,2310,6002
7765,e02e691f-c5a2-4576-8d56-2d58f4d19ac2,9365,78,8171,6245
7766,66882137-5ba3-4123-b7fb-f42f6858266e,12510,121,1690,6843
7767,559c78de-f16a-4d2a-afcf-1e68f6ef600f,34356,167,3358,7998
7768,d3bc5b64-f70f-40b2-a154-51ade91270a6,42456,140,7958,3921
7769,772b79a2-348f-4e7b-aff3-90e398dc5095,25396,888,8012,9203
7770,0d4731ff-e0fa-410d-a58c-b2cbe8fa360a,48153,810,2086,4338
7771,d79a1c5c-0b0e-47f8-9406-6283a48509f3,32723,234,2611,6517
7772,a863b86c-a8ce-40a9-a457-19bb1cea6364,42333,729,1392,8788
7773,20b28a9e-4638-4db0-861c-c7bea5da9b21,44581,988,8439,3411
7774,b7b1d429-f22b-42c8-90f8-a601501fd7d6,10900,529,6103,9229
7775,fa045536-c957-4fef-9859-d3a2c26ce30e,31504,854,1786,7743
7776,feb90e6c-1408-48b7-b113-fb3765b86e7c,3395,120,6841,3275
7777,901a1b5e-e70e-4f79-95ac-65e5a5a88d90,1817,932,3281,6159
7778,a5f033ba-7f74-4eb6-9777-7c8f94409ff7,42817,713,7167,4451
7779,405643a6-c029-42cb-9b6b-84708e635410,19694,997,4892,1119
7780,b60cff83-2f72-49ce-af52-59f05145db01,35117,305,2778,9123
7781,5defa085-2316-47c1-8ac2-2866eae856a1,20693,938,6912,1664
7782,7e1351ba-d167-44e2-8028-aea5fb21ac1e,28246,782,875,8880
7783,b07c815e-a917-4580-a494-4f489ac5dc44,12773,433,2805,3949
7784,012d1451-f270-4bf8-9fe3-37ded4205002,47122,880,8286,4329
7785,9a4e87a6-3940-4143-a5d5-d32462ef47e0,11306,385,1388,635
7786,2d6a2bd2-ba00-4cce-8058-b1a5056a5c49,29119,288,1580,3896
7787,b05c6787-c868-4215-9be5-43e4f70b7787,38969,202,4242,3263
7788,b097738f-8aed-4d68-8876-36dd014f9821,10955,739,6428,7579
7789,8721d9f2-1b14-46b0-8507-15b1745c41f3,48556,629,3943,8292
7790,61b38c54-3792-46ad-b893-45e4b1870a2e,16747,356,7558,4819
7791,97ac13b9-b1b0-408a-b617-b864e4bef98f,1836,156,3416,1286
7792,fe93b55f-550c-40b9-8f6c-c0354a092f54,13163,971,9813,6065
7793,08a382e5-31e7-4e14-b94e-18bff6becf1e,49678,644,3830,5959
7794,d8c6dc88-af6e-455a-813f-f0f04d85f0e3,22018,267,6806,8503
7795,6db89c13-1755-4b48-8cc8-e52b81742115,17634,329,5313,4459
7796,98b680db-5ab4-42f9-8e4f-9422224b3564,42284,226,9977,7877
7797,03dd3375-eb44-4513-8a44-ec5a1bb81a75,20372,319,5864,506
7798,758e92be-e61c-44b3-9fad-db53be2292b8,10785,329,9531,269
7799,0349b57a-cc26-49a0-a97e-bba5166c94da,37920,805,4972,6665
7800,54782370-bd43-4945-9efd-89035a56639d,48100,756,7136,1937
7801,e78e2430-fe58-4265-8724-489f9f223b68,20557,217,3830,9792
7802,bdf723ff-89cc-4ed1-b365-62628e3beda2,40857,740,1100,8234
7803,2ccc571a-ed3f-4350-8103-86fbceb1abd8,48679,725,3381,748
7804,28f23a71-9dcb-4831-a8c5-a359a2a735c0,19265,545,6495,3546
7805,c1481ec2-68ca-470a-8deb-b292b509d27b,12712,941,2061,6605
7806,269f1bb3-c325-4cef-90e2-b9cb2c25a483,47955,793,1674,351
7807,d15d7fcf-308f-417a-94b3-144cc9e9a860,11310,786,5915,9434
7808,2a8363c9-767b-4c8f-a61b-b9b289b5bf47,35842,991,3573,6814
7809,9e7dc482-6415-45c2-badd-3a42170df6c5,3334,708,5921,9403
7810,499121ce-2573-4dce-b92e-86a360b0a6f2,8161,869,6768,6665
7811,171f8a94-f59f-4ea0-ac46-19697af7b3c9,17455,647,2841,6145
7812,54b4c9d6-96f7-41a8-a773-fa0e245361a0,47582,749,515,3820
7813,d716ec00-c5a2-4226-8e36-a9c7f37c21fa,16996,709,6182,2172
7814,da53fa77-b976-488e-9162-415be0bd5d0f,36593,142,9997,6757
7815,5a1b83a9-df1b-4e27-aba4-2de98766a981,33290,278,2834,9318
7816,e4fa186a-1fa9-474a-8aa3-a0f98d8c1c87,40600,6,1809,5230
7817,b3bcf33f-b8e8-47ff-aa0e-934b50c55e4b,20946,783,8513,7356
7818,fb0f1305-323f-4769-9a09-ad09706e8e5d,30307,199,5191,3071
7819,1d06d141-1c40-40b2-9134-fa15d1e85002,12578,341,9595,256
7820,275ed74a-03f1-4d75-b094-df4b86e25aa0,36671,375,1795,8942
7821,bf8708c8-417e-4dba-8017-5fe0574ba82e,34897,763,7682,6321
7822,b9464ee2-9d25-4d57-8e24-1e27aec403e0,21628,262,4257,1632
7823,954a651c-3972-47e8-9447-30ff9a06de56,13260,607,9771,1924
7824,1064b884-4828-47ed-93f6-d0228090567c,793,788,5502,5110
7825,ace2cfb2-81d0-4b2a-a3f9-acc058763fe9,35698,178,9190,1926
7826,d21054c7-f083-4c62-b467-542733263690,8825,167,9944,7849
7827,8d7ae222-1c04-423a-a30d-a368edf68ce6,3513,549,7502,6804
7828,9aceaea6-2d9f-4a3d-b38a-657f3c229aff,37766,791,3958,8555
7829,314c898c-1136-42a0-a58d-bd223910f7c9,48055,815,37,3325
7830,18ecde5b-1f0f-4443-b1cb-77b808d294ff,8330,731,1734,8160
7831,43101bfc-8be6-4378-85e3-bc5417496fc2,10287,342,8128,3556
7832,e956552c-eee7-4301-a301-ee6be508595d,23519,601,5536,854
7833,7ae7b8d0-e28e-45c0-b562-5469319584a3,49756,397,1013,6830
7834,7034d852-bebd-421f-9bfa-c9257e453cec,44700,496,4355,4306
7835,7f7eb3aa-60b3-4419-8839-a439baa7a8fc,27474,32,38,6725
7836,7c4efd8f-3109-46ed-8e00-768ac77c64cc,26245,210,3261,9050
7837,35586e57-b285-46a4-a113-0dc42c9784ae,24333,194,4122,9796
7838,0e434c95-a5f4-42a1-b66a-4dbd51887879,3130,746,5540,1565
7839,ae9f7e8b-8618-44e9-a0e6-f595ea6103cf,32840,665,5225,3559
7840,94e7b0aa-8e39-471f-9e26-8f5ff5ac4950,14584,409,8562,4831
7841,f12d24c8-a366-49f9-89b9-c1cb0b83196e,16479,451,4589,5733
7842,63fb6ed6-1655-49e8-bd13-7353d05969b2,49960,189,3078,5038
7843,1a00dfbc-5bb3-47af-a4f2-ebbc37a7c2be,39049,787,2166,3300
7844,b89d221f-7aba-4d6b-a3e0-d0322df91134,42576,854,2882,691
7845,9a7978a6-15d5-4e65-af2c-5cea57bd9ea3,25337,737,880,1224
7846,a5f5d057-88ef-47fa-8014-00f11d0964c9,32112,437,1870,1854
7847,0131e28d-3017-47da-b90c-7f9f98f4f53b,6720,849,6059,253
7848,2679eae8-dcc0-4088-bd87-bc8f6e5f468a,7308,657,5103,5348
7849,9a1d6fe3-3142-4a7d-84a1-a251ba93fa8a,2850,862,9675,1551
7850,6fcbeb03-41a7-407f-a113-e5092322b626,46638,624,3474,1627
7851,d573a1f1-682a-4493-85d6-4ea5c4526e6c,38876,331,7899,8422
7852,601372fa-6688-4589-951b-8a6bae129861,48568,128,4926,9041
7853,acbffcdd-b097-418d-8e0f-555d50f06a43,42126,601,8140,4108
7854,828dcad9-ce8a-49c3-8153-f87a2271da42,26110,536,6941,1930
7855,3c379b09-8869-42aa-9387-8fb3a720a92b,47601,369,8888,3097
7856,0d6ffc79-f107-4edd-ba40-aef9cf923458,31087,229,3615,1606
7857,2dc6fd9c-6d0c-4be5-9fa0-2bf6d9ca6fb3,12387,552,4344,7181
7858,c3a7eec1-fd2b-4a72-8284-57788592407e,5398,287,8567,6607
7859,e83be6dd-9d24-47cd-a415-abcbc1ea3b00,30052,610,9361,4084
7860,1dec225b-9d42-4f21-9010-bd13940d190e,45853,259,1363,4451
7861,830b5d25-a54a-4d80-8a15-88452d92d633,33902,554,1870,7312
7862,6c787d54-7ca7-43ac-9431-9558dba3cbf5,12790,979,4671,5835
7863,e2757c92-39a6-4763-bf30-6ae77fd8aa88,17283,986,6802,506
7864,8883c975-4287-429e-88f1-aca90a863c16,47113,978,2280,7920
7865,01cf4636-f30d-4867-8260-cd50925d1a99,35531,339,6754,6375
7866,e93dcb4f-289f-48dc-b51f-f27bbde888e1,70,837,9285,2727
7867,bcb94ec5-d14c-4845-83d9-85ae2842f550,35374,945,420,3607
7868,061774cb-8e1a-4a68-b458-2a8781f83365,46741,677,3430,2550
7869,68ca5d72-8382-4891-8324-53350a5fdd44,7764,123,4084,240
7870,d40a2800-e3cd-475c-8a3a-79060656bd9b,21738,793,8340,1379
7871,cfde2f56-0313-4385-affe-3c8f422c381a,31448,364,137,8602
7872,bc912811-550b-46dd-9146-77c170743639,26164,613,796,2977
7873,46e11bfd-0e6f-4565-b361-763b6e715419,21200,653,6323,8642
7874,27e7d11f-9692-4614-86d3-8ac723df2b9b,48277,476,1866,1501
7875,8b89a111-56bf-45b9-9a52-6bbf0f3b43dc,26317,374,8803,4007
7876,657caf64-fbd2-436a-8685-390bde8891fe,20181,586,6507,4909
7877,19d73104-1ecc-4598-947e-472ae2fccb3b,2211,875,5263,81
7878,1417b7a6-52f0-42fb-a0ed-c6bf98630fff,11941,749,2194,923
7879,a81e2514-bb34-4a9c-8f94-e6c450cf30a0,45161,383,5783,3500
7880,f59265c3-8137-468e-87f9-6a6b32a3bb85,14887,292,455,2662
7881,8fa14e48-6c20-4ca7-910a-bf7ccc969d74,43886,267,9350,6764
7882,1fbb0863-815a-4e03-8395-e364716acb88,48100,40,1400,6489
7883,5bd5e081-ccfa-4445-b755-08fa515266f7,191,903,5782,6583
7884,c0e0a3a7-2583-4901-92c2-45983fd9378b,29537,111,5987,410
7885,876d778d-e13d-4211-817c-6cd4a858c16f,22690,647,5578,839
7886,a57f63b2-3d7d-43b1-94d4-302f0aae029a,25382,894,8101,7456
7887,0fc1394c-4633-47ee-a881-fc1d7b7a7049,44568,865,4198,3641
7888,f2c44987-6042-47a0-908c-acb0cb494af4,7580,398,1295,3660
7889,a411b512-42b7-4e36-98dd-6a19f1cc866c,9565,918,2104,7390
7890,9c81ecde-c091-4eed-a14b-341ca9aaf106,44633,954,3637,2584
7891,161ce26c-72ae-412e-892e-f4c29799e9da,49293,527,8039,2979
7892,575f812f-9ea1-40df-8ff2-89a017ce363b,24670,634,1204,4794
7893,85835a66-cfbb-4518-9ac8-4fce1265e302,14038,730,6464,5767
7894,4f3180d0-bf7b-4f4a-bbd4-6847de0c7498,20132,711,7371,7306
7895,56d167eb-b173-4e8e-9202-6e4e126344d1,2243,666,3929,7497
7896,04b4a38c-7068-47e9-838d-3c0abf22b8df,33202,780,4086,1680
7897,de70fdfe-76e3-4c63-b9c4-386c56832a91,36781,697,2479,6997
7898,436cb9b3-0d55-45fb-b262-30793131c361,10007,130,1519,2274
7899,48a5264d-859e-42d9-80fc-cf251ed3558e,3482,975,7653,7178
7900,f6cb7e1a-750d-4f20-8e47-3ab3dc776f23,8787,320,7984,5501
7901,1b6c3c1b-99aa-4096-a436-cf512a974e07,45937,745,8593,4583
7902,f02ae221-3e11-45f9-b8e7-be442190f551,22309,889,3442,7072
7903,c17d8643-8208-4ccc-919a-2ad10416773c,26876,540,8115,9236
7904,1a1aefda-58c6-48e5-bc3c-1d0e78cad5ea,30988,816,30,6032
7905,3a4fb406-50da-4d8c-84ec-d281a057669e,6081,361,5825,4928
7906,fe523f1e-9600-40dc-b568-e05991efbe10,22801,195,4450,6104
7907,8a5f6759-0255-4174-9833-44d67fb2cecb,10068,703,5921,1128
7908,cd352102-1a47-46fd-a66b-a570dfb53ea1,35920,832,7903,3541
7909,fa867b10-71cc-4942-a5e6-2aec8372504f,39129,213,5534,5026
7910,708ce967-946e-4bc8-a136-51c54a4b8fe5,3818,427,3626,4501
7911,7308a293-d3b0-4e4c-8612-c42e429ac647,27625,213,4509,6458
7912,60254258-fc57-4ced-892c-0eb887b77f89,25676,833,9802,924
7913,51ad3a9b-10d6-4f19-9d80-66a73fdfb050,46988,334,9400,1796
7914,724b906a-d6d9-4ce9-b539-a80142c884d1,20943,792,8123,3571
7915,da451ffc-7d64-4824-90f4-7f908aacabbe,11093,387,9343,453
7916,73efeb3c-cb90-4434-9d1d-820e39b218c0,26640,421,3036,7960
7917,6423c96c-ab74-4f85-b4f4-3e78848d4a5d,13779,350,9938,6268
7918,eb96add4-2710-4cbd-8589-c538c82dbdea,18347,840,4919,8870
7919,65d7f2cc-e43f-4c43-bf2b-4aeb4b3719a7,1966,174,4189,7291
7920,54b385e0-ad38-4f99-846d-4bc9a77b3fe1,3370,534,9682,9177
7921,767721af-8f09-451d-bd83-82d0655644cf,23523,974,5639,5757
7922,48a7a321-d33b-4ec8-b72c-ea4a400b6d62,13808,36,9317,4227
7923,d721d779-d25a-4a43-9219-278c3a83ead8,8206,274,755,1071
7924,56f61577-4482-4287-984d-10fd74ca35df,8721,519,359,7177
7925,e9a5eea0-a81a-457c-bad1-8af647c94365,14685,532,8957,5542
7926,fdf7f2d3-2698-4e31-ac86-b64084f06f14,2580,323,1034,9703
7927,771bc7b1-c531-4413-aa31-ae37f946dbd1,15205,565,6646,7011
7928,30644ad6-3bdd-4325-a435-eec8d32c9a6c,36685,145,7637,2318
7929,abe2d0d5-8283-4f05-88ef-e77236fbd43b,39932,231,6333,6697
7930,cb63e877-c0b5-4283-903f-1819a0683e26,40394,737,7776,4924
7931,c3b30ff7-cc05-46b5-ab78-5e7a7af20215,35570,86,6599,6997
7932,a597348d-fe32-4157-8313-f6018aa01db3,16635,307,8833,1121
7933,2d97bc52-b560-4586-ae16-b48fb4adf10f,4588,74,6514,6836
7934,64faeb1d-3ac3-406b-8b1e-e899511bb65a,39544,706,8719,7628
7935,9653b2af-3957-4ca6-b0fc-fb58a4882e73,8094,161,7486,5197
7936,f5064de8-6620-4f9b-8efe-3f2e84331976,49555,546,5371,6661
7937,17c48202-3bb0-4034-8ea8-96a251f0824b,11554,650,8235,973
7938,2a173d6d-1ae8-44cc-acd0-5d4f15ca1d92,18823,464,5964,8449
7939,821a2020-4f20-4fec-8fd5-fe4b1f49036c,11296,756,8841,8770
7940,1ff731a4-dd0f-4fba-b974-d6dd9ef25649,42563,242,8835,3838
7941,33b47894-7672-43d9-a2da-66d75499702f,34860,744,9005,8971
7942,eaa8aef9-5e68-4188-a144-c2a8538b9939,19401,894,8263,6112
7943,a33396e2-73e0-4294-9408-f02b9d2bcd9e,13537,482,2707,884
7944,15dbbf6b-3660-4071-b33b-89856f02c79d,43201,899,465,2355
7945,9349e963-d5b5-458f-8872-fd9f912cf7e9,7370,585,2122,6502
7946,a4ea6f4f-936c-4ed1-adfc-b000473e9001,23358,529,3463,2102
7947,05ea262d-d41b-4151-891a-9b7c0fc88d0c,44626,260,4269,4433
7948,25054f91-cf0c-48dc-82f3-0e0d76d1e34a,31055,864,7337,2847
7949,e3789b4d-4a8f-477d-84d3-de3519ec8e51,49828,77,6806,8918
7950,5c29d1fc-3076-4e07-9ca6-0edffc82abc3,33333,965,3839,8487
7951,d82e4070-ac47-43ba-b5f6-c7e71e940e5b,5133,752,4867,7114
7952,5a075e52-75c8-449f-950c-98bbac362b12,3895,313,2139,1801
7953,5ca3efc8-ac22-40e8-912f-0590f5f54e31,48558,145,2594,6756
7954,8337d700-a3a7-456c-9d7d-a857b314e884,39736,488,2364,6758
7955,63ffe508-69d8-41ca-9243-2a63ec012b9c,34118,959,6758,451
7956,425c6ef9-8b47-414b-858a-84969402ed0d,43382,272,3688,6896
7957,c7ae4e16-c17d-4c97-b757-dd8fa31dad87,48160,873,9118,2127
7958,b370d59a-bbf2-47b4-a1a1-3d0c42fa757f,31102,855,1327,4659
7959,fcdfbffa-dbd1-4bc2-8579-8aec0baa750a,29773,16,3240,4569
7960,9e607f9c-8295-4fdf-8180-1e06f2d2aeb7,39201,847,1312,574
7961,0b17fb0b-0d17-4c18-922d-30c3bb598423,40187,561,9459,5586
7962,e77d6a39-ea85-4c3e-93a4-9f89235bc955,4653,694,9011,7958
7963,64959b5e-594d-425c-a5d1-56c4d3b1095f,9432,499,853,4360
7964,ad4a9a1d-e994-435f-81f4-c5542993a5a4,12122,33,6203,1035
7965,a37532a1-aa26-4c08-9c89-eda480bffeb6,30378,687,6850,7098
7966,439f062a-1da1-46c5-a3a1-83100ae36559,13054,544,6072,2347
7967,f783a712-93f5-42d0-9960-f8a8df0e8e3e,3758,127,6059,204
7968,f285d05e-2893-4381-9f46-fa3b6d6f5398,7605,513,8720,3800
7969,f2997991-5ba2-4452-bb47-4d0ed742b1cf,32396,363,3235,7857
7970,1addc2f8-a75e-4996-bd36-6681dbf13d7a,36895,329,6964,4238
7971,fe59d071-c228-4a6c-b461-e5bee3ebf635,9294,924,3889,4268
7972,188ea932-222a-4104-8c0f-09674f86606d,4677,800,3532,6007
7973,1bcce067-443f-4d20-b2c7-87c3d780b44d,16711,444,1855,2788
7974,dd5a43c2-2f57-4cd2-8cb8-3205b9256d40,44395,443,498,5414
7975,20d87ad0-b6a5-4198-9778-8bf6ccba7111,4773,582,3604,9890
7976,16d6653d-65ef-48cc-93dd-8f3fd31851d0,25251,667,621,5695
7977,5ebdbf14-1b7f-488e-b73c-1eaab4426c39,29213,536,8251,5680
7978,7340dd52-49bf-478d-bc4b-ec0b6de2d99f,38007,644,6262,7810
7979,abd7e1a1-f34c-4935-9c8a-71b799f6228b,21706,255,7649,5953
7980,c6d1a5ea-961c-4c38-9e37-126bf5a8a486,7442,726,3976,5857
7981,5bcc6d08-594f-445c-b625-be01424304a8,35301,918,7404,865
7982,20588c7a-ee72-4afd-9c93-58ff4b357790,22755,686,5827,5404
7983,5992e4df-2a68-4fc3-a249-741194d5e808,3965,892,6579,8008
7984,df2071a0-545c-4b63-a90a-c330a1d41809,7088,108,9859,5727
7985,c7c56698-fe10-4b2d-a3e7-271d675cc93b,30105,536,9645,1497
7986,66dabe82-a9a6-4474-8003-cb2c1e77faf8,4524,540,4245,7473
7987,2ba4d6c6-f472-4b66-8a61-d5ff846db29b,7649,896,5337,4903
7988,4e31d974-6809-4bac-9247-243035a0a259,9177,235,9400,8462
7989,bf921f3e-4a54-4409-afa7-db43aabb71fa,7509,901,5109,9160
7990,b96aaf65-f577-48cc-8218-da801b3dbae8,23060,60,7526,3951
7991,e07a7106-f36d-40cb-933d-314e51e8edb6,12185,450,7696,8267
7992,5d2d7d7d-b4f1-4e49-8b27-59e46ea48ecb,46133,104,2460,8128
7993,e572bda6-c5a2-4001-a361-ea8990503f0c,28912,122,4300,2646
7994,ab3a0e0c-8ff1-4784-b0ca-074d9954ba8e,34901,753,7553,4690
7995,4744d6fb-4bc9-468c-8602-edc877b78909,20022,409,932,4342
7996,29c097c2-1332-4f2a-8828-18267811aa51,10838,630,182,4600
7997,b5015ad2-c994-4df4-8d83-a64033b144fe,34903,802,9616,760
7998,36b7121d-3346-4ef5-9ed8-d7c48394dd4f,11098,929,2851,5020
7999,93955394-6f08-4b46-adfe-784501bdb3d6,21135,792,9063,7436
8000,d168a9e8-c2e4-41c2-a024-d6c7ed2d67ce,3776,697,5749,7634
8001,b4d00f93-1cf1-4e3d-828c-3cc2ad3a289c,40283,2,4176,7876
8002,56a2692c-acc9-4296-84f5-5636ebda1d46,34353,796,701,8652
8003,e5f7a904-e062-4f4d-8e37-1ce14bc8292a,15593,558,5698,6470
8004,7a6103f1-8a34-4ca8-815f-93dc3f97dbe1,10321,287,2656,9657
8005,58aef8f6-ae87-458a-8a34-cbc4f9085046,6037,731,7748,5658
8006,b03dcb50-7a9e-4c45-b789-e5b70af1725b,45909,70,3634,6350
8007,f91c370b-498e-42ca-b24a-d8cd967cbac8,42593,934,5792,7318
8008,7c96c88c-acc8-45b6-9359-62a893c040bc,14243,722,6066,8875
8009,b98081c3-9b03-4c23-8821-1d31ea79ecc0,29363,608,5252,5173
8010,7acc8243-340c-4917-9ccd-29a3d575e111,48244,587,7079,1460
8011,40eabb31-5a85-4a6e-b79f-e43a8ccfd85b,49278,183,2385,2433
8012,055db5fa-0bb2-480a-ab61-6863f2536213,1491,618,7856,1354
8013,1e00f6cd-3eb1-46bd-900f-7303368a5e90,33104,224,1613,8455
8014,98c11acc-c950-4ff4-944c-67477c21b8fe,18266,827,7131,2542
8015,08b7ca8b-722c-4a2d-92ce-89f0996d0691,7303,275,1231,8082
8016,1dfc8e17-f1b6-4379-bc59-8711a40e8bfa,10743,734,2142,714
8017,ae271ab2-4689-4bdc-8efc-e22cd890cd22,2119,542,2589,5717
8018,13451724-00e4-4f1b-8548-3c44ba18dfe4,48799,632,4372,5871
8019,768ae7c3-120e-44a2-bf1b-b015abeb2686,8621,679,9187,1047
8020,bdfe1e38-1773-474d-8464-2480eaa68713,41850,932,3087,5611
8021,89903eb9-6224-4ba4-b9b4-c14c86513710,28645,952,1296,4444
8022,7970561d-aed3-4948-b8b5-6511c52e9c1a,8251,593,4602,4299
8023,e8aeee9b-7cb3-41d4-b570-1f7ae9fef262,47478,883,7406,3991
8024,d296c74f-c651-4041-b81b-055cb7f779cc,2412,967,4271,5863
8025,cf82e878-56ef-4fad-b0dc-0dea60664c44,28162,974,2670,7687
8026,9c5ee9d0-43c1-4e8f-9b3f-7a62d6f01ba7,146,690,4886,8196
8027,01d2d2a9-bf98-4db9-a2c0-d458e9daf14b,5340,401,6415,6528
8028,8d85b66f-3e9b-4bd2-8758-273f8d668637,29017,923,7332,7233
8029,8c71bf4e-9872-4826-b5f8-320fa2c58f64,21320,485,5292,9084
8030,ea64dd19-6e63-4db6-8d5d-77e9d0cfdb71,1813,579,1141,9493
8031,66db1da7-62d2-4119-9dd5-a5f951ccbe44,48254,926,421,5139
8032,df674a0d-8e1a-46bd-9f24-4dfe67400b2d,3615,146,3687,440
8033,df98bbfc-29a9-4d1a-ace9-eb58bc67908b,19724,485,8658,6140
8034,b6f6ac9a-8d76-4a77-aa56-a627a1d6301b,39025,699,4188,2851
8035,57817689-4391-422f-a98e-4ca03236000d,10281,648,4683,4512
8036,d555cfd1-2e72-4012-ac3f-e54804499f0d,18953,344,1456,8489
8037,00320b5d-aa23-4006-897d-f9f74cc2e380,3100,643,8930,6298
8038,41f391f9-9825-4e3d-b0c2-e11c70f73635,27641,240,9916,9184
8039,25b9b064-7010-4b1b-bbdb-50eadf688b56,47382,784,8242,6846
8040,2949e69b-6630-4271-868e-11c3fe2ffed5,35957,145,6252,247
8041,db081f3f-a954-47df-973a-7e5cfac6c146,35276,207,5220,4596
8042,3a35c163-ccc1-486f-8572-974bc95eaef7,24177,62,6762,6483
8043,ee921db7-959a-4745-9e67-2a35b1f1e447,31613,303,9671,814
8044,68ae189c-430c-4ebe-8f62-db3386fe6b18,14955,660,6439,3185
8045,3e4ab539-a3c9-4cc8-bc1b-886c5f7298ea,20405,692,1645,3609
8046,38518c64-199d-4ec2-9c99-d3d785c1667d,40158,507,3062,9237
8047,3ab79e85-9234-4e87-942c-d251a81fa305,45664,67,9182,8977
8048,a755def3-0349-4fb6-b2ef-7b99246b44b5,5073,508,4511,5409
8049,f185b77d-daa0-45d4-b34e-a414025c3a04,36290,509,2091,292
8050,d9e53ac6-e7c7-4185-88ba-be0d6fe7e671,44317,64,5549,9355
8051,f6445277-811f-486a-8b84-5b7093283352,39639,894,6719,9772
8052,fcce78be-1a16-48bf-9ebb-c2e9e67196a9,28257,336,196,7329
8053,5d0ad186-898a-4261-b738-6f4c62d724d7,19829,78,1888,1959
8054,75be9011-2595-4243-8f67-be9ff71086d4,37159,792,2988,1446
8055,68510832-13e4-487b-a7fb-aacc91d0df0b,28690,405,2090,4114
8056,c1113359-9958-48f3-aa69-66a6d617b2ae,6977,346,9538,252
8057,82dd30bf-e67b-4c05-b72b-47864e828340,11708,824,4384,7956
8058,4dc2f6d5-da27-43fb-97f6-94820c4aca0d,46229,24,3452,8477
8059,75b4e210-d6ae-4268-8709-a28843409009,24797,224,2657,4926
8060,7e4e6c12-e2da-4c28-a039-4878c9a6d90c,1850,344,5446,9576
8061,d4927b9c-e9c1-4f13-b210-9fb533659a0f,10109,739,5663,7260
8062,7b56ba28-6677-4785-88aa-63af457d0b1e,8861,746,5286,780
8063,2e329434-8bfb-46c6-a603-969b02e3a849,12482,82,2507,3839
8064,34128088-ab40-4e32-bc83-e3f6d732fa2f,22570,696,553,4102
8065,4834a261-a069-412b-b922-b6141c98d09b,28574,349,6751,3268
8066,3ea0a8d4-f0ff-483e-8bc2-03ba91107fb9,36960,70,5085,7699
8067,2d109357-047e-4687-9af6-fff9a09be1aa,42736,542,2048,5183
8068,877fe94b-28fe-485c-861a-e8b5f5f03351,8034,955,6507,6345
8069,4d9632a6-bbb5-4138-a46a-7f6a6fd0206c,34516,945,8195,7238
8070,5940906c-532c-4ab3-8d2d-b67c1f7536f3,19828,81,7065,4339
8071,aa9afd73-7c6f-4b58-99e7-3d274f0d2d01,28134,13,182,6751
8072,eb88a56d-fe0e-484f-a377-6c5aa6e7fb57,19837,137,2215,4395
8073,be139e7b-7754-458f-a6b7-dd5c7b3ad62b,19464,262,5996,7949
8074,0ed6faab-86c7-421b-8eaa-a2611d44206f,3029,408,9405,3318
8075,ed8391c3-dc30-4d65-9e72-f31854c227bf,8737,636,5798,3855
8076,53743663-b9d5-483b-84ef-e6b157dcce84,33913,190,2442,4466
8077,2f592eab-1c03-44de-8dba-e750673b868f,41464,281,2101,9718
8078,0dd34019-476b-4583-b6cd-2f54c93afeef,6428,40,9436,3147
8079,d730f0e7-9efc-42e6-9c49-bfc4daf18c85,25686,726,5605,1337
8080,7cf932cd-8b25-469c-b823-d8e3112fbc9a,46623,830,5345,8848
8081,a0045348-6c54-42db-903d-83aee58c2dd1,13053,732,1298,2298
8082,93db182d-fc25-4e8f-affe-4fe20a2d35a6,5432,495,7046,9513
8083,e6987941-7e3c-41b3-ac83-f779bd6bb56a,38552,205,1209,6306
8084,6380100c-ff06-4af2-b29f-f1d877cb6bb8,21692,721,1880,8390
8085,196372da-aa48-4e83-b8ce-b99ca58fad6e,34083,469,9522,6192
8086,6d1cf211-7d13-4781-8ede-b81341b771de,32249,259,9511,4213
8087,38cadf48-6363-4415-9dd3-d3c90ac8455e,4685,519,5835,1539
8088,d1ba14c8-4daa-418f-b79a-7aafd6cd4d1d,15167,716,3860,8517
8089,9d474ccd-98c6-48f7-a842-db8d775a95ad,46331,526,2568,1919
8090,e511838b-2705-440a-ac1e-57da8e064605,48036,776,9566,8727
8091,0c7e5a6b-4a2b-44f0-a2ae-1971b741ab11,43439,770,1852,1784
8092,7ac4e675-a1ba-4b13-945a-555d465f655c,11433,760,2595,9672
8093,37021c49-0d64-43ad-b3a4-7c0bec43f7d3,27376,529,1788,5172
8094,f826bbde-1b1e-4b2b-818d-8b1f7659c9c3,15436,572,6313,4165
8095,d83b3a71-2e90-46bb-9c19-fd6958f0a506,17557,989,5879,3477
8096,d5f4f3ae-fade-48d1-a5be-db0547f4f6e8,18923,337,7007,7521
8097,95529dc7-9808-49fe-b62d-b55d28f6c064,22769,800,5094,8162
8098,c24c6c59-5abf-44f2-b0ab-c3603086068f,43883,346,8347,7663
8099,9adfb5e2-ddd8-4b46-b902-932920c951b8,43237,569,709,2919
8100,17bf9b50-445f-4a03-beb8-db39709d5ea7,9458,96,7663,1668
8101,78ab7532-561c-4da8-9a21-1d4d5a89e948,10503,155,6996,3498
8102,f6edd500-e6b2-4d7d-ab2d-e374030d7a9f,46773,738,2302,7685
8103,bfa7b15d-8a79-4685-91ea-be7d286d13be,40966,332,8127,4878
8104,7dff1e45-198e-446a-88d5-8870f2f378fe,2408,586,62,379
8105,64d57117-8032-476a-b474-905f43b30547,12934,615,5492,7726
8106,1dda8381-6b4b-4a7c-aec8-b80a01ead1c6,24706,888,2047,6983
8107,3971e942-5fa9-49e1-ac1e-a7e65d1027e3,39264,977,2885,9126
8108,c40da3d9-6f26-41cf-83e0-85639e1454e8,25910,653,1261,952
8109,9cea9c71-531d-473a-a5ad-e2a180c82958,37863,393,3734,764
8110,eabaf9b9-7a00-42e2-966d-e75346a4c4af,8434,665,6975,5375
8111,8f7a9de7-7496-4360-8bd9-cc4743a81615,41348,391,1706,8059
8112,a8b13fa7-8a2c-461a-ac8b-02ede53c40ce,37079,722,1110,8747
8113,63d03ffd-79ee-4a91-9c73-8a9407a17430,12701,898,750,3856
8114,11a05bce-f81e-432c-9718-24f9cff29a02,20012,4,9884,9433
8115,6cd1f22c-c7bb-4024-8680-bfc9ee8bdecd,5277,782,1966,6968
8116,970d069c-3d9f-4d18-8615-3032161d4d37,39710,358,9509,6527
8117,aa87c93f-dc06-49e7-8fc6-8581e927c01b,13242,779,77,1636
8118,ad5c3646-9c45-49da-84ee-5ad78f7f5817,35868,532,2461,1702
8119,67b016fd-bff7-43b4-9e88-627d3df37068,42813,79,6218,3102
8120,6a6ceb3d-096e-4484-a0c8-e15ee6d1b47b,32059,972,4304,1058
8121,51c6fd35-3aaf-4319-abdb-2d14f1841474,1624,675,3318,9131
8122,b187a36b-715a-461c-8180-40c7f6e42419,46709,116,8933,4722
8123,0cde7e1a-1ab7-4028-bf04-1196a2eb9fc1,17815,433,5396,2072
8124,89ac4b89-6f9a-4d03-9b03-d183f4003f78,4861,854,4002,7239
8125,9dcc2de1-f6e1-4f3e-a06c-aaecf5d3dd21,41773,421,3471,2187
8126,7453da9d-ce91-4180-a5b2-6ed9175a3640,48881,614,6069,3737
8127,3cf0bc71-d73f-4dc0-b17b-86d5b6c1b01d,32170,758,9649,3492
8128,be2ef4f3-8e63-4785-95a1-0c6c2df45958,7083,729,9113,4566
8129,ad37f725-3f63-461d-81fa-7865c6f2fc02,19797,21,382,3410
8130,d24bca3a-4e1b-4d33-9f2e-85d293244d24,41866,112,2111,1187
8131,c11b75c2-88d3-4bd9-87b3-301eff34f912,13387,769,4370,352
8132,ae75b83a-fa48-4475-b795-efdeec19972f,2213,226,8888,8761
8133,f5840fda-59fb-4914-9c4b-df7d8aff708e,49648,278,2481,9529
8134,0c3cf055-e6b9-4c92-ad83-cf86103b5dfc,5646,892,8788,2629
8135,5a3e9940-b687-4e66-81ac-f741d43d31e2,36427,180,9693,1254
8136,5d15fcc1-d7a2-4a25-962a-64857e34b961,2971,584,3238,9903
8137,c8843434-a069-44d4-a743-454209bea009,43791,243,4026,2954
8138,dbf75f47-5796-40d3-a1f5-7943aa159b40,34814,775,5087,4905
8139,851b6b01-34c6-4477-9c05-c06bc5a0f3f4,40393,388,5361,4735
8140,1e6c20a7-d210-4f57-920d-2085df6f1ef2,25233,298,4035,9317
8141,3480db96-686a-4102-9306-4be6d148fa96,33912,728,4931,6850
8142,6291d0d7-aa34-45dc-b924-781674e3f348,14130,520,86,51
8143,bd26537d-a9a5-44e8-b469-af2b458f00b4,4665,859,6239,7513
8144,c29865eb-d3d4-4cf3-94a9-65f965cfb097,34458,633,7019,5923
8145,f4bf4287-2510-4046-b485-818ada1e5452,30795,693,2599,6523
8146,e86e8730-b607-4b42-b14e-09540ea25bff,24945,420,4204,114
8147,ad73bfac-31b2-462f-9ea5-786af2a882f7,28844,420,5969,3993
8148,7e7122db-0220-442e-b87e-849f56b6e0a1,46083,972,3240,7808
8149,2da79d07-05a9-4753-9a64-c85921cea550,16454,36,3509,3831
8150,aa8cd8cd-0ef0-459d-ab2f-094aef89e636,41253,735,412,6481
8151,da52bf8d-476b-4a51-8d18-0c5c68a9223b,3793,406,193,1949
8152,37e59f2c-9112-4f2b-8aea-0bd6a0993316,26898,2,6530,1510
8153,0476dd11-9d87-4bb2-8abd-82082bdf5a0d,13515,142,2656,9162
8154,0c549c27-7cb7-4466-aabd-d008e9a20b4e,6621,234,8698,1065
8155,a8fb09ff-421d-4efc-9985-6037381f7119,555,299,8344,9827
8156,2063eab8-ada2-4f2d-98c6-c67c0c53d89a,43555,231,9219,7212
8157,85d0a146-3d29-4c2f-83aa-0277dbe4fc1e,42630,10,5058,1161
8158,7a40d869-1c59-434c-85cc-b9c77a1bee06,10261,964,3807,6580
8159,6417eba2-1aa2-4a6f-a43e-9b34ff22c588,32216,477,7143,3864
8160,6ff3bcf5-4012-4d0d-9f68-e5934f12e58f,3368,122,4706,4214
8161,a82d4b5a-2aa8-4cf7-9107-799d56edb31a,44792,50,8220,1378
8162,4a3c2c11-f231-4788-9832-95d2d897420d,45609,442,2052,9976
8163,6b7edc17-70c8-482a-8d14-c3ffd600e1d7,3875,441,2671,8987
8164,9eca7f39-67a2-4d62-ae51-6e941470d20b,32525,51,4425,2670
8165,5adc31b2-d910-4ec6-87da-730883e65ebe,20331,949,1290,8528
8166,a779596c-1705-49bb-982e-e2fcb3629913,15103,519,9069,3988
8167,2d7aa322-8ea2-40b3-beb6-39215eaa8185,17017,661,469,3693
8168,8ea53f31-3942-4636-beac-0d1d7182aa05,21248,68,8962,5058
8169,f37b3234-2a0f-43a7-a25a-accf551cf708,25866,156,428,7751
8170,c13c3954-d310-45fa-90fb-3b4dc3d7641e,12413,27,7687,8723
8171,2a00a2d3-5730-47b9-b8de-8486d61ad791,6935,658,9207,7291
8172,3fb9ae14-1f0d-426f-a370-4ed51f408133,40154,774,6785,3970
8173,0253daf7-5055-465e-b613-920d0ea8c35d,2297,28,7428,6532
8174,c005d0f7-769f-4fca-ae3e-aa781025c172,22331,235,9073,4036
8175,b77e6096-c5bb-490f-bc75-04cf7c320280,38232,145,9631,3598
8176,27c82e7f-4896-4457-887d-de174801f41a,24345,47,4718,5739
8177,b3ad2616-8c1c-4cc6-acfa-307ea430d7b0,34618,706,1215,2614
8178,792393ef-daeb-4ed7-a85b-dbda74091737,41604,529,7126,4680
8179,7e942e86-3acb-42a9-898d-fb5557e68884,14537,443,4072,4591
8180,08be1f39-bfca-46e3-b735-53ab535016e7,37259,698,704,4302
8181,3a620849-8eeb-4394-8032-366291d743d1,5344,703,54,5007
8182,ff8fd1e2-0930-4e7d-a3f9-fdce50dff49f,45826,342,3045,4670
8183,f80c7dd0-93b8-4a00-b6af-7e29124fc01b,306,866,3455,1827
8184,210c0985-1c5b-4f5c-94c7-ea04856875ac,40884,309,9919,5409
8185,8c6f4984-2578-488f-82a4-af2984d4ae80,20724,815,5836,182
8186,df22f3b7-a10d-47eb-b93c-c8543131eb88,41661,305,7164,4778
8187,392e09e3-31b2-448c-85e1-b25b91d5462a,18542,26,6619,410
8188,206bca33-6498-4201-9295-665cfe662eb0,12092,681,9356,3046
8189,87d76673-3b40-4ab3-84b0-2473d306eb02,19021,787,1943,8029
8190,d99249d6-190e-4dab-b692-66dbb3217b37,42966,218,955,9402
8191,3af935d5-6e63-447f-9231-e015feb4f8ea,14269,150,1942,8907
8192,86d9d302-1408-43c6-b5d2-77bd0d50029d,26605,589,9730,294
8193,ec470c73-b292-46c8-8658-4a9cbd0906d0,42105,142,2382,1162
8194,f7252603-3263-4e46-8afb-022355914660,5337,237,6635,1631
8195,02427723-5fd6-4703-b874-302d108fc713,13228,359,8048,6602
8196,d4d33e26-43a5-4c8a-896e-f6ea94cad268,42721,770,5518,803
8197,4de26ea5-ff58-441d-955f-ed8854767052,13206,369,5661,5556
8198,96ead65e-c2d1-4875-92f2-9a822742103c,62,783,5108,4121
8199,960b18c6-259b-4395-8e86-0068e73b650e,36513,467,7338,8757
8200,3b99ad19-de94-470a-9924-aab6ef0add46,30370,859,8303,687
8201,bdf78f6e-977f-4507-b9d3-35a6234ce335,4573,942,4579,7928
8202,02d009ab-0e2c-4452-8b42-c38936dd5724,33116,786,9811,512
8203,10665553-b195-415a-8ce8-e535a32c0ae1,18475,3,6789,3746
8204,9df6cbf8-a93f-49e5-873d-6d3e5a9d5f3c,43855,756,9845,6852
8205,5320f266-1b03-4e40-9265-5c812312f7e7,45855,647,2815,7629
8206,2fb66cbc-003a-4dff-aacd-35b0f3c3ace1,6512,809,2450,573
8207,1c31508e-9952-4f00-83c4-1b86d24cb2d3,38282,959,702,5676
8208,45388ccf-a813-44d2-b719-f099c23b69be,40248,746,7605,6270
8209,43e68cc2-297e-4fa1-b1a8-528de989c786,38635,182,5276,6330
8210,fdbadb7e-6bd1-488e-8989-dfebd5ed12ff,19076,215,5062,6652
8211,4f7b12dc-52aa-4e42-8980-d2a3573baf39,18050,647,1500,5162
8212,89155cf2-91f9-4638-85b2-19056caefe63,40437,553,9833,8183
8213,03b11e0d-4b92-4d09-9dfc-607e4957ab77,32455,897,8179,8337
8214,6e286a6f-a33f-4626-a5e6-942572ac1b49,19663,89,3447,5337
8215,ad5adde4-37b5-49ea-92fe-3bc4e92003d9,35836,676,9248,1782
8216,9ff52f5d-d817-486b-b222-1780c07f179f,47183,253,271,4804
8217,92d6ea3d-011c-4c12-9e9a-00de56cb176a,24861,24,6253,5705
8218,d8608a08-2f9c-40c1-9e2d-62da99e31226,25088,126,7397,63
8219,acdc1518-ebb3-47ae-90df-5c66cdcd03e0,24077,949,65,2496
8220,3f29fe43-c1e4-4177-b708-032b54923675,17589,736,929,4326
8221,9fc6fc41-3af1-4701-b037-8d162af0cbdb,32070,688,9859,4178
8222,c1ac0066-a4a9-4091-b2df-86752b6cd549,2337,52,3056,4607
8223,c8de5f07-b48f-4558-abbe-195999eef72e,34179,777,5795,298
8224,54cb0fd2-04dd-4d48-8d05-01ab285d3cc2,33677,333,5921,7113
8225,dc70d10d-5d8e-4bda-a620-be0d3492c5e3,28829,251,3888,3529
8226,f42bc600-3061-49a5-a038-575fbb26e882,30288,578,9091,5647
8227,1da03588-fee4-4808-b6f7-ce6261c7ef2d,41883,413,8601,6515
8228,55d13bec-5110-4759-a231-55566403cd7b,29420,675,5340,9591
8229,c6d87a17-9375-4018-a1f1-f57d59b79e5c,41871,616,6352,7030
8230,cb323a79-acc7-485d-a5f6-8263ac8e9c8f,32867,204,481,274
8231,4125c9f5-d391-4cca-9ab5-89b43386f654,3155,645,424,7977
8232,d6266c73-d2b9-4538-adb7-7ce262c28827,32767,273,1495,4285
8233,3ba84b0f-c371-48af-8bdd-25a3bb559542,28375,872,3700,8755
8234,39d82056-9ac5-44ba-b61d-c42a6e625522,33410,542,9188,3821
8235,77609dc4-df44-456a-a7a9-2f6bd3bfe981,8853,813,7531,6271
8236,4e7de23c-a38e-43f9-96eb-1b82584c0c90,142,933,7341,7317
8237,8047602a-6fbe-4b1d-9a0c-3fbc282be7fc,37708,453,9164,4681
8238,9fc40641-b569-4126-bb37-3ae9b9483772,7002,900,7851,1086
8239,16e5bfdd-c0b2-479e-89b6-a90b8f1e249b,23169,961,487,682
8240,af814919-93f7-4a58-bd70-e2a27c07e7fc,43078,687,4541,1077
8241,09f371d0-3755-46d2-9f63-11dad4fe3d54,14356,953,8315,8845
8242,89749f6f-f409-43ff-a6dd-500dbbc758ea,21074,991,1130,3412
8243,5b4f3412-942c-4000-9e17-770bb0d7e079,23978,10,3328,9060
8244,25aab5f7-f39d-47d5-95f6-2daf913329c2,15004,33,9579,6312
8245,07335884-abf0-4d52-9897-a6a845b6bb53,944,292,5623,3804
8246,5a1e4711-9d8b-490a-b90f-514c2f97d0dd,12557,205,8109,9207
8247,f3f48456-b732-43c4-bfdf-aba22baee8b0,17636,607,5383,6287
8248,22a3ffc0-ab07-4981-b9a4-4039bbd4ca89,44727,618,1310,7552
8249,4c00e5f8-aef8-418e-918f-97dd97ffaa8e,49141,930,5993,9182
8250,f812ad54-2b91-4aad-8cae-deb1172e0336,49314,700,7330,318
8251,9c50f2ee-51e7-444c-996c-2fca3c9cf34d,46727,795,9740,3405
8252,b1885f1d-4973-470f-87e7-d6f5565b7213,2816,326,5067,5921
8253,1bc64f69-17b4-4676-bb9e-c07acc271e53,11351,328,2485,134
8254,f9d33e94-8f39-45bf-a02d-b2e7096fb8e8,35936,571,7382,6389
8255,26ca017b-6438-4600-ab0b-381b26c9b178,15921,645,1471,188
8256,e00c59f2-328c-4631-b733-f7b539875a23,48639,114,5623,2472
8257,cb4aa453-41c5-474b-bce9-324299889376,49431,658,5234,1170
8258,c4c8ae33-59df-4ef9-b2a2-5a589b857965,22253,810,742,7036
8259,a81a6fc4-4b94-49a0-827c-b18b86db5165,10050,5,4369,641
8260,cea4b827-66ca-41ac-976d-d4e9c026cf2d,16581,507,1164,5446
8261,5662ef65-e5ce-4967-89e7-a3e02f6d590b,44800,676,8791,4204
8262,052a80c8-2997-4639-ab77-bb8aa41d44c3,17788,866,264,2059
8263,13d0170b-e2ec-4cac-bf8c-ddd770d7904f,24170,179,2547,253
8264,be1d2a82-9efc-4899-949d-9db9bde7ef4a,7720,71,5530,427
8265,39aad88d-0128-45e7-bf98-9d8e4a856a9b,48769,82,5027,2616
8266,6f5422ee-38c9-430b-bdb3-d16a0e9eb424,20189,527,5729,4622
8267,b3083ffc-dc26-450c-9101-1058db73304d,37600,394,2000,977
8268,f0c5c2dc-ec4b-4015-8c90-d7c45fb9f743,21220,636,2847,1743
8269,34e6482d-81e5-4d0a-afde-4b44bb8e5d07,3009,917,2995,4141
8270,8a9f7b7b-2a0a-4230-9c4f-ceab69baed79,7805,454,1031,9266
8271,6408a8cb-3676-4cf4-99b5-2da88494f30d,37957,669,2978,8474
8272,9a853dc1-7816-4991-8f00-e671aa91e0c4,30390,654,9991,7506
8273,9e493de7-9ae4-4f1f-b6d7-152874f29445,47600,75,9294,7370
8274,6a8dd477-8cf1-4235-847c-52ef1dd9a1b1,49326,821,8966,2084
8275,12eea30f-c8ae-4df3-934a-ccd930143e7b,13566,238,813,4714
8276,a64f3b88-a2ab-47d6-9756-b37164804cc7,33663,953,2845,4458
8277,0b277237-3379-48f5-a845-09468215c51d,17495,300,4244,7830
8278,8bed5a14-5870-4fe0-949e-393f728e942b,11672,496,8217,1059
8279,aeeae7d3-96df-4725-ae4b-a82b430298e9,39815,651,3373,5465
8280,5411e6bb-e862-4b59-93c3-66b94c48468c,31676,159,1576,7689
8281,d1ca80fe-a0c4-4651-a9e4-7ec50ee180a0,41479,237,3784,5920
8282,044540cc-6d56-4b89-a2f7-b4169444fc0e,39225,199,2595,994
8283,f634ca83-1d62-44b4-942d-15715c4fb5c7,4482,27,4146,1948
8284,cd2a3927-c59e-4772-b278-cc61cdb3d878,28281,440,4992,3952
8285,8d8113ae-e06f-45fe-b732-eb73f09d9479,4470,313,6273,9835
8286,1941c753-cfe0-4a44-9168-3fcc10456915,22919,7,407,8598
8287,8db8278f-f381-42de-9c35-71d7a64c83bd,48806,851,2217,5383
8288,22391d41-89c1-4e96-a9fe-86e2058c8eee,11,309,7247,23
8289,1aa66d47-f680-41c7-8a8e-9c00b9ee414a,5856,107,4974,1147
8290,585dc39b-4fca-4b3a-9f20-0025e14a31bc,8737,378,9930,7349
8291,c0235259-9193-492a-a25f-72bfc0bbda96,42940,122,8198,4943
8292,597a446e-f5e9-49a4-a699-b8f2cbe2b877,48002,552,5262,4033
8293,0e2867de-d7bd-474f-9346-bd65603351b4,17367,737,5033,554
8294,e60ab1a5-6acd-479c-bb88-690b9a3c0fe6,40273,34,746,10
8295,23a42628-c68a-44f1-83d1-c9ab4745aec0,30583,580,7037,7415
8296,b137579b-5949-47e1-b653-4646e9f90a9b,25194,878,4634,9493
8297,af39c89d-4d13-422f-817c-4776ac30b0a1,36829,345,6304,1579
8298,a6ed828b-e1d5-4320-8679-a171ad2be6ee,26245,409,1196,185
8299,183cb2f8-f7ef-469a-824e-bc27ccd5afd7,6711,993,6473,8470
8300,3d8126c4-799d-4209-ad85-1be9f237c0aa,31110,802,4309,5644
8301,db20851d-3457-465c-a8f8-18446e692894,38520,274,8850,2727
8302,90f4956b-f269-46ce-bd0b-7b4dd5e9eeb4,39945,249,693,9873
8303,3a4cd74e-463b-4660-9ab8-05272eb85ec9,3973,383,7629,319
8304,695e1533-8508-43c3-94cc-cda1b1e51025,11159,211,5239,4254
8305,0f341756-b891-4bfb-9478-bc4b5a0beafb,25910,639,705,2676
8306,2864b4ac-0f3f-4580-a7a8-d88a99b85c50,24697,246,9832,9673
8307,b349c469-191a-4093-b0de-c17bb2fb4f60,41996,180,3958,8643
8308,1b58f5ae-7438-4197-ad85-af2368925e03,11650,83,9345,9438
8309,d43f4946-3000-4079-b7f9-df4dfdf009e3,1017,417,1751,814
8310,542080fd-eb8a-4063-9625-bb77bc0cc844,37495,663,6109,8524
8311,acb4cae9-f191-486d-b579-00d2f3b210ab,31483,433,4170,1887
8312,4e2e3b7a-ec7b-4a87-9cf7-9e186fc9684d,40798,123,8625,6457
8313,129abcbb-0817-4a24-a886-3508c943c427,29420,720,1849,1277
8314,0d31e4a1-55e9-498e-b62a-e154ae878aca,36579,418,3036,4019
8315,c825dc76-bb1a-4154-b1fa-be1a38def053,5754,706,7846,4714
8316,58cfe74e-2253-4e92-852f-c4ca8ae8c2ca,42956,399,7530,6853
8317,5bb6f629-5529-4f65-8a3c-e1b6104136cc,8123,342,4570,7178
8318,e9efdd1d-e803-4a32-8d42-5a8fc2bc6810,21661,466,9067,8521
8319,1e828591-ae1d-4961-be60-a0811f260f0a,14652,933,9682,1301
8320,44400a89-0c47-4c6b-ae6a-b8019423c8f5,8944,612,4930,3544
8321,0a63a5ce-286a-4ddd-b51e-4ea06895be44,22402,826,3791,7996
8322,98ad2636-f272-4ea2-bb7b-0c87305ac1c5,19997,242,2173,4511
8323,dd9486cf-2f46-4bd4-aad3-c78946c610b8,44216,231,9732,9635
8324,1dc17273-a164-412b-956c-22ed49b5c7e7,23001,13,573,4197
8325,fc0a2b1a-bb1d-4a96-b368-9f06ee01810c,42335,690,6344,4620
8326,24cd7fa6-7126-4910-9f38-5fa24ae25c3b,11706,842,7521,581
8327,7be34228-58e9-4f0f-b130-d5cd8aa6b209,43643,555,4231,2013
8328,a7989e3d-3617-4578-a96e-9dad670d3942,33384,793,4706,1461
8329,3e13cdc9-2cd1-40ec-886c-746af61cbafb,14270,463,2767,9812
8330,d57bfc5f-8199-42a1-8b95-767cf00d21a5,27726,992,8945,2368
8331,8b60e72b-202f-4572-b1ae-f9120ea75479,45817,8,1857,1167
8332,3897099c-50bc-4454-bd31-df2d924e129c,4106,300,9041,2790
8333,3f064203-1a21-49e4-ae10-9e1138a9d52e,4336,355,9653,4724
8334,9c55492a-3ee2-451c-b400-a11409e988cb,10841,726,8294,7575
8335,fefe9a4f-e768-442d-ad5c-fd2ff0b04c66,10580,726,6152,4025
8336,bb0aa18e-b2ed-4e90-8e13-5497b915d606,19666,57,4377,2473
8337,fa0665cd-3d13-4e9a-9c59-7a897c1b57f8,15977,864,8520,7248
8338,0beb19a1-74a7-4ee5-bb52-e2eca6b32ec1,8058,425,6228,1803
8339,4696a48a-1137-40b9-a4e9-b711ead79a16,35865,313,5649,1706
8340,efd6da7b-a354-4bf1-878d-7eaaa67e5e76,46302,270,2028,4287
8341,3293f351-d2e2-4e5a-8599-5692c730f6f3,49357,898,3978,2234
8342,deeade51-4162-4a20-91e3-9649c95f766c,8880,617,9933,3641
8343,e9e7f083-cbf9-4d60-9a9b-4b6a63e0923f,43538,824,8238,5037
8344,3c426af5-5c25-4abc-b286-56cc1d43fcb6,367,758,3460,628
8345,4b038bce-143b-4282-8a31-849b72640222,37988,865,6421,4112
8346,9deee9bf-5d89-4fd5-81bd-29fc4b08fc1e,1368,529,8137,6048
8347,15ac6a3e-4dec-46cb-8b28-d4315d24f6a8,19489,598,6278,5948
8348,a81050c2-9f42-41db-bf11-55a1e60c7e8f,785,260,3923,9329
8349,b8ea8f00-e406-4d49-9a9c-a306c7e7e5a8,36869,211,1036,7587
8350,61c79c80-cec8-4a83-9769-9b952101f1b3,35385,989,9263,1900
8351,94436065-e348-42a5-84d3-51e0f5bc599e,12886,5,2519,8585
8352,630b6b40-fa0b-414a-a52a-62e86c655117,28063,144,8639,1065
8353,adb5107f-6779-49a6-86af-1d3dc323a2b5,17975,535,2475,37
8354,57144601-12c5-4710-b141-791b3ce2128e,29133,940,2588,5755
8355,0b461938-32f4-4d66-9e69-d03f759aec2d,35748,11,6373,2841
8356,2d452e4c-72bd-4467-94dc-5fc1210c0a01,22544,841,6258,3337
8357,a771b35b-f886-434c-ba96-16a7aa0d362b,6581,529,8922,4245
8358,0837c056-5688-4271-9575-01b824fd07a9,40687,278,5236,8373
8359,5c177726-c888-4e18-91e4-5d72781e28cf,12408,768,2565,4143
8360,198e2d6e-e824-44d6-82fb-e34ccb875619,26807,765,3432,2518
8361,77560de4-7110-4cbe-8123-36893ee84724,34310,999,896,4705
8362,1121f81f-15f4-4347-bbbd-acc10bd3a1a9,49092,622,1049,1998
8363,1cef5134-3a8b-4e1f-a401-eee522824cf2,38167,352,1722,6804
8364,7f55dc00-9e40-44e2-9cec-eb05fb3d60ec,14421,405,5144,5941
8365,b837ea50-17c2-411c-887a-99f8ccbd6497,8507,14,1977,9886
8366,fcc9cd87-b25e-46d6-a43b-4583c7b0a092,24839,488,6913,2175
8367,b75d2334-fbc2-4e4d-8e5d-2462b6b5c3f2,30,495,6865,4449
8368,f788da4c-58d6-4023-9bb3-6f0f7f3a0636,1812,529,8039,8741
8369,73f244b3-e84b-409a-87a6-138ff109e6a7,13725,870,7936,6747
8370,19a62ac3-43b7-4942-a6ad-8bf78fd20773,991,326,9115,322
8371,73591172-4358-40e2-a1c5-220f381c54ed,10678,907,9770,3263
8372,a8397f12-bf7a-48b8-b05d-207b56fe1716,29864,368,3866,4742
8373,73ea74c0-3ab9-4dde-a6ea-8cd6adeeb146,21506,879,2967,6833
8374,11a11517-aea8-4166-8603-5af5a4b1d1b4,6180,368,3925,8901
8375,2d6cb339-1a45-4269-8c87-e87b79341ab3,26414,683,7067,4776
8376,ab32de42-ac06-41b4-9c09-01aa875154b0,48181,642,4324,9593
8377,b1f2561d-83b2-4fe4-b310-f220e21aca19,30358,166,2397,4910
8378,5300c4f9-5833-4d55-bac7-5422723c57c0,17842,589,2732,9521
8379,eb5a60bc-d654-4f10-a1eb-fab9c7c6aaba,39635,376,8860,914
8380,e0b04d4c-c2dc-4124-82c8-76014cb692ac,21436,876,8587,4311
8381,95e51959-b9d5-4c3e-b482-53073c751229,38974,908,1838,1699
8382,60232d6c-c072-4c48-babf-c829327afcaa,12441,224,6596,8304
8383,19d49561-c0b2-4280-9be7-917188093b08,12370,949,345,398
8384,cf60fb01-25a2-43bd-b3f3-bc4ee246037d,43266,321,7420,7383
8385,a05548f6-31c6-463a-841b-8f902423d577,11456,843,4430,2486
8386,99c69e84-34b2-4332-a694-4f8229707c22,35941,335,7067,4537
8387,059cce75-16e6-4d66-88bd-2836e5f9ce2b,27493,606,2129,1042
8388,e3a396ec-cb9d-4769-9d89-721989843d1f,2360,78,2451,6102
8389,65e91cea-cd7a-4f55-82f5-2d76dd4dccd1,11704,638,5977,3651
8390,a55ac199-fae8-4c68-912b-a2e32e9ac6ec,49698,752,2105,5239
8391,d8fc4bf4-0e5f-4def-bdab-c51a31fc236b,48363,173,7316,5863
8392,0acf718b-dc07-47a9-b7ce-2c4090af594f,31832,548,9638,4195
8393,13b50883-7be5-4d68-b641-8e0b404a2e5e,27017,156,3185,95
8394,8db172af-58d8-41a2-bd88-e582804bee9f,47315,60,4521,8197
8395,2ddc9fa3-14b2-4a45-88a5-93f5e3fd1dbd,23719,510,5549,727
8396,ef44a584-946a-4d09-807f-82f938815e3d,776,807,3562,5357
8397,521f4c75-928e-45fb-b41a-2728a46b289b,5438,267,141,6806
8398,1887b53c-8847-4ffd-8a76-af08510646a1,20391,478,8061,516
8399,9f824a60-0a7a-4f1c-9bb3-1b98629ec618,18401,39,1277,428
8400,88e8540a-9b22-4275-b2de-2f794a01b2ec,9159,272,6697,161
8401,a886404f-bfd6-43fd-ba94-e947404c9378,6174,519,231,7633
8402,b4ac5353-7f76-4ed1-bef3-9a4d0d7d630f,25662,322,1667,9032
8403,3e6c540d-295e-4006-bc0d-f5f965e7df80,35987,352,1125,7168
8404,add202c9-b145-40b0-b9c7-7a617b732e46,1673,468,8169,1779
8405,96ddefd8-f383-4413-9510-e25793940796,47964,565,7463,5829
8406,12aa4ea5-284f-4681-8e41-02f5f705b22d,20739,474,6033,6417
8407,1eb74497-d4a3-47a4-bb86-4a8a3bf9d039,31687,371,8380,6909
8408,d32769a3-8355-4496-ab1d-9ed9710e1b58,6506,875,4270,7226
8409,0b5a4132-a3d9-4ef1-91a5-96ac43edfc1e,224,979,2236,5464
8410,1543214a-5fec-4499-9a4e-14da49aada8a,43865,334,5552,9641
8411,72895748-4adb-4556-ac1d-6be8d160f43f,30968,7,3350,5677
8412,47e50c31-5c7c-404e-b7c4-ade3b556138c,26860,540,5553,8288
8413,41e4c213-32ff-47eb-9ca4-75b550a6a463,38298,980,5344,5376
8414,8ff3548a-cab0-42a2-bb1d-9b2435fcdf4c,20086,206,9294,5232
8415,1a21d39b-8c45-4662-8369-03ebb3f1e8da,38264,411,8821,2738
8416,4715e855-4e1e-47e3-bf32-3279efb13bb7,10892,685,8939,3526
8417,0ecd8ccf-a028-4339-a3c9-4e6e7013b633,21251,218,1207,5420
8418,6e5e6277-3984-4b58-8cdb-f5ab0f6da071,4317,471,9294,4610
8419,bd9da7ec-cd33-4e6d-b1df-9d863546cb65,12865,995,5674,2306
8420,bfb6141a-5e67-471d-9bae-e045b118226c,31012,194,644,6116
8421,723a5037-ed51-4a32-b7e5-751d66089c88,31622,466,6148,240
8422,963ae6b1-8e54-42dc-973f-5eb6d1cfbc5f,12535,756,829,4432
8423,d0782357-c008-46a8-b753-d29ee5b7fbec,24200,727,7674,3847
8424,3fcb83b1-9e2c-4f5e-949b-c491fe8aaf6e,33163,103,8016,4370
8425,81ae318c-f4f1-4851-9ae5-af9f4f37abfe,24224,103,5663,8196
8426,99a863f9-d912-47e5-bca0-557940904fd7,31413,537,7673,6219
8427,08f970ad-5ea2-43a6-b224-ddd206cb9a05,47757,697,7027,2769
8428,6ea6f4b5-2c8e-467e-a649-6a2546591570,1382,292,3420,9424
8429,1fdc8a20-049d-4108-bef4-00c12a918fc6,32389,801,7240,4321
8430,7efee398-8aa3-48f8-97c9-ae4651f8c4ea,21041,330,9029,6216
8431,27057e0c-774b-4277-a571-887c51d3f68d,6770,155,7991,6648
8432,12c03251-2897-4f8a-9308-2fcde0bd9927,5864,777,6830,3713
8433,ccc7a5ea-96db-418e-b6d2-d5d43776cf1e,10095,192,2850,4370
8434,550f3258-a777-460b-b902-1dff804601b0,49079,361,4661,2963
8435,d68fe1a7-3640-4694-9880-b0b034f12f7a,9565,380,4171,5307
8436,027dd1db-2a07-44f4-96f5-1fd8038a6b45,5222,802,6444,9783
8437,69a7db5b-41cc-4e55-9484-ab82c81763e8,47605,370,7653,5121
8438,5dc0032e-d76d-491c-83e3-7fdd8a33b23e,18711,159,661,7842
8439,6ff06735-e548-4631-b342-507256e55f82,16455,3,4962,9141
8440,a5f00676-73d2-4396-8b47-3b7e2b1115ba,21509,190,5906,1803
8441,441a3afb-e44e-4d64-bd3e-ca286dbfc542,39648,542,8249,9198
8442,23352224-889d-4285-9c86-61fd3f4f3447,27772,605,7862,9861
8443,2ea32f32-4732-4309-b5a2-54a0fc7d1b9c,35848,534,1018,6972
8444,456a80b5-ede1-4f4d-a3c2-4a95d1c54d66,39572,583,9493,2235
8445,7b844d5d-4d13-4137-ab96-8098bc9be885,38314,853,3821,8700
8446,c0492404-39c6-4027-82aa-bd8c944c5a6e,2978,945,4978,5243
8447,90c64fa2-ed58-43b8-bc4d-0faf8b960158,36962,129,2649,6922
8448,0018b5be-8a4a-4f08-bfde-5e6048c245ea,3120,100,3499,7068
8449,a84e78ab-99ce-4261-9876-9aac2a6ddfbb,44199,839,2434,6643
8450,6540b95c-a14b-49ef-9557-0cda0ab5fa82,34820,587,5820,5365
8451,efbf4ad6-72de-4f1d-a7f6-d549c6908762,20700,569,4545,8490
8452,600599c3-55a8-49d5-aaed-f4821ef5a241,32882,326,2059,7562
8453,53759a8e-b22b-42ff-bd94-624ac2c9f180,40029,456,8909,4439
8454,01a17130-ff47-4ebb-aac4-6e4aeaf0046c,42314,419,3078,7183
8455,436619b5-41d4-44d3-a3a5-f5bcb55926d0,12567,535,7068,2560
8456,baeb8398-3e79-4fcc-8d48-942e8fd65b8c,43936,582,9192,7164
8457,6864d05c-d17d-4ec5-9e14-63954571c266,16364,284,444,3789
8458,5efff1d5-ef06-49cd-95cd-b151c747b8bd,24397,131,4430,6553
8459,681257d3-9695-4273-932d-5af9408fe456,5443,87,3118,293
8460,82d8d250-f248-49b6-b9da-c52794ba4a54,2493,471,9152,7508
8461,b988e8c7-fa2c-49bb-9a68-3d54365b8525,33339,943,1091,8605
8462,1b9d4d64-c8e8-4a4f-8672-d6c192fceb1c,19057,723,4437,8256
8463,23ee08a6-d158-46c4-a47f-b3a71b950826,6455,485,7860,3661
8464,b80ce2de-48b0-41e3-923e-09466c2cbdc1,21847,502,8511,2429
8465,d0150fca-acba-4820-9543-e36f922ab044,11079,236,4268,1093
8466,35a0e26b-1b47-428f-ab39-0c80e3e840c0,48147,286,1082,1357
8467,656ef86a-188f-4692-9eab-ebc5545e15d1,20073,314,1219,7273
8468,1312fce6-fda7-49f2-b1e5-325c6c4a3b66,22185,12,9605,1731
8469,db82fb96-c417-4583-84dd-8236ac1dd4c1,15887,271,4337,2176
8470,ab209ec9-646d-41c7-a7ab-e48d2176212e,4305,17,2956,3104
8471,ca264fde-fe8e-422a-badb-3df1c3d6306d,7613,954,9863,8362
8472,66acb59e-56e3-4555-ad0a-71fb006ea9aa,32147,531,7715,7480
8473,eea56548-11d8-49cd-a6f1-990f1897fb05,14860,301,5044,9516
8474,e68b5be0-655c-4951-80dd-a79d599739d6,18022,474,9439,6741
8475,255fb194-9b3c-473e-9b54-d656f14a244a,35888,700,3524,4686
8476,fcfd0e2c-ff9b-4ee1-bcde-812b3fb17659,24069,826,3790,2550
8477,43fba7dd-72f5-4428-843c-cee186d8972b,44470,667,1977,5233
8478,823cc867-44e6-4d87-ab22-7278fbc4d379,43685,444,6360,5454
8479,ddbaaae3-3e37-49ae-9676-7d96d46620f7,11352,317,5086,2592
8480,9391486e-34d0-403c-a6d4-8f261a90b7b5,8134,921,5181,5890
8481,fbb4a15f-4642-43df-b209-cf766e32e6d5,21653,319,8034,6308
8482,eaccd059-326a-463e-9461-f3d0dbfd67a6,33846,368,6324,7217
8483,aa6d212c-8760-4b6a-b6ee-988931b58ff5,35750,766,532,695
8484,93723e84-6879-47a0-b2a1-14d1e946c571,27734,968,3518,873
8485,60ec7a0a-5699-4f95-a84f-1bebe7735d13,23698,535,3904,2943
8486,4590cb51-6c5c-4749-9e30-87003b0aafb2,35586,573,6902,407
8487,402dc835-b98d-4934-a532-59e0e32d58ca,3283,286,9535,1456
8488,b34df410-4be2-4aa9-a3d6-eee4155eb14e,7087,274,2779,8785
8489,708c17f8-e1a9-48ea-a30b-3e9238050a84,652,744,5997,2458
8490,af4e22d7-353d-4402-b886-6302196a7879,30631,204,231,3005
8491,7e19f121-89e4-4b9a-ad9c-e78ad10fa589,47154,897,3609,8602
8492,3360fe80-5f3e-4024-a976-f08c51dab8e6,22912,757,8607,4358
8493,4e406dc2-7a7a-4635-bfec-e9a808aefb41,40437,114,8280,1038
8494,0a0f9fe9-e813-4712-a5a1-22e1a39be459,19721,727,1161,554
8495,09fdfeb9-ace5-4979-b2d4-4241f97253e5,8194,802,5642,2097
8496,437bd4b6-e0d2-45ba-af64-b161cd8e8025,43932,308,1624,8676
8497,0fd45305-61b9-4097-a5e6-36a31b391cd2,16937,961,8051,1166
8498,03f46fca-1bbd-4127-9659-e0dd417b1861,7585,864,5819,5696
8499,39807bd9-7497-4b78-a999-d5c29968bf60,39659,726,536,359
8500,eb99406c-78ac-444a-b7a8-f1fcb16271e6,44038,773,3300,8552
8501,1d18828b-7c9f-4686-b8ea-7580f43874e9,26517,985,2976,6337
8502,ddc660bc-5167-44ce-8427-b7a8cbb9b5d3,39051,23,5670,2134
8503,4a81539b-ba90-4858-a434-b9832c62d983,46439,161,304,2967
8504,e69db015-03ad-479b-b901-dd6b98ce9afd,17165,646,6365,2986
8505,a3248899-5d16-4ba9-a4d1-868a61985b61,35178,280,2969,7443
8506,f35feac0-6bbe-4326-b103-9dc3b526ba56,48569,621,2485,9118
8507,35f91f3f-83e4-4f0f-b927-824625939581,6621,378,2837,2136
8508,0e46875a-4845-4f20-ad51-2f1af689a447,18030,316,5268,7594
8509,85d85656-e006-4583-8587-0cabf3455923,1626,916,4110,4127
8510,db4ad52e-a941-49a8-bece-9d1f687c8555,3562,120,1732,3083
8511,ea972082-2da8-4f86-b8e6-3637a57e0a7f,12618,905,4430,6542
8512,89eafc57-6fd9-4554-a9b0-62ae253b39a9,36150,288,1363,5851
8513,a9ef8ec3-aa10-4b25-bf99-b842285e74a3,17258,206,4112,416
8514,516f631a-080c-48e2-825d-0d242518132d,10151,73,9604,7714
8515,5f77b89d-15a3-4e9a-b59b-48be2ae20f96,14748,578,6730,1979
8516,6136a3b1-0b46-4bc0-8f5f-d3e7e094cb6e,10770,43,9968,6224
8517,c4071d5c-eaef-4c05-a903-b6d063eb588b,31308,945,7724,5681
8518,5969ef50-e47f-4451-9a25-9b6dcfd7e0ac,35316,554,389,3391
8519,70499500-9123-450c-8a20-57e3506b71f5,28297,653,7791,4477
8520,54c9a16d-99c6-47cf-96a3-074aad7eda78,49980,635,6576,6161
8521,9a9fa756-c42d-4ff1-98f8-be872947dea2,10969,487,5128,5873
8522,2bddb022-88f3-48a0-9190-3743597a8a2e,32053,109,1543,2412
8523,577565e7-626c-4829-9db4-db645fa50254,27959,999,7248,1857
8524,6142195f-497c-4c70-9d9e-7414e017e512,46758,947,8167,5972
8525,19823f6c-5ab7-4621-adbf-edf9d9ff10e9,43891,239,9730,2623
8526,36123102-c8ab-4189-ba80-3a78dba641c6,25433,836,3313,7246
8527,5696c960-8d20-4dd2-a77b-d151260e4c5b,39742,526,833,3665
8528,bdb933c8-ed2f-4992-a145-62a27bfeb28e,20214,742,9624,3576
8529,42c135dc-5187-40c9-bda3-923ddb419a96,6292,603,8671,7666
8530,c3e7f5fc-b7b7-433a-9697-1478167765d4,7710,228,8648,5014
8531,ac6405fa-a657-4f66-a042-466a03ffc331,24593,437,2318,5064
8532,85612462-c598-472b-a90f-0ee1d0f7b2a3,21332,440,5596,4126
8533,8485c3db-9f19-46ec-b46f-0ed16455e17b,35137,926,9990,7385
8534,594a13f6-43c8-46c4-a062-916101a1660f,48393,272,1492,5499
8535,47b50483-fd4b-420f-b1ff-1cc3d598413e,2655,621,7627,4773
8536,36a57f22-19fa-4943-9692-cac79bf9a425,13098,457,3724,7158
8537,412d4d41-4161-4ac2-bc6a-63f74f5eab97,49918,488,9041,9169
8538,0524495c-6f2c-47cb-a3ec-919e9200f0fe,36226,418,5212,2372
8539,1fb235cb-ad9c-484e-bf3d-e8749502704c,23927,310,7785,1670
8540,21b824b1-17cb-4e69-be81-d871a5c3789b,3956,784,4036,7453
8541,0e0994bb-6ebf-4c0f-81e7-f56bc773d36e,40187,33,438,103
8542,6fd3346e-2e88-48a9-b290-2951dadbd8d4,49752,707,6660,7033
8543,363feaf8-09bf-4e1a-bcd8-d2c79778341e,38453,874,9810,4816
8544,bd25d358-c6c0-4ac5-968d-5cface2d5813,2580,176,4447,1652
8545,6f25fc20-2585-476a-9b02-451d87ce31c7,10395,842,6762,6891
8546,3d9323cd-70fa-4242-82b1-7dc51c1ef243,8582,888,9820,4060
8547,955c8666-724a-4bb3-b3a4-0698e17a510c,3622,838,2323,1817
8548,a1748aeb-a975-442f-9bf8-3200c5005cfd,16804,587,9910,870
8549,9a1839ea-4b6e-4a7d-bb77-19f7c98db0f6,34663,909,1211,6125
8550,5fbacc39-26e0-4fcb-be2b-11eba02ab329,34866,542,276,3561
8551,caa00716-17f4-47fd-9ae0-dc5aaf7948f0,10192,108,7263,6304
8552,c784976e-58ff-45da-8b91-3d24ff3aa9c9,3722,4,8367,4035
8553,4485cf04-2692-4d35-8f11-02e6873552ab,16766,482,6411,8923
8554,8f7c9c36-95bd-4c18-ac86-1967ec5a3f46,25717,391,6868,8893
8555,bf497fde-e59f-4090-8dc5-ffb18e98d01e,4721,936,754,7461
8556,a93c4e84-4f7f-4437-bcb3-166f780789c2,7819,346,8152,9781
8557,4d0d2bc5-529e-47d3-a2dd-84d23f3d1de1,438,547,3376,2504
8558,5b49bb9a-28cf-498b-8d32-4e22fb8026ab,17863,362,1659,6618
8559,5c2f795d-4a08-484d-a5e1-75ce3d6f6007,46338,360,5084,9720
8560,cec7374f-34cf-4596-bc20-a7c46ddce8b8,34432,124,4885,2641
8561,a101d5b1-5e07-478d-8125-7ac9737a1df5,10090,65,1376,6834
8562,358164dc-3cba-4bb9-b970-7d30f7e863b6,12857,105,9943,8535
8563,83570e34-c8d0-493e-ace9-4ffc80975e1a,23328,161,6458,5872
8564,076c770c-5b27-47f4-8d26-965ee2cc7b33,4861,614,4709,6492
8565,5a122f06-f342-40e9-97c8-8a00188ad24e,39617,844,5892,5886
8566,8eade512-2e2a-4f6e-880f-73f97e302322,29556,602,844,9497
8567,be7b0792-4a64-4c10-b08c-d42b46b102b7,38638,116,3751,8140
8568,8b885aa0-18c8-47b8-a492-4220cef7ba73,4554,223,8469,4556
8569,37c4369c-5bff-4c2e-8409-570af750a411,10851,479,2946,7220
8570,040625b0-365c-4a5d-9611-75a2bf573240,4193,308,7911,9407
8571,68f97eb4-d684-49e0-a762-3d4071f5dc16,8657,544,7137,2466
8572,95622ec8-94f3-42b4-ab35-8a0d2b3ae9c5,43346,447,5971,4535
8573,c805cb25-9d7f-461d-ac14-7b4ded9e6519,43351,375,4754,2715
8574,ea5e529d-7b15-4321-b09e-310c0e6c844c,14961,450,4699,8504
8575,7232a3bf-ee7a-4358-bf6c-f445bbd1cae1,41067,372,3496,9352
8576,f912cd66-67ea-459a-a7b9-59e8dfa1e51d,32525,133,6559,7629
8577,14031ce5-11fd-4f75-a590-1ca00de569a0,38484,74,7938,8592
8578,ae3956fe-9cf8-4fd9-a707-97df6ae963ff,39551,469,3716,1236
8579,03eeb969-baf1-4f8d-8938-8e4ea4c3a532,3165,45,1076,6838
8580,c9721f92-69fd-49ed-97fa-f12f532c7dd9,44762,912,3231,130
8581,ac5eabf1-1a7c-46a3-9a0d-fb5a6a8fe4c3,34947,66,9392,4368
8582,3d04f875-f12a-434f-84b6-093184e9f6c4,44149,709,4164,7708
8583,c953cc7f-9685-41e7-ae33-dba8c761e424,32671,525,1994,9697
8584,40d62675-a0e5-433b-b6f8-e0ca30bdddf2,49325,323,8278,1184
8585,61b8f962-1a10-4909-9faf-c1ac87300181,531,742,6933,3171
8586,15955d59-8dc2-4486-abef-b23205cfd9b5,10900,666,8111,143
8587,59894528-7654-4236-a1b9-882bc0987c22,43386,849,2878,1434
8588,6c0b3974-1fbb-4f74-82f5-f55929952858,43220,329,911,3505
8589,354978e5-5159-4b88-abc6-07e973d47c67,49117,689,3739,6357
8590,310f3fce-3849-4eec-8efa-bdb6f10b5397,36544,904,8222,1655
8591,8731fcce-23bc-4649-bff3-45488aa931d2,805,92,8420,5986
8592,d34347bd-d12d-4dce-b8ef-291cdc095685,24515,886,2167,5253
8593,a204a151-b782-4372-ad5f-eaf91a055b3a,12746,226,3415,7644
8594,82a3a842-881f-45eb-a2b4-4d94e28747d7,12971,133,5793,4454
8595,d452676e-60e6-4e08-9e4d-e1abbf384d33,27866,269,1502,9843
8596,04bf9692-f500-4862-a39f-24ff5b751471,9283,571,9597,7552
8597,8cfcec0e-8b8d-43cb-b419-31662f680231,3706,349,8035,1415
8598,95128cee-3226-43cd-992e-5c733f9e39d2,20671,148,2440,6233
8599,a9423792-5de9-4b64-9d98-444fe0e35929,48748,438,3255,3034
8600,f0b8fca7-c1d4-437c-ad52-807b6fb8fe6d,22817,112,865,8084
8601,1670821f-5c5d-4a91-8a32-f1494ef1029b,7403,57,3937,1011
8602,e5789084-e7db-44dd-a381-44406d23a2cf,16182,387,992,1216
8603,b8f71802-cf0e-4e63-be9a-c16492aae49d,44571,509,5884,3159
8604,4d990902-d6db-4512-ad26-8b6c8721abfb,26356,777,7303,3383
8605,d5b4622f-61f7-4f97-9cd9-2284dd4571b7,47097,473,2853,2541
8606,eba41e60-8b0e-49e0-9ee9-a7cb323fc6a2,33627,99,8607,2278
8607,441eddd7-ea7e-40dd-bf57-b0f3c5c0a902,20823,279,3604,4208
8608,82b5cffa-796d-4ecd-83c8-3424302fe0fc,37218,186,4619,5364
8609,09ec8f3c-0adf-4298-9e4d-9e0ce6107913,2467,795,681,8423
8610,ef1a0e9c-3549-4fdb-8d5e-0aba7c98d5f0,37721,175,8435,5487
8611,306a2a97-1544-470e-ac16-51a1ef7bba72,35429,575,6847,1994
8612,835cc740-1fd6-49e8-9a58-0681e6d30e83,29114,870,9789,6308
8613,e735b655-ebba-4f0e-8630-fae002ad27e0,32954,726,652,3280
8614,b0fd2647-181d-407d-afb4-f09fa3cc8b4e,37606,830,7331,4163
8615,fb73eff4-3a20-45a2-b677-7d07a2651327,37516,407,5501,3574
8616,753f2619-4f02-4d65-bdb2-4b780c3db318,18992,918,6389,856
8617,4e563daf-d612-4b68-a2dd-5f8ac1f8399c,13,12,9166,289
8618,1cd71b91-b422-40b1-9ddb-33498db16f02,335,531,8193,9340
8619,9a4eee00-fce3-43ea-9a42-dfced4465268,4228,291,1448,5592
8620,0897ef0b-68d1-42b2-9fc1-24ddacc3dc1b,10012,519,3760,7737
8621,a520cdb9-229a-471f-b883-171a4a6a6952,30099,963,1051,2512
8622,5fee1ab6-f9a8-40a9-88a3-a4f76b152f90,24004,415,2068,982
8623,988eed4b-13b6-4e8c-abf9-ea02b5b9ab63,49783,231,3199,5491
8624,b8b22981-1097-4df1-a07b-f91a8af299af,25484,411,6470,314
8625,ada20f9d-6529-4f7a-89b5-656dd9ccecb7,13358,280,9824,1718
8626,98001fd9-d6fb-41da-8079-26e8ee37d2f6,14209,606,3397,7061
8627,9f4cff20-15d2-4aae-8e06-4f863fadb7ae,30684,139,4559,270
8628,e154b887-9590-4ab4-9ed3-6f8aa1ced0be,30589,604,265,2133
8629,072451e7-5095-4dcc-a669-440f6a9683b5,5020,492,4190,6924
8630,a047a7ca-a998-42e3-983f-bb87c022fb15,9933,127,1827,661
8631,75a1ddae-3c33-4ba7-999f-b73bbef3975f,26487,226,5844,1415
8632,ad5f72e5-7318-4fbc-99c9-8abe5ea49639,42187,576,585,1407
8633,f79a94b2-2617-49f6-84af-ac416eec5dca,32230,263,7815,5118
8634,ac2b2138-941f-4096-86ee-ac2791af19f7,12162,783,1700,4124
8635,ff205a4b-8af8-4501-b2ac-0ad4d96171ca,23810,625,6671,3158
8636,949b46d8-4644-4ec6-80ab-e79f0d8935a2,30508,509,5108,3840
8637,ed7519d1-82fe-4e28-932d-07be1e6c8af9,8545,423,2571,4419
8638,14b8a255-b6ed-45e1-a67d-88b8a53d17f2,38909,262,4651,7353
8639,df78d5b2-0a5d-4db8-8d73-80c9fab2cde0,2830,953,9204,2387
8640,a8628d2b-d86c-411c-a449-4b421f7d5f87,37015,43,4402,4781
8641,f81112f1-7ba4-45f1-90cf-e6e8e4632890,33289,513,7515,12
8642,51c689be-9457-4443-a341-7cf237395f86,21044,944,3799,177
8643,d08b066a-5a6b-4a70-80ce-8ce76c405fc6,40915,939,184,4622
8644,20bea910-9c75-48f6-bc8c-bda111f6eb70,1985,908,9869,3017
8645,ce3c9185-d3bc-42fd-9fd8-9a6591fc4eb3,24437,557,6951,2022
8646,dfcb350b-d465-452c-b6ec-bf83854f521a,8986,931,6300,6229
8647,1145b028-39c7-4626-92d9-9879a3b83c99,29143,674,286,8582
8648,953bb5b5-a522-4c2f-b6cb-9021b3de1f6b,33814,177,5153,1964
8649,f3885f8f-b53d-458b-b2ea-61aa8c7d6bd1,39653,494,7765,439
8650,e6883c48-b676-4731-86e3-99689732ccaf,7101,457,5118,8663
8651,f81654db-6881-4860-a3c2-b37591669e53,40254,606,907,3183
8652,ae717477-86c8-4cb5-92fb-e0817c7e4d32,13388,50,2569,9318
8653,e39d4d9a-9879-45db-b77d-1d88a60dbbbf,10883,399,7456,5427
8654,434426f9-9fde-47d4-82f4-8738fa55a890,20143,375,759,185
8655,f42aca0d-22e6-478f-b06f-a07884e1d5d2,37262,562,7902,3679
8656,06404c69-10ec-443c-af8d-328defa4e602,25176,524,6974,5895
8657,76877711-c535-4262-a196-72b55d5e006c,37222,936,4302,4335
8658,50591555-78bd-4643-9fa4-72adf7a9253f,803,759,7825,7985
8659,a18152f9-8beb-4234-8f29-5dd6dd5de779,16278,495,1744,4140
8660,ff3320f5-39e7-401f-b9c4-8c698beda025,3474,376,1085,8800
8661,9dbc9a8f-9b2f-4887-b9f3-59ae8b8ed5d0,37305,555,5762,7664
8662,03e2c8ae-affe-4276-830d-2ec4d8989395,30638,217,9558,8634
8663,3f10d74d-ad40-46b9-8204-3c90218977d4,38492,819,8197,6019
8664,3ce12db6-756a-4666-9acd-eb608a21cb40,28342,799,7487,5199
8665,2b4c5561-d4de-4cb9-bdb4-79ba9af9cc0d,40837,856,7695,1133
8666,69305c43-97cc-444a-b34b-6101a9bbdba7,5810,912,6442,6644
8667,ef073bde-1a8a-472b-8c3b-efb8c6e605d3,38463,571,760,6922
8668,d0c4c415-0cab-46b8-877d-c118d3ac42ae,34306,573,9183,7199
8669,1e731522-9d3f-4e84-a4e6-8fb4af126448,36,781,774,6864
8670,7feb2219-ea02-4ef8-9931-4bd5e9703b29,21602,398,4930,5279
8671,5ed0f026-6fec-4623-a712-96c72a42c247,5863,173,3790,2019
8672,774431be-fc77-4ecb-bd82-89cb8ef36277,37848,949,1416,3842
8673,8abfb6a1-d0ab-4c12-aeb0-f3d652adb2f7,40379,979,2640,2515
8674,aae258a8-0a98-4099-9be6-af32dbd4d63a,26453,877,2887,265
8675,a9185c6c-1595-49c8-800a-4c19fd149446,41333,223,6684,6127
8676,1d2bd391-e357-4fa9-8ced-32b6b97c8bb9,49629,446,5279,2407
8677,3f79262e-3a5c-4f01-8189-731939bb655f,28168,567,2701,3985
8678,b6eadf71-b6c9-4169-98c3-248e668da583,6081,666,4016,6871
8679,75551013-449f-4dbe-91fa-3e64b75bdd4d,17537,574,9924,6498
8680,2bf80726-d9fe-4c50-94c4-14cec8656ad5,23105,105,1403,8921
8681,7641404a-206f-4779-9dea-e2a12bf6e07b,27096,129,3489,8468
8682,af0b411c-ad50-4062-abac-1dcaf356a0f0,28669,207,2041,1778
8683,6a7b1dea-0347-4363-823d-f7268b1ff9b6,3071,490,2117,3445
8684,5d05282f-92eb-4b9a-b9c1-9c862cd2f68a,47198,273,6835,4276
8685,2125113d-8da2-4d45-9754-3d1865b5fab9,45326,407,8032,9444
8686,7b1c45bd-437e-4333-b12e-3a40f38fa4d8,14647,474,6337,9620
8687,50554a39-301f-4c6d-81c8-220780c09605,8707,780,726,860
8688,edfd5f58-78ca-45a0-a579-72da267ff75b,33209,677,5598,6951
8689,82ea3971-55c6-4477-85e4-da1603065568,18294,421,3655,3186
8690,6c7708ad-3f8e-4d65-a321-93695cb74ff2,24266,465,8405,4872
8691,a7466ea7-23b0-41e9-ba82-359678a41eeb,49218,567,2370,2997
8692,3a8c7443-2e0a-4784-943d-55276407380f,46939,620,144,4728
8693,8819d8db-ffc0-4742-8425-12da8a25ea0a,36148,872,9357,3959
8694,1c2d5230-39e8-4dbc-9bed-f3256c7fc0d1,34588,855,9073,4761
8695,eb34ecfd-2d27-49a8-b4a4-a1ee1fb739d7,46580,303,4315,8198
8696,64009c81-215c-4cdd-bb46-d8f3fa2722b4,33161,181,4569,5324
8697,0cf4fd04-70cd-4995-bc0c-c69db3d115e4,7526,585,1792,7531
8698,94b50f85-9f99-4d17-b92f-915f9ba28389,29475,563,8424,6388
8699,a670bc86-c3a3-4615-921f-0eabae3b7514,27556,73,1314,1400
8700,3d0b301c-5637-4d8d-acb3-82759e8e6b9b,41857,637,4412,4394
8701,6a425bfe-3134-46c6-85ed-115534b8f302,45809,742,4892,7905
8702,542c066b-30c8-4565-ad5e-877bee8240c7,42033,85,6771,6318
8703,1390be44-ee51-44b5-85c0-6a954920a108,45876,455,6233,3927
8704,4215e713-8ca2-4b8a-a503-caaed2509fa4,34381,998,6242,2074
8705,7b9a7379-88a3-412c-b4d1-f8c9c72f9204,5117,835,309,9156
8706,1748c1ef-cd1d-4d48-ba39-19b3006df27b,21775,495,9066,1079
8707,549510a5-8232-4770-8a23-5c6da4460179,13756,252,6637,945
8708,0eb5b1b3-439d-48be-85d8-86cd7b3042a9,33028,606,2150,7207
8709,323b5dd3-9810-4fbd-9535-4642bb3b12e0,38917,234,8894,1382
8710,ea8a6c32-c721-4301-b2f0-6e024cf703c9,5142,364,9624,3754
8711,c72a5e01-a76e-43bc-a361-5c894a8b960e,37682,610,871,8147
8712,b67b70e2-62cc-4d11-abc9-5630e3ec70f9,47398,781,4257,4983
8713,aec4006f-b8bd-4e15-9606-a93c324707c4,17509,385,8545,2102
8714,0c89f959-6d01-4754-adfe-1d8cc143c8fe,8812,559,1849,3528
8715,a175051d-5006-42a0-ad75-b2df6cac08fd,49034,862,5145,9866
8716,8780cb6b-8e1f-46e1-972f-101741220b32,17117,244,4317,9292
8717,7c61d60d-b63a-4546-924d-6bf3bb741185,7302,228,1266,4588
8718,471c26ab-6f5b-4fe8-9dbf-0ea836cdef9e,12822,956,6540,5648
8719,e7c70787-c0eb-475c-b5d4-f9f98710ac20,43465,804,8962,8994
8720,5ddd8d89-5544-463a-90d9-9948b1fdc26c,18721,825,7999,5356
8721,799ac302-6a12-444b-b4fa-c1170ce820d9,23395,218,8937,3536
8722,d128fd87-6e06-4b2f-afed-a44e49c06d93,6958,51,5883,5561
8723,f6d969f2-e88e-492a-bddc-b1ca84a8e5b4,43705,907,5299,7884
8724,c70f5a24-850e-48b4-bf96-e629597e7b22,11849,375,2835,551
8725,901ea001-04a2-40b3-b7e2-11421c615cdb,5794,487,6874,6756
8726,dbe2ef78-41dc-4cd1-ae41-193efbbf29f1,14833,165,3863,4752
8727,baa02273-d0ff-4b19-815a-424e8f3c401a,28372,588,7184,7995
8728,df7491e0-0940-4143-8e2d-7597b307aeeb,35623,324,8691,9885
8729,464174ae-55e2-49cc-bf97-db5bfd98b1e9,22289,290,6892,744
8730,0c113481-f042-4c9b-9d32-3886512d9a64,21393,113,1378,2449
8731,98d9790f-780d-4f4a-94f1-17a9898046ad,13116,253,1753,9923
8732,e8b83ee4-2969-4d61-bdea-b5e7c387e579,26445,566,2562,1422
8733,d75b464c-d41e-4127-88fb-f047528bab84,7888,349,2912,8152
8734,210672e0-a3ec-46fa-af5b-7ff30b724661,8075,948,3388,173
8735,dc0c62d8-6354-471e-8f95-b3e6cfeaaa0d,46486,793,289,1192
8736,d1075ef4-4b88-4d8a-8305-b1111c049e7a,20140,748,6053,1385
8737,10cf78ca-7006-482a-ae42-41e8444b5f08,40915,124,3122,9135
8738,6beb1121-17fe-4ebf-a979-fbfecca11ab4,38517,911,2615,6227
8739,3d5c6988-79df-4635-b94b-bec7020cdeb0,5556,785,4819,3312
8740,d4cc3ca2-e307-41dc-a97f-44ec9876f20e,3425,778,2265,872
8741,c106db3f-d6e0-4b50-9157-d8ba7d60b204,25478,498,9635,626
8742,7a4f74e3-426f-4db8-ab96-bab32921f6a1,37167,199,6502,719
8743,e288e780-6e88-49fd-9236-98709d5c0577,26986,638,5423,1087
8744,80f1ca31-6495-4bb2-b104-44e657bb9c69,14096,669,2985,1564
8745,60a37a62-71bb-4a1b-828e-dc1769141b4d,15424,614,9167,2124
8746,f4e7b05a-e6cc-48fe-96a7-b9503833a267,27098,298,5605,7960
8747,fcd9cef7-a20a-407a-a21b-a4d317e8d348,18520,646,2805,5949
8748,f4ec2b61-6b6e-4d5b-9982-e7ae3124f52c,3517,185,6246,9352
8749,732ee33a-9590-4f6c-b40d-baccd853c76b,2835,961,9272,9474
8750,30d6fbc5-979a-43ce-bbc9-11ff57e4bdbf,31351,582,3457,2851
8751,30349a61-434f-451c-8417-3d9b8660f613,25141,110,2877,4646
8752,45f95176-1dee-47d5-adf7-038d747aee9c,25896,566,9720,1571
8753,5f14cdc6-7ec7-44a1-8eba-97b014d7806e,44771,650,2324,8315
8754,015f71fe-f8a7-4c45-abf2-1cb1f19239af,27306,240,1536,8434
8755,f3bf5074-1571-44dc-b13a-8530f47c3e96,9778,919,4309,9155
8756,89af8f00-dd3c-4251-9f59-80ef88dad104,41839,419,97,1114
8757,c37d86b9-ecec-422d-bce5-d533213b91b5,41588,551,7189,9274
8758,8badc11e-8637-45c7-86bc-78385f0f99bd,47140,569,6549,2059
8759,cbce686a-d68a-401d-b5e5-82fedfd9e43b,11686,489,8528,3682
8760,a79b1825-04c8-4ae9-9595-a316cc7dece1,698,620,3359,8004
8761,4f9b7c7f-d797-4952-9e89-447527131c73,31959,221,9749,1018
8762,3debada3-5660-4a03-abd6-1ca007913061,24860,168,39,5693
8763,c419279c-7dc1-4925-b0d0-df9abf7196f2,34553,16,5370,6627
8764,4a4d6b7d-e3a8-4f01-ade1-214f01b25162,10025,209,392,3238
8765,0c306fc9-8aaf-429f-960b-f40c8bb9145a,7562,309,6034,5559
8766,dedb8e94-e67a-46ee-b103-d9b4543103b5,37214,20,3283,3489
8767,473f6338-c781-403f-8be6-24df4e586d7a,30281,939,518,9512
8768,7e7561b3-814e-4cda-95b5-c80d50187d9c,24429,752,7228,5112
8769,f33bfe4c-b2ff-420f-8d0e-19582e7d86a2,49741,46,7593,2934
8770,0591dcdc-edb4-498f-beff-603885355980,43706,613,3857,9600
8771,5f582c82-ee1f-4421-accc-7f7b2e2991b4,31675,444,6597,6248
8772,f6338fce-03ba-40cc-92b3-89564731b744,43543,983,7491,5106
8773,1d6852fc-3d65-4e4f-a7b5-f2fd444cea11,7850,889,6427,6285
8774,7862b3c9-4c26-4807-b62a-8a97237de860,28178,847,1264,4832
8775,fc992197-1ee5-405c-b253-170afc610ff0,5883,162,4903,6364
8776,1efd7101-e6e8-4d92-8b47-453da72d1d91,29125,412,1860,4617
8777,22e011f8-cb51-4612-9420-88b694c98d18,39277,777,697,7813
8778,aeba6342-d369-4b11-bf33-83ebc56e23dd,18310,347,9615,5761
8779,06b82930-de4a-46a2-bf77-fa03611c7a8c,36392,496,387,9819
8780,130ce095-1929-4898-9a52-54777bcfec85,41924,612,8318,2005
8781,5a9cc519-017b-4483-b3be-3200e45c2b5b,37156,728,3302,2503
8782,e452c368-56af-4c48-8be1-751831a3be29,5619,422,6919,748
8783,8e402d63-0c1a-4a3f-8344-ba539f890a8f,1323,98,5421,2260
8784,5c7548f6-c556-4967-a709-cd0c4ae4d93e,38843,830,3263,9577
8785,ef2eb58a-8cbf-4485-bcaf-45c5a826bf9f,43452,720,2251,8903
8786,0f96497b-79ac-4878-be8a-ab5da4126b7e,22653,133,8202,5599
8787,af59be9a-041f-4228-b59b-47781958ac32,44813,711,5919,9600
8788,fffdf51f-8407-4b28-bed5-03c1c699091c,39577,320,412,9438
8789,a5eb6d92-8c4d-433a-9931-28c720c8d9d3,16509,728,8439,8446
8790,d5a6b69d-bc17-404f-b9ad-14c3588c32dd,10478,284,7099,236
8791,e389df3c-72e6-4419-b74a-f885a8cf9da0,21953,242,9339,6228
8792,6b589d9c-4b33-4e21-8cbe-abc6e55527cc,41302,474,3972,7042
8793,b56d2416-2b8c-4010-8e18-be65d711ada7,28880,321,4547,8954
8794,064900a8-4770-4711-b036-c08b6e05e0aa,12954,296,8995,98
8795,c6a457b6-fbf1-4858-9714-4d9b7bda9e95,15631,744,7553,8773
8796,09f73eaa-5591-4ce2-ba88-64a3ffecf70f,33994,679,4987,2041
8797,ffec2b83-4774-463f-8f44-6e094f536d83,28896,349,7092,2195
8798,4564fa5b-462e-45d2-91b1-4ae6363086bb,44677,206,4759,8093
8799,c29bd109-9382-47b4-8527-27d619f9100b,22572,985,9756,7749
8800,32f95416-66b5-4e99-83f0-0d96a3b71898,21406,811,9155,1622
8801,8f33eb20-698f-41eb-802f-951555a657c7,29080,924,4268,6429
8802,1b2d4812-be75-45a2-809c-d308b7434131,43342,336,5543,1571
8803,a0b28250-2a79-4181-9c6f-baf4138047be,26146,353,2003,7833
8804,16e6bc72-2b80-4f9c-bccd-d9f152b012f0,2110,624,2291,6183
8805,e028c504-06b6-4a48-b9d3-3496a569ba1c,7262,546,1785,7902
8806,80b5d5ee-8785-412c-a3b7-fbfa4875b8f3,5249,88,6176,4310
8807,bad6f968-0f32-44d3-a9fa-e57623a32367,11592,694,9402,7458
8808,67512e48-5f76-4684-93ff-2b3a0287e3e0,42486,483,3989,6928
8809,facc51aa-7ead-4d14-814c-05168b14afde,27944,696,4456,1355
8810,26aace94-d821-4a56-b0e0-4ff9b2565740,4561,624,2264,6025
8811,106be4ef-393c-40ec-8b2b-d2bd3ba80b1f,41041,123,7984,9655
8812,96a9b1c5-88a1-440f-8e76-d3de3b28b7ca,29064,549,5683,8564
8813,fb57eb4d-be42-4ba3-b158-9c56033cae9e,29721,348,8293,5036
8814,0d4fb9f3-9509-4345-af26-9aa04c2e82a3,49710,15,1240,4963
8815,967202be-69cc-45c3-821b-5d2b61a81eba,39775,384,3498,4043
8816,cec92e5c-52c1-4df5-969a-66aa2fbc2c2d,46323,819,5440,3663
8817,b11b27e8-1f5f-40e4-ae5b-bb22138865f8,14056,896,7735,1839
8818,3e32ec52-859d-4f55-a1ea-a8491d5cc243,39725,85,8099,8318
8819,1e633a52-5aee-4d2f-a8ca-431d8cca372f,12648,277,1948,5175
8820,93908c73-1718-439b-a1e3-e6b3e7e0707f,25496,707,5537,8229
8821,7efc81af-d112-4bba-84b3-06c97246180d,6304,32,2696,7281
8822,5915d700-d376-4f96-9dd2-ae9558582db1,6009,670,4950,678
8823,4c18b2c1-951a-4ce2-9eb7-2059f0d92219,5636,311,3275,8202
8824,633a3792-1cf3-4190-859f-ebb8e5963ba9,28352,511,6822,1045
8825,a2d8d871-b6b9-475f-88a4-a7cc57d047db,13841,70,6246,4412
8826,4fcb1a94-2f2c-4f78-9a6a-c616193f3b91,49046,626,4817,772
8827,ee3784df-50b5-4edc-89cb-5735a48c71e5,29033,905,3110,7263
8828,aa424a36-0d36-42a7-a1e9-2ab769cd35ae,17823,807,9258,2481
8829,83606f34-f785-4424-95d6-2002cb0a32cc,16230,840,3345,6452
8830,758dc89d-fa1a-4361-83cb-7072ad84ec54,36273,904,7593,2298
8831,85863afa-b3b6-42a9-a970-930d08e98fea,12951,946,6927,100
8832,0076ed9f-bdd0-4f68-a15c-744588931d75,12396,632,9034,7999
8833,133aafbd-5ce0-4c37-84a3-384b485065cc,3431,798,9959,7017
8834,3f8034a2-d2d2-4118-9453-437f3fb4268c,588,854,3194,1032
8835,209a22c2-e85b-45d9-8207-180fa908bfe8,13917,112,8612,4506
8836,4c6060e4-85e5-4e42-95d1-8dda69e76fd1,2698,647,5372,1819
8837,73dbbca1-eedd-40c5-b1f4-9d9e1bec977c,45076,42,789,9166
8838,4c823099-8df6-402c-a49c-1de1d1efa40d,16419,827,771,9910
8839,c9b8d915-517d-45d0-b0d8-b08ce0efcc4f,44027,967,8949,7846
8840,65a4834d-3b1e-434a-aefd-75165df16905,47930,922,3839,5278
8841,901f514c-1c77-4c05-833c-0eab4d88c28a,12589,159,4843,7709
8842,be471bb1-9161-4e6d-9381-93bc5a7f82fd,19231,437,449,5214
8843,e0738953-66a7-4521-ad43-05f6a473a199,4012,864,4693,3145
8844,63aa42c4-d4ee-4ba4-b123-e367ec9b58b3,46114,561,1534,8178
8845,bdfb9279-9262-425d-b5aa-e309a7dbc4bc,16224,991,2433,1264
8846,c731f09a-706c-4d2b-aad4-6f16e1346e1f,4172,957,6117,1128
8847,b2054a15-114f-4cd5-9eec-0533fdbc9095,16079,904,393,8291
8848,9a8a09f3-7ced-4d95-8a87-90cb85444c12,27780,785,6059,1514
8849,667ac8d3-53dc-4eda-992a-8f3759c87bb2,28741,120,5169,9899
8850,148fb8dc-f1a8-4633-9501-8fd0f5ab0fe6,45628,482,188,3269
8851,45563268-20ef-4e19-9a5b-096b62b06ec0,22451,427,9666,8669
8852,1b0216bc-00ac-44b4-a327-84a857d8e370,32818,353,6898,8230
8853,5aad9745-7a3c-444d-9ab6-dc7889c9493c,40328,61,9440,4294
8854,a7c3290a-ae84-428d-ad01-10d3ade32163,32566,603,5490,6517
8855,3bb7e7cd-9da7-472f-aa6a-00fd63aa1f3f,25791,22,7708,6924
8856,1d4f9479-c44e-4fda-9abc-d4b2b5c8bb01,6609,670,5451,7518
8857,d72c3316-569e-4171-95d2-d28cadd852c2,22652,223,635,1232
8858,f5f3583d-ca25-4bd5-ae13-742ec72bfbc2,49536,742,114,6666
8859,87867b27-cbf7-4974-8ad0-1a12314f93ce,6625,200,9644,3108
8860,c7e6b782-926a-45e4-abea-0d34d7b0c53d,44236,821,8317,9573
8861,58f8b101-bd43-40dd-8d50-eeaa012f9c7e,34865,171,1795,5422
8862,cddc95ad-28a1-4878-a743-74f295451424,27759,266,5444,5687
8863,c7300d31-a150-4a1e-899e-a91d3b82a68c,35818,884,3409,9283
8864,ef469a4e-f1e9-4728-a9ea-75099cc53a6d,38666,57,5581,1669
8865,a2da10d7-3b5e-41ec-9fe7-937531bb2ea5,35112,331,9108,121
8866,7c155acf-b7b2-48f4-9e05-dc1a015109ce,31295,639,6952,973
8867,880c0377-1d5a-4204-bdca-fa966d5cd6fe,34336,116,2629,3544
8868,260b9521-67c1-4abb-bb12-a236573aa611,45245,482,2187,2747
8869,c1c19ebf-582b-4743-8c8b-c198086d740f,31249,607,7094,1294
8870,3f9a376c-ed75-4f38-ad6a-092a76d47745,1395,924,7325,723
8871,516896fe-e9f7-467d-b4ba-48390351c0b5,42026,676,2802,5582
8872,43087cac-e777-4e33-973a-214dc5a65663,17919,373,6636,9006
8873,40cfa97f-ed49-423f-8f7e-befe51ae90d7,14308,427,3533,5633
8874,e1c7c297-3094-453d-99b8-5b8b60f888e0,13124,624,8905,129
8875,a2cd3a2e-1f16-46a0-b7ae-0ca3cb01f1b5,14874,437,18,5538
8876,3f63da27-034d-48af-821c-7266d0c1de20,4109,831,2390,87
8877,a7d44a58-ae79-41f2-9675-682ee3ab553c,39260,39,3121,7356
8878,e1d69154-06e4-4f46-845f-6a779f4aa2ad,43005,451,2778,8601
8879,c57eb1c7-14ff-4a11-ad0e-4c85863bea71,34397,461,8412,844
8880,90d4dbd8-75f3-45c1-89dd-3fa120f71a2f,39004,273,2972,2632
8881,4cc28f10-a8d4-46ea-b95e-9cf6260f04c8,13861,803,867,9026
8882,7b944791-4634-48c3-acb3-3b47f0fd010d,238,731,6371,1140
8883,bbefbfa8-f66a-4318-bfb0-a54c6dcc3bba,44704,116,4602,5886
8884,bbd592e6-5db0-4660-b059-8bae94c0ce79,37238,267,3271,2792
8885,a6efc762-dea0-4d58-8cf7-1cc428700247,3039,200,3184,1540
8886,e87dde0c-fb49-4bbc-bcf3-c3352dbd417d,48580,182,8262,2918
8887,7331ca99-2370-4bb7-828b-b8e895013483,32636,712,8110,2892
8888,74a26123-943d-4938-8046-5108d30add9d,15791,708,9656,6198
8889,e6cbb43d-543f-45c0-806f-a2170a8593cf,2210,222,4869,5598
8890,f18e0439-3194-474f-a393-89e2f78fbfd2,2600,523,840,2054
8891,cc7496ca-bffa-4a91-881a-c88fc47662fe,11979,670,698,3149
8892,0f1cd5e2-ba31-493b-9522-487a2e0e62ac,11926,114,7608,2916
8893,c38b50ab-55b1-44ac-9bb1-5e4b686ea389,28842,83,7950,5380
8894,c087e38e-6ac0-4bca-87b8-af3c71481561,3203,432,9879,3782
8895,a93890f3-fcc6-4f6e-b7cb-ea022a2b2e0f,16164,15,6913,8698
8896,1566788e-83f8-4b0d-9551-5d1572910b87,44792,839,6759,3438
8897,279deb72-8a47-45c3-a4c3-de805585a47f,18241,355,1764,5598
8898,f74e65e8-efae-4798-ab15-4ac5d312670b,48907,330,5885,6673
8899,82faf871-46e6-47c1-99cf-8de09d823e4b,30278,700,8750,5385
8900,fc191c17-92bf-44ef-91b0-246fef25e5b5,28752,667,5958,5312
8901,b9302df3-c223-4b03-8c21-66a47ceba34f,28692,43,1105,4097
8902,ba8c3f28-03e5-46c6-8f2d-b4e85be0efee,20661,161,1709,7619
8903,5105be49-77d2-414b-a7c7-b0bdd06e8ad2,16164,337,8975,412
8904,ce80db9c-a8a8-465a-8768-3a9c6b7be478,1070,905,7534,1756
8905,265921f5-b914-47e5-9ca8-35c9e8c0127d,28275,761,3392,8668
8906,3b5cc217-499d-44d2-9999-975f464aa360,42661,614,6643,7337
8907,e045573c-00b4-4fe4-8a59-46a10afd03e0,22491,507,5836,5730
8908,2747493a-9e25-41f9-bcf1-68c9d4897fee,38511,244,4226,9658
8909,8ce81a51-e2e2-4505-9f59-8ac1099fd989,40727,524,748,2220
8910,0f629d0e-1a2d-42b8-98de-54c35cd6e786,32049,508,6362,4815
8911,31a4ebec-a975-4d63-842c-38e7ede4fc9c,15520,454,1868,4538
8912,a30cfbc4-1e92-40f1-8d4c-2c1a3cf2b287,22300,771,3316,2068
8913,732f6a89-1107-4091-9e4f-c8516db42cf5,1076,198,7103,8067
8914,2f41ac37-f5e7-471e-976d-0ba860645ba3,13910,748,2545,6917
8915,94a1fd83-87aa-4da7-9ead-a1e85caaee83,35506,414,8233,5306
8916,b2dc1b7d-a0ab-4acd-bbcd-3c575df92d68,30812,792,753,9930
8917,7cc65a86-b20a-4c3c-97f9-fa52c4d3f2d1,32313,673,1781,2426
8918,f69699c7-3d1e-481d-ae0d-5f034926d1dd,19234,220,7236,3846
8919,488ad349-c63b-4dd0-8a7c-4ea5c66a4cef,18292,974,3469,8323
8920,bfbb51a1-2fe2-473b-a9cc-f30c78aed8c3,39668,985,3548,7787
8921,888f87f4-12fa-474a-a12b-a602f9b13d11,26856,511,4985,3033
8922,0ac9d817-b25d-40e7-b1ed-40f89774d3e2,35621,480,8658,3181
8923,293697a9-9e7f-46ee-ad37-137a58a82a6b,19022,141,2917,4532
8924,0dacce23-3a6d-4978-9a77-35cb95b59370,28683,887,757,1954
8925,735312af-a7c9-41d9-98af-1371d84bab2d,27427,515,6138,2292
8926,df3848e8-6107-4452-8136-b5bce90f2efa,19920,831,1880,1786
8927,c746d7bd-6339-48ee-aaa1-909e418bfd7f,36363,483,499,9933
8928,cbf268f7-2899-4123-a2ea-442b6b3dcda5,15244,497,9996,6660
8929,e4d2955e-3fd5-40c8-aa27-d5252c494b50,17775,406,5774,5581
8930,5ff82754-1f70-4c38-9e26-97aaa9496cf4,6449,754,3169,7195
8931,dadb7b6e-b43a-41b9-bc40-71f3b0f174df,48684,677,4499,8103
8932,c2c70634-31de-4835-91ed-a243e2accb15,45278,414,5032,4038
8933,c4e5742c-9511-4c1b-b0a4-ffb6385357aa,770,936,1384,4037
8934,e9b49eb7-3822-40d3-b7b7-98a48a1780e5,2357,991,6070,6080
8935,c0b6ca20-fefd-4751-a9da-cd58c929fe45,35888,504,2297,8173
8936,7047c36c-198d-4150-831d-34002848912c,46279,235,6201,8400
8937,02f131de-6748-4729-9a64-fc43bd76c175,46731,851,8112,307
8938,1b22d40c-7854-420b-83f6-6d5ae28e51f2,29639,92,6143,6170
8939,78ed1af1-35da-4fbb-ae87-3a3315dc9d94,1133,493,8706,8424
8940,cb9923ad-2caf-4d4d-9a1f-f89cffeaabf4,32845,247,9033,3237
8941,a3a51d0f-06f0-4acf-95a0-9a782be501b6,29119,87,5505,8409
8942,b0322a2c-22c3-46a6-878d-e193627740db,1990,194,4851,5407
8943,6a33bb92-f867-44e5-a908-aa32267e9850,32232,821,5537,7756
8944,03e90c5c-6e5a-45fa-b2f9-6281efe60089,44277,872,6240,3014
8945,ca215950-3bf7-4882-943b-096d222b0b5f,6459,224,7840,2779
8946,32bbc4df-0b12-46f8-9569-17f9878b16ba,33036,803,86,3185
8947,73f2c413-9f90-4c98-b4ca-8f01d2d39ad9,23423,687,5182,5684
8948,ccfcaee1-3c2f-4cb0-ae4f-3483a1504ba0,19657,364,996,2001
8949,a2060446-102e-4281-9d36-d40a9ffbb9b4,35822,897,3422,7188
8950,145d74d5-897c-4b42-819f-46c8cf692cbe,24770,250,1515,6769
8951,b54d85e5-c70f-41ea-9f29-a4e269f27048,8895,856,8675,8255
8952,ee68731b-2924-4b5f-b56d-00479385ce51,5264,679,9114,98
8953,6bea83bf-c803-4ca2-9d22-dfca314afbb6,11007,249,4758,5913
8954,83fbc54b-695d-4dc3-856b-dd2d4a716ae9,3361,548,461,3164
8955,b15b454e-7fd2-4ed8-94d2-fded9563ebd7,9795,596,4932,9661
8956,79881d80-f333-451e-9eb9-374c2a75df3b,31612,974,2568,4223
8957,f4f82f7b-310b-4225-9bea-0b7e554a925e,11752,960,9260,6212
8958,29758764-070f-4419-bad9-98abc899b294,13150,347,6045,9170
8959,7233b46b-14e5-49c5-8001-e33944d11920,31990,168,3467,2001
8960,3f39bc02-7db4-4940-8317-d3c4ace14995,13422,403,6691,947
8961,f13e2dbc-7c70-4d6e-abe7-4f72a8e441c7,47431,212,8861,1678
8962,55efa6c7-c55b-4314-b0e7-5cbfc6097a63,37378,907,4752,2624
8963,808975d4-e035-4f2a-897e-3fecc9deacca,12415,140,6576,2463
8964,f275541c-3ad0-4f57-898b-b947030d8a56,1773,210,516,9312
8965,a00b9b46-89b0-4402-a10e-caac25461546,21911,147,9236,8777
8966,bb2f81c2-e848-4d66-b822-1d53e786181f,48218,886,7153,7614
8967,e7cd37df-ab55-4c70-a266-2e7251394e08,12643,79,862,1833
8968,795ac085-0f1e-42fc-97e3-155ca6f760b0,32982,378,6633,7566
8969,07acc3ee-6e23-4643-9f6f-5657515f9e57,17865,265,2073,1678
8970,3613ac1f-018d-4638-b755-ee8f93f31e83,3050,899,2856,4285
8971,c2937f25-602f-41b4-9d88-63944a4c1e3f,48543,120,2765,8340
8972,ad616543-a729-435f-a76e-2d3d0871fcd9,30610,724,379,7829
8973,15df3451-dea2-4c35-9ad0-630a2c7dfce1,42002,82,6151,4415
8974,9cd6cbef-3a8d-4a32-8e1d-c5e995f0b609,24182,752,8434,6874
8975,c0e1284e-a1c2-473e-8c49-09cb6834f693,8240,705,5041,2030
8976,0730e06a-e49a-4c8f-b615-42fc2c5fa888,10025,986,6884,4810
8977,3efe58d1-d2e3-41ff-a7ac-0f5777341600,11143,221,6265,8498
8978,43d49554-a7bb-4892-b224-8751844893ea,46549,688,7080,1306
8979,cc45ea7f-9a84-4d27-995b-97f41b9c49d7,6356,720,8328,4869
8980,bf14990f-c6b3-4baf-818f-234432b0197d,36653,898,8826,8860
8981,272b7f9a-b606-4c23-96b8-b63c652c31af,11349,605,2442,6915
8982,732a1590-ed7d-4817-a333-ae7e861b759a,34701,812,6412,439
8983,14422aa3-f65a-4cd0-bbdc-3e956d1255d6,12265,85,2522,9773
8984,8971f4b1-4886-4d9e-b1fd-a1638bebdda3,48139,756,9050,1838
8985,f139a79f-8af6-4309-8bff-411119d4059f,9395,265,6184,2231
8986,fabc1fa8-0cc6-4d6d-8f8c-cea4996249b4,11774,170,1283,7790
8987,d5268642-5642-497e-b697-0d2ae33f4d4d,2508,223,2825,8218
8988,37a8b1b8-5cbd-49ff-9b70-3a2cccb87f44,4201,570,109,9889
8989,c193052a-e8ac-45d7-8572-14105c6e7d52,36039,929,6688,2452
8990,d75460a9-c2f0-4dc1-97e9-97739b4d76b9,2778,707,184,4484
8991,c1722e87-ac42-43b8-a4cc-c9cf214f00dd,24412,705,5636,1290
8992,fa6879ee-51ab-4a99-b3e6-ca039bf6e94d,38947,874,588,8731
8993,32fbe264-dd5f-4dc1-889d-6c2d6e38c231,20409,853,2326,6996
8994,e9d36156-991c-4ab9-8837-411ec1cc2c03,36953,887,1009,512
8995,43bdde39-4990-49dd-922c-84db6953d067,9705,521,2543,441
8996,48b9439d-708b-49b3-a761-f1daaecb9d34,22293,341,1443,5647
8997,63a5145e-0dc9-4d15-8302-af2a0b153fa5,19160,466,4316,8828
8998,75c58035-df99-4559-a9c0-ac1075453cef,8361,837,5788,4733
8999,7c867a64-f3f2-43bb-981a-0e54a04083fa,19778,954,834,9671
9000,1ef19ae9-33a2-4c28-97ff-ad8ccf721dfb,46499,265,5489,9494
9001,cbe50e85-1e70-4130-9775-64da9bce2f3d,6819,984,6788,2883
9002,0a031ea5-93cc-4a00-8672-0e3248b69116,42612,141,1507,121
9003,8eac1eee-1e03-4cf2-b7d9-2940142f16ec,44527,235,4643,6994
9004,8009d05f-9f29-4ccd-b9a7-adc2b5615ede,3783,814,4899,200
9005,0200f3c5-1268-40a2-b46d-efbf2e6d1575,38207,307,3808,8573
9006,2f20369a-e319-4277-a6e4-c65faea831a5,47253,886,1832,6183
9007,de5f0760-4e63-4e84-aa44-0d540c159714,48424,900,2038,9758
9008,353a03d9-7749-405a-8f24-046f00087d5a,36037,46,6264,738
9009,0ff2809c-05f0-45c3-8460-6def4e36a3f2,11973,14,7705,1136
9010,43013e1f-35ff-48c7-8af5-64c04453f5d6,43506,338,1440,1008
9011,53f3ad8a-5e0d-4bef-a447-4726f7122809,27189,689,33,6038
9012,7b294fff-f383-41a4-8867-9c1193364d13,21534,482,5921,2669
9013,def280fd-ca3b-4742-a526-1a39c5d42e6b,29808,336,2517,588
9014,37b107d0-ea81-4a05-83a9-826a8209f253,19703,360,7897,8817
9015,ab1d4efb-e055-49cf-895e-ba09a6554712,43102,346,8061,8861
9016,68c19bc7-893c-4555-84ba-75a4f2058ddf,4404,826,7650,6943
9017,555b9b52-2c38-469d-81b6-48c64f673eee,31088,655,4096,5720
9018,e3f4eb63-5384-42ff-ac04-d45b7394877f,6150,251,1553,2411
9019,febb7abd-5ecf-4278-a214-3e2bed5187a6,39051,67,2964,5448
9020,c838393e-e370-4d6c-a187-de6f0ad29937,45114,263,2426,5547
9021,b90f0750-4e1d-4a3f-a436-3efa08e95259,19847,80,1372,5084
9022,243a0664-c8f6-4655-bbc5-c613fdcda1d8,18849,157,3446,3867
9023,c9696433-1824-44ba-baae-a2bfdc4e37ba,403,74,6014,7739
9024,1343269e-9995-4b91-a7ed-463b8831661e,40549,665,8790,6583
9025,408c4612-1df9-4f0a-be04-fb1764f5010d,40071,606,1318,170
9026,5c7bf511-009b-4ee6-8180-fed98bc9930f,14769,301,8178,8506
9027,144f7aba-9ebe-4e66-bbe4-e6a28d5a7a0e,49243,886,4183,7308
9028,4cac57f9-89db-4709-bd45-9c996efd55c8,28348,176,7390,4003
9029,d754bfc4-f8a5-4d94-8319-d2ec64f4ce42,16401,355,1844,2374
9030,36cad774-8f60-4344-8f61-7d80cfa0f4ad,39976,485,4240,4922
9031,0f621e4e-750a-48df-bc18-072c95429b9a,5690,218,8355,4892
9032,786d7eef-1a1a-4c86-bd63-2128ca7f1976,21167,937,619,1867
9033,4764256b-d474-4964-bfb5-d6728d51a634,43754,325,1056,8830
9034,d715ea4b-4a30-4c7b-86ee-06434911c948,42021,779,9433,1617
9035,64b40edd-e5f7-4890-9427-7a62b9dd1285,10719,409,6907,5013
9036,8e6dc02f-f53c-4297-a2f2-3224015d9fd7,28546,394,7281,8065
9037,e514c3b8-88df-42ed-81a6-19c56c3fbc71,8318,37,18,7254
9038,484a9363-9e69-4539-8ec8-f27e19aec845,14953,133,3181,6549
9039,b9cfb04c-5121-417b-bb1d-7f0749f9f19c,13982,194,2723,2765
9040,3f1a153b-ab49-4ae1-a9b3-1aac04e4ae87,30110,25,2468,4017
9041,a5c35e5a-4b98-4727-aef8-cd791c2869aa,36203,925,3161,5653
9042,ed8a8caf-0c6b-4e02-b2ac-ab6101bb788d,20251,770,7630,6644
9043,7a556a78-e596-4341-b21e-dbae34bce984,32639,954,6368,4537
9044,e193e539-b5bd-40a1-8033-6f39523868cd,47994,624,5847,2702
9045,da8264f8-2206-43d4-a64b-1ee573790561,3453,283,5467,597
9046,ba11da96-8005-48ab-bdab-b8ca9e52abdb,3347,225,4622,4660
9047,8b837739-2cb4-4c33-b4c4-ab3b85e93bbe,2065,369,4175,9167
9048,bb880c52-ab42-4310-952f-73f8651c46eb,20835,822,5176,9335
9049,9b55427a-76b2-4ff5-abec-d9a167da87d6,6781,51,2938,3261
9050,ce70bcee-7261-4255-b5fc-b69dd2170966,25588,823,3023,7237
9051,cadcce9c-dbdf-4882-ab92-1bf54356e43e,15517,501,9828,3116
9052,2c642090-b9f1-4b81-af22-f948e111f13d,568,463,2140,2186
9053,8d65661e-126a-4123-a8e3-bdc98f846c3b,36959,724,8941,8225
9054,9f56623e-e353-41f7-a2f0-742221902f8e,18594,934,4410,3440
9055,f672b101-e863-4afb-8ec9-fb78a3e90793,21397,926,5760,3994
9056,9a2f3e9f-9401-40c4-bf0d-48a46a0dd759,12153,264,9986,6860
9057,9f411715-b70c-4c89-82f6-0831c85984fa,26401,690,2632,2609
9058,210bc45d-62cb-4ccb-99e7-960a6b0435de,14402,415,6073,5759
9059,c0ce204e-d53c-4927-a2e2-a5d40032aa04,25396,640,6512,5227
9060,ef8db84a-0f4c-42c1-b7e6-09faeb266a5c,22379,232,3295,8845
9061,4d9c6870-bce0-46dd-a7a1-963f6993b87e,23495,178,237,5895
9062,978bca82-ff33-4fa0-b7bb-6fcc2f02a8f1,5363,110,6446,3008
9063,ec723b6b-ca96-4468-b8c6-a66de58d795e,48597,481,3966,884
9064,2b04e3ee-2d9b-466d-9e65-adbdfa9e1291,46791,312,864,6659
9065,411601ea-bb83-414b-b08f-d235cf68627e,14003,265,4149,341
9066,b32727f0-bb0b-4200-b90d-316cb7aa6d67,32486,868,7834,4381
9067,87a52639-32ca-40ef-b787-230fd5d03eff,43811,416,6562,1543
9068,e347fb8a-c98b-461e-9556-3a9a6764e543,25753,712,5628,9008
9069,c58a6321-d76e-4f4f-9e03-19e5471ddde7,33310,221,876,7538
9070,f8590d1a-d18c-4c58-98a4-3a5fe0515dd4,48564,385,5021,7908
9071,53e6e2f5-8724-4a29-b7df-ea3439189a6e,25600,933,3524,5675
9072,5462c9bd-d603-4ad9-aec1-7ad957810dec,46117,54,5614,7410
9073,b6e6d10d-59c8-4dd7-b57b-42d24bd225e1,12807,913,7887,6201
9074,8fb12ec5-adf0-4fc9-9453-87aa030f2f61,1033,529,8383,3258
9075,67192b09-80ce-4e91-94f9-6dc62a64ef5e,19395,681,912,2027
9076,2180ba54-b1ad-479f-8cdc-405d210aeada,45422,888,5449,8001
9077,8d3e25f3-79ba-4275-92a0-d5e24927f62a,2618,899,8036,3614
9078,148bb5e9-ef70-46dd-8515-42c5e2b2b9da,20806,789,6668,1633
9079,203e23a1-cc32-4b94-a065-00890589605b,21370,113,3151,3628
9080,ea7c089b-8e12-4600-94c5-81fa7cc7aa47,21258,370,2026,2645
9081,04d69f19-4ca3-4fd2-a49c-0d4f017e81b2,9803,82,9326,9341
9082,53a336db-6ad4-4fde-a7a4-a3540513e36a,44011,281,9205,2742
9083,86b4cbc0-83fe-4d8f-af1f-7517e528d221,43289,823,5281,3775
9084,c816199a-89eb-455f-bdf9-1275f727e79a,2611,924,505,6234
9085,203955a2-682f-406c-91b1-ae8427dd04e9,31317,607,5640,5045
9086,cea2405c-37d0-4730-ac91-2922156d4ae9,44570,230,5586,8739
9087,36ce726f-5d96-4a06-b425-8347e2337965,31668,862,6087,8433
9088,1e263876-9f37-4510-8892-10517a5504ea,2743,972,5752,8622
9089,8bfa6eae-3d12-487a-beed-e4d445643326,23295,849,920,1691
9090,3fe61332-1f75-40cb-b60c-bf1e9a41a8a2,31005,780,761,2778
9091,199e3a8a-a8ed-49f3-848a-bf6b2765f97f,42165,439,8084,2547
9092,105ce483-09af-422c-acc2-90cdccc8d7fa,35225,38,5956,8211
9093,29feede9-81c2-46bc-84fe-d55ae611b7b8,37791,320,9006,8015
9094,190a9cdd-d89b-41f0-bd8a-b437faae6814,31962,71,5337,5274
9095,dd724a70-ba44-4d05-a5aa-3ea696e8fd76,23287,722,464,5766
9096,d2daba26-8fcc-40e0-96a7-2a2929f49070,23198,955,2596,8844
9097,e3c8ebf1-612e-448c-bbc0-e2f330d2c235,17067,435,3324,9149
9098,00dab4bb-bf52-43ee-950e-d209320a167d,39627,504,7191,3204
9099,71c9b961-737e-4e1d-8b50-42fbc60ce271,48229,723,6248,2129
9100,ff809709-0045-4e66-9800-6a1293b28c53,49351,117,7151,2947
9101,d330e2df-66ad-451a-acab-481b29fcd3bb,16651,857,8767,7381
9102,1b1fb1b7-d871-4c3c-be1a-0bcdba08652d,34228,504,2658,4856
9103,65644f67-1b33-4769-814d-550e9b32f4b5,41676,410,9517,9291
9104,b60bad8b-3c35-44f2-9c5f-5d147f654a5b,34042,961,7956,8797
9105,ff6d7749-40ff-4065-9102-030cf4ca8eab,13102,819,8659,8085
9106,af792e27-a013-44ca-a794-873b0dd252b9,14657,858,5921,1610
9107,869a0c15-e41e-4ae7-a9e1-01a81f4805a4,13264,424,7616,7028
9108,0b35c946-6ad2-429f-a208-8bfce62bc315,17323,597,8078,5765
9109,572c0e22-5abd-458d-8422-73242e7185dd,43261,475,2450,9109
9110,bffaee93-089a-4db2-91c9-2f015526a40a,21748,947,9866,9016
9111,4392bcde-2b6d-4fbc-8d94-06993c0f3bb1,32842,266,8904,4002
9112,0d9e1972-0851-42b1-aa2c-7a01a172952e,3579,781,1553,7435
9113,00de8f4b-7842-4e66-9b6f-85ec6bd4cf19,28834,372,8981,2502
9114,9a6b888f-c452-4e44-aaf0-f8d208a7d4eb,32453,58,5637,2167
9115,73e4dbae-3546-49b4-9f31-7d82745cedf1,43236,889,4043,4741
9116,b0a4e18a-14d4-48e7-9b48-a5a5225ec972,36320,112,8979,9394
9117,19328caf-2af6-4d2d-97af-6c0920723b53,28744,52,3750,1378
9118,ce6ad2b5-4bf6-4d34-be32-a28182330e98,649,299,5597,6120
9119,0e9356da-0135-4d1f-9aef-59cd57e235c3,47569,532,6234,800
9120,8275f229-0d72-472b-8121-c3fdf5b009e2,30807,42,7481,5865
9121,f2c9d520-5fa0-4665-b23a-3b32283bd09d,37253,937,1347,4449
9122,fcfa1659-f73b-4ba5-893d-2e177bdd68c5,3371,488,1956,3631
9123,9db73c69-15c2-405f-9b37-05549041f5c3,24001,824,4618,1017
9124,d9610fc2-a4d6-454c-bd36-fa0478c7b18d,40283,551,2130,837
9125,22a4b13f-092f-441b-aef7-64ad2640df99,33774,132,2409,9347
9126,badbb169-e147-4e1f-b773-8dec334a7ad3,16689,982,2806,6071
9127,6a336086-823d-414a-a0e3-ec55c492dfe0,38559,660,4979,2062
9128,31fa920d-3d8f-4feb-a138-0eedc391d4d4,44957,57,145,8930
9129,ff1f3c28-dfd3-4f0b-a35a-ca483cc41907,5191,905,2340,6415
9130,38527279-11dc-4f67-9382-f14d040c9c38,39021,620,4958,3227
9131,ee199f07-3086-40b3-83fa-da6c1e591404,18791,861,4241,3996
9132,d92c553c-b45f-43c2-933b-40f8bef5bcb9,35471,753,2559,3347
9133,0a17839a-eab1-4fe6-aa05-1a16bba8a697,40343,42,8260,6399
9134,63f5275a-3543-4435-99d2-07d1f8acde8d,16599,45,9325,9939
9135,60fd27ae-9fda-420a-8479-f05c8560ca89,25366,644,9946,6015
9136,9e62bf9c-d773-40de-aab1-a7f577e40873,20739,454,4392,2730
9137,51e63a9a-2b75-47f1-8266-3005df5a7b1d,25368,306,2121,7968
9138,3474ecfa-eb12-418c-a8b2-0a3b9b4e382b,39040,407,9764,2015
9139,f8ec8bf5-3064-4533-99af-676a3d956820,49076,174,609,9006
9140,91b5874b-618a-4570-b6f5-979becceee6d,7861,141,419,752
9141,67588f77-3113-4b3a-bf1d-ad38aeefe6c7,14697,820,2138,1298
9142,338d4c59-8ca1-4a8e-adf3-4335061c940c,41084,798,6720,3560
9143,a2a282bd-b05e-43ef-a4bd-39558d3388cd,24736,224,2283,8928
9144,6d77d10f-d4eb-4506-abde-04fc2e344af2,11666,813,6747,3639
9145,38054982-9d26-4391-9656-15b6cb358e57,4025,666,6656,6484
9146,738ae25e-f4da-4391-8cda-72bfc68ef681,13711,820,1584,238
9147,608f3614-17b9-4288-b151-225fb267d37a,42351,216,584,8498
9148,611408db-7020-4b16-ab61-9fe009b5d3d9,3811,198,3587,6704
9149,1ef99bba-2370-4eec-9760-081d8549f863,47554,462,724,2457
9150,b17e6670-b8c5-4cb6-8e2b-deb9a7bed58a,23685,740,5601,3926
9151,cd5c1158-f093-4450-a4d2-8a375fb8c093,48821,649,3251,6326
9152,f2ebb54e-9952-4f61-b48d-903fb568f617,38093,778,1975,5292
9153,a60d1add-cdf0-433e-aaec-d21269f43a88,5197,884,8508,1721
9154,beefcd78-e309-4463-8797-99bd8397729f,26623,633,3746,9578
9155,04f13954-358f-4f45-8dcf-9c63045a1bbc,47612,731,7987,3400
9156,cb313a5d-7911-45f4-9a90-d94f28c647ae,38520,758,4778,3828
9157,57c43421-0d7d-4888-9054-303490fbb16f,33373,615,1907,3994
9158,8bf6b961-d3a2-45a9-b715-72cd7ffed7d0,6037,28,5002,1860
9159,7fe315c2-f85a-4684-8009-d652e3839370,49563,245,4413,5786
9160,19b73051-08da-4c2f-b9d4-2393855ee51f,10228,1,8050,6407
9161,e7c5a6af-7bb5-434f-9cb2-17861760b789,48745,55,9500,9311
9162,747b77d2-332c-4b39-82da-84bd06accddd,10862,449,6574,4391
9163,53c5a962-ff24-4ac2-b1ad-532b430801f7,7074,313,6943,493
9164,b95a647f-f377-46ac-8937-da20af9dbf2d,24616,552,5912,5804
9165,18984a86-c8f3-454e-9bd0-34091f4fb716,40807,334,8520,6350
9166,550effa6-1e5c-4b98-aefe-2641635dcc85,3289,443,1359,9557
9167,967b5043-61ec-482d-9428-20e11bba7a0f,7451,988,7508,8678
9168,f6d7cac8-b494-418c-8fb0-9c60bc0dddfb,1253,192,2705,9235
9169,e0c410f5-9457-44e0-ae62-3592133301fe,20200,323,5450,6265
9170,c3f650bc-e59e-4b4c-8d1b-c222583cb931,20483,79,7929,6710
9171,293b7787-51f8-4575-9824-c534f9b8b5af,38525,644,8034,2939
9172,87a5ce1e-115e-4b72-83ac-cb032a139f46,33274,715,2123,3355
9173,ece6213b-4da2-48c9-8911-b8d62ef65116,9754,655,5172,8607
9174,895a3bf2-5c85-418d-9b69-dfc5a0449797,8327,166,1602,3654
9175,3541206a-fb6c-4cf4-a8fe-e29aabde4864,13433,748,250,2866
9176,bb8c8a9c-f31e-4568-9699-ce2cd0d591c4,29471,44,8025,4898
9177,d19f2961-3224-4e74-9f6a-337124d7bcbb,43734,228,7114,220
9178,2fcda09c-3281-4f4e-91e4-d2896d0d3d47,26481,110,7815,5262
9179,460d66d9-5346-4ec2-b27d-e76da252928f,43445,941,5665,1717
9180,5cbb388a-bf40-413a-a337-7e182a7c23af,27565,74,8975,6812
9181,fc36b9f3-d2b4-4f26-b72d-e088d5ee7ab0,31467,67,4801,3751
9182,9b792873-0378-498f-8ce0-8a08fcbede6a,7797,511,6342,5946
9183,833c81b9-cb4e-4a98-bf15-3866d778104a,29858,58,3712,2080
9184,df8ec5ac-7f9e-464d-b32d-aa711451589d,31014,731,6820,4076
9185,19aad7f7-72f9-46cc-a5c8-3564bfccc8c5,37397,288,883,3399
9186,b6e80a2d-c32e-4a8e-935e-c96682fc710d,19372,874,6344,9526
9187,1ac4d897-a083-4a4f-94dc-51a9f75b11a7,44479,191,5867,1115
9188,bce2f3c5-0502-48bb-9e8e-537844c5509b,41087,416,765,2351
9189,d78cc451-b5e2-48d6-a9fc-0b9f1f211fb8,40297,857,4038,4426
9190,9eabb0bc-c6d6-4eed-a671-ab2465c64e1a,40458,980,6298,2984
9191,db4ba78a-500c-4915-8fb6-9677a60bcf52,36210,955,6090,7284
9192,a716b270-5cce-4478-864a-1f826b21278f,9159,382,2374,7265
9193,b8e9d92f-9168-4929-85d8-5899f5d9ddf9,48456,566,3084,5396
9194,8bfab577-8b77-40c6-8c86-bad5120335fa,44462,337,2114,1351
9195,ec2fb358-03f3-468d-9761-5d80c08b159c,21431,677,6739,9425
9196,6bf8d0f0-c159-40ef-b394-f9160f5907fe,30156,131,5434,8873
9197,d75f8953-501b-417c-b46e-8aa98d472e9d,7139,93,433,4511
9198,d412da1a-e41c-4500-97b0-901e84846df2,20416,503,7655,5430
9199,b5658839-6001-4ec5-8e76-3360f0cb92e6,39935,568,4238,81
9200,33ef8c9b-6ec4-4a4a-99db-0ee93b2bdc6a,9777,533,8129,1593
9201,627806aa-19a2-4116-a17f-9089a226f8f9,49712,887,803,562
9202,f7d693fc-7d71-4656-926e-1c962e84451b,21456,542,1690,6311
9203,a3c291c5-9fff-47ef-80e5-d8917c47e854,31904,75,898,619
9204,edfaadda-5de0-415e-9115-d28a5032959e,36683,98,3550,3236
9205,a237e2c4-4c50-4d54-b872-4127227c65c3,42276,77,8392,7673
9206,ec5a708f-40af-4716-8273-608a7f5bca2b,30823,822,4001,942
9207,53165b44-61e5-41ca-a312-1d7049e146ca,40039,460,8921,2051
9208,d9ccbe53-f64c-4a18-b7f1-0f7f8b5c3ddd,29714,508,1009,3750
9209,30d392fd-d910-4cd3-817c-72bf5ae7f154,26629,879,2737,5311
9210,5ce67ffe-edc9-4750-a72c-989155641376,22669,242,5377,6048
9211,181a8ec1-c751-4019-bb7f-4f862626987d,27234,203,8855,8312
9212,4bf3bd15-71fe-4854-a939-1ec31997964f,12463,644,8222,9225
9213,0a2ee595-782f-4af1-9eef-d42e8acf2557,19846,929,7960,588
9214,09da4a14-97a6-47f6-b994-93ce2d53f38c,17655,519,2959,6359
9215,13ad8271-b30c-4221-8ca1-81145ccf678d,35702,208,453,9044
9216,7a7b0f5b-f82d-4da5-b607-2c53e82ad69b,717,191,9462,7983
9217,92ca7e72-813e-4e38-bda1-6cc361d47af1,42896,616,5430,29
9218,58f0825d-a72d-4c6c-95bd-d9fbdfbfaed4,35567,626,5606,5578
9219,ce1fec60-5a9f-4190-80c6-cde54116d560,16762,16,9169,7385
9220,ba00fb98-3d24-4f8d-992b-ad04c2b48bff,10779,213,9654,2463
9221,c323a10b-ed30-4072-a8e3-82153918f9e9,729,768,5305,3371
9222,29d79b22-6095-4d59-8284-b132c60dcd29,42645,332,4732,6658
9223,cbd9c193-d37f-4c9b-a339-9ae66ec698b8,31503,324,4494,7348
9224,712ed5ea-8d3c-43ff-92b4-dbc5d7604614,6295,555,9561,8987
9225,d333f31e-f64d-4646-bf33-0e668d223ab6,20631,878,7737,3395
9226,c798dccc-db76-43d6-a7f7-50d53ce0dfc0,35240,499,2073,3898
9227,6ae4c937-5a23-4986-9236-b35653b3b3e0,6686,405,3784,885
9228,3767e6d1-9699-4f7d-906f-c6fc444c3ada,44950,812,2129,4011
9229,9783801a-3cce-46d7-9699-fe11ff2dcfac,29306,614,3023,4404
9230,bab86742-cd2c-479d-b5d0-9c8646ed47f6,27137,691,7983,280
9231,c848d084-afb7-4aee-a08f-5c1717aca9c1,27169,635,6403,6279
9232,1d39bd07-ebac-43cb-89b5-68b8f05778cc,23649,589,1925,215
9233,f96b96ef-d139-4b26-8f35-98afc2b1cb03,41597,602,4386,9224
9234,ee521405-0a12-4727-9e21-d6fc60571037,24964,873,5524,9840
9235,d54bdd3b-0621-46b0-8c26-78ab177f9e2e,29857,466,5721,6783
9236,b8d5cbfa-d4ad-4f3a-9449-718a82c8ecac,12534,536,8459,9881
9237,c89e857b-cf7b-4a6c-91ff-f068f57141bd,19987,861,9764,5473
9238,fe48d3a2-67ac-4785-87be-c811876741cd,34569,210,9290,9237
9239,f40dc17e-cf08-4119-ae11-206df3c936aa,44860,332,4642,5559
9240,f2f0a23a-624f-4ca3-b302-de59092416e6,33610,40,9846,3751
9241,b983d746-a9b1-4ff5-875a-048f03ef5335,5042,214,2468,6095
9242,d85d9f11-22c9-489c-949d-a67e59c982e7,3888,539,4011,6763
9243,2bb1432b-64bf-411f-9107-a87572b8e2f1,14732,554,8159,3846
9244,b22a41df-d8a7-4f79-a7ad-67aa2c978e88,16013,672,4977,3240
9245,0767d230-3481-43f5-b666-1a7d56042864,33810,182,3706,5566
9246,2f358d75-439d-4ff0-b7aa-2b06acff46d1,14671,216,9325,6706
9247,5367b06d-bb58-4bbf-b8b0-8090ec86c6fd,13396,957,9428,3011
9248,26912bb4-4e60-478a-b38d-ed5f99508b70,41442,782,9236,3515
9249,cc7bf50e-4e2c-4e75-8fa6-cac4c7947c87,35886,483,2416,6698
9250,ffe386ad-1c34-4dde-a15f-0e0616a26cad,30924,542,6420,1607
9251,bdddb3c6-4dd0-436b-bb60-4009117d1204,20446,572,4268,4373
9252,ac0dbd22-fa43-40c2-bb61-c5e00a88953a,37524,474,1351,5603
9253,b632e5b6-ba7c-4dd0-99ba-843d5181521b,43693,657,4873,2059
9254,f451b1f7-e424-4bc2-816c-97bc6419ad91,18797,393,9796,5097
9255,9b4a04d0-5082-4d77-9e5b-9a707b598af3,15143,566,8684,994
9256,6941005b-a630-4591-82e3-79cf49bfdd52,19688,885,3398,5414
9257,25c6605f-b484-47c1-b32b-5a60cf9503eb,40658,172,693,8048
9258,c22efe04-ce53-4a18-a2b8-32c04b357db7,30982,530,1557,2349
9259,749d2023-39ae-43b4-8261-0000bcc5d8d2,6873,320,6985,9301
9260,7f4c5684-45e0-4d40-8c35-766bf8979e05,8828,806,5458,5993
9261,a1b3e9df-f8b5-4d09-81f4-efbf341db96e,22998,205,410,6130
9262,d02d2804-2030-49b0-888a-ab8512ef016f,4082,1000,2966,7262
9263,4ab46bd9-ea66-4e50-bda7-74ed6d2267ff,43342,797,4508,1202
9264,7fc922d1-0949-4d9f-aaf1-7293197b1fd5,33631,136,5886,1567
9265,2d1b1183-b3ef-4426-ae62-d50260712a89,31588,3,7766,4591
9266,e8085fbd-c687-469e-a4e2-216504596fc6,1791,453,8473,7469
9267,05799293-4b5e-45c4-8f06-2c908d4410bc,37841,331,8442,6411
9268,907ca7c3-1c42-479d-b7cf-c065d09e98f2,17550,528,9774,9706
9269,7bcb17be-f033-495b-a38d-843a17738d0a,4495,119,7471,5495
9270,c0348926-e033-4811-b190-2b361a7158f7,13837,76,3747,8582
9271,4aee8efe-db4d-48da-ae03-6fe412c8c0f7,18366,503,5799,9620
9272,8bcaa604-5732-480e-b197-15a7d170a21b,24672,812,7130,6776
9273,95d500b2-13bf-4dd2-9cd2-9b52b73af86d,32863,658,1627,4887
9274,ad9a8e80-5816-4592-9d57-4e86820b54ef,33423,492,1390,59
9275,de201c23-2464-4a47-ab5e-b810f41d33a8,46522,403,9101,9590
9276,efe0bc6a-dc28-4cb7-8adb-127ace4b5adc,18158,617,389,7586
9277,b335b9b2-84bd-4137-bfc5-ceb3611c289e,24227,110,4007,39
9278,0ce696f3-7612-447d-a9ca-0ff0b5ecca33,16660,518,4118,7827
9279,41adfcf5-ff10-4758-9d85-a94a31bb7871,31088,529,598,5065
9280,87601950-7588-4303-bc05-00701f9d6262,42571,432,6035,4281
9281,5c0f15bd-5c2b-47e0-923f-6b1763511434,4095,271,9739,9855
9282,db2aa050-a091-45d9-b088-201920b938d5,14859,931,8060,140
9283,6e474285-16cc-4055-a149-ccfb3427af57,12776,767,351,246
9284,f7f4c5e6-d178-4160-a4e3-f33bf0c2887a,38044,711,9050,4865
9285,585dc42d-b001-4f3f-a7a7-e28d3e07b1a9,12339,833,6182,1694
9286,abb591e9-f1b6-4ba8-9836-0e61b6c9c593,34035,4,8183,3760
9287,8560d0b9-93b4-4f01-85b9-bf715d743a2f,42180,830,1943,2790
9288,e7bc0448-e90c-41e7-a707-72e8d1c7f7de,23064,347,549,9263
9289,c9314579-0058-4a59-b1bc-9f6a27daf6a8,16314,576,9128,5609
9290,55f13cf6-24fa-4798-98ac-09f813e22341,26667,699,623,3952
9291,0af5f309-3402-4919-aa4a-a0cf6cf28f20,45095,102,6197,7079
9292,7797e75e-4dd1-461f-a1ef-800b9540c41e,31601,969,9363,5617
9293,cfffa92b-d6cc-4fcd-b03c-318859cf7fa5,6396,450,5263,1444
9294,523b6331-9f62-4cfe-aaef-fbe475e429ec,34984,491,133,4601
9295,95c4c54f-e267-4fce-96cc-9fc88a7ecee8,40650,288,4198,1937
9296,35eca26a-17b6-4183-b0ac-b9b0ed08f438,35175,47,669,5757
9297,30a155e3-7dc3-47af-8b13-e8cb7ac10096,48807,785,4677,3242
9298,5c45c34d-dcbe-479d-86a2-b1622fbe5f9b,49419,814,9583,1761
9299,a3785eb7-06bb-48e2-adef-9de0ec8f34c7,12415,556,8165,866
9300,545b6a76-d7fc-4d91-bfe0-af9fe5ad47d3,892,683,4280,3365
9301,c4bb27da-0b50-4c80-ac27-d97c17564345,36165,721,674,3068
9302,4116da9a-322d-4d3c-973f-a5899524b760,11257,865,7593,5194
9303,f5c6903e-d1ad-4808-a008-0d26afc74791,2516,574,5243,8957
9304,044df9a6-0d0f-4f71-a22d-63ed20bbe547,18721,736,1906,6575
9305,c2e03aa8-f8ce-4321-ab7b-5c9d3b1690db,29654,463,8718,4710
9306,3acca401-2b98-4568-a9b0-d25871556721,35788,380,734,4632
9307,5d7dc8ab-4314-4957-877d-277f07ce16e3,15459,8,9704,631
9308,45c85e99-95a8-4568-8c51-279830962c33,16114,30,4638,7293
9309,0a96f163-dd46-4d5f-a85c-99ad3905816d,45857,566,6068,9670
9310,1e51439f-4002-4cd2-b05d-a4016d40b466,44381,960,4931,5647
9311,98c5d11b-e223-405f-b722-8790d72d01a4,45344,689,3854,6349
9312,7b766f08-d363-439b-8d04-d3ce6bde5d6d,29367,606,7706,6461
9313,cb1e9a57-e597-4786-84e9-fd0c5fd96cd1,35237,403,7915,6139
9314,416acee8-3f3d-4b66-914a-831b0f2c47ac,27964,692,407,5394
9315,4e45431f-a919-4d54-9f2f-23c79e80eae6,32710,705,7334,2562
9316,2713c48c-b2c3-47aa-83d2-bb2e606f9ab9,12882,714,1456,4221
9317,17ab1f71-b1c1-4f08-9c58-4d7fc303883a,44978,793,5149,1656
9318,e9e98f3d-37b2-4d70-b6f8-1caab169b95d,45023,838,5707,1803
9319,d8236513-9181-4266-9375-6a6dfcd1947a,15966,882,1085,2219
9320,29c20f90-6804-4b68-afec-cb030297a657,16937,845,8366,1257
9321,e43c207a-f6a7-4eda-af63-1e6556ab8cf2,16882,45,7215,1013
9322,70a98183-b998-4dd8-851d-eb14c2755831,25520,903,5140,5957
9323,2dd128ac-6e1f-44df-81b3-47b19b9e448f,40101,446,5952,7883
9324,7dc37dbc-18bf-431c-b681-69ee94cd2ca4,4575,736,6266,2450
9325,ea957d25-deb2-445b-8b5b-82a8503cfe1c,34699,187,7291,3227
9326,a338b64c-5fb0-4ec0-aa8b-0b6999b12307,19732,872,3505,9913
9327,478eba8e-0a84-4067-b99f-863f1d38e18b,30034,851,7331,8024
9328,97f1962e-57fc-46c8-9dce-92e12cd74aa5,10402,398,8383,9183
9329,33d4325c-6f7b-42a9-b8d6-fb2ee849fa19,35258,454,348,2890
9330,708f888e-0c54-4649-9173-827ea396e085,11597,393,2230,4721
9331,c7ec64a5-4b74-4d26-abc9-09b277b3312d,18471,870,5901,4022
9332,76f9cfb7-bf04-4edc-86af-8aab42500716,14891,780,2614,7199
9333,589bb4fd-dd73-4a84-951f-32c4bc19c816,40635,596,1110,8231
9334,46a45a65-6b37-468c-8403-9c26e433af36,47684,993,97,4487
9335,9a8b0a25-19b4-4c8a-b9d8-bb0f9225553b,17748,36,7516,5749
9336,0e981106-d643-47dc-8045-5231c9ab126b,36730,412,897,7645
9337,9438fd45-db39-45f0-8b1f-3cea15f99c6e,8334,605,7705,8584
9338,e3387fff-d590-49cc-8606-64ca87617ed8,8402,421,175,2087
9339,8c3d6fd5-bdd9-44d7-b86b-824bf06afb30,33936,449,8075,4763
9340,fac661a9-2bf6-4e47-92d1-a5071814d838,33695,193,9291,2509
9341,ca1dc8f6-dcbc-42ba-bb42-e2574348f95a,49253,571,440,7266
9342,e065af09-55d3-440c-9b25-5194d096e5d9,39461,261,5791,1955
9343,0d7ee678-66ac-443c-8489-6b59483515ae,36640,775,7907,5272
9344,abceac2d-018e-42bc-9b4c-304b4c0aa3b0,23665,247,6889,9850
9345,3df1a357-9fa1-4b5f-861c-297434c116e9,13982,81,5375,8109
9346,7af42b25-e481-401e-98b5-afce679057bd,28115,110,1976,7184
9347,be3154f3-b96f-4e34-900c-84e73f34f31a,37223,281,1896,3222
9348,ce6af61a-5566-413e-a89d-ff5bdce19e6d,31520,698,7267,9237
9349,3702a02b-01ce-4402-8cac-19709d70da1b,38117,771,9908,7941
9350,54cb0bb1-d11d-405e-87ab-665922e01cc5,11599,167,9482,8778
9351,624dabb9-a8d2-4d62-9437-9953a5496021,36640,737,4474,6355
9352,bc8fc2f6-e24b-4c2b-a568-bf582052a456,6790,947,704,6914
9353,4c62eade-ac47-4e0b-905f-ee4449478893,16195,837,8872,152
9354,2cdb6861-5ec0-493d-8bb6-65f1220829bd,47383,35,7875,325
9355,0d0518bc-0f48-4877-ba9f-04377dab6fd7,12688,57,6167,904
9356,af022140-1db0-4c7c-ad2a-43728fe51ced,47109,118,2996,8888
9357,017a4d13-f060-4162-acd0-8565791faa82,8704,445,7517,1190
9358,48ae0ae0-987d-42e6-8b8a-10b3201c3a7d,47187,757,9774,4662
9359,cf95ae85-11df-4a3b-92c1-f44656d08cef,31620,246,2965,8883
9360,d09abae1-05aa-4e77-87bb-9257c8dbe5b5,12349,466,685,9555
9361,87b9dd07-08fc-4fee-a83d-491d0e4dcee1,3138,770,890,8202
9362,c7c9cc5f-4073-4b80-80bb-a6abd6002301,27828,943,477,7157
9363,732244dd-496a-4a21-ab34-bd5ad6135723,24388,219,2257,9017
9364,95eb7a93-65b9-4a8a-bad5-196bc0726a74,45789,635,6920,7436
9365,45e6b482-132b-4405-82c8-2d72d7c7300d,8513,177,2180,8836
9366,3f514051-7016-4a60-bcc0-83aff3aebb7c,37406,306,5008,8301
9367,1b0ef239-f708-4923-bc34-97302f6e7f21,4446,324,5563,7532
9368,0700bca8-5bb6-4e73-9614-27879c9f1e79,3549,105,3304,4149
9369,27696fd8-4294-477f-990f-32b44779a892,46690,409,2892,932
9370,79aecfd3-0629-45ab-8e36-dce83df63817,48182,167,4878,7308
9371,19946c62-a67f-45a9-b6e9-f6e2bc3f7c58,27208,383,8060,1497
9372,89acb08b-6146-4434-9bc1-0cfc0547247d,14297,637,6779,4053
9373,cd222bef-8943-4731-a09b-a9c7dc7a5dd1,12109,601,1420,9859
9374,dcdc7cab-a7e3-4113-8f0e-7ba85c898601,291,947,8270,9664
9375,c77a46f0-5aaa-4097-91af-a7e55483da97,49937,606,202,1033
9376,714288b5-f01f-4190-a09d-0a0a69940dbb,48650,83,4746,2927
9377,3ae74134-7293-4165-844c-3d2cbdb9df89,25078,196,3724,6607
9378,c5a67801-8922-4656-a2c0-947d356d2cef,4988,4,9537,1219
9379,c70f1b4d-736c-4180-9e9c-413b39a90d2d,48051,789,379,1167
9380,acab53c2-4f43-49d1-991a-f00f61448571,12359,837,4614,9653
9381,1540bb3f-4401-41ec-81b6-cdf48a7763cf,44786,96,4530,9914
9382,ddc9a09f-4fbc-4f33-8fd9-1244973a6924,6857,547,1871,653
9383,183ca56e-a40b-4fc7-bcc5-455357543b33,2186,313,4603,8480
9384,babf7b85-718f-428a-a539-d76c5ae6831b,25934,77,1188,9238
9385,07365ba0-977b-4d38-83a7-5b654d42c390,38394,871,9199,3197
9386,5fb55451-46a3-42f7-b03f-3fda006ac178,27904,993,4785,4885
9387,abbb654a-c8ee-425d-86e8-c9ee18a11710,40135,247,6071,1692
9388,b5cc5baf-8d42-4b6a-be2f-d1a917b363cf,44665,33,730,4083
9389,1ef86c3f-01cb-4b61-971d-962779c8dd0a,28585,127,367,8054
9390,c7023642-841c-4054-bcaa-b0e3e83a8837,27972,378,5927,779
9391,133616f0-563c-477e-9b1b-5d1be2faf0c9,7591,157,4198,4684
9392,66299fbb-482f-48e2-bdd4-9cda20d80303,42386,110,786,3402
9393,2748f081-887a-4e10-b48f-127fcb5fbf3c,22524,193,7928,9654
9394,228bc68e-e422-4b5b-870b-0902eb070d93,44057,814,4612,718
9395,a491ed99-cc11-474b-bb60-b7dd37b3685a,36822,274,6378,1274
9396,a1022e1a-cc89-4472-a9ed-ea8b2476e840,14136,681,6280,1773
9397,933ed704-256b-4618-820a-2ab4ace0ec67,34654,962,1148,7802
9398,3fad94f8-1850-4966-b216-a5ce85afb549,40477,518,870,4145
9399,e8ffb60a-6651-4eee-91bd-50464f9e42e9,36008,681,9147,8559
9400,6db43924-65e4-4fb4-8efe-fbc96755ecce,43511,53,9595,9903
9401,29c20b97-6e72-49bf-a24e-9d2fa1ce4c19,2392,885,4527,2719
9402,b05c69a0-84e0-4706-8208-6e7ebae7f975,45592,608,1410,3578
9403,08bfe16a-1eda-4d74-9025-87c3baf2c501,9882,85,9902,17
9404,3fee0dd6-6775-47aa-a2bc-cb007750eda7,19807,354,861,3331
9405,2faaa36f-127c-435e-892f-2d5310e5cc93,40336,456,2795,3699
9406,b00a8792-47db-40be-b33d-bc5e6b97afd6,47425,571,7709,5297
9407,2d8eb895-8a2b-4e11-b890-1ff2c92556d2,26151,146,2684,1544
9408,6b41fc26-49e4-474a-843d-1df0a1b10dae,22359,709,575,300
9409,21064d08-09ff-427e-911c-a09953d60257,21817,996,2981,5234
9410,cd9df10a-b908-4935-8c3d-afb089370f64,40004,138,6744,2102
9411,aadbd0d5-c521-46d7-8f46-f437d9df2351,47097,861,2063,5961
9412,a66e8f08-9168-472b-944f-95f8eeb6150f,33661,565,7880,6649
9413,974caf62-9632-421b-9fc8-599223c80e56,10380,524,5356,8871
9414,31b9486c-dd29-49c9-8b4d-3726c1587ff9,36952,971,8056,7646
9415,a13b6905-a074-4a1d-95c2-2fefa78e87fe,11705,558,7008,6932
9416,ee72db22-62eb-41f8-a709-5d92a98a09a7,45696,154,7494,5640
9417,6a872039-2497-4bfb-8ec1-543f6f944274,33693,223,6991,4423
9418,d1f9c42d-aefc-4891-8376-f59b452cb203,28544,785,2052,9493
9419,7a4cb031-2e13-42da-974f-d922f4c37777,9788,495,7591,4936
9420,c2f82395-cd0b-484f-a9ed-cca6c498d62f,18017,809,4838,4447
9421,be5a7c4b-6452-4f96-b1e1-2eb2c7bd88b5,17517,581,6485,349
9422,afb23984-1a97-4c41-ae02-c0597cb1e6cb,37734,807,6630,6172
9423,6d31f9d5-6e73-49f6-bc55-ee39ffd5c882,3941,491,6303,4789
9424,e66e2467-bf2d-4fdf-8a3f-5221218be65d,11508,159,9791,8015
9425,f894c5d5-c066-48d7-b9cd-0ccf4e431ef7,8641,44,4641,8175
9426,feb35ba4-2e01-49d7-9fbf-6032a38b5b3c,21156,785,4570,6138
9427,8ef60a09-bafd-452c-941a-eb2a83ae64bc,40353,755,4764,2830
9428,bc02283d-12a4-4155-ae0c-a9d4dcd8200f,28573,669,6188,8809
9429,746121e8-1cb8-43a4-8d2e-def02e436e2f,14366,391,4919,7629
9430,cd73f9a1-d5a9-43f7-86bd-50c5f2ce657b,18463,930,5461,6606
9431,917d0ecf-b331-4f0c-ad13-f2c929ffeffe,44993,779,9444,8434
9432,0b36193f-92de-44d0-ba06-4d6b557b3fb6,6150,505,4230,609
9433,ffe839f0-783a-48dd-b065-9d828e907ce1,42538,375,9205,361
9434,4ce2780a-5644-4079-83a3-30dc5851506a,16214,476,6435,9561
9435,9d5ed792-ec3f-41a8-a0b5-ed7d6b7049c4,16543,107,4124,3458
9436,e149ce4b-b012-4f87-968a-7f89ca8097c4,13389,163,6425,1219
9437,cb4ff73c-2ace-4bcd-9809-d9bf53a3096d,46945,740,8571,7450
9438,cfc4bbb4-119e-408c-84e9-2721bda4d02d,27066,488,8055,8821
9439,c642809a-4a7d-4cf8-a98b-bdcd5afa3051,41439,897,1301,6512
9440,72d08b4b-1037-4ae8-9f7d-334cfdc1459a,1187,942,8284,2341
9441,659bc0bf-2c72-4ee2-bc4d-30ec3ec6b868,1942,406,9039,2793
9442,da9ebdfc-c650-4232-8811-a0405ca8acd9,31224,670,7130,6675
9443,b8044267-978a-43a7-b662-5a31b094d53f,43608,26,423,5491
9444,62a954a6-dc91-4ada-9243-8024e8e107b8,39258,352,4007,2424
9445,6302516d-15c6-403e-b99a-07f2535f2f7e,45796,89,8035,7357
9446,b1710422-e6e5-4334-b2ca-c43bbfba126e,36373,892,6690,6776
9447,b3bc10f6-f97d-4c07-b926-741f43af1a05,23294,77,4436,1577
9448,82473f86-99b4-4084-83a4-c86dd54aa6b7,29121,836,7806,543
9449,0617462d-31de-4765-a436-3b5ba73e202a,24327,916,3479,1102
9450,1248ad72-27a0-46a4-a018-681be51da374,18653,324,1572,8870
9451,01d68bb7-1a83-405a-bef4-0b85af8ca797,17027,8,2335,417
9452,c85d55d9-bcc6-4d0d-951b-9abedd729054,20522,686,1602,3851
9453,e6aac9cf-29bf-4559-b88f-48dc788f0a14,43370,908,3518,8978
9454,4b537804-0bbe-4b43-ae77-9d4f4e14bc1f,2076,579,5788,594
9455,f46eff49-6919-4221-9d29-10d7f2ba9721,15380,79,8361,3393
9456,bf5add85-e548-42d7-9ac4-f47c36342857,42516,875,6871,7731
9457,11fbd409-2dcb-4a08-bf63-cb3ffdd7c630,8877,716,6373,9275
9458,6b9e631b-fc09-4b03-8429-7e3200306c13,1337,935,9690,8199
9459,de0552c8-81db-47ef-ae64-2b561c053a6f,5800,401,1603,8636
9460,95ab4adf-928e-46fc-b614-909703f78a4d,14761,772,7152,6435
9461,ce501b84-8d98-4043-b7e4-d18791c1743e,10382,429,9663,2389
9462,656336aa-0205-4494-b3cb-b574b457865e,1682,641,3760,3636
9463,daa347b8-582c-4a28-900f-c502b1bb17af,42833,956,3969,2382
9464,2487773c-b318-4005-9c8f-93395981acf0,14647,165,3457,3399
9465,18190abf-7354-4709-a494-a091704f35b1,46165,36,9724,6438
9466,de676c0e-2f6e-4c57-ac38-11e677555080,13910,820,421,4323
9467,1cd4555e-d718-41f7-ad69-48cf6b95023f,43451,531,6925,4223
9468,148e2a9b-984a-4492-8a50-6e6a8f9dad86,1717,631,1227,1382
9469,0380c8fe-db7f-4004-9dc6-16f8db4475a1,46411,119,1114,9076
9470,cdf49eb8-58a0-4a09-9ba4-936a68d567b1,7566,280,9879,7308
9471,56615254-44fa-4cfb-bdf9-06f48253a667,42826,887,3610,4128
9472,9adde58f-b09f-4e81-83fb-b3f36462e7a3,3037,66,7466,1840
9473,0751f306-49d6-4e0f-afa0-525f1fb8ab83,34660,169,822,4692
9474,8b2f05a4-6a02-4b7b-904c-9eca3f27f885,717,591,7103,1099
9475,dacb4645-b6b3-45fb-a255-a938827d83c8,42608,488,8191,4697
9476,7bfcb413-401d-4455-86b6-954ebcbdb7a2,11445,599,186,298
9477,4333e189-5cf1-45ed-ab1b-41fbeb6eeed1,33108,977,6577,6301
9478,21eed8a8-8a93-42a4-b954-f1c18d01f863,32754,338,4023,9656
9479,55d42309-9a66-411d-ac91-ff254d661e2e,28096,352,9867,9148
9480,51fbab88-0671-4363-b96f-0f2132446e1a,12716,705,6709,4642
9481,135c268c-489b-4953-b281-b88f04e85162,14100,330,1152,9666
9482,ef0e2a3f-fc52-4b25-b322-ecd91f60c541,1826,747,7834,4568
9483,66619907-78cf-46cd-8c85-c4dcb8416ca8,41936,6,8101,3544
9484,ab9cfd1b-215a-4c8b-be6e-58539729ddaf,29956,79,8372,9586
9485,dba5fa2f-a8c2-4a19-a071-61d23c83bb3a,45402,445,3125,1914
9486,a62a232b-daa7-494f-9c20-696565e8ea19,16617,302,9574,378
9487,6aa79469-be4f-4f08-8365-a579b5ce40f0,39748,224,4599,3638
9488,b743b0b0-2f29-481e-b211-37c350719558,41283,339,9546,875
9489,bf65b701-f2bf-42f0-ae6e-2459016988b1,34017,342,2562,6266
9490,40b85740-b191-4e88-9d0b-07f18f18c807,10083,274,1443,7711
9491,7baa28fb-a0d3-41cc-a47a-8d0c407b2ed6,23669,880,9398,3920
9492,f7521038-b2b5-4871-a600-ee483910b74d,2834,279,9941,2528
9493,7709efc7-b337-4631-b8eb-69a69896da58,12747,592,9444,5358
9494,1ef606a5-3648-42ec-921c-5bad115d5cc6,6502,235,4132,9871
9495,41d774c4-00bc-4a87-a870-9b677bf53fc7,35984,769,8944,6960
9496,d8f88d59-5ebf-4d29-8f4a-13689430f3f3,39691,801,3934,7516
9497,869f56c9-87f8-4779-9974-173279075551,40244,572,2050,8701
9498,cbda4214-1a1a-459e-9390-40ef51452809,41086,46,340,6549
9499,b4da75bc-31c8-4c7a-adce-c6977e1b3c3f,48688,957,1691,3699
9500,deafd387-a13e-42c6-8b80-d00a5bf06619,19975,844,9657,847
9501,7a913661-5cbc-40bf-a289-d38e1bb447a9,45746,293,3758,7462
9502,dee8b4d8-324c-4bf2-a366-19c057156d29,24046,180,8288,5415
9503,647f6752-9c2e-4f0a-ba93-edde514260e2,363,139,42,8559
9504,0206494e-6201-4659-8417-b8ae115dc9bf,8563,994,1468,2859
9505,2d5335cf-d19b-400d-9ad7-0e248ea4e2c0,18686,659,6533,1157
9506,26689e99-2d90-434d-b7c3-e5e78117fd0a,2766,211,7930,252
9507,aa47e044-2391-4558-b3b3-c0c21d7379a7,32081,799,6435,4555
9508,cd94bcc5-4591-4c45-96bd-7800ecb789dd,34652,253,7233,4572
9509,bc499333-6738-462a-a696-68ddc5458209,10139,878,1193,2666
9510,3d7c15db-900a-400c-8cd4-5205c3c12081,27137,617,5797,4257
9511,094f7356-0869-4d3d-ad11-de7a6b863d7b,29121,444,3777,942
9512,db32d834-f25d-4b85-a048-1cb467b5e325,30960,522,6816,1585
9513,a995d69d-abf3-4a00-bb26-07714f054f2d,33818,178,1157,2414
9514,29b18b57-56d1-4c2f-9f66-45d64ea50f6f,4869,638,6968,8744
9515,f2277faf-9ee1-4dbd-a76d-3bfc1704bf02,46789,217,5237,5757
9516,6eaf2b22-931c-4264-b3a9-b9bd3a3db3dc,39204,215,9419,1800
9517,ece96074-2af2-4674-b2d6-4c42b9566e4e,1938,352,4044,1639
9518,55af06b3-13af-4b6d-ad91-1dc6c33026b0,24506,618,9938,3865
9519,5d1019b1-c97d-44e7-80f9-e19f5f1c904a,43595,657,7454,1387
9520,5ed752db-aaec-4c1f-aa76-93054b1005aa,49850,804,673,7038
9521,7c5530bc-dc2f-4262-a744-1cb5484e15a0,33677,354,186,8785
9522,f40e76ab-b28a-4699-a869-a6fd5ab3f497,9126,165,4475,198
9523,f8823a9c-a9bb-424d-98fa-bb829f1d4471,6772,453,6197,3506
9524,9c0a24c5-85e9-40ec-b724-a03705236b5c,37471,383,1288,5048
9525,4fe0c6f4-f3f5-458d-a9fb-dada9732ce89,35747,795,1513,5414
9526,f7904942-214c-41d8-a4c4-f8f36a7e0de4,37818,368,3181,7828
9527,c4e6b915-5d7d-4e59-8560-e6e226e61596,11781,990,5545,6239
9528,1cacdd37-f330-4f39-864d-1e6d0e1a860a,46472,135,1262,3870
9529,ad13f231-5738-462c-8aae-eafd273e0272,47133,450,2941,4213
9530,4a2e9a95-6287-4ff4-8cdd-13f8d9e5433b,4658,7,9755,4799
9531,30550464-39dc-4e46-a86d-28f794ddcae0,17175,702,3142,8684
9532,20307132-9474-4391-9ad4-e0a0a69ddd15,45543,339,3752,1603
9533,1aed2f6b-173c-49a5-b849-91a963504aa1,14060,798,102,3538
9534,c11bce4f-24ed-4183-938d-01bdfc783b05,49439,832,9584,399
9535,cdee389c-9d9a-4372-b2ec-b39f6aa83e39,44249,743,7465,2752
9536,e23c7b64-8123-4240-80f2-efb183235ae4,38896,128,8850,5837
9537,c3977e48-b5bf-4127-8ddf-1db742bdde10,33224,723,9054,4972
9538,0c263a2a-a826-4fad-be5a-578df71175b2,5324,881,6600,2729
9539,70e27cd1-78bf-436a-b6d6-53a6491a47e6,47239,396,3221,6630
9540,6f00bbc5-89e6-40f3-a535-23ce95fce85a,2437,918,3201,3133
9541,6ad943d4-718c-4fe9-8dbb-8f091416be0b,5970,687,9847,8313
9542,0ab43552-6ecd-4ee2-82c1-31bf43cbb596,10567,620,9857,751
9543,9e480489-925c-40e4-89be-5173da6319df,47499,556,809,5063
9544,bd3646fc-2664-4937-a600-2986b01f9b7f,13431,156,4799,6742
9545,065f2969-070d-4923-a08d-dff7301043fa,4170,99,7125,6446
9546,cb1d55b4-968b-4b72-b942-092ffa2edba4,18761,316,8054,191
9547,1997853e-7529-4b33-97bb-723aa6a63cfd,29640,851,2136,5037
9548,f17d1b63-b415-4105-b5e1-74fd464e48df,30219,92,8092,8538
9549,0cd93062-f90f-4e8f-a243-03cbe957e27a,33881,259,4467,8057
9550,98fe74bc-8860-4b42-b945-240dacdcc8cb,47808,391,8362,5956
9551,0f6b270e-09ab-4c6c-a3ae-513b0a008521,22536,177,7106,3025
9552,ad2debdb-1e9a-44ba-94c4-9031058a5461,17557,805,6129,7857
9553,3c30868d-f1bf-4e2d-bdc0-1ad79117c12d,38771,943,487,3313
9554,865b74c9-3b3f-40e8-ae8e-261d658d3c69,30383,95,8836,5237
9555,25ddb483-d785-4b10-a0c9-f95e77d10ee2,12333,831,6016,1789
9556,b550a24d-3887-4286-b9ac-390c2e4e87cc,14896,638,8370,9530
9557,3c46d4b3-1e30-4fda-9ce7-7461b63af8ba,40128,851,7884,8316
9558,f6f37dce-ef55-4942-b336-d88b21aae938,43735,489,182,5705
9559,e88e0a68-5789-432b-9c7c-90d6a1b34d59,35632,932,6850,1368
9560,b4f2f948-ef19-4ddd-956c-d2e8e994d908,47832,222,1423,5945
9561,ea0498f8-30cf-45b7-a4b0-f91cfd91980a,36962,149,3235,6336
9562,2ff9603c-ccc8-4c61-a551-a0d2504de08a,6578,139,2255,4066
9563,074c4800-bfed-49ca-94c4-e2dc6d694b6f,13448,878,6359,3060
9564,44a48008-0fa2-47c6-b61f-ee62f455bfcd,17420,154,6960,8365
9565,ae44661d-5f08-4fcf-80ee-455a9af1f1b5,37710,831,6549,9891
9566,a6782fb5-bc39-4e10-a77e-3d09cd505cfa,6543,74,1455,2068
9567,c62f29c0-d564-4f65-8ddf-9176d8b64d6e,44921,260,2526,8953
9568,b260fc02-2d23-488d-a6d1-3b6b5f69d718,21819,269,5743,4727
9569,1fd2350f-529a-4346-91b9-ad77c6b63a3b,259,964,2881,7811
9570,50d57abd-6319-46bf-b2aa-769e0f320087,35994,132,44,7696
9571,3560f739-3c7b-4b09-af74-fe0f356057d8,24654,604,8584,5522
9572,13560447-5cdb-49cf-925e-c2b344f59532,14223,871,5971,197
9573,fde07ec7-065a-4853-ad3d-9c4a572f87d2,5906,333,31,2013
9574,0e055457-c679-4639-a54a-c0c4aa0b841f,12209,173,8769,3517
9575,7ce75e39-da44-4fd1-80e6-abd9d8a0cab2,35320,267,3371,3393
9576,713f5645-cb3c-4d6f-9773-dfa2908deee5,33910,657,1563,6831
9577,6dda6cbf-04d8-4dbf-9a35-8be87ffe2782,36658,287,9350,6341
9578,863c45cf-660c-471e-99ef-6760e844db90,44382,40,9069,2609
9579,1137bd24-c98a-4cc6-a4e4-bffe2ee5cb81,5377,621,369,8575
9580,e34678ff-1c9d-452c-a310-05ed4793f0c6,6097,307,654,3391
9581,9b8dd480-c246-42ae-8eae-4293e9ff2bdf,6009,504,3103,3524
9582,c8f3e7e5-e921-4d40-862f-11592c91352e,48523,303,2948,3022
9583,f9964596-e2c3-4085-8244-d01304ed5ba6,37942,60,415,7143
9584,9e59884c-c5ed-42c0-9085-1f90ed8c6d7b,20025,47,9486,1823
9585,9d64a549-1b3d-4be2-94a3-6151d393dc4e,18189,9,6003,8170
9586,4c1d018c-9335-4586-b0f9-e9d21da83709,4930,237,8405,3037
9587,844db6f9-f439-4111-a980-299cc6505994,13757,192,4874,1765
9588,5ad6bce5-4b38-4bc6-bb7a-bf1c65199796,297,392,9392,7591
9589,bcba16ad-f61b-4274-aab5-b38850359b5c,42063,133,1145,6263
9590,9643994e-9142-4499-8c3e-1d919d1d35e6,38661,68,2121,9585
9591,e9c11551-64b2-4b4e-beae-66c938e38dce,36344,236,1279,4803
9592,27c66916-726e-4830-a543-5c454963b0a9,26718,306,3256,2486
9593,d4cb0066-41d5-4de0-901e-1e79b07ebc45,6473,506,6273,7650
9594,61128fcc-06d9-4f30-a598-2f9bdaf78fb0,49166,58,4870,9845
9595,dd07325d-ae70-4ff3-b1cc-1a6d5956fc59,43309,515,2019,5445
9596,d48422e1-1858-4589-9898-a018cc9336f7,42036,855,5010,1905
9597,b19b4318-4dc4-4e91-ae3a-367bda74fe21,24737,961,1653,3787
9598,dc687f3a-2e60-4397-b6d5-ae6c899a6e23,48773,353,2575,1171
9599,fbbe3a21-ba72-4399-9f2e-4db1d6df8265,13385,994,3145,562
9600,f61a5f6a-c790-40b0-9053-7b186202acc6,12258,761,1254,661
9601,d67704a3-9493-444a-8a46-e95861725190,29934,875,3577,9607
9602,02025958-caa8-43eb-a144-44b76b7aa90e,6463,218,2813,6358
9603,581dc6a8-d9dd-4b48-8e86-25148f91d979,1870,334,8654,1042
9604,53edc54c-d6f4-49e4-addb-9e3b3c62358e,23520,98,6363,2137
9605,dba70f1f-aa41-4331-9414-080ce23f7da1,41261,301,3313,6506
9606,cfa25e67-1a78-4c73-bc4b-4c3173dddfab,15324,690,1951,8702
9607,a78e688f-8e50-413f-be5a-ac7866a4c0a0,43089,814,6981,6294
9608,06872630-592c-40f8-b1da-0b27fbb5ecc1,30696,882,7090,222
9609,cd43e575-b646-493a-9a1d-6ac90e7e1820,24704,543,6326,9673
9610,188ce267-f0a8-418a-93e3-936ca32fc285,47121,240,7569,3782
9611,e4289938-8b0f-477c-84c8-1ae6313ff77f,19641,171,9223,1733
9612,8891f6d0-389c-4e3a-9e1a-2df541257c4a,3579,363,244,3625
9613,a865ece2-b540-47b2-bf21-9a1b2c533a89,11212,690,584,2757
9614,f07ccf33-a82e-4057-949b-4a79ba724311,2738,829,7880,7319
9615,1a495fb6-1366-4306-baa3-d6fa7cf23794,39346,378,1164,6132
9616,d4b2baaf-f373-4344-ae84-24ce55876de8,40148,385,7147,6798
9617,acdffc75-0cdc-474b-b353-c75401e98476,21937,605,3600,6629
9618,43a5fc99-43dc-4cbe-8847-a996e61981bc,864,286,1712,9810
9619,58b7bf50-7e3c-48c5-b8bc-5fad4a69f695,21483,468,5691,2556
9620,de1f9c47-cc80-40bd-97ac-c032726f3dfb,42604,55,9305,3059
9621,f5cbecd8-2019-4672-a9a0-93e11c42fd2f,34971,717,6483,3874
9622,65e4ce3a-7588-48e5-be36-054688c06225,5997,187,8426,7203
9623,d742b1e3-a05a-4fc8-a316-12caf36819cf,18475,774,3765,9634
9624,25406163-b7de-4e60-8be1-0984a6075536,12601,257,1819,422
9625,76601c85-1b48-428e-a0d7-d114700da311,49917,463,5206,5503
9626,784017ab-1d2b-4213-bbd8-bf46e723bad0,38357,911,6738,1671
9627,5d873e7c-86cc-4ddd-baf7-576612b36794,25657,164,8397,5585
9628,8b1ac9bf-60ad-4a9f-8352-c9593d386a5a,26467,186,9977,2637
9629,7a05263e-c4ba-4c55-abd6-56b1506e566d,7540,980,2937,6267
9630,da483c64-2631-470d-8c9f-8edf6e1dd5ae,22561,349,7625,5619
9631,ed62df8d-090a-4566-8ac7-44fd0afebff6,19351,611,6593,3328
9632,9b5d53dd-fa95-469a-a536-4ea4927dddce,30992,64,7963,8496
9633,0c1cbe2b-5c98-4187-8de7-1cb834793fbe,38799,86,7666,774
9634,88bf6d9c-5c66-4930-8111-6ccd440f73e5,14210,233,9928,1438
9635,112820be-4044-4726-94be-21702b1874d4,22771,64,7817,963
9636,f46c355c-6282-46fb-a550-de061600b233,31909,247,3989,672
9637,8bcc8316-7ab4-4b6e-9747-4f20abbe2958,48886,402,6811,7998
9638,619dab31-ee28-495e-aadb-5ed19104fc78,8769,640,5226,7603
9639,585289fb-0219-4599-b03e-37b14278b6f2,11266,32,6309,3442
9640,ba21a61d-fac2-46f4-857c-6b0d4bd3b192,33333,674,6540,1695
9641,c70fd818-7bc8-46cb-841c-02e82c41088f,12247,871,8654,8971
9642,7db5590f-2544-4318-92a5-2ff7c0b87a21,901,30,9430,3227
9643,acd607de-e1dc-4d9c-aa79-5a11165b4aaa,15265,240,5119,2232
9644,29ef581e-624e-49c9-b93f-b3f357dbda69,6085,855,6896,7681
9645,4a346d35-32e5-4bcc-ad88-a885d2201f62,4099,17,4982,6114
9646,0705694d-e5bf-4adb-996d-dc961cd40a89,47689,9,7608,3894
9647,4e51aca6-9f9d-4138-9b02-5bbcf070a142,4120,87,8775,9708
9648,d68fd42c-4e4c-460d-9d42-37151c3180c3,17307,829,7499,9444
9649,eae602eb-bafc-4353-ba62-024dc893b1ff,18378,506,2397,5223
9650,a1de982e-13ab-407b-b6a6-62037add8e95,27270,268,9037,9008
9651,1c1b9bb5-a2d2-446d-95bd-cebdecd411b5,1044,595,6341,578
9652,b8191f14-bc9f-4b01-85e4-39d5fb953c26,43415,114,1433,352
9653,67d05b64-a51a-4cb1-b542-4105ca73fdd5,48954,107,5079,6170
9654,893bb397-8696-4e2a-a565-c1358c2dd972,43589,176,7532,8387
9655,118947cb-ec78-4ab2-9d3b-c20c2e2672eb,11030,879,9408,6052
9656,56c9d056-8850-4dcc-81d0-353cc739c708,18853,354,8334,8117
9657,0bdbce4c-20e6-4abe-ba7d-fd4a23bb3e3d,28340,273,8432,6668
9658,5d37b244-fffc-42b9-bea5-9d37ef699cdf,23037,141,1850,5150
9659,84aa900a-0f21-413f-9e15-e28441f9e1a5,38776,878,9785,3567
9660,7f8fe8c8-0e7a-435f-8664-12c30fd0641d,23832,772,5004,7473
9661,1d5fdd1e-0daa-4950-9946-b5b4881e0f42,8842,462,2695,5511
9662,6f927b05-b8e3-4c8f-aea3-5e5d1c8516aa,16142,457,7434,6226
9663,3dfce647-4016-4da0-a3b7-69de4df65a80,24670,866,9608,8930
9664,13a48e20-335e-426b-91b2-3017e4e8888a,32269,170,2961,4859
9665,f58292a7-7d06-4bc9-9dab-e72bb0056fec,20096,868,5613,7742
9666,92876ceb-ed59-4478-b78a-52cecdfceee0,8279,578,2957,5818
9667,c5e7072d-31aa-41ec-a740-df6a321e3c0c,1543,360,2959,2053
9668,af8cd096-0937-4903-a1c2-9f8f9e9d3fa0,18540,23,1072,2710
9669,957aab20-1b55-405d-bec0-4ad332375e22,21333,387,8332,256
9670,dd2dc22e-6356-473a-ba46-8c7ed253b980,21029,983,3555,3898
9671,43929225-3ab6-4592-82d2-f3e37a74e911,21206,682,5636,4502
9672,cfe04fbc-31be-4d4f-97b0-39a27f9dbd97,47021,326,3436,4676
9673,af74b9ef-4e9d-4003-8637-f5387285c33c,49912,485,8892,5483
9674,7f9ea55b-c623-4e6f-b5d8-6749a974bf45,14477,512,23,4224
9675,82a09690-8a95-41a6-ad56-18408ab4f4f3,9664,52,855,3124
9676,cb3389fc-a79a-4ee5-ae5b-d68e90868026,36,259,1206,6475
9677,9668d731-4b17-4691-bcb0-b30c479852c4,28117,41,5194,1044
9678,56b45caa-2a6e-46e5-a3ba-9f479ed7598f,9100,11,3285,8018
9679,14f1456a-368f-40f7-b4b7-447b244be54e,46738,918,1444,3363
9680,183d7e5a-e3a6-4cf9-82fb-a22bebd30384,33253,169,8211,7797
9681,f9e6f616-1b1e-403b-a63a-82a12f95c9cb,5202,235,2347,184
9682,5b1c6741-7f56-4852-ae84-23f823fdd1bf,39815,609,706,8928
9683,9cb0b29b-0d90-47c9-8ff6-9ba744248fe4,832,927,3885,74
9684,6797e126-3e71-4bc6-9f41-a704cc3975e3,12837,323,7827,2212
9685,2153754a-e63c-430c-8fde-357bc66d74f4,31493,823,5081,2558
9686,142c6909-2062-4461-b8e3-c0e05f46077b,3504,709,4350,7043
9687,ee638541-20e3-4fff-a9e3-18a1949800a8,36051,352,8829,5766
9688,edd0d65f-fdb2-4fef-9939-6b2cc0802026,31672,381,4643,6271
9689,db1122a9-c882-428b-96c6-1672995ce2a3,9984,178,1528,2515
9690,2d3f7f20-343b-4f66-a157-7be18264f077,6613,493,4607,3472
9691,4c8d0c6e-86a3-4228-8a36-dbae844c5308,18730,459,70,7972
9692,0a968ac0-c84e-4fd2-8b7d-5ceca85438cc,20591,652,8302,7714
9693,33f663b8-6c83-4838-8d48-be649192891f,32282,511,5761,9466
9694,29b645cd-6105-4df5-bb91-e5bc9e33b8f9,9829,396,4345,3127
9695,d232487b-70c3-421b-a4d4-dc03ade1999f,9513,4,563,6694
9696,90ac4e03-997c-4dbb-9e02-f35a88595960,47776,40,1885,5039
9697,c3926d80-6417-45a1-9ed3-6bfc4a5ab737,37282,915,5746,9494
9698,66cd6096-3030-43e8-a78a-ff331025f6a1,38862,378,9256,2541
9699,6af8d23e-8fc5-40de-a706-0d7160e75fe9,21474,409,197,422
9700,27bc9c0f-a064-4923-b4bf-a11357384cc2,31501,87,8726,4121
9701,6d49fea6-17a0-4b3b-a1ca-f558b8e3d827,12138,897,4839,8481
9702,220a5a94-e661-4c10-a81e-1e1ac8f4efa5,21964,925,4765,6315
9703,7ac4fe49-5ba5-4e41-a480-58a12c8af24c,11570,936,6324,3162
9704,d3eea3aa-f27d-487a-bb02-2b5610c18cce,46574,422,2594,7298
9705,28f08519-9c79-4f72-8cd5-aa8488222669,28823,809,8494,3495
9706,09dd99c5-c9fe-46e5-94ba-68ef5fc7b30a,28320,801,5822,9086
9707,2046bd99-a2de-4f84-b212-9bdf85df3635,15285,878,6545,8465
9708,c1ae981c-f51e-40f5-9602-95d75e681381,2513,874,490,5106
9709,12fd19f3-2d9c-4bbc-89a8-3fedc1f29e8a,21402,31,502,6976
9710,3917ed7e-4b30-4f33-aa6e-09bf7ffa30f4,25413,794,3741,9140
9711,9a69f95e-0555-463f-9bfd-170120afa4b8,32846,997,4019,2685
9712,a891fb78-0780-44cc-946f-ae6d322b56f2,6677,199,4360,4429
9713,8392321e-46b7-4451-ae88-1098ffa80a47,37499,689,2872,6587
9714,bdaa82fc-c2e1-45f2-ac96-0060b01f9471,4526,475,6476,2105
9715,3d8d2307-5337-4c68-9920-202aaa0c46f0,23339,218,9248,4122
9716,1671e842-eaf9-49ed-9176-6c2e13601389,26881,2,350,9022
9717,80bb262e-742e-4215-9a09-16c820086740,16897,39,5851,9676
9718,ae34bf5c-0356-4ab4-a807-e61b5c22c4e7,14234,490,5650,2197
9719,7dc8a3e3-d04a-44da-a819-b7e90a47809b,48173,578,9860,8858
9720,8eb819da-8001-4ca1-8006-96335529fccb,13600,429,6220,5001
9721,5651dd67-4b32-4a8a-9ec9-4c481245621a,20385,116,7519,8618
9722,57658527-b7e6-49eb-8c7f-ba98a7e1de52,18722,363,9007,756
9723,83e2c092-fc4a-4bbd-96e4-2289cadd8cdb,41528,104,4913,5039
9724,4b396a82-0d93-49fd-85a2-944caddaac2a,14185,183,6005,7438
9725,a2e9de39-5d16-4cc4-ae7d-1e686f2024fb,31742,757,6893,9574
9726,25565c48-dea5-4bda-b2d7-9941c89db217,10909,609,9119,5480
9727,087f1654-7828-4b56-a996-724176b89928,25920,50,5078,2285
9728,e829a07f-0dc5-4579-9c75-9f1ef8d36238,39520,929,4607,2017
9729,8198f8bc-befa-4bac-9910-f2c6de886467,23356,582,3816,6487
9730,4d6adc8f-bb8c-47f3-b577-39a317c21547,18711,348,1567,818
9731,48b11091-1ae2-49cd-9d23-e40f0bae986d,6148,887,509,7387
9732,c079602e-d372-4228-8729-5d192010cbae,41301,863,8868,2917
9733,f4359be6-36f9-4863-bbe4-effe057a53b4,22518,125,7646,3296
9734,f3067bae-8266-4012-99a1-ad7bfa8b4ecf,49594,989,6520,9912
9735,397a5a13-fb95-4316-9538-cf62aa1e2ac4,37223,432,9823,3161
9736,389cd787-5d14-4bcd-8c2e-2ad3cf2d2449,4099,722,461,9917
9737,0d008ba2-3c04-43ec-9258-fc595530c345,41865,501,4403,6029
9738,b2bc5de1-5e94-442f-9696-50dde24ec21c,27162,883,5428,3715
9739,e4fe88de-3fbe-4a19-b30f-df57d6ee4d23,41682,955,403,5429
9740,ef32a1f4-095d-41c4-bd9d-6b9e0b0dbe48,5514,352,530,1138
9741,7076acca-c496-49a7-9ed4-0c39500bc7e3,12321,244,8163,5776
9742,f17c18f5-1335-4056-b561-72f766a3b4d2,8907,240,9315,199
9743,3f02d926-b85a-4161-8211-7f3267897e8d,8095,701,2139,9185
9744,02aca345-95ae-4a9a-83f2-cef65c8e3d9b,5432,982,1877,1783
9745,c0f275d8-b4f0-495f-b569-f6a02c58d3a6,44187,899,6475,2364
9746,f2c05025-2a70-4057-a504-9487a5261845,2155,579,7160,1712
9747,9ae64cd3-1852-48e2-98b2-7df53c45e5dd,1122,651,5733,2936
9748,9010bf39-7600-4e37-93db-90aa1a12286d,12998,655,8390,6112
9749,b9c5eb85-68e1-48be-8683-afeb382ab5cf,26582,783,3749,8137
9750,ff2bd4b9-8e78-4256-8e3b-631ce2a1a3a0,6341,938,6853,1404
9751,b14c489d-e1b8-4040-b354-aa96c7ad1175,35283,850,1193,820
9752,4ef3f4dd-bdd7-4d2b-ab35-85a041fd93d6,3991,1000,8858,9878
9753,d5148786-c421-4456-bb03-ce9d60275220,5512,739,2995,3559
9754,9c9e7ae6-a8b4-4b59-81f3-9c5619223ae5,10556,903,5969,717
9755,530f18b0-fb7c-4154-b635-40e281543a70,4046,586,5017,3609
9756,a5bdf0cc-6ec3-4e0f-9418-7b83c9b4d85b,4818,376,4665,9427
9757,abcaf105-0cdd-4681-93d4-14f8c80e8b9b,10876,477,6880,1199
9758,39b4feb2-04ee-4c23-aa53-c1ee559412f5,22804,856,514,6777
9759,c1db249a-c855-4194-9557-76cbb2f016bb,29391,814,2356,875
9760,110767a8-98f0-4696-9f76-805003d4da92,41488,496,1633,6028
9761,63667d5f-0cca-4518-8a77-62e8321a67d4,32435,105,7535,5645
9762,dfb79fd2-d94d-4b38-8d56-a70f5c384fee,42460,815,6721,6756
9763,e83ccd5b-a68b-4ba6-bd09-6f0444467ca7,46518,809,9906,3924
9764,bcb06b28-dca1-4528-8114-68ef1e6be729,17463,529,3621,9578
9765,fd09a05a-23ae-42ce-845a-5b7810c8fe8b,26918,707,5310,1205
9766,2144438a-4d82-4d0e-b2ca-dab924c48a7c,2988,418,4394,40
9767,9c7f1d4d-456f-4ef9-a26a-327a93aaa26d,38258,841,6527,8660
9768,f3386e71-6eb3-465b-b9a9-7107712e3c4c,18762,614,551,4849
9769,9a2a64a1-de60-4c30-badd-4b23d5b33833,38549,507,597,2489
9770,be4b7ef9-ef0a-4ce7-a790-b17fd80aef57,32601,402,4445,2020
9771,b1ea2944-d79d-4de3-8d30-0d6052ae120e,24806,824,1888,3181
9772,fe223e96-9881-480c-b0a7-7a094f3173d9,23359,344,21,3748
9773,21fd62e9-d371-476a-9c35-ae290fc21b0a,49675,125,8491,7758
9774,b27f2cb7-4fc8-4a83-b66d-c9a894e19971,48459,61,9417,3277
9775,fc67a0ea-a7d0-44db-9020-d54cebae4bf9,34674,550,6317,2211
9776,af7847c9-6455-4064-971f-3981cfd388b7,24211,809,6618,291
9777,942046c9-0795-4bc4-b5a5-3ebb94437aef,21625,82,6478,5814
9778,224088f0-cfc3-4062-8bbf-19aae6a7b2bf,28109,458,4266,9472
9779,2dbed3d1-ec38-4529-8c3e-f9725a2fa3cb,9070,973,2326,4059
9780,c52df857-229b-455c-a4c7-7cdc6f13e44a,46693,855,9825,2880
9781,7f15a57a-4714-4c47-bfbd-97110ffcc742,24296,300,8935,1919
9782,b85053b8-fea7-4137-8a80-2284f18d054c,29874,562,8597,4814
9783,5039e702-600a-4cd1-8ea0-886c7c527acd,22106,300,7843,76
9784,25aebc95-7f54-4262-a5f4-453210a4698b,21982,310,403,4129
9785,bca4b3b8-74d3-4397-9576-a928030db7e2,27848,364,7719,8408
9786,1d90ec7e-5954-433d-984f-a848c2c956cc,30404,218,6648,6585
9787,1e29c0ad-17d1-4842-9380-c762a01a6397,12596,183,3339,6853
9788,301c7efd-93d0-4905-b8c7-509b650091b3,24962,232,2289,8188
9789,d80b3952-57cb-471d-af16-de21eb7899ad,45238,375,6189,9169
9790,0ace9c1e-680b-42b9-a3ff-af3f4dc1813a,27271,872,9240,9099
9791,9b5a318c-1338-4992-9d39-c19e2db442d8,30914,821,4186,5391
9792,691f41de-6788-4d05-9032-aa12b77b2592,34085,126,6704,1246
9793,0e9c95f2-e2ec-4de0-8136-cee4bd3397ac,19297,446,8964,9626
9794,a8cc4fc3-9aab-4263-bbaa-9b2463fc6bc3,26624,763,2,6488
9795,bb790b3c-365e-4aee-9462-f494d57e2878,32595,215,7199,7684
9796,40dfbdfa-147e-40bd-9174-bc895be7fcc4,14013,191,7999,5798
9797,e61ceea1-17f4-4aa1-8228-360c65fa0db0,24727,606,3945,2526
9798,4f115420-95f4-4e1b-a7a9-b9454a5e2c7d,36187,224,4333,5174
9799,38bbcb4e-e0fd-4220-a914-11a26dbb200f,29987,485,1479,1854
9800,87ec6636-2474-4f89-8b26-4cdaa719e5ae,37593,83,1968,1740
9801,b9924843-4898-4214-b1e9-4d71a577ef64,11129,236,874,836
9802,e171127f-8e53-4336-9b15-6b35cac43d6d,1085,411,944,9968
9803,4f146b2e-ee8e-442f-abc3-ae94028d1392,15221,263,5263,8916
9804,c59f8aa3-1f70-4cb1-9d21-46f1e68a4319,5232,255,2042,263
9805,28bba433-b5ad-4eff-a4ca-603aeb4d95a5,27812,221,7,4406
9806,666e629a-7b96-477d-b9b8-7ae05832df12,15628,31,8392,3300
9807,2307b9fe-5a77-4a3e-8b87-e90528abebd1,21219,207,1082,7754
9808,72f1ddb8-c70c-4904-a00e-73be820a56de,20406,737,7045,559
9809,37178690-ef3f-49e6-8f8f-e686628c59ed,6155,420,5962,9336
9810,c074bdc8-2a0d-44ec-940e-e313668214cb,36933,961,1722,1878
9811,dc16328a-f562-490d-b999-5ec49b9e30ec,38679,546,715,9607
9812,0a85673e-846a-469b-b1cd-6d5df742cf52,29319,74,7036,9365
9813,45831a3a-c801-4437-8fc6-fb844ca4344f,11393,232,9834,5040
9814,bcab51de-537e-48a5-9750-9f416e44021a,20854,339,2563,5250
9815,7cb79bd7-9549-451d-9b13-2767c4eea5c8,30411,702,239,9620
9816,a14895d7-ba6b-4c6a-a147-56b976beee55,35773,194,6551,4300
9817,4a30b1db-6c95-40e1-b26c-50e54cc37146,41139,546,9212,4350
9818,437c3181-161f-4831-acc1-0cc83f93882b,13199,747,8674,9757
9819,1a2e5fe5-ea7f-4a3c-b352-d36471d6893f,14107,872,1172,7394
9820,e8582213-867b-46a7-9e1c-3a942a93b156,16744,843,3799,6332
9821,4561c0ee-cd25-4427-8c05-960c2bf6677e,35385,737,2564,5446
9822,65238280-130f-4a37-ad41-af623193cdd5,23974,332,7652,6377
9823,d8bf1d6b-68a5-4a91-a8a4-3b04b2268d5f,6729,69,8609,4537
9824,acc4aba1-fb9e-444f-8a90-fc6867d1f062,49896,426,4713,3122
9825,cb35bc18-2762-41d8-a129-6ef9668934be,3964,144,7520,1278
9826,5f39d45d-3d02-4bd0-8e08-de1db1a0dc02,6272,96,6917,4539
9827,ea4cf10e-c702-418b-9586-921b021c9477,43539,893,8938,584
9828,29f315ae-1109-4e5e-baf2-7e281c3cdbcd,19766,243,111,8637
9829,11c3c74f-c06b-41d4-aa79-f12970219d32,16257,7,1783,8910
9830,0dc6c197-c7a5-4b21-ab2c-fa0732097830,26506,502,1813,4792
9831,908bf3ba-f80b-4936-9d4d-1a2afb5bae2f,31638,501,1312,1347
9832,1c47d543-4ccf-4811-ac72-e03badb340a4,7742,315,5896,9531
9833,54f6f95f-c583-49ab-9043-b24b58faa121,41932,988,9569,6087
9834,743d7537-8b31-444e-8b4d-fb4d97f015ba,13751,590,1208,9907
9835,184873ea-58f2-46be-8e94-d6d499a4194e,647,64,6216,2312
9836,2ea81cb3-b7a7-4c3d-8857-823a1959f568,33326,466,4418,3367
9837,f6304591-08aa-4388-891e-ac8a35217cf2,8896,758,7837,3145
9838,300bb652-8565-47ec-b7f9-c736ebe1926a,30347,54,3043,6101
9839,177fda30-804d-4aa4-bb56-bb5dfa9d6e2e,10545,709,2920,6890
9840,9fd39121-9fbf-4d0b-9cc9-980569156ceb,6054,502,2722,6978
9841,285e9de3-ddd8-4987-baa7-fbd60caa6d23,11445,545,4705,8968
9842,0d6bc32a-9677-4ac4-8ecb-5224cb1e8097,48362,766,6290,5251
9843,021b4294-ea2f-4abd-874b-13d03b8de8dd,24277,164,9202,9161
9844,72a3cb21-3c34-4336-adf0-764b36d1fd4e,30370,507,433,169
9845,f60bcf06-2e12-4f41-b061-097ca2dbfa74,24771,865,1061,9946
9846,45ab9eed-a2c2-415e-9c46-1cca2a1803b8,12679,21,4975,964
9847,8b25a319-4193-402f-a77d-9dedf80eb592,8126,491,1613,2896
9848,9f4405e0-10a2-4e00-8fad-c017085eaa57,20061,783,9907,4446
9849,d9953c7f-eaf0-428e-a855-737e01f1b579,40905,154,454,4019
9850,0fd26532-7ce5-46bc-8bfc-55371057ae59,3083,457,4490,5365
9851,7005e11d-38bd-4d2d-9a9f-48f270224b94,2758,465,5214,6008
9852,28dd2fd3-50a2-4997-a24c-ce516c306124,17206,89,2947,1791
9853,df77270e-e61a-46b0-aed6-09455a8f3853,15526,426,1659,1768
9854,0581e862-45e6-46c4-bcff-de91f5797cf0,44616,552,6459,3555
9855,88a3a186-53f0-4211-aa47-c1a05b014d7e,2408,684,4264,7279
9856,32851e06-aae2-4861-be34-fcc64a7b072e,42340,824,473,5949
9857,8e9c3a1b-c34d-48e4-8655-b1e11f3177ca,8704,418,7075,2188
9858,50e5eb9b-3e4a-453e-8688-335433ecaff7,30872,587,1884,3675
9859,382d318c-481f-4458-b0bb-70d867651ca9,44135,692,3903,8030
9860,129c9125-995f-4154-aa26-d37e3a2028ee,19504,844,675,9993
9861,fafd8a3d-5c4b-474d-937f-0a84bf4dd6f2,5393,861,8503,2505
9862,9d8ae014-f694-47a8-859e-f43eddbae58f,15235,567,7972,5340
9863,52c3d386-1cd5-46f0-9b25-f808d1da92dc,25795,154,6510,8118
9864,ddb3fe82-4127-488d-9226-c27314e45e7f,28549,738,7999,5171
9865,e3b32ea7-c684-4f03-9596-e90f852ed8bc,36440,16,9237,1229
9866,d08c3e88-29e7-4938-8a77-06c27fae6f55,2347,73,3128,167
9867,24827b5e-8edc-45c9-b048-4c01138d0f8c,44252,881,7885,4907
9868,37bfacfb-3563-4579-9f83-a0232f49cb4b,15466,837,1944,3490
9869,eed30820-ae27-4ea2-a713-acf29e58faec,44127,661,410,3382
9870,69040933-e289-40b3-a68e-88f8b91692d2,2608,66,8573,7192
9871,b142c74b-1cf9-43b1-84c9-cd135580b444,18542,374,6603,105
9872,2f7f4a4d-3f5f-4d0b-9a61-1bbe47f1f5ef,46347,913,7563,1128
9873,4b0b4083-a79d-4762-8b34-d77bcb03fc8d,33873,246,81,2854
9874,d4c7a632-042e-4c74-9903-c5bd070e4a79,34550,162,3594,992
9875,8ac7d632-f29e-47f1-b382-49325a197b00,42133,97,5097,2393
9876,c156ed6b-e2e2-44a5-81ca-f388b4b59504,5623,954,3026,1249
9877,0146fe87-5e26-4735-92be-8b7c51893545,860,304,882,1644
9878,87de2670-6086-4c68-bfad-2b456af902b0,20835,970,9000,9331
9879,a3f94acf-ddbd-415b-8c64-5b33a1a0168b,43917,186,763,8372
9880,3b17940a-57a7-46c2-9c4d-7bee0ed4010a,28213,217,2291,2579
9881,41ebf17e-5b7f-4887-9720-9fa9ce5cff29,6758,219,2456,121
9882,a63a6f6e-7d13-4e5f-905e-d6ee31dfc53e,35946,715,7549,672
9883,fce604cf-47de-4881-b403-7e3e34cf00f7,17629,484,579,3927
9884,1f41a3b0-5767-4e3e-a75f-2fd1915182a6,28044,686,7676,677
9885,07ba5006-2379-4fe1-b017-85d94ea5ecb5,45292,443,6474,9848
9886,a70d31b2-8ee1-422d-811c-6c4890377045,9863,608,5634,5094
9887,72845044-bcbb-41d6-89f4-e7068dcb8e94,19088,45,1011,2436
9888,34e67704-4e3c-4546-8d37-2a03e3305a55,9219,298,3955,4563
9889,08a9e10a-f41d-44e0-8001-c9c5fee1eddc,10891,412,66,7622
9890,33b0d902-a92b-4916-acff-6e3851e51b6b,22567,428,1919,4252
9891,75dd1c58-a101-4b1e-a83a-53fc237d481e,36316,126,2161,7322
9892,5e767aae-660c-48ab-a96a-a49cf13589d0,19790,524,1588,6046
9893,d9d53b48-777a-4636-9009-afa95528e8c2,2051,851,4364,2501
9894,25af6cfc-9b3f-47f5-a527-bce716c9e5c3,14707,922,9243,128
9895,58c64d74-1f63-4871-8be8-fe7db7649e92,38541,328,3807,3698
9896,ab88edfc-9cdf-4c8d-8328-0a3d6fa4305d,26747,573,2072,2664
9897,2582381d-58b2-481b-b116-c260440f1fbb,14207,699,8369,5225
9898,f30491af-9c98-4a07-9816-8679726c07f3,29104,276,5283,890
9899,8a74fdff-e0bc-4fe5-9d22-9f2324a4bae4,48125,888,770,7282
9900,cb6c5730-c983-4d4c-bef9-c979c2485515,23711,88,3111,8949
9901,dec9bcf6-ac7b-4765-a004-3ecb1b9507e6,49630,917,6814,6596
9902,1fae1ffa-105c-4599-bb40-2fb036b02fab,24654,756,8362,9738
9903,d93267a0-0f02-41f2-8f9b-bdba863eb6b1,21801,518,3215,3701
9904,9b57577e-2112-494a-92c6-58e165a2af3d,3204,8,6910,944
9905,281ce7cf-baab-4361-a28b-ba498016141c,9878,810,9609,1535
9906,d163fe92-d1ee-4718-80d4-e0e33f3b0f25,44108,753,7548,7822
9907,8a4b29d3-451d-4466-b6cd-5ce82d2e2762,21369,586,2974,2303
9908,cba1c594-b5dc-4b9b-9034-9ee9e43ed9ac,28931,439,6091,4010
9909,7422f1a7-511f-4802-8be7-206930f7c2d8,8805,405,2958,553
9910,9f579760-071d-4afd-855d-7bdbf6cdd9d6,27540,188,4581,8858
9911,593be022-a2d0-4b4f-991a-defeb6a62b70,34930,269,408,6829
9912,91ea0906-42b8-4258-bde3-ebc339e70603,37074,775,5338,5249
9913,3c50cd93-9ebf-4533-8dd1-a6f629cfc07e,36114,325,1875,437
9914,cb507852-5613-4197-ba94-fc1ed9821729,36001,408,2148,5498
9915,d47bb1d4-ffb9-433a-8fff-359a74cee38a,30,384,5359,4871
9916,ec64a91f-921e-42b4-8137-06c78b1e91fe,6004,212,855,6255
9917,da7bdbcf-1ece-4172-aa7d-ab402e986f2b,47699,911,3599,4808
9918,f9e96289-58d9-4b6b-bb20-75ab35afb0d4,27534,80,8014,5757
9919,3aac81d1-daa9-4f76-bb60-24d7414b74a8,17543,249,4624,477
9920,04962b7f-1882-4214-aa9d-fa62d0cde627,24553,834,6068,190
9921,2f7dc2ce-ff86-48ca-8c7b-f78812d8f6fb,25261,213,5324,62
9922,60b22a11-c867-457f-8e01-dedc6313976b,48156,626,7480,8784
9923,da5cd972-0c7d-401d-9b1d-879e0467dd7f,7534,751,5809,6726
9924,eb4f0925-5c63-41f9-accd-ab3f7c9f81c2,25264,241,9591,4337
9925,c9faf6ee-d5f5-48f5-9cc6-7f8d99c05e79,28967,248,332,3161
9926,c5e087fd-de36-446c-9d94-55d55e023f72,14509,884,1845,7081
9927,d28ad585-38a3-470c-a1cb-4028d8827c24,37343,453,3299,2599
9928,f4793cb9-299e-4473-b61d-3a5723027ff1,13771,204,7708,4816
9929,eddece17-5d71-434c-b6ba-632926c7544c,24267,374,7096,5041
9930,490525f2-b823-4114-8ff8-b8ca9f6e1cb4,39039,108,4861,9439
9931,f495288b-c03a-4034-950a-5a236b22c097,870,224,9395,1728
9932,00634a0e-aaa3-48a9-843d-4fe802592fae,13861,585,2476,3130
9933,7aa26acd-af76-4743-ad12-620914f3fee6,932,955,8999,7008
9934,a646bb3f-34d9-4e99-8903-7fb55df25c4d,39150,459,7573,3130
9935,bce28f9c-d4c6-4369-89f1-70e6a8156ed5,23988,741,4445,5941
9936,61a8a082-8ecf-4545-ba0e-c2ca582968df,43186,417,3534,1640
9937,19c13f99-e14d-474a-865f-3cfd78cc9b31,5872,224,9031,2906
9938,c6d54b19-db77-4546-b9fb-5ae9b66196eb,48177,746,9660,4056
9939,d6ff662a-371f-43a1-99d2-91c66a15fc9e,10044,67,1837,2454
9940,4178d035-a073-41dc-9e13-0de9f32d855b,23222,30,4917,7033
9941,1203806a-2f82-40c1-b8dc-c241a5cc9946,27343,939,6569,3947
9942,db13d64d-8993-47c8-854c-d191d7519aac,18516,635,3782,9643
9943,1c9a2730-e2ef-4fd0-80f9-d7b99203bc87,18339,477,3803,7086
9944,20f047dc-9479-494f-9475-315dbee2885f,38797,654,6048,218
9945,79fec0f7-cbfa-4e22-948f-a6142baacd1f,48505,264,979,3986
9946,5997a5a4-0e45-46a7-ae41-27a3d86e543e,33239,65,7930,6456
9947,e64bec75-7b4e-4159-bc0f-82b85cf87018,16527,303,2768,5167
9948,3a365f60-5c73-4af6-8084-20cc365bdba2,16919,200,7319,8032
9949,b25470ca-6892-4c34-af2e-0c8e36fc2124,8668,602,4795,3681
9950,303a5e65-3a9f-4d62-a587-d0ada49a74a3,5727,754,8429,4668
9951,e9af8437-5863-49fe-a69c-5761549fa94f,35138,299,9534,1123
9952,94a83579-db22-4a2b-b884-4bd917d25d50,5891,671,5557,679
9953,5c45eb15-6ff7-4ef0-b012-651042daedcb,28796,787,4757,5557
9954,a32bd652-12bc-4a69-a803-58041b830152,49695,977,2924,8995
9955,9185bcd1-93e9-4324-8f26-fb6ea860131e,26651,348,8849,8523
9956,905f8ecc-cd24-4bc4-a5ab-68ea6877a9bf,32984,283,3336,4010
9957,2b57ac71-b3f3-468d-b1b3-f7d9414506d3,23169,485,935,777
9958,2c75198b-0bb4-4131-bb9a-724cefa8ffd8,3600,22,1877,1151
9959,0712722e-47c1-481d-8a98-cdee689f0d3c,8150,275,9462,1514
9960,a26314f6-cf6e-4ed5-920e-470e8e37494d,26988,226,611,2379
9961,606fd844-03bd-430a-b646-c51cc83912da,24812,5,2985,6030
9962,ccb29ffa-cd36-460c-b8f6-b33a27a95d8f,17124,879,1688,7939
9963,3fb60dea-d08a-4efe-a407-6cf385945541,8402,976,6432,1515
9964,eb21ab4c-699d-45ed-8847-cfdab1eac8f6,40353,747,3550,3998
9965,ed648bc9-7a9d-4931-a474-73ec7ac5f2ee,40008,894,8010,5633
9966,85453bb8-3a17-4180-854a-e3e03e54420d,5902,784,6373,2461
9967,d3c76be9-05b5-42df-ad11-ff14e166074d,9492,507,1128,3147
9968,38fc4c76-f20c-4de0-bafa-938c1b3ae228,39848,750,7874,7181
9969,bd8fa96b-a77a-40c6-8c4a-da76ca307204,46037,667,6848,5374
9970,4caeb192-e3a2-4815-a2ee-689a8f76fe55,46764,985,4691,2945
9971,95ca0bff-5748-44e0-9bd6-8301cdfd39d5,43456,537,8318,35
9972,533dde04-e9dc-413f-be28-f6265e695bc2,49241,378,8158,5809
9973,4c98e58c-519e-4743-8077-02ccbf5e02e2,47665,600,2177,7705
9974,c933409f-7117-4172-b326-01539921686b,13087,296,2129,4630
9975,27d4cc76-f1b2-40e1-90b9-6cab6390a516,47909,199,373,6245
9976,7dccbb66-6104-4f30-b418-330678384648,40464,206,4111,6486
9977,ae857574-9063-4b19-9679-639db039a244,39496,901,210,8193
9978,3342735d-a376-4c28-b686-78f09e28e0cc,23103,471,7179,3117
9979,f257a4f1-90f1-47ea-909e-0254e6dd6874,9484,80,6302,764
9980,1d4b9f70-cb22-4965-aa00-acd67656eaaa,37378,682,69,2405
9981,d0602ca4-ee4d-4f06-9a58-5477d42d229e,2683,808,3544,757
9982,f887b5e2-023a-4117-a557-8fdc4f0a8538,44700,654,6,3361
9983,1ad61250-81d1-467f-8af0-14f17dbb4ae3,38428,942,1971,4144
9984,7a7ee5b3-5112-4b43-86bf-cdcc861f7c97,18535,261,6308,482
9985,cd382d23-9d75-4aa5-a472-1e6fde7e8054,38451,972,5984,5953
9986,11d03e6e-f4fc-40ac-a591-9010d9bad4c6,14078,878,279,625
9987,995939ed-985b-4b20-b4bb-f4a8c2df9c36,19360,197,319,7014
9988,d5d92401-8dd5-4e3b-84a7-a4029e4fa1e8,3973,94,7370,4840
9989,b3d50bc5-28ea-4e9d-ba2f-2d665de0a672,34440,357,6795,3447
9990,3973333e-e53d-407f-8809-c8148f6c1e90,49293,972,8972,9479
9991,b7530852-5b46-4283-8460-0276adfa8d3a,18129,379,650,1023
9992,974a5a13-3635-47ac-9827-68f27d238c05,17876,656,5647,2508
9993,7cfdbfbd-06b7-400b-90ed-afd55f9d58c1,41468,459,513,8869
9994,0f1710b2-7cfd-4ab7-964d-c9d97536300a,7872,175,6541,8187
9995,a8698b9f-b6b1-4137-8326-c3c982c85ee1,35584,262,1251,418
9996,eff29528-670c-4135-b443-1f04f65ed537,21689,120,9788,5617
9997,c7e7cce4-b8c2-48a1-91a9-e6924f327b97,46497,783,4146,461
9998,50e245df-209d-45bc-bba0-2b6ca75420e8,3941,731,9673,2673
9999,1e275b73-8ec2-46b0-b349-34e58abea6a5,11594,719,2663,1156
10000,b34752d7-c253-4b06-bdab-62dc0fd16261,9648,132,8891,9172
