PaymentID,Amount,PaymentStatus,PaymentTime,TransationID,OrderID
1,193.16,Refunded,2025-05-15 06:39:58,411eb332-ae3d-493a-a1e4-e0eb91adc12d,8662
2,120.27,Paid,2025-08-26 17:15:37,bb39a789-ffae-4319-ae7d-027b0d433ee4,8793
3,196.37,Paid,2025-10-14 01:19:41,e21efd1d-3ca6-44d7-b80e-58f2daec1b71,7937
4,136.57,Paid,2025-07-25 22:26:25,a96b16e9-4d27-444e-86c4-c25782d917ff,3084
5,207.23,Paid,2025-01-24 15:13:38,c9e35d9c-106d-4377-bcde-b68a3e96874a,3901
6,182.58,Pending,2025-02-18 04:24:15,40ccb9c5-4f7a-483a-9a5c-180b41a00519,5758
7,191.92,Pending,2025-10-13 01:13:42,c3eb21fe-3511-4230-a889-9a785b6a9f5a,1146
8,141.08,Paid,2025-07-16 21:39:25,80460d60-77d2-463e-b2ca-b97280d64de0,7848
9,141.26,Paid,2025-10-07 00:53:24,7ba0a58d-d497-4119-88b7-f6343f1a2303,8345
10,174.61,Paid,2025-05-25 08:58:51,1be7dfca-236e-404c-a4e0-34a9c89f939c,3901
11,129.63,Pending,2025-02-28 20:16:50,66156dd0-50e6-4083-b3fd-8f932a90368b,1705
12,34.29,Refunded,2025-04-19 06:17:14,4bc6a2dc-4148-4896-9c28-cd5795fdd1cb,1710
13,23.28,Pending,2025-11-18 17:29:11,85ed0dfc-0ae5-4099-8825-f98c15160784,5046
14,73.29,Pending,2025-10-24 09:49:29,d3aa1767-a4ef-472c-862d-fe0aa7559f79,108
15,130.77,Paid,2025-07-27 15:33:13,06ccab3c-7100-4143-9863-64a9a7cbc968,6119
16,78.83,Pending,2025-10-10 16:05:44,78861e69-c0f2-4257-835a-61a375287667,5342
17,51.5,Paid,2025-02-01 21:14:42,5671ece8-d8bc-4c73-848a-c61abd87bec6,907
18,72.32,Pending,2025-09-19 04:40:49,5ce6addc-d7f3-4163-88a4-8bf82cbdb549,1963
19,88.42,Paid,2025-10-26 18:45:12,d78e8370-77ab-4b97-a668-0ae24f46e201,3030
20,91.21,Refunded,2025-03-24 09:54:23,8af297ad-6add-4e51-9a80-96ad6b5fad16,3568
21,81.16,Paid,2025-04-09 19:49:57,6145087b-9d15-48c1-978d-08a2d0d35187,954
22,177.35,Refunded,2025-04-13 08:39:29,99fd967f-ff7d-4080-bf84-fca88552b91f,2511
23,180.91,Pending,2025-02-02 12:49:19,af3b5900-097b-4af3-87fe-8719d0bc2c14,6789
24,169.98,Refunded,2025-01-15 22:50:04,8240bd87-b982-4cb3-b1ca-4a2b6c03bfb7,6861
25,128.02,Pending,2025-07-10 22:21:45,c0f03552-d128-4469-b39b-4a2d4c5b965d,1401
26,111.72,Paid,2025-04-21 21:43:13,efd82560-5390-405c-91a0-ca6d75e9f399,8363
27,95.01,Paid,2025-08-02 12:23:42,c6c313e3-cb43-4518-b6aa-38b4e830a9b4,5869
28,96.65,Refunded,2025-04-21 12:21:06,d4c4b59d-659c-4f7b-80dd-fd541a971303,9352
29,189.63,Pending,2025-04-09 17:00:04,69ff8ca6-4457-45f5-bac5-932907b426eb,767
30,27.57,Pending,2025-02-27 03:38:06,3a39abc6-e15b-4e48-b265-31d3c19aeef4,8329
31,70.35,Pending,2025-06-02 22:26:02,7cf7b553-257f-4c8d-8d1a-16de12d5da0f,865
32,47.62,Pending,2025-04-06 09:03:18,2126cba3-9cd9-4c1d-b1bf-2ca9b80d605a,6179
33,125.16,Pending,2025-06-05 12:26:20,d31f6eb5-866b-4f41-9023-dba13a351e20,4166
34,52.56,Paid,2025-04-20 22:49:17,7308f65b-078c-4489-8751-808ea2b75a2b,6132
35,209.7,Refunded,2025-09-28 02:19:20,bae0a30a-3d4f-4d7e-8a45-571f777d30ff,6874
36,57.84,Refunded,2025-07-31 21:10:00,43a99332-77eb-429b-8dcd-eb72b37553aa,7334
37,74.91,Refunded,2025-09-07 18:35:39,a17f5508-dac1-40f5-b26a-2aa09f282395,6188
38,122.34,Refunded,2025-01-03 10:51:57,711a2f50-e87b-454b-bc90-b582e9796bf9,1507
39,194.03,Refunded,2025-02-19 23:16:23,f99d4f02-d004-4ea2-b871-f668d3c3b8c5,2114
40,157.77,Paid,2025-11-22 06:31:49,549dedf0-9999-4ec0-9732-59d15a15094a,7691
41,75.32,Paid,2025-01-12 18:47:17,50bb807d-baea-4a3e-b9a7-ea680aa4f034,3204
42,182.02,Refunded,2025-01-22 01:56:15,7631e970-9ffd-42cb-ab9e-3d7f296605ca,2362
43,33.4,Pending,2025-08-29 01:39:38,382e9c77-0111-4e6b-a4a1-9b114d05a7e2,4336
44,96.47,Pending,2025-01-04 14:02:24,6057ce1f-90fc-4592-ace1-b175ddc9de4b,7723
45,66.66,Pending,2025-02-20 19:33:29,807f233a-dac2-49ca-956f-dc24d63a9356,9260
46,51.36,Paid,2025-03-30 12:18:07,d5bf9efb-67c4-451b-8dee-086ee6a9ef3d,8182
47,76.15,Refunded,2025-09-12 19:22:52,39e24e1d-d7da-436c-aa29-9859b33f9169,999
48,189.18,Pending,2025-10-21 14:49:25,e366bdea-1ed3-4d70-898e-d8993d8ffd96,4802
49,53.87,Paid,2025-01-18 17:43:19,19bd7b38-7de2-4ace-8217-9a0fee53d0fe,3504
50,193.27,Pending,2025-02-11 07:12:24,eabacdb8-d1ba-4897-8445-5d4c203cdc41,2412
51,37.86,Pending,2025-02-20 18:48:41,0ff5a128-d55b-4d94-bfb8-048c06866b96,4133
52,25.44,Refunded,2025-09-06 09:37:23,2cc154e9-2192-4082-aaf6-ca08cf49620e,9695
53,89.27,Pending,2025-01-14 15:49:33,532c0769-339c-4b57-a963-ea71359b2a78,1573
54,135.76,Refunded,2025-03-26 18:11:07,ba00ce63-0285-4466-8986-066707bf0a95,513
55,134.47,Paid,2025-01-09 23:15:52,e2dd004f-9358-417f-83cd-482a52917300,9803
56,183.37,Pending,2025-10-18 11:03:45,686a301f-f7f0-43de-8310-7f7243b4f95f,8966
57,122.12,Refunded,2025-06-30 04:40:23,c3d2bb6e-9060-4b41-b836-aa5384fecd52,3183
58,57.27,Pending,2025-05-30 05:38:31,0eff7b82-2c64-45ad-8513-a715702923d7,8444
59,201.97,Pending,2025-05-30 04:30:18,35275ea3-776d-4876-882d-905bd0a88d9a,3864
60,176.67,Refunded,2025-03-22 14:48:28,0c94a82e-eb0a-4866-bd83-35c7bc0f0571,6086
61,108.91,Paid,2025-04-29 04:07:11,7c055be6-0d77-4c40-a432-6f2b345bfd8f,8692
62,209.44,Paid,2025-03-25 10:02:29,679d1e00-f907-42d1-92d6-2ad2257ea231,9996
63,174.57,Refunded,2025-08-13 16:36:21,07f46b80-0503-4ebd-a957-97b9495a6260,3396
64,128.29,Paid,2025-11-09 13:02:27,917ee965-dfcd-4a2a-bf48-8fd377e87194,6146
65,26.34,Refunded,2025-02-01 23:15:34,57281dd7-8a8a-4eab-9bab-e052e01bb303,9487
66,164.38,Pending,2025-05-16 14:04:24,24a7d7ab-b5b2-49de-89e5-51722454eae1,1639
67,24.37,Paid,2025-01-04 23:52:54,71af333e-5e34-4719-b7c7-a9087c088932,3618
68,98.32,Pending,2025-05-21 13:01:37,c8e65134-1402-4834-a657-a527f7e24a24,5988
69,63.08,Pending,2025-09-08 22:44:42,6bde36d1-9e8f-4ba0-a02c-7f2b7a5fa503,4630
70,75.1,Refunded,2025-09-08 23:04:36,85d87032-ff10-44b1-8a5a-ac74fe42fd9c,2349
71,78.7,Pending,2025-08-31 20:24:56,b4b4f3bf-01a4-4061-9ca9-324b748d154b,6461
72,123.95,Paid,2025-10-13 03:35:44,9ef89806-efde-4af9-8497-e0df08e1bc13,98
73,23.18,Paid,2025-01-31 09:32:49,e2f9898e-fb77-4ba7-b8d5-1813a8c9dcd2,7928
74,144.14,Refunded,2025-02-14 11:52:25,2722e3ea-73e6-4d5b-8324-d0a89d08c167,8349
75,159.11,Pending,2025-06-27 08:31:30,70c52892-c737-4139-ae37-569b2c1629cd,7663
76,204.59,Paid,2025-11-16 01:18:53,eb4e9589-a15f-4326-b478-785ec1280890,8017
77,131.22,Paid,2025-10-06 22:02:02,f916b492-10ad-412d-b544-776dfd32e502,1583
78,181.35,Pending,2025-06-15 22:02:08,f292c839-f6b6-413e-8a8c-2f9514b5b8a7,418
79,36.98,Paid,2025-01-10 21:50:26,1c2f94c6-a5b8-49cb-be47-613cf6eb626b,3851
80,73.25,Pending,2025-01-30 14:39:24,c0907bc1-8b22-445f-a70a-1eaddb601152,4415
81,195.62,Pending,2025-04-28 15:00:13,94a38436-2da7-4753-aba3-e9bd841debc2,1340
82,79.07,Pending,2025-11-03 18:05:09,28e9e5a4-3928-4a42-aac3-4bccc82049b3,1013
83,118.14,Paid,2025-07-08 02:02:15,d12778bf-6ef6-40c7-9253-1959295a92ff,2815
84,161.9,Pending,2025-01-02 05:12:41,c8e0a6e2-aa6d-43b1-9dc7-43953ed16f2c,1907
85,176.21,Refunded,2025-01-16 01:19:29,919cc72f-8372-4708-b224-d4228e05f7c2,9431
86,99.1,Paid,2025-05-28 09:43:13,b8091df3-212e-4eda-a86b-df98cf36b2c7,1540
87,92.14,Paid,2025-01-02 22:32:47,cd4c931a-ed97-42fc-ba51-5b75cd66d4f2,1436
88,151.88,Refunded,2025-07-25 02:38:30,56f6a6ca-9d7c-411e-a86f-e43d2e32a85d,8731
89,84.45,Refunded,2025-07-13 06:49:54,71c1d30b-4226-4383-be96-0b77b8bd42c9,7179
90,86.01,Pending,2025-10-06 00:33:29,637ddc1d-8f06-4a96-b971-48c4497963ce,714
91,28.69,Refunded,2025-06-20 07:47:57,0089d4e3-0bf2-422b-a800-35fd43ebdcdd,6634
92,186.46,Pending,2025-03-27 19:42:23,4652f949-d69f-472d-abc1-a0b3c6d2d559,5403
93,128.86,Paid,2025-06-07 06:32:05,3824f86f-d7ef-4e8a-9756-329a3ee8b760,1500
94,63.28,Paid,2025-04-15 14:54:53,ac22282f-7dfc-4127-ba37-c37b9593c07f,2752
95,133.36,Pending,2025-08-02 21:43:41,7c3b5071-aa30-4024-b8dd-bd4aeb95bfd3,9890
96,173.14,Pending,2025-10-27 04:24:26,e0af63ab-6ac2-4ef9-973a-900b14736b04,4134
97,20.57,Refunded,2025-10-25 05:25:45,3440ee4e-d229-499f-954d-daa5fb8d951f,5430
98,68.44,Paid,2025-05-14 19:03:20,f53e8639-778e-4436-a6ab-0270e3163c55,6057
99,139.62,Refunded,2025-09-23 15:26:31,4e9a2bc6-6124-41d4-9e51-e209579c11ac,9762
100,53.42,Pending,2025-07-06 14:30:45,fae9b815-5f03-461c-9200-6e900a89746d,2537
101,129.31,Pending,2025-07-13 07:56:07,70c263c6-1584-4e77-bebe-fb022bb5b1d9,4647
102,173.75,Paid,2025-05-19 09:49:33,4273ee6e-5915-4770-907f-67ea518a649d,2776
103,72.05,Paid,2025-09-18 18:46:05,9829cb90-9673-4424-88f7-ce1036b6999b,3151
104,74.88,Refunded,2025-05-23 09:00:13,c9d2e9f9-fa8d-49a2-9443-568ddf3a6981,9210
105,165.24,Pending,2025-03-25 10:56:45,b4839571-afd4-4b13-9d6b-9f68c54bb51e,9645
106,40.78,Paid,2025-09-06 14:37:24,6bb687c6-812c-4f55-9def-eb6739e127b6,5739
107,92.69,Refunded,2025-10-06 12:12:44,1273edd8-a86b-48eb-947d-d56a443be43c,4072
108,98.06,Paid,2025-05-25 16:17:43,63b19496-eb73-4e50-90d3-b6fe56305462,244
109,44.51,Paid,2025-03-20 06:06:00,cdb9123a-4136-460e-938a-7070aaf2ba79,4655
110,200.61,Paid,2025-10-30 08:16:47,bee1b5a2-eeec-4a65-bb37-1b99121f3bb9,6509
111,75.88,Paid,2025-08-19 11:29:43,e3e2dd2e-3f6b-4f4f-b741-2723755f8a98,4171
112,50.56,Pending,2025-11-01 21:39:22,8273f06c-5950-4659-a8d7-19b9f693f937,4602
113,140.37,Pending,2025-03-11 23:29:30,68a7885a-6e0c-427e-addd-57e060730357,5570
114,84.17,Refunded,2025-04-15 18:14:59,ccf8defc-c544-4165-9fcb-1769c4550691,8742
115,90.55,Pending,2025-08-28 14:45:46,9240718b-7196-4504-bd1b-262c9de61858,4530
116,172.16,Paid,2025-07-03 20:39:32,e273c6fb-7d50-4b5f-ae56-1ce444264546,9001
117,170.01,Paid,2025-10-18 11:29:00,894d6c10-4f80-4545-8308-4fb25be73ebe,6675
118,115.82,Pending,2025-01-27 18:57:17,de90b664-486d-4e0e-9236-1dfff9911bf5,996
119,102.5,Paid,2025-10-19 15:47:34,6024a4d0-f75e-40c9-b99b-2f6bfeecf39f,2867
120,92.35,Refunded,2025-04-04 20:44:45,887cc1fe-b0c0-4221-af80-e1d5c1b4e76f,5237
121,144.23,Paid,2025-02-23 04:46:22,15f44213-9d1e-4f15-a908-36f73d77f97b,572
122,204.31,Paid,2025-04-19 00:30:13,f34df8ef-c075-41e3-85a7-7f03c3163548,2449
123,135.27,Refunded,2025-04-17 20:41:30,0e2f9126-377b-4d17-940c-15d9a7fc506a,8878
124,176.36,Paid,2025-07-09 19:49:04,be0a6db9-447a-448e-9dc3-ee0cbcd7f6a8,9333
125,142.33,Refunded,2025-03-30 09:22:48,bc7bf714-39fa-4b59-bd66-85fcbb174d00,8255
126,29.38,Pending,2025-05-05 19:26:13,8b4b9e4e-65f0-42aa-944f-06bf0999dfd5,8102
127,40.04,Pending,2025-05-21 05:52:22,b6112a85-4063-4698-851d-46f65b4b34ec,2690
128,204.22,Refunded,2025-09-10 07:48:58,c184b1b6-5c39-4175-bb95-05af244fef88,5557
129,87.39,Pending,2025-03-22 07:51:08,2cb8b260-0b1f-4d92-95e9-f7912ec7f7e8,6651
130,55.74,Pending,2025-09-16 07:00:55,4949745c-bc35-4e4b-8f70-12a41ab4d2b7,1488
131,28.81,Paid,2025-07-10 20:44:28,757ff578-ba64-405a-a240-220895fe98f7,3114
132,194.94,Refunded,2025-07-23 13:07:50,0a68c826-4e57-44f4-a360-d9c19360f65f,9786
133,20.68,Paid,2025-05-07 18:04:44,8e529e26-dd95-4639-b635-7b38f020c76d,5314
134,23.38,Paid,2025-11-17 13:00:20,6b6fbe48-c52f-4cd1-8ec0-eba89b0507d7,3941
135,104.44,Refunded,2025-09-27 08:18:41,e7a9a0d1-cd6d-4f5a-8af0-94930fce9b53,8247
136,145.31,Pending,2025-03-17 23:00:00,766d6bcd-3bab-49ab-b995-8dfcef26e605,4617
137,205.92,Refunded,2025-03-25 06:56:41,cc3d2924-d686-403d-b9f0-3dbb0d35513d,6112
138,96.31,Pending,2025-05-06 23:08:54,f9af1b13-ba0d-414c-8fd5-3bab90cf9df7,3507
139,149.24,Paid,2025-04-01 05:33:37,ab8f784f-cb17-4587-b151-9c5c4cdedfc3,3949
140,106.21,Pending,2025-10-23 05:47:01,6de6ec14-c261-4eb5-9707-7f40b1157a73,502
141,177.07,Paid,2025-11-16 01:27:15,7efd1c46-a07a-4f1f-8c54-bbdc73ec05cf,7978
142,22.91,Paid,2025-02-07 21:51:01,33ba6a56-c213-482b-bd3b-91509ccfa3af,4786
143,126.61,Refunded,2025-01-01 13:33:21,57e86459-95c5-4eff-9ff4-908f49c7a642,1227
144,79.08,Refunded,2025-08-28 18:27:12,d7882573-66a5-4fd4-a5d5-07ad11c3ebae,3187
145,123.66,Paid,2025-02-22 19:07:31,087934a3-b09a-4399-b436-2e2ff42a0862,6627
146,21.97,Refunded,2025-11-03 12:22:44,282ed932-567d-496c-aa5f-47e15711bb73,6176
147,151.76,Refunded,2025-04-27 16:55:53,bff1e49d-7b6e-4e56-a2d4-f1aaa3c62ca0,6005
148,78.72,Pending,2025-03-10 13:35:53,2931a644-5416-4007-8a5b-0c4c37413ac9,5171
149,22.71,Refunded,2025-01-23 04:36:21,d6f353c8-c8d7-491a-aa67-691945a79f40,1493
150,23.36,Paid,2025-09-19 05:08:20,82180e28-2197-41ef-87bf-ca9e43ddbb9d,1128
151,67.77,Refunded,2025-08-12 13:42:12,69634bc5-e65c-4f08-876a-ee859a0e999d,5396
152,170.84,Paid,2025-08-01 01:16:45,6e8216cc-d267-4279-afe6-ba6556f4986f,3556
153,120.07,Pending,2025-09-15 04:36:16,a99c46b9-26f3-4d1a-9c4c-3771731177ac,3255
154,98.1,Refunded,2025-07-28 00:33:46,e7dd8847-85cf-4562-b032-bd1d7f9972ed,1387
155,107.98,Pending,2025-07-06 12:41:48,bdcc42f3-ea28-4958-b0f5-e85ed81f0014,291
156,108.36,Refunded,2025-04-29 18:55:51,b883dc69-af03-4ac4-a9b5-1ed364ae5e0d,1885
157,30.49,Paid,2025-01-19 23:02:34,c3c628e0-7c6a-4433-958b-bb537a14bae0,6029
158,133.83,Refunded,2025-04-11 23:42:29,9ab09765-be51-4803-90d8-507ef80f3ddd,2734
159,74.99,Pending,2025-04-17 22:38:15,a7106864-f549-4ceb-ae14-f3d55f2716fb,4565
160,173.81,Refunded,2025-08-09 23:09:49,f4f5ffb8-acc7-42e9-9b48-12ed2cd85417,3868
161,43.97,Paid,2025-08-28 07:58:29,517b71bd-467c-4c78-b0ec-744212a050e1,6906
162,74.98,Pending,2025-04-09 19:20:26,dc12a4f3-1839-48c8-83d2-b3038fc44569,523
163,41.37,Refunded,2025-02-10 14:10:03,749ef5c0-f5ad-4ea2-9e68-2682412e0efe,6
164,185.24,Refunded,2025-08-23 06:30:22,0038dd23-b430-47c2-955c-c64d3fe9956d,4972
165,154.82,Paid,2025-03-19 19:12:19,205aa7aa-5681-4ecf-b8c7-56b239614a5b,2401
166,144.19,Pending,2025-04-27 05:08:35,e5054db7-5062-465a-a350-eb3d3217e783,8398
167,78.69,Paid,2025-10-26 09:18:55,c35a20ce-1857-4dca-996a-515e5354f9a6,2791
168,202.0,Paid,2025-02-22 06:23:19,8bd5a900-c435-4ac4-b196-b43275d69515,4108
169,149.71,Paid,2025-03-14 04:53:12,b1c4780d-076b-4f96-a34a-8d2ce1c6a671,2736
170,69.6,Paid,2025-05-23 19:23:16,bb669d70-2e58-4e4b-849b-9dfff423be9c,6010
171,122.77,Paid,2025-10-31 08:25:14,c0eabaa1-fa03-4963-9af5-60a4714abe14,118
172,128.04,Refunded,2025-10-03 14:42:13,859db920-91cb-4494-a755-82bdfa2a5211,7188
173,108.16,Paid,2025-03-24 18:02:28,181021b4-b598-4b95-be8a-396aa3eadbf3,5886
174,122.45,Refunded,2025-10-16 13:27:17,c66e4d66-d020-4dc1-8abf-25162748e357,816
175,150.54,Paid,2025-08-24 22:06:40,7067ed07-dc98-4592-a800-981334db1b55,7062
176,22.93,Refunded,2025-07-13 18:10:13,76d59545-2387-43a3-9afc-cc61fa1a4ac3,5742
177,83.97,Refunded,2025-08-24 14:54:18,e4d6f256-f179-44b6-a52b-666e35bffdde,7469
178,126.3,Refunded,2025-06-30 00:50:39,31835e1d-a6ac-49d3-a6ad-ccb99dda8f20,800
179,179.76,Refunded,2025-10-18 22:12:18,dc2ffbd2-433b-44b4-bfa1-d35f0906c1ed,2073
180,38.68,Refunded,2025-07-12 15:38:06,2fc688bc-ac1e-459c-9bc3-c999aa3a42d9,9317
181,123.36,Pending,2025-05-17 07:00:04,d19e31cb-8ec9-41b4-82de-0a353eaad221,3981
182,38.32,Pending,2025-06-05 10:05:31,1080cae2-d951-45ac-8108-f2fd2058cdc8,6823
183,71.72,Pending,2025-05-10 14:35:46,e8280a19-5df0-40ec-9e0a-b1a18271365b,3328
184,85.92,Pending,2025-11-09 18:37:32,ca7abdb3-39c6-4feb-86e2-4f950977895c,7769
185,124.52,Paid,2025-08-23 16:16:02,243b08e2-b3c4-4f32-957b-eedf1ca53400,5969
186,82.28,Refunded,2025-06-13 08:19:53,c63db45b-69dd-4cfb-90a0-0bcd337e496d,244
187,187.94,Paid,2025-11-13 10:17:32,1ae5d143-8f65-4b6a-ad45-04f24ce592f7,2740
188,99.11,Refunded,2025-08-24 19:45:22,69a75ccc-d9dc-4808-852b-cc693d9dc355,9976
189,111.37,Refunded,2025-07-03 06:08:59,96a47ddf-6d0a-4032-a556-426b66a2f15d,7318
190,98.76,Refunded,2025-10-24 13:15:48,b15950fd-328e-49d2-ac21-6d7e15736438,3863
191,90.64,Pending,2025-06-24 00:32:18,67a34ef5-7be9-4ec5-b22a-8e96e924d071,7188
192,204.04,Refunded,2025-11-19 01:58:56,7a1604e2-38b0-4e52-8ba4-9c7d76de42c4,5214
193,23.41,Refunded,2025-10-06 11:41:37,9a61c228-2e43-41c6-a8bf-f66a92a03f9a,7146
194,205.82,Refunded,2025-01-28 18:50:01,8f71bcd2-de23-45af-bb6d-3f3fca469d25,4433
195,136.93,Paid,2025-01-26 06:32:52,4055ddf4-1a94-4488-93e6-4d3a097c0445,3949
196,65.3,Paid,2025-09-25 03:26:44,5c0d044c-65b7-46b4-8f3a-8e0e18602399,1833
197,61.67,Pending,2025-06-07 18:19:07,6ce10fcb-4abe-44a7-bea2-f0a17769d8ea,2542
198,177.47,Pending,2025-10-04 13:28:50,c4299a67-c335-411e-8d6a-4dc956dd1a42,3473
199,90.46,Paid,2025-07-09 17:19:14,5609a164-5b2b-4ad2-b84b-582620d5263f,8990
200,162.57,Pending,2025-07-30 10:01:43,b144152b-65d1-4906-a467-1ed36340e23e,500
201,123.91,Pending,2025-10-14 17:50:45,badbbf88-4aa8-4169-8036-ecabddbba1bf,4532
202,206.36,Refunded,2025-08-13 08:19:21,353f08fb-57a4-42d3-b23b-743a8d8b6556,7648
203,185.85,Paid,2025-10-11 02:18:19,288357b4-f9c1-4593-8ca4-f7f38b0aa14d,5523
204,190.24,Refunded,2025-04-13 18:35:46,0dd6437b-d59c-4316-bb8c-04476fa78a31,4810
205,121.92,Paid,2025-02-24 13:24:56,bf06fd30-a892-4dc8-b924-8c1aaae862c8,8646
206,108.15,Refunded,2025-05-23 04:33:28,4dd124ea-dd85-4110-935b-32c643d38c00,2689
207,112.28,Pending,2025-07-08 23:27:13,f61c2da1-80ae-4a81-ae86-9d7e8a6e87f5,5765
208,43.93,Paid,2025-02-04 16:32:10,c3ebc93c-8a07-4d95-b751-2e37edad91fb,9836
209,78.36,Paid,2025-05-09 11:10:56,17ab2de4-7e7b-43e8-aea3-e9442a3f0a29,1334
210,157.24,Pending,2025-10-17 00:38:00,c70c77aa-b394-4900-b828-fa120f244a43,9083
211,132.66,Paid,2025-02-15 05:52:27,bf817126-39c2-4c07-887d-1a9dfecb4b63,3760
212,176.53,Paid,2025-04-16 18:41:13,5b004154-d2fc-406f-aee6-e13559956133,2353
213,193.99,Paid,2025-11-16 07:11:54,cb76f52c-89f8-4c14-95dd-b2526b50a56f,8201
214,98.01,Refunded,2025-03-22 03:33:15,c182f405-94a2-4e2b-9cba-9e449c22e0ac,7195
215,190.99,Paid,2025-05-08 21:18:25,7fcb5876-e78f-48f4-a318-610955f62e15,8387
216,43.71,Paid,2025-07-22 02:38:12,ebd6da11-6a77-4195-9503-ec2d45905d1e,1449
217,172.4,Paid,2025-01-29 12:01:27,3b0f8760-c97d-4480-b37b-45915048ee1a,811
218,195.07,Paid,2025-09-25 04:33:11,ab663c6b-2454-4e51-88e7-6558090cd0c3,7104
219,209.0,Paid,2025-03-16 10:43:51,f2e81eed-60a5-4968-80a4-2b8e9f00b742,9298
220,35.64,Pending,2025-10-06 21:40:20,25bc87df-257a-4af3-a389-78185914ce53,7497
221,84.03,Paid,2025-06-12 22:54:15,18b371ee-cd5b-42a9-97b4-57cd81e0456c,5004
222,195.27,Pending,2025-05-15 18:47:46,c091bb66-1e33-4445-b7c1-d7f72816d93a,6475
223,200.02,Paid,2025-08-23 10:08:09,486fc50d-0a5b-40da-bafd-3d2adeaf5513,1467
224,114.81,Refunded,2025-02-13 08:00:53,41192614-54a4-432d-8873-e11e98dc33d5,4684
225,195.8,Paid,2025-11-15 14:36:30,e33cab0e-1af7-4c6a-acfb-9713f120c0bf,3965
226,170.82,Refunded,2025-05-06 07:50:44,81081f50-ce23-43fe-870f-e842d62fb2cc,3335
227,199.97,Paid,2025-08-08 16:05:03,3e29fe5e-d54c-416b-b2d4-6ae9ce6c6de0,6062
228,25.7,Paid,2025-06-02 05:18:29,7dd697e3-74e5-410e-af73-4b1bb914ec89,1403
229,103.33,Pending,2025-04-24 10:02:09,fee7c594-eb04-49e7-8b7c-cb920ac88c80,4607
230,193.6,Paid,2025-01-23 10:30:53,6d99b7fb-447b-4020-a47e-0bd334fb435a,5627
231,70.78,Refunded,2025-07-22 02:32:17,33d35e18-3ea1-44f1-a8e4-5da76d3bbe3b,6191
232,144.58,Paid,2025-05-27 00:35:13,3aee91c3-2379-4f42-8c9a-b9db5b75b8be,4127
233,53.38,Pending,2025-01-27 00:59:26,5a074e73-864b-43c7-b40a-e9834793791f,7638
234,101.53,Paid,2025-04-07 10:59:44,d293cb0e-c285-49b1-af9e-a6400bc7379e,5995
235,143.36,Pending,2025-10-05 18:07:26,dfdb2bc0-5ab2-4792-8036-61ee6b7b44bf,3698
236,95.85,Pending,2025-01-12 22:07:26,a2fad741-7750-4c23-b12d-f6a63c53dbdd,3490
237,105.89,Pending,2025-05-17 14:16:33,be3dc293-bda1-4521-a842-74e4ddd6a36f,7972
238,128.73,Pending,2025-03-31 00:21:40,64bbfa9d-cc26-434d-b43b-1f701ccfe39c,4597
239,57.11,Paid,2025-11-18 09:05:13,ef93f2ca-e61b-4ccd-ab96-db8be5d9a449,5723
240,136.31,Pending,2025-06-17 10:25:18,a84f42ad-31f4-4933-8158-0fd5589880e7,3346
241,198.62,Paid,2025-06-21 13:35:56,2c7140fe-442f-4018-978a-3db9577fdd0c,9680
242,101.31,Pending,2025-08-08 04:05:24,99df4acf-1c7e-410d-aaab-99855c400a05,8501
243,66.13,Pending,2025-11-09 16:53:49,c3974415-a5b1-4019-bca6-88b9491445c5,2318
244,113.42,Refunded,2025-09-19 04:43:45,255807ec-a039-4e7a-8cbc-504f9329c344,9140
245,135.04,Pending,2025-01-11 17:32:48,2012aff1-eb8b-4821-8539-342ff77d7ed7,9805
246,68.35,Pending,2025-11-19 05:22:28,db23d35e-c11d-46a5-8cef-f4387e18b80c,4982
247,112.83,Refunded,2025-09-09 21:09:53,fc15389f-0cb0-473b-b26b-3e3cdc9d1d91,65
248,128.05,Refunded,2025-04-02 11:40:52,f19316ac-9bcb-45ee-b483-57fa400178a8,7399
249,176.12,Refunded,2025-08-04 20:47:58,23db6c78-0bac-4148-a3f7-5f11925971b3,8798
250,123.69,Pending,2025-04-23 12:33:56,23f01dfd-049c-44b9-81dc-ff85a032878e,10
251,90.54,Refunded,2025-06-04 17:49:01,8de76a12-a56b-454e-abed-a57b08e76386,2900
252,185.17,Refunded,2025-01-13 18:54:24,33da94e5-7731-4390-b7a3-50cdef4b7b63,8600
253,204.39,Refunded,2025-02-24 02:45:09,787c215d-9018-4aba-9d9d-86ae41b9f0f7,9722
254,131.96,Refunded,2025-03-02 20:12:50,fb592883-827a-4918-9c42-e9921a654467,2894
255,120.2,Paid,2025-10-03 06:01:26,58760596-40c2-4e36-a639-9215743a8db1,3191
256,41.36,Paid,2025-09-22 12:55:47,08206d08-018d-48d3-9ba2-d946745d2a2d,9165
257,77.63,Refunded,2025-11-02 02:31:44,37db2fb9-36d6-4736-b180-010859f43a0b,1233
258,46.9,Paid,2025-03-24 20:58:42,8e170340-4e41-4c9f-a655-d796ea3a58aa,2263
259,35.64,Refunded,2025-10-31 22:25:56,f4075183-5781-40bb-9d48-59929bd92c2f,9332
260,93.64,Refunded,2025-02-27 07:05:10,80a5a90d-0e47-4970-b613-de0416321717,1308
261,208.43,Pending,2025-03-11 10:13:26,f65b08fd-19b1-4dfe-9dfe-5bbf798cfc71,869
262,37.69,Paid,2025-05-03 13:31:22,2e027327-c7fe-4431-aa73-da6358c78dda,9859
263,97.92,Refunded,2025-07-06 21:20:50,46a5d87e-e017-4e5e-9b52-94cdc788ed45,1328
264,159.94,Refunded,2025-02-27 04:39:46,48c214ef-1dad-485b-86f2-31d6d9f3b173,490
265,37.1,Refunded,2025-03-03 16:36:53,c0672328-9c7d-40bf-9701-4111d854b4ad,1351
266,20.34,Paid,2025-07-22 12:19:11,04312030-644e-45fe-abc4-f1c0ab3d1e5a,5744
267,45.6,Pending,2025-07-01 03:57:29,583db8b1-14f9-413f-b401-24a8dabd6d78,7811
268,39.9,Paid,2025-09-05 20:59:42,eb9049a2-7a24-4cef-92b0-2cb0401e0af2,298
269,59.7,Paid,2025-10-24 22:00:03,bbb30bdb-b764-414e-b731-2bbb328929eb,8606
270,100.63,Paid,2025-10-22 05:44:10,c15e36e8-8210-435d-bb47-e54acb847345,1243
271,67.97,Paid,2025-01-30 07:49:08,dba88b57-6300-441f-8724-8f088960dff5,1835
272,202.68,Refunded,2025-04-28 06:46:51,0e72ec9e-dfe4-4b57-8cb6-d04730ed523d,876
273,182.76,Pending,2025-11-15 10:35:43,a5396284-7fce-451c-ad00-2e8293b08224,6939
274,73.7,Paid,2025-08-30 03:21:46,72c1ab55-4b4c-4982-b312-8debbea56f60,3621
275,110.71,Pending,2025-10-05 16:46:42,9821518c-1c7d-444a-8ef9-f3039e812246,8412
276,183.23,Paid,2025-06-03 04:29:23,f99a5d19-854d-45a6-a3cf-ea1645d28296,3676
277,202.75,Pending,2025-05-11 13:24:12,46121598-6ae0-491b-9186-d94814a38186,8029
278,47.63,Pending,2025-04-28 18:29:12,3024d60b-c5f0-4fe9-a63e-966843cef606,7192
279,29.27,Pending,2025-02-28 02:26:38,56d0f6b4-bd40-41ef-9dc4-757978dd2f83,1588
280,155.53,Paid,2025-05-10 17:45:23,e1d4f547-33aa-4aba-85ce-2e15fc8358fd,8135
281,176.61,Pending,2025-02-24 19:36:58,c7ad8a2a-7519-4671-9dcd-5fa7f30ef677,433
282,113.0,Refunded,2025-07-03 11:52:38,0b80c9ec-0509-42a1-92fc-67135cefc55f,4150
283,28.24,Refunded,2025-08-18 16:41:10,8d395be5-eb76-40b1-abd7-3291307ffb97,5542
284,182.95,Refunded,2025-03-14 03:45:56,f1bf95c6-d915-4982-8023-4e420f434294,6758
285,190.82,Refunded,2025-07-24 13:55:45,2c54af60-1d2c-4a2f-991b-a29c8b8f68f1,4044
286,121.8,Refunded,2025-02-28 11:48:21,12a73aa3-1630-4776-9c8c-60f1072f7d94,2904
287,76.03,Pending,2025-02-21 16:02:27,649beb91-e073-4cc3-9d0a-79fc8ff57b5d,551
288,137.25,Paid,2025-11-22 08:23:26,2eff72eb-8ef7-45ea-b005-c39ea8f5256d,2009
289,87.19,Pending,2025-05-31 20:27:49,c0135529-7c07-4230-a11c-4994f3f3c940,6350
290,81.56,Paid,2025-04-06 12:08:50,1b04ce91-2dad-468b-9bbd-519e0d49b2d5,1679
291,115.86,Refunded,2025-06-05 18:49:33,6a80d043-98f5-4ada-adc4-bfda69c6e12a,2299
292,194.51,Refunded,2025-04-01 23:21:11,59a4c9e9-00fe-4119-afbf-d0d4734b327a,8885
293,177.55,Paid,2025-05-26 01:56:03,55cdacec-448f-430b-bd6b-7c6d55c630ff,9624
294,179.1,Paid,2025-04-28 10:46:41,1dbd90a6-1088-482f-9145-90bd916f1659,3315
295,176.12,Refunded,2025-06-12 20:16:13,aa4007e0-0397-41dd-8f21-c3b00388b476,4211
296,43.69,Paid,2025-07-08 15:17:23,036c0ac3-3e39-4aac-b88f-d0171905fec2,9133
297,142.78,Paid,2025-11-23 03:04:34,b3ff8e9e-5a62-41e2-8019-ef878c04b913,230
298,67.03,Pending,2025-01-09 04:41:40,545b9da3-028a-47c0-8d18-5efcd8685691,116
299,189.85,Refunded,2025-09-13 21:38:22,747a8cb4-8160-44b6-b483-959b8421ac41,8140
300,100.3,Pending,2025-03-19 23:41:13,704030ad-7ffc-4242-8157-490ecb5edd0a,3793
301,49.87,Pending,2025-09-29 01:33:20,971b64e1-8ed9-4171-b3ce-ed3cfd67682a,9738
302,115.05,Pending,2025-07-27 13:45:33,89c417e0-4fce-47a9-a728-a1aa87af405f,8425
303,180.03,Pending,2025-02-16 18:19:33,bb38bb30-a96d-4841-a647-f320f777d979,9998
304,209.99,Paid,2025-11-16 22:33:03,91d4e02f-73c8-4ec9-80d1-8a5c42923c9d,9109
305,146.48,Refunded,2025-08-17 10:33:28,aded7a0c-257c-41b4-8164-af564e3d25de,2179
306,123.26,Refunded,2025-07-17 03:06:03,58fd8cde-2c1a-4d33-8428-bfac363fcd18,2325
307,69.7,Paid,2025-05-20 00:48:39,9b615f96-18df-4f7d-9179-0720010fac0c,1903
308,87.27,Paid,2025-01-29 03:25:27,7eed26b4-7ab3-4332-80ac-5a6e98e063e3,8152
309,176.48,Paid,2025-06-28 18:08:39,0d20588b-9028-4eb7-a06b-d6d9076a44d4,7364
310,63.81,Pending,2025-11-08 05:28:03,0da2572f-cbd4-4aea-9a68-095abe417b1a,1217
311,111.7,Pending,2025-08-27 03:10:28,7057479a-f45c-411a-922f-461ff46ddf02,7190
312,50.57,Pending,2025-08-20 14:57:53,ee8e3c90-e073-4d13-86e7-58583039d9cd,1649
313,111.34,Paid,2025-07-16 02:28:30,9175553e-3a50-4120-86bc-c9cb2e045049,5127
314,89.45,Pending,2025-03-04 21:54:33,9bcffe93-b6dc-424a-932c-994ab3a957da,3173
315,41.35,Pending,2025-05-18 06:26:03,2fec39dc-2722-4597-8c97-c87bd6db076e,5552
316,71.04,Refunded,2025-03-01 14:32:31,c93f134e-ea3b-4f95-8a69-d2f305d4136b,5094
317,195.22,Paid,2025-10-17 20:15:05,59ba2d76-f4fa-4443-99f1-40989c3c7b05,6980
318,159.24,Paid,2025-03-22 06:30:15,1bc8d9ae-3426-4ec3-b04a-e807fea3effd,1139
319,76.64,Pending,2025-08-26 18:28:00,8cf2275b-58d5-4df1-9034-cc4d1a06ddf3,2221
320,206.86,Pending,2025-11-03 07:15:19,bcf9fb10-e51c-4639-be58-7a53d4e9fe8a,1822
321,172.44,Refunded,2025-11-04 22:12:44,1e916a0e-624d-47fa-8e31-4e607c237fce,4871
322,73.23,Refunded,2025-05-06 01:20:34,2aca6b50-fb58-4112-94fc-a8eeb5a18cd5,6473
323,41.21,Paid,2025-10-23 10:47:08,4638a7ba-eabf-4584-8a6a-40c029186ae3,2010
324,112.35,Refunded,2025-09-05 17:35:19,d5cc9aeb-e44e-4110-a12b-cdbe77820281,2213
325,193.03,Paid,2025-07-06 20:34:10,c05919a2-92e0-4d48-b0ec-6b5ee8151b74,8818
326,130.17,Pending,2025-03-19 05:50:46,d81e971f-a6f9-4212-9f2b-fc90ab5bc3f0,3864
327,88.96,Pending,2025-02-19 03:57:09,ab9c7439-8e8f-4949-bf97-63ba22f43990,1918
328,59.31,Pending,2025-05-26 16:02:55,7a2ae2f6-9a93-47cc-8b62-a2ecd817c8cd,6725
329,130.31,Pending,2025-09-10 03:44:14,90272eae-3044-4cb3-a547-820b2f72f65f,7200
330,150.36,Pending,2025-04-12 15:06:01,26fa00ff-7acb-445f-b956-1e909eb24fe5,9427
331,102.3,Paid,2025-06-09 12:23:37,71c9417e-40d5-4699-84ff-7419eb6a99a8,8413
332,61.32,Paid,2025-05-28 17:37:41,ec21d86c-522e-4253-8130-c1f9111f8678,6239
333,139.76,Pending,2025-05-24 03:36:30,898199b4-3517-4e2b-aed4-05a08f45f589,5652
334,191.26,Paid,2025-01-28 14:01:33,81cfee41-4b23-469a-9bf5-40cd1faacf7e,6460
335,150.14,Paid,2025-05-04 06:24:27,293b30de-d67d-4b85-9290-5a94090b1589,3750
336,91.28,Paid,2025-05-11 08:17:58,e2fb1147-49d6-44df-909f-2157b5f1a22b,1016
337,81.02,Pending,2025-02-14 23:21:18,b38058ef-1b01-4c85-8547-815b4580dabe,9041
338,200.54,Pending,2025-03-23 15:47:31,aae33902-0697-4c11-9b1b-17222a8a897c,4026
339,34.1,Refunded,2025-05-05 09:32:51,91d0e295-44ad-4eb8-a47b-667a9049a46a,5622
340,141.25,Pending,2025-02-17 05:06:17,1d58c27c-5710-440d-9d7a-84c377ab7433,7581
341,35.39,Pending,2025-08-14 09:04:26,b7baa7ca-deaa-4b88-91aa-3634a63be228,1883
342,78.95,Refunded,2025-11-20 06:09:45,779a6ffa-d2ac-4de1-bcef-32f720aa41b1,8535
343,133.28,Refunded,2025-03-22 03:46:42,731e7a22-76dd-4931-8632-5893443d8dcc,2104
344,63.88,Paid,2025-11-15 17:58:41,491545ba-4dd7-43a7-819b-70fe103aa3c6,751
345,21.2,Pending,2025-01-14 04:54:09,71d3d2fa-ad82-4ba5-ad98-8ee15a71339e,3126
346,203.93,Pending,2025-02-07 10:59:35,05522d65-c652-4d65-9971-8c2306f7d6fb,3496
347,20.76,Refunded,2025-04-27 21:33:21,b12ee31a-ea6d-4125-8691-1e05d3cda78b,6799
348,178.77,Refunded,2025-07-14 17:52:57,151b4468-9dc1-407f-9a28-a7d6d03e68d3,865
349,76.97,Paid,2025-09-18 03:00:49,ef1d8b90-4752-48bf-b557-32b014a3e929,5751
350,102.72,Pending,2025-02-03 15:05:37,6bfdc53a-53e2-40de-9e26-f57bb4184b9c,3631
351,181.38,Pending,2025-01-11 00:00:25,c3dc49cf-c2d9-41c3-be2e-36932a599bba,825
352,66.28,Refunded,2025-05-06 08:51:58,6134cc36-4a8a-431e-b595-b3d8df939f07,4486
353,53.02,Pending,2025-02-16 06:04:16,03c842c6-0800-4b83-adf6-8a1bb389c9ef,4861
354,170.29,Pending,2025-10-09 02:05:12,774ec99a-230d-4bdd-8231-15fe8402e92d,4605
355,167.65,Paid,2025-09-11 12:30:08,02d4a8ec-5d2d-4ee5-8384-56af25c7ef26,4860
356,152.07,Paid,2025-07-17 16:24:22,3b3ebf98-ff66-4b41-a01a-4a2a6198cd58,9881
357,64.47,Refunded,2025-10-09 13:40:02,fdf786d9-0cda-47cf-b027-f5181b4ae819,5061
358,206.4,Paid,2025-02-06 00:10:15,1e065cf3-f8c1-49c5-8b25-07cd8bc53a3f,490
359,116.39,Pending,2025-03-24 09:51:12,5971558c-bba3-4fae-b53d-bf33c50b9725,2732
360,173.68,Pending,2025-07-24 15:31:01,0f4b53d0-4a5c-412c-9596-5820680bbd47,8311
361,31.8,Refunded,2025-07-08 01:51:07,078047a2-37cc-4264-81a5-658255ed9df1,2690
362,99.73,Pending,2025-08-28 05:20:15,5a1a5331-c8e0-4238-a3eb-6308132eb9de,5147
363,168.54,Pending,2025-07-10 23:20:48,311e460d-1ab8-4599-b5cf-a79d382d6b8d,6466
364,53.75,Refunded,2025-09-10 19:47:42,6412aff8-b3b4-41ca-a0b3-ab0c817c3658,9716
365,206.25,Pending,2025-09-07 12:47:16,cebc63b3-487c-4060-bda0-460f3c923c73,9293
366,147.3,Paid,2025-03-15 12:46:54,2259568b-e15e-45f7-9009-a3ec73b04d0b,6197
367,166.14,Paid,2025-03-26 10:32:59,d500e8a3-7880-4ddf-b201-326fd5a4eb9c,1921
368,20.99,Pending,2025-05-08 01:39:18,a4c24186-e98b-4c00-bbe6-0d359fb371da,5485
369,114.5,Paid,2025-07-27 01:38:49,952f7dd6-4fd5-43c2-9fb0-029b2b7ce0b9,7000
370,179.16,Pending,2025-01-19 17:19:59,6d856de9-cae9-4b09-9c7f-1180f068c731,3806
371,111.25,Refunded,2025-09-02 23:51:38,cdb7ef40-9393-4cb3-98cc-bf3b5925638b,860
372,102.23,Paid,2025-03-29 12:29:39,2f851dce-c4c8-4c10-a46f-8d264d203919,1929
373,172.06,Paid,2025-03-07 14:15:33,eda32b53-b6bf-4863-af45-714ac47cd1f2,7080
374,127.84,Paid,2025-04-02 17:52:26,3340238e-e76c-411d-92ae-d9874a1e237d,9369
375,36.01,Refunded,2025-04-30 10:24:57,82f67f05-666a-430e-b092-fb1202d2cecf,3363
376,145.31,Pending,2025-06-05 17:49:26,6cb8c186-7282-4d07-a03c-8e42a657f99a,6412
377,122.28,Pending,2025-03-06 15:20:22,fe23bbc5-871f-4572-807c-43ae7df74414,4558
378,62.17,Refunded,2025-05-03 04:17:07,80e5561c-803a-4f1c-aac7-6674d09e6f10,6036
379,47.49,Refunded,2025-01-29 18:55:45,bc0e0b77-8d53-4565-a67e-aa2e45d2e507,6973
380,200.72,Paid,2025-04-22 17:40:53,3ebb7062-f2c6-4839-9d66-945c4814cf41,7311
381,29.28,Refunded,2025-06-27 22:28:04,ac8816f4-8d82-45cb-a67f-483400557dc7,9556
382,170.97,Refunded,2025-06-18 19:59:54,f0fe41a8-0016-4fbb-934f-cfcc087b0fe8,7904
383,61.3,Paid,2025-08-01 02:27:57,b8c58902-c039-4db5-8747-406793dc9328,6954
384,38.54,Pending,2025-07-29 11:50:58,57296f59-b728-458a-86ff-d72dfd763f8b,7834
385,140.49,Refunded,2025-09-28 23:05:31,f1fa26a6-b305-4082-b21b-56c0f60e018f,3151
386,170.65,Paid,2025-02-12 15:58:26,c629d02d-ab28-4b97-9d6a-dc5a3ec1a93d,2564
387,72.19,Refunded,2025-07-31 12:07:18,606567ec-237b-45c9-9c48-11063d2c8d7a,3666
388,162.63,Paid,2025-11-12 09:43:40,50a364a7-5de0-4a59-a6f7-0bcbf4d5ae8d,9299
389,103.17,Paid,2025-03-10 15:47:04,90efa01d-c964-4f0d-995c-48463a89a39e,4467
390,32.91,Paid,2025-04-05 07:56:47,8e61f702-11db-4c2e-94aa-63c8272794f5,1197
391,133.71,Pending,2025-04-19 01:11:14,bb7ab4d5-df07-45eb-9021-4930d6ce199b,104
392,97.96,Paid,2025-02-23 19:31:48,41b33d4d-ed5c-4696-a7b8-59f5c1ecd9f7,3802
393,112.05,Refunded,2025-07-30 20:57:49,6ed42bef-0309-4422-9f3d-b98cd708bc0a,627
394,143.98,Pending,2025-09-20 12:54:42,2161d2ef-02f2-43d8-9b05-0ef98d4c6185,4071
395,130.42,Paid,2025-05-18 00:25:23,32bd13d2-76f7-486f-ae27-2aab35801a42,6525
396,24.74,Refunded,2025-07-27 16:57:43,c010c60c-1e63-435f-bbac-b1278ed74e77,4040
397,138.24,Refunded,2025-05-15 09:33:51,ddcd7262-6a67-44f5-9369-338d0ee1ac40,1799
398,154.67,Pending,2025-04-07 04:54:56,57e22cd3-0881-4c63-b44e-6d770adc9cb6,2425
399,201.5,Refunded,2025-01-15 08:40:22,fb80e1f1-4c2b-41cc-8940-1fb3d2d79721,7644
400,203.5,Pending,2025-10-06 19:55:20,78dbde17-e71a-4ea2-a29a-3a90a6047177,7043
401,169.8,Paid,2025-11-06 06:42:52,9c7fd101-b5a1-40ef-b3da-d05574e2d280,3227
402,151.71,Paid,2025-09-10 16:07:47,56867115-0951-49f0-a790-0b6a18291133,570
403,192.31,Pending,2025-04-29 23:43:04,2166340c-d019-42e4-9b14-ac47ce77e63b,3529
404,139.17,Paid,2025-06-20 19:18:37,8f17192b-5bfb-41ae-98ec-e3dd2b9ffb5c,695
405,98.06,Pending,2025-07-28 22:47:48,ec060983-9d0c-4d2a-8887-087e2a27cbde,2742
406,122.96,Pending,2025-07-11 20:24:57,4e4addca-3210-4c6a-a4f4-0db5812c0fa5,5660
407,160.0,Paid,2025-09-05 14:15:13,3387bb37-473f-411f-81ec-fde2d3b195ea,8603
408,208.22,Pending,2025-03-20 21:08:13,bf8819e1-ffec-4d67-bfd3-0be6fb7c764a,4831
409,111.55,Paid,2025-05-17 03:49:37,3f636e69-8972-48a1-beda-0225add0face,3677
410,198.43,Refunded,2025-04-17 16:15:35,b11ea536-6f0d-48fc-8982-f5228cc0e4f2,6391
411,125.0,Pending,2025-06-23 03:35:57,a6f158e5-9f2a-4c44-a578-515bd7e40f10,1884
412,39.59,Paid,2025-10-11 00:50:38,c9970f08-ff63-44ec-95a2-fced77ff6dd3,8869
413,116.74,Paid,2025-09-23 22:06:10,5c6ce831-a5ac-4ccd-8f77-395590ae7f77,5779
414,165.17,Refunded,2025-08-04 03:10:24,7deb274b-747c-4249-80b9-6fc38957b693,7013
415,95.79,Paid,2025-06-30 05:23:44,7863c1d9-3753-47f7-9b5b-dbfade8e4156,3635
416,108.78,Paid,2025-03-09 08:50:20,b1672fc0-3b5c-47f9-ad99-bdf3aee42f72,636
417,112.58,Paid,2025-10-13 06:06:00,3c8f730e-7e77-4887-bb3d-29ecf5bcb25c,2799
418,25.64,Refunded,2025-02-07 13:42:04,c3c5e4c7-055f-4786-a5ec-d030c2e5e701,5030
419,141.32,Refunded,2025-01-28 17:07:19,acf853a1-90e8-409e-9ae2-f0fc1cf1fccb,486
420,131.93,Refunded,2025-03-09 12:36:51,f267ce38-b21d-4e13-9f1b-682b23a3c18b,4837
421,74.36,Refunded,2025-10-09 19:52:58,28888632-e572-42ff-9cbf-d699e0533a2d,8569
422,163.31,Pending,2025-05-30 19:01:23,42eef507-8273-4338-8236-4782fbf0a6ab,7842
423,151.7,Refunded,2025-08-15 22:16:19,486f1770-72c0-4bec-850e-4863d3bcc90b,1859
424,123.61,Pending,2025-01-13 08:20:18,70561465-a470-438a-8285-58d1d705a1c6,3384
425,111.16,Paid,2025-09-06 10:54:36,ed03bd9c-abd7-47f2-bc4d-48108ecf24df,2681
426,90.97,Paid,2025-10-15 13:03:32,733c6fea-f580-4e64-8e72-a0fe3239df5e,1086
427,40.62,Refunded,2025-02-28 05:30:46,7ecae221-b4b2-4b85-88ac-81f75f9721e7,6551
428,164.61,Refunded,2025-09-24 17:32:06,9b411b0d-0f2b-477e-8783-a10ad4c7551b,3123
429,209.17,Paid,2025-04-25 16:35:49,5e9fc0b6-d1e9-4fd7-ac6f-4c2ba0a9c51c,5906
430,169.0,Refunded,2025-02-25 07:47:38,1b400156-cc58-4f32-9457-5990f72207b4,3579
431,140.99,Paid,2025-07-28 21:00:11,62654f8e-4b3e-45b2-9cb9-b835e610176f,2126
432,191.83,Refunded,2025-10-08 09:02:26,513ee289-4499-48bf-b4d6-7e602bbd991d,266
433,30.2,Pending,2025-11-15 19:39:49,5aa6c8c3-c6a9-4172-8ca3-87013aafc434,8599
434,176.7,Paid,2025-05-27 19:01:09,893c02e5-b1aa-4e8c-b9a1-9b437972a7b1,1970
435,70.95,Refunded,2025-06-11 06:20:54,3451e279-f3de-43b1-a365-21c50a7d4011,9290
436,177.65,Pending,2025-06-23 01:56:27,e9a7cf3c-856c-455c-b498-4b478943fb0f,6820
437,150.31,Refunded,2025-09-04 14:47:37,1d7ad1bc-7405-4729-a2d2-6798dee781a2,6383
438,102.58,Pending,2025-10-03 09:28:38,16352e86-93e9-4107-9b91-2da37ca601ed,880
439,179.86,Pending,2025-08-17 02:16:48,48550af2-bbd7-45f8-a292-da8110d2c0c5,5035
440,203.57,Refunded,2025-09-05 07:19:21,a1f176d6-f260-4c8f-a3f5-a264d6ca542e,1625
441,147.49,Refunded,2025-09-21 03:11:32,d1f9f10d-5efe-4558-aa08-e04425e305a4,6927
442,202.09,Refunded,2025-06-19 20:25:27,2f5f8950-d392-4767-ab54-5908fe808ca7,1669
443,43.14,Refunded,2025-05-03 07:23:27,09350ca1-2b41-4c69-85f6-2e889096dff1,1713
444,93.78,Pending,2025-09-15 07:08:27,0d852a5c-9fb4-4ab7-bc54-858775418dc4,276
445,203.66,Paid,2025-11-02 23:15:55,69ad21c1-e847-4787-a100-94ac5e28d3bc,2198
446,153.66,Pending,2025-06-27 08:50:42,4ad4d39f-9ba7-48de-bf72-2f0cf50f8bf4,2233
447,57.51,Refunded,2025-07-28 04:39:39,b536c619-222a-4f8a-a96a-b5e0bd7a886a,5656
448,97.96,Refunded,2025-02-26 12:11:33,b9125964-e755-4900-a094-9a98347a652a,2364
449,45.48,Paid,2025-05-28 02:10:01,25437f64-2d04-408c-ab43-b17f316ff833,3904
450,195.64,Pending,2025-03-11 10:11:11,f3dccf0c-01c1-40df-8ee3-ffcc81df2a44,708
451,88.11,Pending,2025-10-11 14:26:52,f60ff129-e38b-4ff1-9ba4-b6910abe8b23,712
452,45.04,Paid,2025-01-23 18:23:45,2d7c8adf-6df9-4276-88e4-3693710d1fda,6540
453,183.86,Pending,2025-07-08 20:19:43,e0bc730c-391f-416f-a823-787948899490,8141
454,78.06,Pending,2025-06-09 21:42:58,bbaf97f1-5970-4a75-b432-e4c21a6946d3,1439
455,65.51,Pending,2025-09-10 06:01:22,802be215-fcd4-4651-9ad2-dcfe42309784,3253
456,106.8,Refunded,2025-02-19 06:42:48,5fd02ad4-877d-423f-8759-00a8ee5cd842,8795
457,118.22,Paid,2025-06-08 12:05:09,78afbf48-89cc-42d7-a11b-9efa94ebca7f,6132
458,179.02,Refunded,2025-07-20 00:00:56,e803a9a8-1f00-49f3-b02b-b7526fecc2ec,7825
459,157.62,Pending,2025-11-25 04:11:47,c2839a12-00cf-4b47-adc5-12029ec424e7,4819
460,71.09,Paid,2025-06-22 11:37:08,613c8fd8-29af-40c2-9093-32585d1f6b60,4581
461,202.69,Paid,2025-03-22 19:35:25,c10d5053-d0cd-4053-9bd4-1a088a51d2ea,2452
462,147.53,Paid,2025-06-17 00:18:34,bebaf5e4-746a-4781-bd1f-9a9989f9430c,3612
463,115.27,Refunded,2025-02-13 01:40:48,632d4d14-85ac-43cb-9754-9678ac3b5879,5017
464,141.19,Refunded,2025-03-26 03:08:03,8d9401ad-5248-431b-9f5c-89078838c862,6690
465,200.52,Pending,2025-07-25 09:56:37,fc188a44-e945-4188-bced-f7469750a908,1032
466,206.46,Pending,2025-05-02 23:14:25,e815fa4b-321c-4e72-ab29-4c044eb6d3a7,9164
467,87.18,Paid,2025-08-19 14:18:16,e2b44335-79d3-4f65-80de-919b633a5d50,5474
468,74.04,Paid,2025-08-12 17:44:08,8719afd2-a16e-4d70-8fff-a889d7e626e7,3045
469,204.05,Refunded,2025-09-09 09:00:20,eb9628bb-c831-476e-aa78-c1c02fbd8823,4768
470,130.53,Pending,2025-07-14 00:23:36,8200b858-d02a-4e34-9e97-ad2db9539767,8810
471,102.76,Refunded,2025-10-21 05:18:50,c9bea7bf-61d4-452c-a658-80da24c5ed77,7744
472,127.76,Refunded,2025-01-24 11:45:11,17fbff9f-8906-4bf7-8d3f-6b3a1a446297,4410
473,187.99,Refunded,2025-02-15 15:47:12,06a7ffaf-3802-4ca4-b5d1-21008588797b,1393
474,115.08,Paid,2025-08-12 23:17:06,e74cd901-dd0d-45e2-86a1-a2e13136e93a,3173
475,143.05,Refunded,2025-03-13 20:02:25,f02e955e-29df-4384-88a3-ed0ef8393317,7588
476,165.77,Pending,2025-10-17 18:38:27,3b3bec47-d791-449d-8d30-f92f6c5287a8,7980
477,94.3,Refunded,2025-02-20 22:40:52,7fa0cb77-42a3-4dca-855c-21b0c65c396d,1986
478,87.03,Pending,2025-08-25 06:20:46,65a7ea41-45a4-4b21-8df1-697c9585fc17,2209
479,178.0,Refunded,2025-11-10 09:45:23,e6e202eb-eb35-4a31-b64a-e245c53fd7b1,390
480,158.61,Refunded,2025-10-26 21:37:38,8584a39f-0512-45de-84ef-6fab9fdf2b40,9710
481,68.95,Paid,2025-05-16 04:45:17,a73ea26b-916a-437a-a705-c212db6542cc,3473
482,33.98,Paid,2025-02-06 16:54:28,c6b11697-b4c9-4305-a6d2-9be6233e25aa,2822
483,161.93,Pending,2025-01-08 01:04:19,82111689-219a-4732-87a2-8a7c5f22bc22,8800
484,68.45,Pending,2025-07-10 20:50:50,c196db41-5a37-4cf8-9344-fc5f28a7bfa8,3992
485,72.47,Paid,2025-07-04 09:06:21,15f2792d-c87b-480c-b10b-55b3966a5615,5559
486,135.17,Paid,2025-09-13 12:13:50,7efeec0b-f0d6-4ec3-9e1f-795446eb9642,9383
487,147.2,Paid,2025-07-08 23:16:07,f113dd8e-9b26-4d10-bd2a-9b99b635a58e,9929
488,209.17,Pending,2025-01-26 10:01:38,82b0ab6d-a731-44a6-8c04-70ed30a7bfff,3313
489,120.09,Refunded,2025-08-17 17:41:28,fbbcbc90-e474-41f8-af31-3368f99d923b,644
490,59.11,Pending,2025-03-27 13:44:18,9493f966-48c5-4ea6-9388-5f8e6df85d0b,2407
491,183.79,Paid,2025-02-23 07:14:48,b3438989-e830-4515-b927-e23555b37244,9159
492,131.4,Refunded,2025-05-22 20:01:49,0a6ab2ec-6f63-42e6-bbd8-98cf411f675b,1731
493,58.6,Refunded,2025-03-26 15:16:14,4c4f12b9-bc2a-42d6-a7c9-7d0350e9c13a,3868
494,112.43,Paid,2025-02-21 02:52:53,0e5372af-dd9a-4dbd-8b0b-a17c6573f1a9,9078
495,175.14,Refunded,2025-09-04 14:09:17,0864e725-dcd6-47e7-a0c5-4b62519d5df3,4541
496,109.38,Refunded,2025-09-12 15:48:47,65b3f6f1-5cc9-469b-93b1-016e38115bba,9884
497,181.45,Paid,2025-07-25 02:21:46,0d49292e-b19b-4f04-8231-1911adb11233,1019
498,146.03,Paid,2025-11-01 12:09:37,71f7eb54-b80d-41e2-8063-874b8af2694d,1728
499,167.06,Paid,2025-10-27 18:09:33,9995ebfd-d824-42fa-93a1-4cf0cf4c4a9b,4319
500,198.9,Refunded,2025-01-07 19:39:35,1d441fdd-5ef7-4b67-8f7c-95f90278339a,3001
501,193.54,Refunded,2025-11-01 16:10:24,00746e24-f63a-43cc-90e0-c0c0ede1fcff,2240
502,94.35,Refunded,2025-07-27 21:52:03,22f00cda-3a3b-4bd6-a502-a98dbebcdbe4,563
503,23.11,Refunded,2025-11-01 23:08:07,8c2f9f64-c24f-40ec-9e11-1ca8c4137754,9299
504,197.34,Paid,2025-02-25 09:50:48,e3de026e-ccb9-46de-bc76-36358559882a,5478
505,41.83,Paid,2025-08-30 11:58:44,b9f64f22-41a1-4055-a450-0803edf6574f,4495
506,61.95,Pending,2025-01-14 20:02:24,27dda84c-75cb-4489-9409-b29114561a2c,7695
507,126.85,Refunded,2025-11-22 01:18:09,c12d6250-d819-4cb8-ba35-ed5ddd6315e7,8977
508,171.19,Pending,2025-10-19 08:54:19,e4377004-ca3d-4a59-bb98-34e81d05e0f5,9227
509,56.48,Refunded,2025-01-16 12:59:13,31e292f8-b4f8-4865-b40a-2dc3dbb555d7,8814
510,120.21,Pending,2025-09-01 18:43:38,2ee67dc2-29bf-44bf-94eb-125ea027534a,9226
511,173.67,Paid,2025-03-30 08:41:20,cf3e8cca-9ae3-4a45-b146-97025e729de2,3579
512,129.79,Paid,2025-10-10 07:29:51,97166a55-8404-44a5-916d-06056036b39f,9784
513,202.01,Refunded,2025-03-28 15:48:23,827ad521-59a7-47ef-b884-b3f264f66421,9057
514,190.12,Paid,2025-08-24 01:00:36,b413e889-4fe9-4d2f-a70a-d269e0e258ef,7543
515,131.85,Refunded,2025-08-01 14:43:51,b1656198-9b5c-489f-8e94-e1f3a72a2d17,2201
516,142.25,Paid,2025-05-30 13:00:51,7ab03db1-f54f-441e-9936-eacac0101a9a,8472
517,192.85,Refunded,2025-10-13 09:31:04,59a62528-4a4b-4934-9f56-b76627d6eabf,3493
518,92.93,Refunded,2025-04-28 06:11:57,691bd0be-a47b-4e71-888f-58f850f43db2,1143
519,74.2,Refunded,2025-05-28 08:08:12,fe11a692-5ac1-4e83-b6d0-102b40ff9c5a,2596
520,163.39,Pending,2025-10-28 04:15:29,81680212-9a1c-4879-a256-ebe755fb34b8,4294
521,47.1,Paid,2025-07-04 11:20:45,5e91a498-3b82-498d-8bc8-38f8fa80252b,874
522,137.2,Paid,2025-09-30 13:41:46,9c3bf86b-14b1-42b0-b638-cc337db5c9bf,2105
523,40.37,Paid,2025-04-06 01:39:05,fa549e26-c704-4bce-9cd7-d2e9f0108404,9937
524,21.04,Paid,2025-11-02 14:20:55,f5755279-bcab-49de-a021-bb87f89f08c4,3399
525,47.04,Paid,2025-07-16 19:54:30,3052cdf9-0f9d-4a8b-b04c-b02bb357e753,8592
526,116.08,Paid,2025-10-31 02:17:56,b4b9f5e8-ae5a-47ed-98fb-0341c52ce10b,9359
527,57.86,Refunded,2025-04-22 07:30:10,fe2ef128-b165-471b-bdf1-03fd2423175f,7876
528,118.41,Paid,2025-05-31 01:52:43,9489d31c-d3ed-44dc-9c2c-87ef37be6690,2775
529,140.34,Refunded,2025-11-19 15:36:49,932586db-75f7-418b-8bd4-0e9a5cf80725,6706
530,170.49,Refunded,2025-06-02 00:45:29,c3adef98-cea1-4f8b-8f8a-9140e0e709ee,6690
531,20.75,Paid,2025-10-04 18:36:49,86db5e8c-a187-4934-9833-0fcd31f6a290,8022
532,171.35,Refunded,2025-09-21 10:04:03,3cc5449b-5ed1-46f5-9565-6653e8c8d307,5929
533,113.62,Pending,2025-04-20 02:33:47,acb45a4d-fd68-4659-892a-f83829230f4a,391
534,39.46,Paid,2025-10-31 00:38:05,0e3f6796-3ad6-4777-aa73-46f14e63f425,4631
535,80.05,Paid,2025-06-24 22:57:00,02b4c811-ab9a-43d5-b65d-2758c2ca3991,9527
536,44.97,Pending,2025-07-18 15:51:22,5061d1dd-5307-4b61-8ea3-7dd4cee6fd6b,5271
537,209.04,Paid,2025-05-27 09:51:57,e4b24372-e4bf-468c-84e2-f1bbac1e1cb5,5235
538,93.89,Pending,2025-08-05 18:33:01,98d36a9f-499d-4921-9510-6103875089c3,4908
539,103.79,Pending,2025-06-04 15:40:35,403a607d-b412-4135-bd80-ba669b3b7499,3067
540,108.19,Paid,2025-03-25 08:31:28,286a1a73-378d-40e5-b7b6-581e9212f8e6,4634
541,45.6,Refunded,2025-05-08 15:51:18,5e57ce4b-a34c-4d5a-9542-cb57be4c5dfd,1728
542,155.75,Refunded,2025-05-23 23:51:15,9e65e7ce-56b7-4c3e-9cba-5f09661d6ac4,2764
543,69.77,Paid,2025-05-07 15:02:52,5c9957bc-f557-432a-94ae-2801187c69f5,6138
544,106.51,Refunded,2025-08-26 01:22:35,2c789951-7cbc-4a21-953c-f4e4d918aeea,4065
545,34.44,Pending,2025-11-11 02:15:16,de863734-c9eb-4649-8354-2dd6d199ef61,3623
546,88.2,Pending,2025-09-25 05:54:52,350e1146-a029-4cee-977d-f4ffac85f34d,4846
547,163.52,Refunded,2025-10-15 18:21:12,255f2770-ecfb-4ef6-a244-836f2354c277,8811
548,165.6,Refunded,2025-04-10 22:47:34,3087aba6-2750-46f1-929d-bc8bb41a5160,6028
549,205.38,Refunded,2025-01-01 17:18:07,97f92b37-76c2-463e-901d-2a68465c2127,4783
550,198.47,Refunded,2025-06-29 06:16:16,a363f2cf-bf45-4168-b24a-b01e176da89d,2652
551,92.41,Pending,2025-06-27 01:56:11,279d679e-070f-4095-83ec-c0b93abab20c,3767
552,165.35,Paid,2025-11-02 15:33:11,eecbac22-9fd1-4217-9c20-4fee1fde8675,8271
553,52.95,Refunded,2025-11-01 03:31:41,fa76e2b6-a094-41b8-92e7-34244f6f61a9,9495
554,55.27,Pending,2025-10-07 18:20:43,75006caa-a485-48b5-adb0-395ab0e7b04b,6235
555,103.8,Pending,2025-11-17 11:16:52,b5347242-e090-45e7-9861-09da5df73f30,7468
556,208.35,Pending,2025-09-04 17:24:01,3ee0a9b3-a3cd-495a-96d5-5c37692e3c43,947
557,122.38,Refunded,2025-02-17 05:06:08,a1152a4c-31fd-460d-89d5-4593dc415185,8564
558,118.43,Refunded,2025-03-10 18:32:55,a4bd7dc9-50f3-4fd3-844b-ac0e337f8485,1881
559,112.91,Pending,2025-10-18 04:57:39,e4abfa2e-5f07-4171-845d-0dd06cd42c26,9917
560,136.13,Refunded,2025-09-11 03:01:01,2787f562-b45e-4306-b61e-996d8adaee37,7410
561,120.5,Pending,2025-11-17 13:18:28,43e97758-2892-47a5-b804-2ba11ddbb6a0,7020
562,131.23,Pending,2025-05-04 11:10:48,f6134e9b-0fd5-4990-8a76-b825d66c826d,7898
563,138.11,Paid,2025-06-20 06:37:58,92ddb54b-24f5-410a-bae2-0f956e0e822c,925
564,120.42,Paid,2025-06-01 00:11:19,7fd5d0f7-5ed4-4bb6-bdf7-5279eff0606f,8054
565,145.27,Pending,2025-06-14 16:00:47,f7373b7d-e3f8-4459-bc6b-b2c1241dfad3,7984
566,81.88,Pending,2025-01-03 17:46:41,ff362e61-7b71-4722-97b0-00da799c2a8f,3399
567,42.88,Refunded,2025-02-21 03:25:39,7ca8598d-d983-47bc-829a-175e8d9d663b,5256
568,137.68,Paid,2025-02-25 20:57:42,5d3a2474-a909-45ac-b7f9-ca692a24c989,6173
569,58.06,Refunded,2025-05-19 22:40:59,893877b4-ef05-45d0-a4d1-dad093469cc7,9100
570,158.51,Pending,2025-09-12 03:34:13,49aee264-dc17-4353-af53-bd6a3c050ee9,9057
571,198.13,Pending,2025-05-22 09:36:43,cf1bd2aa-48e2-495d-8b88-48b90ed4ff40,195
572,203.62,Paid,2025-05-02 11:00:10,0ed33469-9c2b-44b8-9888-7e4922e9668b,2601
573,63.83,Refunded,2025-07-29 18:53:59,8927d86a-7970-483a-aa6d-fab86d5e2b8c,8345
574,101.46,Refunded,2025-10-18 21:01:05,01914f73-14a8-4499-aa9c-6c7fe4fb45b8,4761
575,111.18,Pending,2025-06-25 19:18:26,e23777e7-c6e3-4d06-94c3-11b9149571a0,1380
576,122.06,Refunded,2025-04-02 22:24:55,ab95eeeb-8461-4b51-8513-0b8efe0a5d0e,108
577,154.48,Paid,2025-10-27 16:40:43,8bdb227c-fbfd-4c34-90f8-38735fc0ab12,5571
578,105.27,Paid,2025-04-23 21:08:41,021b287a-95d8-40b6-99f9-b5932d5391d1,9338
579,31.49,Paid,2025-06-01 02:55:15,dc9fcaab-212a-401b-b3e5-a4e0fdcc42cd,8546
580,55.54,Paid,2025-09-03 18:40:43,9fa56412-a343-40a3-b5c5-3167b2791b95,5497
581,109.09,Refunded,2025-10-29 13:56:40,187d494a-c69b-4151-a05d-83136751d15a,3114
582,186.56,Pending,2025-01-01 16:58:42,95aa675c-a3e7-4317-bac2-22af9505073f,8759
583,194.44,Pending,2025-11-08 07:02:12,ff06826d-2c5d-4614-81ef-c322660be339,7476
584,174.5,Pending,2025-11-02 20:21:11,06daa8a0-42a1-4be1-a117-3b4409f12131,5878
585,153.65,Pending,2025-11-04 23:10:29,617f67a6-9b59-42f3-bd27-156344dfed94,204
586,207.88,Refunded,2025-02-14 18:39:38,adc68ba3-47e0-42c5-86d6-73b339b9ec81,4834
587,198.42,Paid,2025-03-25 13:03:29,f276ee01-f91b-4d90-bcdd-e3ba1c577cc5,5039
588,25.32,Paid,2025-05-25 13:49:43,501bed9f-4dd1-487d-9e02-b3db89409a37,5167
589,156.43,Paid,2025-04-07 04:34:19,20d50268-8162-4a7a-89d6-674f810f448d,5628
590,111.69,Pending,2025-06-17 14:34:52,e121473c-e369-4ec8-acc6-6224152fe0b5,3633
591,153.25,Paid,2025-07-27 13:39:01,5c8f30f4-7341-4f5d-9d61-dc9b60e58eea,6852
592,55.18,Refunded,2025-04-29 22:01:09,dd9f46fa-22dd-46e1-bc20-5ee314612bfe,8443
593,194.7,Pending,2025-07-25 03:36:46,6290fcf2-d17d-4319-b35a-5c8b1fc5c173,5603
594,198.03,Refunded,2025-02-19 00:03:36,fb97b250-56b8-453b-a106-acea152450fb,5143
595,30.5,Paid,2025-10-19 16:39:33,e4ea18bd-e53d-4664-8488-782ebfcf4e48,8649
596,51.59,Refunded,2025-02-26 06:00:21,fd492217-e8b9-4bb1-9fe8-1b5cc0eac1a3,7687
597,60.39,Refunded,2025-01-22 19:47:44,299e9dce-32ea-4850-aea7-0e4f55718694,9460
598,194.0,Paid,2025-02-14 11:55:12,64042639-ce62-4c70-82a4-14dddef57b30,1491
599,95.17,Pending,2025-05-18 09:36:53,cb321f43-6983-45c8-9fdd-d5eebf8729ee,2238
600,47.17,Refunded,2025-07-12 20:25:07,358ff9b3-32b6-42bf-a962-f2f4e1593fbd,2401
601,79.07,Refunded,2025-08-04 21:38:39,3bafcaed-25f7-4d60-936f-7fcba16d7ae3,8525
602,100.61,Paid,2025-04-12 07:29:54,1ce5f4f7-064c-4a56-b08b-a08ed84f2b14,6885
603,207.53,Pending,2025-09-08 14:10:43,cbf946f3-9f8d-4372-ad3b-d71cbe5c8c19,5580
604,152.96,Paid,2025-01-28 01:43:56,20c1f8ff-953e-4134-89c7-449a37a242bb,8669
605,106.06,Pending,2025-04-08 12:01:08,8334b554-6d19-42ad-a38c-6034b48944d0,4450
606,129.28,Pending,2025-07-28 12:41:35,ff9d6311-1be6-4179-a8f4-b74847a01a28,1327
607,193.14,Refunded,2025-10-07 23:17:06,8dc55650-6d5c-4513-8826-3cb6e7086636,1686
608,108.23,Refunded,2025-02-23 17:17:24,bb159579-af15-4975-ae4e-57955c17304e,9203
609,185.47,Refunded,2025-07-19 05:24:50,6f49009e-c2a4-4b8d-8cf2-1a5a43065b43,8792
610,73.97,Refunded,2025-07-18 23:45:25,8cc21978-7c52-470c-82c8-be048a9258bf,3635
611,108.17,Refunded,2025-04-24 21:25:40,7713fca4-0311-4a0f-8039-55e2bad2f711,2952
612,202.57,Refunded,2025-04-07 23:04:39,dddec6af-9556-4763-bc09-17e6dce81516,6166
613,175.83,Pending,2025-05-18 06:53:04,88754d99-cb88-42e0-a158-5310204f8187,998
614,175.61,Paid,2025-05-10 04:45:55,7bcc30ff-4361-4b49-a946-2d7e35d09ba0,2154
615,26.33,Paid,2025-03-12 14:50:36,351411ff-597a-4c23-96b5-78ff8280c308,3408
616,34.37,Paid,2025-09-15 00:02:57,2b1ee596-3d2a-4c58-bad8-341718e23f74,7262
617,82.19,Paid,2025-04-29 08:53:24,a6288b65-1954-462b-ac67-6312654773a4,6447
618,144.05,Refunded,2025-06-01 06:43:57,cb6618f6-0457-410f-af05-458555a8ed0f,9410
619,89.02,Pending,2025-10-28 00:56:54,efd57021-07cb-4670-80e7-5e4451c6f431,5662
620,160.45,Paid,2025-03-09 22:11:43,18100aca-78a7-48df-87c3-4471d6721463,3740
621,31.27,Pending,2025-02-16 22:26:46,95042afc-6f13-4a1e-a071-8270189cadda,9032
622,146.2,Pending,2025-07-26 22:45:54,19f98698-4d0b-4f11-99b7-d91462b999f8,3245
623,165.32,Pending,2025-06-25 08:19:36,bc048962-1a1c-49e8-93c8-553f62d587b3,1141
624,124.35,Pending,2025-05-22 04:24:45,073528ba-d600-479e-bcbe-b5410acaa27c,1563
625,36.27,Refunded,2025-05-27 20:27:54,119d2457-8a0f-42b3-a80d-dcb34be2d7c7,8548
626,141.74,Refunded,2025-02-12 16:39:55,09b22646-45de-4032-877d-1cac0edc2615,2667
627,173.96,Pending,2025-04-02 02:42:55,74e248b8-4898-46fd-bfbb-0713a1b9bae9,7469
628,112.45,Paid,2025-03-03 16:30:18,189047cc-b870-461e-8c57-228139fca27a,1989
629,160.14,Paid,2025-04-28 14:14:07,c6a8be95-71d4-4d34-a6ad-334bf39f475d,6482
630,113.3,Paid,2025-04-30 13:10:41,5fc0e9b8-5461-47be-a75b-b989ceb40511,6046
631,198.3,Paid,2025-05-25 23:36:38,96454c19-2a62-4551-be7f-a7e0c7140b85,1891
632,143.39,Paid,2025-11-21 23:46:30,07af5f9a-a804-45d8-8f60-1d8ffdf9223c,7381
633,145.36,Refunded,2025-10-02 07:59:05,e78afe17-04c2-4124-9bca-9bac68a96c64,6262
634,201.13,Pending,2025-10-29 18:25:00,b72804d2-d3c1-41dd-83c5-cc1678d2fc4c,886
635,190.5,Refunded,2025-10-22 20:52:19,d7321766-2be1-4dfa-ae1c-1ab5360aa91e,5400
636,40.53,Paid,2025-07-06 08:24:21,cacf212b-815e-4cdb-92d1-c1f845851ff7,1087
637,33.77,Refunded,2025-11-18 22:15:07,51812811-4594-44ac-a964-c0bbd020dc47,9162
638,136.96,Pending,2025-10-09 13:53:15,dd266b74-0412-4cc1-a9b4-20d63f870de2,2259
639,87.37,Refunded,2025-03-04 08:17:53,ba450706-4592-4496-91a1-723128aa0bc3,5870
640,197.32,Refunded,2025-10-15 22:24:50,6097852c-b6c2-4d70-aaca-8bcacd8e6f14,926
641,200.37,Refunded,2025-05-28 17:00:53,4ce10d94-335d-4594-b31a-ae401b2f31c1,9955
642,138.85,Paid,2025-08-12 06:54:59,3c1d6775-237a-4ea6-b904-e89f2b699b3b,1090
643,194.97,Pending,2025-05-03 09:45:23,3579156f-2617-4905-9f1d-94580e089c6e,9046
644,129.06,Paid,2025-08-22 03:20:22,ebfd1673-b8d0-46d6-8d1d-18a80a651a3d,9390
645,172.87,Pending,2025-07-04 05:07:43,ce40a484-d15b-4270-83ef-43e30defe903,9851
646,159.78,Pending,2025-03-31 07:48:41,caa1c40d-ded7-49fc-97d3-248761863def,7935
647,203.96,Refunded,2025-05-05 17:54:23,85b9a4eb-e0ab-4e61-8207-e265fd68e062,9275
648,186.06,Refunded,2025-07-28 18:58:22,df88e044-41ca-4062-af8a-34bb47a29381,9267
649,205.57,Pending,2025-01-24 12:04:36,78780fdc-3005-44e5-a22d-e70471cc8d22,3444
650,199.09,Refunded,2025-09-28 19:44:20,d43b5544-39cb-45aa-a5d2-736e267e8fa3,7016
651,67.36,Pending,2025-03-03 05:37:20,c10ea5d5-7757-4456-978d-7763688ab982,4549
652,26.12,Pending,2025-07-02 00:43:43,2ea91a66-8b59-464b-ba34-c602480369fc,7717
653,22.04,Refunded,2025-03-14 17:02:22,50f27481-2b3a-437a-a9ce-433ea1646969,574
654,147.86,Refunded,2025-09-28 17:23:55,dfca937e-8b41-48a7-b34e-a4ed2f3a115c,6486
655,205.43,Pending,2025-02-05 09:58:12,9497ceb3-6337-4408-b368-8be95a77cb7b,1023
656,52.64,Pending,2025-10-01 10:15:04,0c8cc5c2-22c1-4016-ae4f-564fedb616a7,6960
657,165.13,Refunded,2025-11-24 01:31:59,e1e3f080-255f-49ce-a963-98a3c918d3c3,4997
658,79.42,Pending,2025-09-17 21:13:37,f678f83b-7b5a-43dc-9af5-56984c1c7d56,6249
659,84.17,Refunded,2025-10-23 19:13:47,2441a5d4-317d-468a-99f8-25783f46434b,216
660,180.0,Paid,2025-08-02 20:15:47,6afaf0de-4014-4428-a05e-c52f7fda9db8,992
661,180.97,Pending,2025-05-08 15:49:33,88ad9238-fc95-4ea6-af5a-8079bc82da05,1463
662,81.52,Paid,2025-06-24 03:46:51,154a2bd0-1c1d-481e-9550-2aad40258fff,1587
663,163.78,Refunded,2025-08-24 19:31:23,a500f3f5-0dac-4abb-9d37-5e557af14156,9311
664,177.5,Paid,2025-10-15 10:16:49,5efd461a-e446-4f3b-a072-86eb22d1eafd,9131
665,76.06,Refunded,2025-05-27 18:42:02,f91b5b96-3474-49d6-b13a-871cb8ad803f,4940
666,57.66,Paid,2025-03-27 08:00:08,6efea583-6d55-46c0-8984-77561236f011,9840
667,65.69,Refunded,2025-04-16 00:48:38,4268871a-3c1a-4940-9197-18c5af48191f,7826
668,147.5,Pending,2025-08-25 21:18:42,c32c5c74-f23f-4e93-86e3-e756fa64d54d,1047
669,172.19,Paid,2025-11-13 08:53:18,336cb440-8853-4167-974b-576a3f5c3265,6799
670,110.29,Pending,2025-04-22 11:18:18,d38fff40-f6c0-48be-8d86-91a77a550f38,5300
671,206.16,Paid,2025-06-13 21:03:34,5edec5c3-efa2-4f2d-9916-7796e108e4b7,3307
672,95.27,Paid,2025-04-25 23:04:51,3e24ce4b-7e38-41f5-b102-8543c3c8795e,4208
673,78.57,Refunded,2025-06-07 12:41:43,61b430e3-66ac-49db-a5d2-bd6f4c8832a9,2102
674,45.06,Paid,2025-06-08 07:46:22,4ffd6d3e-0060-4b63-b173-920332435653,7851
675,28.83,Refunded,2025-09-19 02:06:45,eab49ccd-b4eb-491e-b37b-72dfe758f97d,559
676,159.31,Pending,2025-03-10 05:21:31,9c1f0771-402a-4145-9860-f23bed403580,6189
677,70.31,Refunded,2025-10-06 23:21:05,5bffb2b5-f3c4-456b-8f59-acea8f8058a4,569
678,192.76,Paid,2025-07-12 02:02:44,56e7eff3-0992-489e-9a3c-4412bd1ff9df,9430
679,44.81,Pending,2025-10-01 21:39:05,9cc240ed-9bbd-486a-9428-b40516e62ce3,2459
680,169.07,Pending,2025-11-18 15:46:30,7dcf43bc-4602-4259-a01a-545c5e56315b,5471
681,111.38,Refunded,2025-01-01 10:17:02,6561d163-df2e-49e2-bb67-5d0cc7cfaa2d,5977
682,48.66,Pending,2025-08-03 09:47:41,1e024573-900e-41d2-b2ca-cad9ef968048,4556
683,176.77,Paid,2025-02-19 13:40:46,486dc4f0-d77d-4b85-b258-934df9d29479,2268
684,75.18,Paid,2025-09-21 20:24:36,02e82d66-d84a-48a2-b0ba-443f313401b5,5851
685,147.52,Paid,2025-06-09 07:57:06,b492011c-c3d2-40bb-9d57-7bbe84df874e,6563
686,103.79,Paid,2025-07-10 00:04:07,4cea57e3-645c-487f-a546-fcccb1e27990,388
687,60.65,Paid,2025-11-09 12:53:27,bdc656e9-1df9-424f-afbf-c039b8a9e68d,448
688,102.02,Paid,2025-11-17 12:56:06,144b0669-08e1-49a2-bcbd-dea2359ba0a1,3969
689,209.66,Refunded,2025-09-26 10:35:01,3d9f540c-5895-4936-a39a-8f1420591088,827
690,106.61,Paid,2025-10-05 10:12:49,8b2afa92-78f8-4392-8a71-d068eb66f114,853
691,159.55,Paid,2025-10-24 12:28:08,8a88ea3a-d9b3-43ad-b7ec-cd5895f467c5,9368
692,85.92,Pending,2025-10-09 14:27:58,d5a54806-d1a2-49ac-8dfc-ce37ce83d068,3841
693,31.21,Refunded,2025-05-09 09:07:18,958c5505-a577-49f7-85d3-38dee8719648,5739
694,151.51,Refunded,2025-06-07 12:33:55,163eb488-8617-4a08-9c26-d8bc9e0082c5,7639
695,184.63,Paid,2025-07-05 13:38:17,fc297740-4902-4d50-bf0d-5fc055233366,3473
696,163.44,Paid,2025-03-16 08:57:00,3a74deae-45b0-42bc-9087-9d577f8bc22c,972
697,87.21,Refunded,2025-05-07 09:18:01,f48a0ada-ac21-49f2-8a27-eec7a9e4ccd2,2077
698,58.36,Pending,2025-06-30 06:41:30,90ce4e3d-faa7-46ff-99f5-d265ffae6022,6969
699,174.08,Paid,2025-04-21 18:17:39,f0e97645-1836-467c-9a31-6b5849ebe962,9434
700,123.11,Paid,2025-07-14 03:55:33,716bb23a-9db7-4fd6-84b9-ddfec64b7bcc,5007
701,62.74,Paid,2025-03-21 10:57:33,5a064dac-ec47-40ac-ae0b-855c164e0590,3879
702,81.37,Pending,2025-04-03 23:36:11,84a2d7ca-36c2-4da3-b71d-a836cfb887a2,639
703,35.46,Refunded,2025-08-01 09:06:26,37c3139a-561c-4715-b043-d02ebc03f342,5990
704,33.46,Refunded,2025-01-08 17:09:01,fa57c76e-040b-473f-8774-57ad90f722d1,5344
705,104.6,Paid,2025-03-30 14:11:47,f2e2d26c-73b0-4288-88bf-9e9d878b7baf,3645
706,104.75,Pending,2025-10-14 14:45:45,649be568-b43d-4ef6-aee7-8a09d5456fb8,6292
707,96.14,Paid,2025-09-27 00:04:27,1a20b26f-75c1-4f96-8688-027775a0f97d,3265
708,152.49,Paid,2025-03-19 03:27:14,3605b2c8-e2f3-45df-af1f-2f4561053bfa,510
709,71.78,Pending,2025-05-15 18:26:49,609495cf-ba72-4e05-8964-61612e7db20d,1373
710,156.15,Refunded,2025-02-07 20:34:39,9a968297-d0f0-4fcf-b2bf-441b4e257c5e,9389
711,61.24,Pending,2025-06-04 15:34:12,98542584-8d49-4e79-a972-642f224b5f88,6215
712,33.78,Paid,2025-05-21 00:01:40,bf1fee6e-33be-4068-a86c-39ce2c174477,7833
713,171.09,Pending,2025-05-12 03:21:06,9ea196ad-90cd-4557-b52f-ef459b32e6af,1529
714,79.43,Refunded,2025-09-26 23:47:29,07187fc4-0c4b-47e4-9800-83c156028e12,6463
715,96.64,Paid,2025-04-29 05:25:33,d1ef3b00-b7b2-43b3-b860-960e00eb94ec,1390
716,95.02,Refunded,2025-10-05 12:31:52,e411c6fc-7f90-487b-bf39-773ae61461b6,8662
717,181.61,Pending,2025-03-12 23:08:03,1369c347-81e3-47cc-9ced-704d47149ab3,2140
718,116.54,Pending,2025-01-28 01:47:28,c97f81de-a43f-4282-a1e5-f48cc8b18b35,5179
719,181.53,Paid,2025-05-02 08:35:12,97a66549-4a4e-46a8-9020-74751b652136,6037
720,168.03,Refunded,2025-04-30 01:49:57,9a2e2de6-8e69-44c2-a86a-39a5f32197d6,1851
721,197.63,Refunded,2025-01-22 07:29:06,b2648707-4f56-47c7-9587-825afdc29293,1512
722,97.58,Refunded,2025-01-19 03:37:42,daeeaa2e-42e3-49c0-8be9-4f0b5bdf1bf7,4759
723,195.03,Pending,2025-09-02 21:42:11,a6fc6304-fa6a-493c-9093-86a3a4d60bc3,5323
724,104.7,Refunded,2025-09-14 15:34:16,16128a74-779c-40b2-8673-5cbab178fe72,1441
725,107.27,Paid,2025-08-23 15:09:44,b89d2dbf-688f-47f1-8b34-22d831157928,5158
726,44.93,Paid,2025-05-14 11:43:49,1f89e50f-3be4-49f8-8077-e854a0f54c46,2488
727,173.89,Refunded,2025-08-14 20:30:32,01eee663-b1e0-42fc-9c41-88da882eaf85,4562
728,135.08,Pending,2025-09-11 12:10:20,2c6869ea-fb15-4a72-92ea-8899fc5e9b45,9882
729,185.63,Paid,2025-11-10 07:24:53,5034bf50-8588-423a-9750-b0acea4149c8,9848
730,140.19,Refunded,2025-07-04 05:32:37,bcd3d26c-1a43-42d2-8f30-214b2b28ff17,7957
731,70.43,Refunded,2025-10-06 04:35:59,64cadd79-6dfd-4afb-a7d5-d05e69b6d65a,423
732,134.89,Refunded,2025-04-25 09:48:29,b71d838b-30e6-4b7d-8439-14b5d3deb545,3117
733,77.9,Refunded,2025-11-14 18:48:36,ecefba2d-7c81-4bc3-82be-7dbe698c334c,1699
734,150.75,Pending,2025-07-22 11:23:45,73c31a0a-1544-4f48-a948-9da4aec25f21,9597
735,207.97,Paid,2025-01-06 08:15:29,ab0e25dd-2336-40ce-b83f-8ce066e1dc5d,6447
736,164.51,Paid,2025-01-24 17:18:20,e89f71d5-db85-4362-afa9-d09a6be2da30,6720
737,120.83,Refunded,2025-01-17 02:04:28,1186ed47-5ec8-4a9a-97f0-0024a5e2944a,1692
738,88.28,Pending,2025-03-28 05:13:45,c9cc225f-56da-4572-957b-aca6cd07aa2f,4976
739,86.11,Refunded,2025-03-04 05:06:29,8b46daa4-2366-4088-86f1-d6eda16c9cff,6472
740,166.94,Refunded,2025-02-28 19:25:38,155151d5-24df-4ab1-a175-5db4b50026b8,5847
741,199.07,Pending,2025-09-21 10:02:01,931e6da2-63ef-43bb-9675-5a7fd286fdb6,4682
742,81.03,Paid,2025-07-26 04:27:21,70ed6882-9afc-4ca4-b6f6-5243f67bd4d6,4928
743,90.89,Pending,2025-03-18 17:21:37,f71d5c48-d885-4a12-bfbc-09ff2eee86e6,5123
744,73.94,Paid,2025-11-22 16:01:10,f608820d-bcce-419b-b7cd-652c5838fa2a,2070
745,55.39,Paid,2025-03-17 02:11:38,85894b11-2dc1-49b6-80f5-fc267dfd46b8,2732
746,113.57,Pending,2025-06-20 00:06:18,ea23c252-7804-4165-98e6-ab97bc35f2e1,8578
747,86.61,Refunded,2025-04-08 10:01:00,8ababb2e-fc9a-49d8-911b-aea9d21a5b2f,3123
748,190.44,Refunded,2025-07-31 18:41:01,d6fbedf0-9e83-4c6d-99a5-6404428b2af9,4355
749,142.33,Refunded,2025-09-23 03:42:33,b693f99f-9b75-428f-8aef-ed866a4c1488,2718
750,167.94,Pending,2025-07-26 14:39:52,ddef4ba6-00a6-414a-bf1d-b0c1ff16bf65,9445
751,182.07,Paid,2025-09-06 00:18:29,795ebd3c-270b-4db3-a1f7-d8deae459a6d,3095
752,140.23,Paid,2025-04-03 06:22:28,b9486dd4-616f-4b7b-a2b3-d536487835e7,8298
753,195.8,Paid,2025-09-17 08:09:06,79ccad23-0019-40dc-9c66-670e0b7011e9,8597
754,119.62,Paid,2025-08-11 02:59:48,d79b1411-0c21-4b2d-a506-9e460967d5fb,3146
755,204.08,Refunded,2025-08-12 02:10:06,081e4d8f-7146-437d-9953-4cfc0f9b61ee,9071
756,167.9,Pending,2025-07-02 13:28:03,2d704134-5cd1-462a-80c0-011ad2b7fd1e,3588
757,29.96,Pending,2025-11-01 12:33:55,4aaaa376-895c-45be-a005-557811a22d74,3354
758,69.75,Pending,2025-05-12 00:13:48,f768d5f8-7c8c-4e6a-ace6-c56b1a86c02f,6229
759,115.34,Pending,2025-02-12 19:05:43,f2f9c0c4-1195-44c7-a8f9-1bf3f4fa8bef,1391
760,150.38,Refunded,2025-06-16 01:19:26,81988402-df7c-4d5e-aea2-6a6bc5aa11fb,4495
761,69.15,Refunded,2025-02-09 21:53:21,79b2921f-a7a1-4ebc-bd3e-9394e6ab613c,5268
762,93.28,Refunded,2025-01-19 09:50:19,406f3830-e0ce-413f-ba97-341e89048d48,9209
763,83.96,Paid,2025-10-08 23:39:44,6da266c1-1985-4655-a937-6cc6c3037df3,5043
764,150.43,Pending,2025-03-14 08:07:59,4a561256-2dbb-41bb-a713-c7e293f47759,6651
765,178.49,Refunded,2025-06-01 08:02:59,666dc3a5-b29f-40e3-90a2-80ff54ce5b34,3912
766,22.43,Refunded,2025-05-08 03:56:26,482651a7-c290-4e1c-93d6-09f43d44e4ae,5963
767,144.23,Pending,2025-01-22 13:29:37,857958e8-2909-4685-b4e9-72ba64e06d02,411
768,87.12,Refunded,2025-02-27 22:15:39,610040aa-6d72-4748-9128-0a80678667f0,6980
769,28.32,Paid,2025-02-21 16:19:24,7c8ce9c9-2055-4689-88e6-0ec4d3010c1b,9476
770,165.73,Pending,2025-04-13 16:45:03,c9bef90f-c4e1-4d6e-9a44-646b38bd347f,747
771,178.23,Pending,2025-07-23 10:51:52,359fb776-c7aa-43f7-bbe4-d15275e33053,5957
772,155.9,Refunded,2025-11-21 00:03:34,fe90a4ec-c6be-4391-b9bb-4a2703a2b194,122
773,127.21,Paid,2025-07-06 03:22:42,d77ae887-bbcf-4d01-8eb9-d9276c21a93d,2719
774,27.49,Paid,2025-09-07 11:26:33,4938f5d2-7a9b-4a61-9e28-9a010fffe854,9551
775,175.67,Refunded,2025-01-15 19:22:34,c4dd270f-2d02-4852-869a-3218df0fb561,6293
776,55.07,Pending,2025-10-06 02:31:20,37fe5b01-470a-4929-b3cf-edd256c7ec68,2993
777,180.01,Refunded,2025-06-18 17:16:04,f82a47ae-adc3-4bc1-af05-a223f61c38e6,8118
778,163.48,Refunded,2025-05-31 06:22:45,175b3ee8-9cda-411a-bfb0-9844e344b1a0,9707
779,135.18,Pending,2025-07-02 01:45:59,c64ec370-913b-41d7-a724-b39d51e41bfe,9279
780,47.4,Pending,2025-06-14 03:14:49,d12de449-dc16-45de-970e-44ad811ed02a,4484
781,93.47,Refunded,2025-04-01 15:59:39,cc2d7264-e1b3-46ba-8df9-2cc34f16aad6,5394
782,64.09,Refunded,2025-06-02 21:08:34,c43afa0e-0bcb-41cc-9789-97b597f63908,7037
783,71.44,Pending,2025-05-18 13:17:53,58043630-8ed4-4605-9ceb-ed573f3959fe,1627
784,151.05,Refunded,2025-08-22 16:11:28,63cf01c9-80a7-4e13-b49f-2fc5de17c00f,111
785,62.6,Pending,2025-03-15 07:59:31,bab873c8-7df8-4158-b6e2-398737eac22a,5668
786,163.14,Refunded,2025-05-09 15:38:07,7a2eb178-97f5-4b56-a1f5-d8613cd851c4,4700
787,100.32,Pending,2025-04-14 12:44:12,466855c9-816c-4f84-b09f-dd7b3fb1e9f9,2774
788,50.37,Paid,2025-02-08 02:18:43,dcfd320e-e6b8-4cd6-896c-095064390b1e,7207
789,174.51,Refunded,2025-06-16 03:17:44,def5c3b8-b180-4b4f-a086-9df7a2b4fd69,634
790,196.26,Refunded,2025-03-06 21:16:15,afb2a827-4dbf-4f6a-a95e-97182f7185c5,761
791,81.59,Refunded,2025-09-10 16:38:14,85f46f0f-4c95-4937-92f1-61eea03ab69d,1565
792,175.12,Pending,2025-10-29 13:09:42,7ba5ca29-9b37-4c97-8190-77aa2f218717,9545
793,34.25,Pending,2025-08-19 03:57:29,9d7fec61-f803-406d-951d-cb2b293da6fc,9581
794,124.3,Paid,2025-09-14 10:06:53,ef26175e-dc9c-497d-a1af-978f13c3aebd,434
795,82.66,Paid,2025-01-26 12:07:26,8c139497-541b-4f23-9d15-cb0096dbadb7,7901
796,48.16,Pending,2025-04-25 02:11:59,27d38439-4fa9-4d16-a391-f9a28b3a2a78,8224
797,78.79,Paid,2025-08-02 12:28:24,dba28c53-2f4a-453e-9a34-16bedba90dda,7434
798,142.56,Refunded,2025-08-17 08:26:59,d829507f-3465-463b-bfc7-7f5c5833275f,3006
799,100.64,Refunded,2025-05-03 16:24:12,560234a3-412b-4d5a-bc75-4e1adc2f3a86,5409
800,21.48,Pending,2025-11-12 13:02:15,1627a1f9-1f10-47c9-8fd7-6c6b049d3b64,2914
801,72.26,Paid,2025-09-26 23:39:28,5565c22f-6e15-432f-9a41-a5e43eb1a7b4,4067
802,68.87,Refunded,2025-08-14 05:09:12,8572c38e-cd18-4811-9826-c61b846f7470,7604
803,55.21,Paid,2025-06-17 15:19:00,e150679d-8216-4929-b06f-fcd71042e30a,4103
804,62.39,Pending,2025-02-16 15:17:50,9e69b3a1-0605-4c29-b57d-683dd2306532,7463
805,63.99,Paid,2025-01-20 19:03:26,f5c068d6-8815-494b-a85c-851413fe1ced,2430
806,38.42,Paid,2025-05-03 10:25:42,e1fef06a-2b53-48b2-9738-02789498d267,2128
807,162.97,Paid,2025-07-09 08:57:31,f99b3069-eaf1-4da7-8ffa-ca4f570b9aac,3017
808,27.81,Paid,2025-07-21 01:52:47,f96d97b7-3e13-432e-a886-bc3abca37d96,1633
809,191.33,Pending,2025-07-19 02:03:56,b19849c3-a22b-4408-bcfc-d9054cd046f6,805
810,55.56,Refunded,2025-03-31 14:44:46,1a78d218-1da1-41a8-9022-bcefb51611cd,6380
811,163.17,Pending,2025-09-14 00:03:33,0ed3955a-24cd-4de0-83d1-a6ace3d4b30f,5932
812,143.64,Pending,2025-03-28 23:53:30,b04c931a-e04a-40b4-bb2b-e87e2d19a854,2570
813,206.56,Refunded,2025-06-12 21:19:41,1521a096-2315-4958-b53f-8431c3221291,8042
814,26.32,Paid,2025-02-18 00:59:41,eb2b8bab-5029-4ed9-8492-05a74ac05156,9489
815,138.54,Paid,2025-02-25 01:47:17,243a560f-2de6-4d62-8dbd-e8bd47ff2187,59
816,176.2,Pending,2025-03-22 01:06:27,feca947d-1867-45cb-8823-e08059fbe28a,1600
817,153.45,Paid,2025-03-11 08:15:19,337004df-2191-4f4f-a6c2-4b98d21acac1,7713
818,77.21,Pending,2025-11-19 00:42:52,ca2004c0-cbf5-448f-add3-d64bcb80f3a5,5088
819,200.13,Paid,2025-02-26 11:06:33,90fdf2b5-2ebe-4c3a-9da9-1836ed5682b2,6298
820,32.45,Paid,2025-04-03 15:27:10,f45d9c86-0ba6-47b4-90e7-6c29b8f0140f,6876
821,141.32,Pending,2025-04-28 00:10:11,0d96c7bf-c21a-4654-9f96-2f50c46d92c9,2468
822,22.6,Pending,2025-06-09 01:11:49,b5a65d71-2a6f-4190-a730-eab2acf01ad3,8157
823,172.39,Paid,2025-05-03 04:58:06,7922c743-cfa4-4356-9f2a-0b26464102de,1186
824,63.04,Pending,2025-11-15 06:22:33,8df23a76-57e7-4f8d-bb80-d3b35425f3d2,314
825,203.18,Paid,2025-06-16 22:22:59,1a4f4c32-5363-49d1-96f2-f54943049f41,9203
826,109.31,Refunded,2025-07-22 12:57:01,244be3e6-b3aa-42de-94d6-6f5947e8248e,341
827,29.33,Paid,2025-02-07 22:43:23,8f69d1db-866e-43a9-a9ca-8e48c0cac0b1,8556
828,26.64,Paid,2025-06-05 17:19:09,60b68a69-6f21-4fef-83bd-a18d69ce4b22,5457
829,48.58,Refunded,2025-05-11 07:33:07,6f0da9eb-f94f-4e35-a0e1-a7dc0ad2996f,4053
830,199.34,Refunded,2025-09-30 16:32:24,0708cfb8-e5d6-4fdc-a807-e3c8ee766695,5491
831,80.47,Pending,2025-10-17 21:18:38,557de9a7-cb88-4001-8902-c7db2d0fc34a,4431
832,53.45,Paid,2025-10-05 22:18:45,5b1f01c9-4207-4673-8cbf-386ef1cdb25c,38
833,24.1,Pending,2025-08-31 01:40:05,6c8989c0-08ab-4fcc-b31b-657bc4b4106a,4850
834,101.3,Pending,2025-06-23 21:28:58,24497c5e-58a4-456e-b16d-96d9017ae3a0,9400
835,46.73,Paid,2025-01-01 16:25:12,ffe32c58-66a3-4651-8635-d4746650b288,3624
836,61.5,Pending,2025-03-13 23:11:58,f928f485-8d84-4841-a4dc-4e200e9a1334,4974
837,121.27,Pending,2025-01-06 16:23:00,44c3f97c-0d71-4043-98a3-4c8bbef04fbd,8005
838,38.76,Refunded,2025-04-16 03:00:06,a1c3f7dd-90fa-42a8-aa34-fee215f5dcf7,8005
839,51.81,Refunded,2025-07-16 20:42:13,e9915dc0-4157-450e-afdd-f36be57bfd96,2483
840,63.07,Pending,2025-09-02 01:15:19,829c243c-e6c9-4208-b23b-a02639dedbd8,9885
841,107.3,Pending,2025-01-10 01:25:47,029c4a80-c68a-44a3-b707-9f9002c5a64c,6103
842,185.56,Pending,2025-02-20 23:28:10,66f9d255-4de3-49ca-a471-f51813505b69,5509
843,107.43,Refunded,2025-10-10 05:18:05,84a7ec27-0340-4e10-a403-eaab1f9dd7cf,5298
844,163.76,Pending,2025-10-06 13:43:57,b1915d04-9585-4873-8458-5c89c52375c5,1798
845,140.78,Paid,2025-03-06 21:18:24,a35faca9-07d0-4e0a-85de-b6ed53f2bbe2,7943
846,107.88,Paid,2025-11-07 00:43:25,2ed4fdd0-0291-495c-93fc-79e0da0d3e2a,1067
847,116.96,Pending,2025-11-06 13:45:31,3b1ae908-245d-48d3-bd88-9e70fe1e85fd,3288
848,98.25,Paid,2025-07-25 19:38:52,6a1390f2-ec6a-41ae-9a14-8a47f0fbafbe,2364
849,193.57,Pending,2025-05-26 20:04:13,38cbca2e-091c-4310-beae-540b6c1dad37,9302
850,187.12,Refunded,2025-01-05 12:02:22,cae76230-9f99-405f-8010-080e2406e9ba,2585
851,39.49,Pending,2025-09-09 09:47:14,04c8facb-060b-49ee-86a8-fe5712aa9e4f,563
852,193.57,Pending,2025-09-18 15:18:41,5dd24323-fd0e-4b5a-bc44-d0dc6641629e,6172
853,133.18,Refunded,2025-09-04 20:03:49,4c7391a5-e509-4c90-a628-578dab6ba86d,6132
854,27.22,Paid,2025-02-20 16:30:30,de30b6fe-c61f-4042-9bb0-e1f81df24136,5433
855,196.53,Paid,2025-02-20 14:00:49,f027c4aa-c8a1-4ccf-9cd5-e854b9734edf,6818
856,57.2,Pending,2025-04-23 08:57:49,175ab306-3d89-4320-b787-d9ea49a2c847,2540
857,65.99,Paid,2025-11-15 21:43:29,dc289c6d-2069-4468-b5fe-8870b6f668b5,7751
858,63.12,Refunded,2025-06-16 15:28:08,f56d69a6-4a90-4462-930d-25e3066fbad1,6837
859,201.69,Refunded,2025-03-09 16:23:36,6602167d-8390-4914-ac35-14d25ac7f6b2,9043
860,61.43,Pending,2025-06-23 09:01:39,6df23091-2460-49df-9549-64b4076ed132,9969
861,45.97,Pending,2025-03-31 06:41:45,e84d1701-f415-4c0b-8e1b-5b55a8dfa605,3804
862,41.65,Pending,2025-10-16 14:24:51,6516f179-7e8c-4314-9133-4abad0b72616,8387
863,109.77,Paid,2025-11-18 02:07:08,bd694ab3-c37c-4cd6-99f1-531fbf33bd66,852
864,103.39,Refunded,2025-04-09 02:21:52,d34313bc-0110-4953-94ec-95d12fcbb48f,7733
865,29.88,Refunded,2025-04-07 22:19:52,e050c399-a24e-4b68-b517-348a4bb941f1,3388
866,209.25,Refunded,2025-11-11 03:20:52,3e3d814f-f97a-4648-b04e-346cb15672b4,3397
867,37.67,Pending,2025-02-08 15:08:37,7baba576-3796-4646-b238-94698291a2a2,8261
868,26.99,Pending,2025-08-25 14:03:56,181b72b8-12db-441d-a504-756ccfe8bc34,939
869,154.92,Pending,2025-04-01 11:19:47,881d3476-89d9-4357-898f-35c0d6b74548,9243
870,114.29,Paid,2025-07-18 22:47:00,425af7e3-c7ca-43f2-b7b8-81f4bc067e40,8309
871,87.58,Paid,2025-06-21 22:37:43,fdd2a89e-9cfd-46fb-8e6d-e37aa44b01b0,3485
872,176.37,Pending,2025-09-23 09:26:19,0f2eed56-d6b6-4bc7-be3a-3419d8d0d55c,2891
873,133.95,Paid,2025-05-21 23:56:55,0d18314e-00fb-4fdd-8ae2-7604a39cc69c,7803
874,159.65,Pending,2025-01-10 23:44:51,880b592a-8433-40af-9974-7cc5d01c67c3,5473
875,197.74,Paid,2025-06-05 02:35:04,d275d6f3-cd14-41bb-915f-70c8cf6fa3bd,7974
876,93.66,Paid,2025-11-21 16:20:49,25957fd1-cd00-455d-86df-e2c89e778fb2,5452
877,193.92,Refunded,2025-04-13 17:10:13,149aae3d-fe1f-4cc6-987d-b39f13ac45fa,9076
878,121.79,Paid,2025-04-09 09:48:36,a05516ff-8be0-43d3-b26f-58eb28177651,6858
879,137.87,Refunded,2025-08-11 06:55:22,ddb62d0c-a3f7-49eb-a036-0970c471bf73,1808
880,152.78,Pending,2025-07-18 13:16:19,3c28d12a-df75-40eb-b0eb-28a0d3aaba85,2957
881,77.62,Pending,2025-10-15 22:31:57,e8b4ff98-816d-4d1c-8e42-fa5aef9daa6e,8846
882,118.91,Pending,2025-03-17 16:33:01,42c87af0-478c-4248-b0fc-5ae694a37280,7520
883,200.26,Paid,2025-09-06 21:19:50,d1187b44-2e4f-4067-902b-f471c6b6eaaf,6836
884,23.07,Pending,2025-10-10 02:11:32,f3db58f3-7e94-4562-992a-503833200274,3752
885,118.5,Paid,2025-10-16 15:50:47,d00b8854-e55b-4eef-a510-a2dab71dcace,9059
886,109.93,Refunded,2025-02-01 09:09:13,6f406914-d638-4915-a03b-5dd8d906f4c6,7219
887,64.83,Pending,2025-08-02 22:19:45,d20be6d8-1c6e-49ae-b8d3-9d409bee7563,8429
888,91.43,Refunded,2025-02-01 15:54:40,d0c94d32-3f20-48bd-b6ea-6bbef41afd86,8241
889,81.93,Refunded,2025-07-02 10:52:35,7b3245c7-3ef0-432c-851c-b9bc8580e0e9,1186
890,47.48,Pending,2025-03-04 18:27:04,04087e46-aa4e-408b-b5d1-16e38b24dae6,9391
891,63.16,Pending,2025-06-30 06:29:07,06afe896-d68f-4f1a-a358-af516cd709bb,966
892,52.7,Refunded,2025-06-26 20:12:08,78134df8-02eb-4d7f-9c53-9381391fe2d0,6410
893,182.92,Paid,2025-09-21 19:56:55,5336183c-bcb6-42e5-8b64-3e548a619116,4271
894,67.82,Pending,2025-09-23 04:32:22,f56ba276-e38a-4a22-9fc1-2fb726b4c805,3341
895,29.94,Pending,2025-06-13 16:20:03,b7ce158d-6d87-40ae-a569-15eb2c872cd1,8402
896,137.88,Paid,2025-02-27 16:27:38,152f0349-557b-444e-9263-6243a2816f36,9719
897,198.29,Paid,2025-03-02 23:04:03,4b69869c-68d9-4618-966f-d34cb59e077c,1720
898,59.3,Pending,2025-08-13 04:13:26,b4cabd11-6fcf-4647-b339-6463be1a68d8,9345
899,179.3,Pending,2025-06-21 12:06:00,034d286f-b7e2-4440-aa8a-2b5e8e78aeac,570
900,164.5,Paid,2025-01-02 19:44:56,35eb1257-d93a-4466-9ca8-ade474ad7c43,1555
901,153.86,Pending,2025-02-09 21:59:11,ac492057-e5ce-4a95-8a96-837a68a0ce10,7017
902,155.28,Paid,2025-01-14 19:26:58,36c513a2-d5a5-4daa-b3ae-40c6bbdee549,893
903,204.1,Refunded,2025-02-11 20:04:59,8d06241e-493a-4d7a-951f-4de1fd130139,8893
904,179.51,Pending,2025-04-21 15:20:43,d7006d32-f673-4f60-960e-7b9c6908529b,475
905,167.36,Paid,2025-08-12 20:00:13,af02870f-a864-4716-8d17-c49f55333927,5792
906,146.33,Paid,2025-07-26 20:41:17,bb036b0d-7d86-4527-812b-a26e91976d4c,7954
907,208.24,Refunded,2025-09-23 06:20:40,c8278990-d1d4-4fe9-b7a9-70cec6a665b3,7756
908,181.07,Refunded,2025-05-18 01:12:19,f8330f89-7ef9-4c86-b21e-31c314a9b954,225
909,21.98,Pending,2025-07-13 16:04:19,6ff94886-7d32-4a19-a006-8d46de64b65a,7010
910,99.24,Pending,2025-09-17 21:16:33,7988aa61-3324-4ac4-9e66-621b664c669b,1636
911,204.61,Paid,2025-11-06 07:10:52,36ac1ca5-ceee-47d5-a18f-c33255b2bfd5,1707
912,66.75,Paid,2025-03-15 21:43:02,d0a4815a-2a8c-448f-92bf-6ba8ce486ff9,6920
913,205.59,Pending,2025-03-25 08:11:03,c3ff8335-0286-45dd-8f69-8e6d7adf5422,1959
914,96.09,Paid,2025-05-31 00:03:47,c386296c-42f2-416b-b190-a905e8f0133f,6132
915,101.92,Refunded,2025-03-08 23:52:58,48b9152b-eea9-463b-ae39-5aa6c542a670,7909
916,22.9,Refunded,2025-08-18 21:46:28,3b48d33b-2d41-4e20-a447-0cb8a873eb7f,4827
917,136.11,Paid,2025-02-03 22:30:27,bc1f615e-04c1-4bb4-8e32-9fbdf188ff78,7664
918,126.9,Refunded,2025-09-16 10:14:19,53b217e2-4583-4e9c-a7ba-2b7283ad83e3,2467
919,111.6,Paid,2025-09-22 14:41:12,528b8a84-f82d-4974-9ed9-8917a30d457c,5143
920,112.93,Paid,2025-03-16 07:35:47,f8fbb91c-c209-41f7-be7b-78c065fcf8cf,30
921,142.61,Pending,2025-10-29 00:40:19,8e6187e5-b28c-4bb7-b884-ba661a690efb,366
922,175.28,Paid,2025-01-07 00:13:24,6ddf71d8-1815-443a-ae7a-9b46d98e4756,7497
923,145.46,Refunded,2025-08-31 16:46:18,1294b051-1c4d-4519-bc10-9a9b88c9c13a,7606
924,182.96,Refunded,2025-04-10 13:59:08,7757e38c-d2a8-475c-b1c3-fa206da1fdb6,2724
925,140.26,Paid,2025-04-09 12:46:17,2fac7f83-de84-44c0-ae1c-d1b8faa04774,2931
926,161.34,Paid,2025-08-27 22:09:18,ae86bad9-1d16-4c69-b94f-17f02bc554a1,6366
927,47.88,Paid,2025-06-18 12:31:03,33355cef-a4c7-4bc9-8b39-6a2894d83be4,6795
928,59.32,Refunded,2025-01-13 16:07:55,0451e39a-a1cf-4b3b-8af7-d0e260db253a,6213
929,170.51,Pending,2025-07-17 14:39:05,3395edf7-4de8-41f9-8f7b-eee34233ca84,1085
930,157.97,Paid,2025-08-18 02:36:34,f9f1a63a-abaf-46ee-98ad-b0647c3320bb,713
931,182.52,Pending,2025-06-17 19:28:50,c9a25cb5-b074-406e-952b-e30579e2b348,5732
932,106.16,Paid,2025-03-25 22:58:24,76f408cb-e364-4a39-bd73-024c90c99e02,1312
933,55.05,Refunded,2025-04-02 07:00:28,32e3d021-f273-470d-937f-935cbbfc230d,7136
934,77.34,Paid,2025-01-24 17:03:55,7859f1e2-ed63-4ca2-b18e-da172dafa9a1,2516
935,49.19,Paid,2025-11-20 20:34:25,0a7bb632-11bf-418f-a5ac-9d75d92852b2,8243
936,82.16,Pending,2025-06-11 01:38:21,bc623798-3619-4972-95c6-ab788e2fdfb5,1286
937,206.11,Paid,2025-01-30 08:34:00,5ba7faf3-1e52-48df-8587-90f48a902a72,1136
938,133.7,Paid,2025-09-25 22:18:57,01f842d9-cbf9-41a5-8ab4-e8dbc3165e61,6797
939,74.27,Refunded,2025-09-21 10:26:12,e62758b5-b0e1-4e9d-b938-f01291d6172f,8727
940,95.37,Pending,2025-02-21 02:45:03,7682537f-0c27-4d82-b398-fe2b8d11ee83,7402
941,185.02,Paid,2025-09-08 15:30:55,92cab04c-f978-4c69-87ce-0e40a2d4fd32,7946
942,43.02,Pending,2025-04-03 02:52:48,87f638b1-4dfb-463b-9620-0347025a1311,1709
943,204.81,Paid,2025-07-20 20:38:17,e7c5a8b3-48c0-4d08-8102-24f033803554,5337
944,102.4,Refunded,2025-01-09 09:51:42,d9849b29-b78b-41ba-9341-0abd3d0f9012,9865
945,143.05,Pending,2025-10-26 16:51:17,d9b29c24-5872-415c-8aa2-f974aa389138,8452
946,102.79,Pending,2025-03-13 18:41:53,b7ef359c-f2e7-4029-9075-9893e189fd1c,2673
947,117.15,Refunded,2025-06-23 05:52:13,543f5f23-8598-4cad-ab2a-ffdbcf6131a6,3181
948,40.3,Pending,2025-05-21 10:45:01,f702ce55-a5a1-4683-8a50-42170f4eb211,3032
949,114.39,Paid,2025-11-20 02:03:47,ec7725a1-c0df-49a8-bc38-7f0a17a57a4e,8868
950,146.33,Paid,2025-01-05 01:30:16,d6daefc7-6708-4a62-b9a8-aeba3f0198ce,9699
951,72.58,Refunded,2025-04-30 19:38:52,11a4815c-b333-45cc-90b9-e516b932aff4,3020
952,143.79,Refunded,2025-01-06 15:18:25,73048218-a2cc-46a4-9b71-9de3a1dafb32,1608
953,31.64,Paid,2025-02-26 23:46:09,f5c34c25-5fd0-4cd6-b152-e561f8d46478,8974
954,136.88,Refunded,2025-11-19 11:32:56,d9c9bc43-b89a-4eb8-843d-9f6dab03ba7b,304
955,152.27,Pending,2025-01-01 04:58:52,894ed084-39b0-41af-b759-823543440a50,1564
956,120.21,Paid,2025-09-09 14:05:53,4dcc8337-55e9-4dbf-947c-9aa931cd038f,1381
957,114.85,Paid,2025-04-12 22:23:21,511dc90b-35d4-44d2-9087-b7ab7407a5f7,4804
958,60.82,Refunded,2025-08-18 11:10:35,47c2b81b-5bc5-465c-80a1-40a96ea0c2c0,6065
959,34.98,Refunded,2025-11-03 21:22:18,c9db7bde-5607-458c-a184-dd00661688db,1089
960,190.51,Pending,2025-04-26 07:54:35,65e25169-94c7-4e8c-b9e8-1d54347479ae,533
961,88.8,Paid,2025-09-01 16:35:39,df13cf58-76b7-43d5-bf39-2e3d5598dbfe,1910
962,152.08,Pending,2025-08-17 12:09:56,f7d56ed3-42b9-4ca2-ba1c-b3e5694be211,7512
963,41.45,Paid,2025-06-14 01:15:03,dec1406b-855a-4e65-a5db-9e1d5efbf957,4589
964,26.88,Pending,2025-06-08 23:28:19,ce6d54e3-a6a0-4d85-a129-ea3943aea31f,2200
965,175.51,Refunded,2025-03-25 00:31:06,46e68c11-ae5a-40a6-a19a-4d7df3fc6598,7936
966,169.36,Refunded,2025-03-03 04:13:23,7eb5dd89-31f9-48d7-9ea6-bccb1083d394,7826
967,134.44,Paid,2025-05-24 09:01:33,b8bb59da-4034-40f0-983b-80f0aef445dc,6665
968,206.3,Refunded,2025-09-21 02:57:57,87ced018-400f-40bb-8e4d-79a555ce6026,7857
969,205.16,Pending,2025-09-02 00:40:41,0c8a6f35-c43a-4953-b459-34ae25a6fd10,4140
970,148.99,Pending,2025-02-12 07:42:34,198465fe-4bce-454f-ba53-562087c12641,4066
971,139.31,Paid,2025-09-21 04:23:25,16a11918-794b-49f1-a2e1-bf6d8c86e0a2,4144
972,149.99,Paid,2025-10-09 07:29:37,a41fece4-46ee-4680-8768-c5f2fcbc2060,3306
973,109.32,Paid,2025-02-22 21:19:22,21192fa4-f959-49ef-9fc2-d02124072250,851
974,63.96,Paid,2025-11-07 13:15:53,fe968eac-f830-4535-8e14-ad4956192f6f,6098
975,37.32,Pending,2025-05-23 13:39:30,174dbc19-0380-4797-b77c-26ca5d2362ef,6833
976,206.26,Refunded,2025-11-04 20:17:42,5e46df7a-80fd-4e25-a191-868702ce5112,2527
977,31.13,Refunded,2025-03-15 04:00:58,c4ce232e-2211-498f-ba52-7647779f76b3,9223
978,171.36,Paid,2025-04-21 11:24:28,7a3a2cc1-65c7-492f-a3e5-3f9383535b85,8170
979,130.13,Pending,2025-05-11 03:16:23,ff42048b-eb49-4fca-924e-b7ebf9ab8a53,296
980,114.52,Refunded,2025-05-26 17:37:17,e8386e38-4ecf-43ad-a303-4fba29975326,570
981,49.36,Pending,2025-04-26 18:10:38,d3c70ae2-c031-4e40-91e3-c00d8819e049,7807
982,46.71,Pending,2025-08-18 02:37:43,0fee6219-905b-4ae6-9a67-531025c251fd,7495
983,157.52,Paid,2025-08-22 15:25:21,30a2ac4f-7e04-4db0-ba51-864049eee8bb,8071
984,143.04,Refunded,2025-02-06 19:13:35,0587a017-d57d-4acb-8c09-ad7c2a5dafed,8231
985,34.19,Pending,2025-09-23 04:08:28,f68a4e30-47a6-4d63-ae8f-e1faabc82c47,2225
986,169.14,Refunded,2025-11-15 22:00:10,acac71a1-c16b-4af9-a4ac-79ec90947dd6,2459
987,148.1,Paid,2025-10-25 13:14:50,a9a805c3-82c1-4e60-a243-698a9a00c142,4698
988,164.02,Refunded,2025-03-28 00:14:08,9147dd71-32f4-42f4-b80d-9c1d80b38f5a,9964
989,190.66,Pending,2025-01-19 12:25:33,8550973b-ccaa-4f84-8c9d-427eb690cbd6,2887
990,76.89,Pending,2025-05-01 12:28:02,f16f7e31-0db7-43aa-aeac-4111744423bb,8634
991,65.09,Pending,2025-10-04 09:30:50,030e799a-66df-4d9e-8b93-ca8cae29406c,5960
992,32.0,Pending,2025-07-04 12:21:21,606f4bb1-bb14-4fac-b7cc-ef5a3f97839b,1003
993,163.12,Refunded,2025-01-28 23:28:01,251a1aae-bea3-464a-867f-b3fd4520cba9,7272
994,59.37,Refunded,2025-06-26 19:33:58,ea32e759-57d1-4b80-9cb8-b925c01e902d,375
995,44.54,Paid,2025-08-04 23:05:15,300ee2b9-13e7-4d7b-b569-e2a9b1fac184,912
996,140.4,Paid,2025-07-04 18:10:23,86e14b63-2add-4905-b486-3787c893b4ad,7675
997,44.63,Pending,2025-06-30 15:59:38,73785d4e-7621-4dbb-93eb-0106d8f64fdf,6162
998,124.67,Refunded,2025-07-11 12:28:47,0b3f1ca9-2fec-4f3c-bd51-8530daa64546,9148
999,166.44,Pending,2025-11-21 03:15:32,f15afd17-5d98-4554-8396-6c67cddfa1e2,9628
1000,76.53,Pending,2025-04-26 21:54:34,b7c11d82-094d-46fd-9b11-06d12ba489ff,2133
1001,49.03,Refunded,2025-04-08 13:57:25,9053fdac-7874-44f9-bbce-e106f22add9e,4454
1002,122.6,Paid,2025-10-01 08:58:04,a89ad1c6-0538-4cf0-a8e2-c6ed8d204a5e,7120
1003,63.69,Pending,2025-02-03 22:09:06,128edff0-5741-4787-a5a9-2dfdf9d36099,415
1004,126.46,Refunded,2025-03-25 10:40:52,8e66c5e7-c931-46e1-9fe6-26458ea1abbd,1733
1005,127.81,Pending,2025-01-28 04:30:46,925c7fd3-8954-419d-9073-bb5c041999c6,404
1006,47.73,Pending,2025-06-24 18:17:31,e838b078-19d2-435d-b980-f8f861a8bb4f,8408
1007,58.85,Refunded,2025-05-28 02:18:59,cb1ba93e-e5b2-4ef2-a45a-242e41bc3692,1327
1008,168.32,Refunded,2025-04-21 21:50:48,4db5c380-44ab-4d1b-80c5-f0de94245cea,6525
1009,30.11,Paid,2025-08-23 08:15:40,f7354402-2948-4ff7-a121-5b21487a907d,8407
1010,189.24,Refunded,2025-07-14 08:10:45,404bfe38-945a-41be-bb41-5764da6ef03d,8787
1011,30.53,Pending,2025-07-19 02:12:09,6efdebe3-26d9-4eac-b67e-7dea3b015d57,2943
1012,166.44,Pending,2025-07-19 23:05:47,b5cbabcb-b6c0-4b0e-8fc7-4fcff76d1ddd,3379
1013,66.24,Refunded,2025-04-18 21:40:53,9e2c641e-9277-4c83-8804-f82d891ff4dd,6743
1014,68.75,Pending,2025-11-20 23:58:24,dcc471fc-937b-4913-95e6-fc4b151c2127,8158
1015,164.2,Pending,2025-03-12 16:29:43,a9406c32-2868-44e0-853a-bf82b506210c,830
1016,49.19,Refunded,2025-10-02 03:10:19,2653209c-c566-4977-bdb7-c35eb7163759,2683
1017,149.82,Refunded,2025-06-21 01:17:21,8d8b6e0d-7203-4d58-97d7-805fad2cfdd8,2803
1018,67.72,Paid,2025-03-25 07:04:25,032b7015-9c95-4b7a-97e7-3a39832e21c7,1026
1019,32.0,Pending,2025-03-27 13:01:15,26c3cb1c-f75b-4c29-bafa-1c436bd77ca2,1001
1020,23.48,Refunded,2025-08-27 13:02:11,dfb1b8b5-1f7a-420e-8bc8-689c919f1043,2854
1021,92.02,Refunded,2025-07-01 01:35:11,7559e9fa-a463-413f-a005-63a62593666c,1217
1022,163.97,Paid,2025-07-31 02:07:00,a52e9b54-82c3-4b02-b6d9-1045dcffebb7,3327
1023,40.42,Pending,2025-04-02 01:36:59,b9a874ea-5629-4b5a-aca0-27e74e849be9,4016
1024,155.01,Paid,2025-03-22 05:18:10,9e83b3f9-c4e7-41c4-854e-34511009f81f,3443
1025,197.55,Pending,2025-01-20 11:03:52,2801b00f-fa69-4ad7-baca-d73b7fd68db1,39
1026,116.53,Pending,2025-01-03 02:58:07,a91a06d3-9af1-4530-84e2-fe4613a8e848,8095
1027,196.14,Paid,2025-04-12 23:16:32,48cb9892-1262-4ba9-877b-dda051953fb6,1451
1028,134.02,Paid,2025-08-03 19:59:07,19b0868e-fa98-41e5-8396-95782114511f,5710
1029,29.51,Pending,2025-11-09 13:24:32,27c1bfb1-8a01-4005-8810-4d2ec9deb9d8,3016
1030,183.91,Pending,2025-05-14 05:56:02,c321258a-3ed6-491a-aadb-15d5e10d95b6,2571
1031,32.57,Pending,2025-01-22 20:27:18,17827cf4-898a-4bb1-a888-0c47953ccb26,4146
1032,206.33,Pending,2025-06-13 02:31:14,cb326a24-c5a7-4d88-82da-f3d4a63fe57e,3809
1033,67.95,Paid,2025-10-23 15:00:23,000da7a1-e70a-400f-8e49-e1623b5c843f,6298
1034,162.18,Pending,2025-10-27 12:54:08,8073746b-45c5-4869-a286-01e395e93781,2378
1035,158.99,Refunded,2025-05-18 05:02:10,e9b55bdd-f713-412b-9ec1-1690629ef4f2,562
1036,45.23,Paid,2025-04-16 02:44:12,9ec51b63-bc2f-40fb-ab91-4a25c39f03a1,2651
1037,199.43,Refunded,2025-03-29 03:49:47,77892370-7507-4ce4-a634-cb65424be6b6,2111
1038,65.66,Paid,2025-10-20 11:20:43,eca253fc-bd7c-4921-a7a1-9118e9f8f018,785
1039,177.45,Paid,2025-02-20 19:36:36,90479747-f24f-4c48-93b6-54451cdd4ff6,1307
1040,117.37,Pending,2025-08-14 05:59:51,07f0fff4-357b-4e22-bb38-e200e17596b3,2242
1041,26.95,Paid,2025-04-09 18:37:14,8092b5be-0462-4aa1-9c49-f76a202baafb,4220
1042,121.02,Pending,2025-09-24 02:13:11,816e892c-836a-4d74-92ed-a37139502e55,5743
1043,46.43,Paid,2025-05-30 13:40:19,e9f7b92f-e484-4269-b789-7aa549d778fe,8324
1044,202.72,Refunded,2025-06-23 20:08:05,2a16172c-2188-49ae-b7b4-ffe7f7ecfedb,8636
1045,22.78,Refunded,2025-06-08 12:02:55,63c7f0bc-176f-47ae-80be-a8608dd4d4eb,8946
1046,125.51,Refunded,2025-02-22 02:03:08,ded7690d-ed4f-4042-b7ce-e4b9da96129c,4126
1047,144.04,Refunded,2025-02-09 21:49:06,38bc1c15-12da-4d47-bcea-2df9ac60ac2c,4216
1048,44.34,Paid,2025-05-24 05:58:18,33e4009f-ab1a-42d4-acab-4caff35d77da,6978
1049,44.96,Paid,2025-11-17 06:54:57,36311f0b-f8df-4237-8e0b-a52ad0a0e8a2,8823
1050,69.51,Pending,2025-08-30 00:53:56,e68da4b5-f518-4166-a6de-ac2d780f78dc,6277
1051,78.51,Pending,2025-05-31 22:54:28,7c437569-8dda-4ca9-a349-cc4673b49087,9328
1052,173.98,Paid,2025-05-19 02:40:47,504c9248-d4dd-4a4e-817d-fef6539e4e6b,653
1053,76.75,Pending,2025-11-09 00:29:48,f5d1cdc0-0ef5-45ba-9913-7f9f096946fa,7503
1054,108.41,Pending,2025-11-13 02:58:11,2c7dbf53-a5be-46a3-a7b2-05f4d61372e8,870
1055,25.97,Refunded,2025-01-19 01:12:01,d5d4fac2-2e71-4591-92ab-96a127b0aa22,466
1056,34.34,Paid,2025-05-31 22:19:00,9ec5386b-c148-4852-ba59-6586591f84ca,5540
1057,180.09,Refunded,2025-05-27 18:35:31,fd69ff4d-957e-4900-90a6-a5bbbab2d5f7,8024
1058,205.68,Pending,2025-09-18 18:57:14,8ab471ff-85d0-4062-b4a4-ea409a31a3e7,4595
1059,132.17,Paid,2025-11-07 21:20:13,b2960770-0a48-4ac2-a46e-b1ba7c043b09,1952
1060,34.0,Paid,2025-04-06 12:36:01,860b83eb-ad94-4a09-8618-319b67060e79,8696
1061,166.96,Refunded,2025-06-15 21:07:59,7336ed2c-3b56-427f-a4ab-73aa75f25ab4,4620
1062,74.59,Pending,2025-11-11 19:05:04,4ac3aba5-fac7-4669-8e76-1d0b3a884853,1521
1063,157.08,Paid,2025-02-11 00:07:34,4c165985-bdd4-4b0a-a877-9d11ac2216ea,442
1064,203.32,Paid,2025-09-02 16:38:46,7d5894d6-681f-4fe9-818e-81a08d553c61,5861
1065,36.05,Pending,2025-01-15 17:15:18,a74c95e1-de67-4053-b1a6-2fe13ae84529,1149
1066,149.36,Pending,2025-07-04 20:48:05,cf9fc2f0-6206-493c-9288-553c02a9a2ee,9045
1067,188.08,Paid,2025-04-21 23:48:31,871de150-72dc-42a3-bc67-885170561aa4,5878
1068,193.51,Pending,2025-07-18 06:50:47,07c779fc-a3eb-446e-908e-b978ddd9c4d1,8071
1069,144.86,Refunded,2025-06-02 11:42:34,dd32eccb-1f22-495e-ae3e-66e382237306,2140
1070,66.06,Pending,2025-01-07 19:17:32,3acadb60-37ae-40b7-a191-377453780235,1332
1071,43.01,Refunded,2025-08-30 21:12:36,d2d03071-61e4-40ca-a42b-98629356e2ed,7417
1072,64.13,Paid,2025-04-20 02:09:21,360a1fd0-aa07-4b8f-ace2-8b4dab67e8ba,2529
1073,120.89,Paid,2025-04-19 23:14:01,3f378061-fb35-479a-8845-8d37980cb6b9,7000
1074,44.84,Pending,2025-04-25 05:31:04,50e8caaa-ab42-4b90-961b-f066909bf8d3,5677
1075,152.39,Paid,2025-01-20 13:54:54,b58850fb-1fdf-45a7-b790-74fcfe490dc1,2134
1076,155.16,Pending,2025-08-08 01:08:28,058f86b0-7f56-473a-ac04-b8bed3f172bf,5925
1077,50.43,Paid,2025-05-21 12:12:45,86b67284-bec7-46a4-88c7-b733e9f8b3f3,4283
1078,208.26,Pending,2025-11-11 15:51:22,c8e444cd-920f-4a3c-9feb-8d77bbea2168,4523
1079,175.31,Paid,2025-10-31 22:00:37,47522d1f-0b58-4802-bba2-894faec179d4,4137
1080,166.38,Refunded,2025-08-15 06:51:46,d7c578c2-8eb9-4896-8777-2321419f0b83,2893
1081,72.47,Pending,2025-04-27 04:39:17,03b3d487-b48f-4dc0-9115-013f3fae467f,465
1082,122.58,Pending,2025-01-04 03:12:46,281c6671-cbdf-4c0e-8866-f3bf3a49c2bb,8778
1083,87.49,Refunded,2025-10-24 00:38:28,283bc4d0-bf18-451e-867f-b8f8a0c49a30,6891
1084,46.21,Pending,2025-08-17 11:14:08,834e1f80-81fe-4709-83ec-4d46396d3d37,2727
1085,88.0,Paid,2025-08-11 11:37:25,702a0460-1b58-4b7a-9432-882553abb971,196
1086,196.26,Pending,2025-04-30 13:25:28,d48aa15b-cd47-4e6e-8e38-28762b7d457c,5483
1087,71.13,Pending,2025-06-25 02:50:19,f829bc31-05db-42e8-8bee-53474804f49c,4833
1088,68.9,Refunded,2025-03-07 11:02:06,8f0eb8a7-7b61-486d-887f-ff45624d605a,14
1089,179.34,Pending,2025-10-23 17:31:45,b5d86b0c-0fcc-4562-bdc5-8cfcb5201a0c,1447
1090,199.52,Refunded,2025-05-27 11:30:54,b5216401-5d1c-4055-957c-5a8581ce67ee,8117
1091,78.72,Pending,2025-11-19 11:33:44,690d8983-ff51-4a4a-b673-3df54d43c289,4749
1092,80.7,Refunded,2025-02-28 04:10:58,b5719b76-51ac-493b-b6bf-8c43eef0f0e2,7396
1093,144.43,Pending,2025-04-26 12:22:51,13bb3563-4e3d-4cfb-86b1-ab409499e15d,4187
1094,151.37,Pending,2025-07-29 23:42:44,a57b8c52-33f4-4a55-ad31-f8105c8bd1f7,5141
1095,70.69,Refunded,2025-07-14 09:36:06,04fafd6c-5254-4af9-bbf4-074ebfb3b10d,6109
1096,55.6,Refunded,2025-01-20 06:14:03,901a3673-afaa-45ea-a659-66f9416c902e,9083
1097,135.36,Paid,2025-02-25 16:41:42,c6547f74-203e-4fa8-97d9-6df7f8301d92,7690
1098,159.91,Refunded,2025-09-30 08:50:11,19a16261-e4ae-45c6-9de5-6300425352ca,5406
1099,200.84,Pending,2025-08-22 00:54:52,236c0610-98f6-430b-8db1-4cc3d475587a,5146
1100,186.5,Paid,2025-09-27 09:40:24,13cc7f9c-100d-4869-b8e5-891ad19d4555,9786
1101,116.02,Refunded,2025-08-15 15:37:12,dc62648a-94fc-49ab-8d28-0e4017875bec,5232
1102,166.06,Pending,2025-02-06 22:01:20,69704f69-fe4e-40d3-a13e-ea1f99f7019e,5302
1103,72.08,Paid,2025-10-19 09:36:06,d6b40a0b-79bb-4dbb-a804-9bac68d9133b,8038
1104,43.93,Paid,2025-05-24 10:56:55,e6f9e0cf-4e58-4f7d-acd5-bb2bd241ebc8,7257
1105,80.21,Paid,2025-04-10 14:08:31,3c00f0f0-2783-4317-bff2-b99e6d3d3126,4661
1106,167.49,Pending,2025-10-29 02:13:13,ad5fbb8e-41eb-4024-ad5e-4b1782593ce6,2542
1107,183.84,Refunded,2025-11-03 14:35:38,4026eab2-09eb-4e35-9caa-24e25236ca74,8800
1108,176.59,Paid,2025-02-12 20:49:32,ae78671e-e40a-417a-9dc5-b79e8a987787,8049
1109,152.03,Pending,2025-01-09 08:15:27,007c33e5-6265-4b34-bbc6-29e8ff2891de,1766
1110,145.94,Paid,2025-06-08 15:40:16,70d67202-e68e-41ea-baba-db30d09f0f11,7915
1111,49.15,Paid,2025-03-20 00:15:36,f80a93fc-732d-41e5-bd96-869ec3f1f315,8102
1112,80.14,Refunded,2025-02-01 14:26:01,d9a55b33-406b-4232-8c18-462c25b5d324,1620
1113,140.64,Paid,2025-07-22 15:19:20,c1987124-772e-451e-a16c-942701a30804,2823
1114,146.77,Paid,2025-07-18 12:01:46,f3c7d6a1-e26d-4138-afd5-5a489d0c4610,2912
1115,148.6,Refunded,2025-07-02 10:52:21,c097adc0-50df-40d1-b520-5ba3e302aaa8,1758
1116,206.36,Pending,2025-08-17 01:48:48,7e617c56-a7e2-45c3-9c60-170e50254fbe,356
1117,152.86,Refunded,2025-02-24 04:18:13,97ff94d5-2194-4a93-900c-97695d23df1c,8216
1118,193.18,Pending,2025-01-03 19:58:47,e883183f-8ac7-4017-b295-d33e6115141b,4635
1119,119.25,Refunded,2025-09-12 15:05:35,556839c8-d31d-4993-bd94-86066b2251af,5826
1120,130.92,Pending,2025-08-27 12:11:35,0cfb2d7e-e6d3-4fbd-93ae-467689dac0c6,6098
1121,86.53,Pending,2025-01-19 20:31:16,c96fb2d3-991c-4321-8bc8-d39623931fe4,303
1122,24.14,Paid,2025-07-23 08:02:31,98bb38e1-5f0b-4141-a2fa-90def200cfa2,7540
1123,129.3,Pending,2025-07-07 22:21:10,1bf8076f-e5f7-414d-bf99-2ac9e41714ae,9737
1124,95.77,Refunded,2025-06-07 15:16:41,0310c372-3063-40c5-a688-d4ea728fd483,5654
1125,53.94,Refunded,2025-04-14 02:34:36,8a0bfb98-dae8-41ac-b1ce-3e0ab66cc3be,6822
1126,200.55,Paid,2025-09-02 09:51:58,aa1c16ba-dad7-4701-a32d-b3db2329bd45,2576
1127,58.22,Refunded,2025-11-04 06:38:20,f08cab7a-762b-4b57-82c6-1fd7556d1bf9,1183
1128,43.09,Pending,2025-04-13 13:03:22,4f486291-ed9a-4972-898d-d19cf118f7e7,698
1129,195.06,Paid,2025-06-16 04:44:26,c77a4aa9-0f3d-4a5b-ab66-eeb31384e2fc,6917
1130,64.62,Paid,2025-11-22 04:35:55,d0ea1b51-3020-4b63-938b-019269a9cd6a,8405
1131,204.38,Paid,2025-10-13 18:08:09,89744387-f75c-4111-b5f1-07ea3dcf5c49,2121
1132,72.05,Pending,2025-06-25 23:05:49,eb74eab7-ca4b-4457-bc25-030a24f2076f,7406
1133,76.39,Pending,2025-06-15 07:31:00,2939304c-9a86-40ba-ba2c-a44ebff325c8,438
1134,23.18,Paid,2025-02-27 12:06:46,f8628e64-61cb-4ff6-af08-4ee7182e87fc,406
1135,65.72,Pending,2025-11-21 09:49:30,86757792-9a5b-4029-9a87-e60fb9328842,2712
1136,125.47,Refunded,2025-08-28 00:11:52,fc824415-60c4-4b21-b0d0-1d6e4d6a6e62,9885
1137,69.64,Pending,2025-03-19 04:52:56,d77be0bb-4f05-4510-bd9a-f3a1ded2551a,5230
1138,79.36,Paid,2025-10-20 19:48:10,0e279153-989f-458a-b465-9ae7f9a14640,3315
1139,36.77,Refunded,2025-02-24 20:44:58,de28d246-3759-40c1-8645-8f4ce66e2778,9385
1140,134.08,Refunded,2025-02-19 06:28:17,380362e1-c184-4842-b65d-632d08b53708,7742
1141,131.63,Pending,2025-07-20 15:13:29,9237cf60-5f19-42b0-a909-8ce0175c84b0,441
1142,188.03,Pending,2025-08-30 11:16:48,7c48a83d-e11e-4283-996c-1a1b52907888,2185
1143,99.46,Refunded,2025-05-19 14:20:28,0b81315f-e27f-47c1-98f7-0558c05bc4ba,1376
1144,95.38,Refunded,2025-07-05 02:25:40,02cf34f8-2139-4b92-a56a-401ba4ebfad9,8974
1145,107.43,Pending,2025-01-16 02:19:18,0f590eab-d27f-45da-8344-8ac5783b0a1c,2579
1146,49.34,Refunded,2025-09-13 18:07:23,08c1cce4-8722-4b40-ad79-a67531101c92,3033
1147,135.5,Pending,2025-04-23 19:16:29,ee8a8030-684f-4dcf-8cde-5766f70b9430,7905
1148,169.87,Refunded,2025-05-20 07:08:11,8cee8745-3575-437f-89d7-59c3a501d0a5,9020
1149,72.94,Paid,2025-06-06 09:50:21,a65d3d76-f11b-46f7-9acd-9103aec15450,318
1150,98.4,Pending,2025-09-26 04:25:27,8d1a91cd-6a4e-4b5b-9e67-25f14d4ee32d,9344
1151,165.51,Pending,2025-06-19 23:48:32,197adef6-1f0f-4938-a8d1-b7baa87bb6d0,2955
1152,200.52,Pending,2025-09-25 22:46:00,01e582ae-3286-4773-981a-805e9247441b,4740
1153,111.65,Paid,2025-02-14 00:57:21,bb0ceee1-6494-4845-bee8-20ffa5a8bfcb,8880
1154,76.49,Refunded,2025-03-14 12:57:46,6f95dcab-0b8a-47b8-bcc4-f9500cb59c14,415
1155,34.53,Pending,2025-11-06 01:59:25,cc0f4217-1ed9-4927-994f-f68d3f117027,5255
1156,188.68,Refunded,2025-06-21 06:20:46,dddcd2d1-eaab-418b-add3-d23efb40b62d,4836
1157,94.81,Pending,2025-08-05 07:40:28,f491e3a6-0c5c-4ea2-a473-7754a0f1ef6a,3595
1158,177.09,Pending,2025-08-07 22:13:30,495ce012-6ef4-42ce-86d7-fc6fb6812e6b,2580
1159,75.29,Paid,2025-05-08 06:44:21,ea32edf5-8887-4c74-a94f-f1c93b8664f5,7313
1160,110.27,Refunded,2025-03-21 12:47:32,220ce363-bee3-4c77-abd0-83b8197b807d,771
1161,35.82,Refunded,2025-08-16 16:11:29,d950fcda-c8c7-4778-b3e2-62e8ef4cf529,8301
1162,96.85,Paid,2025-11-05 11:04:49,c70dcc61-3302-42ac-b6ca-760bc8abf27a,238
1163,27.64,Refunded,2025-07-11 05:09:02,1c17f155-1523-4db7-9ead-5db921417372,8920
1164,164.14,Paid,2025-06-11 15:27:17,2e0c91b8-dc67-4f9a-aafc-7b6ad9881aa3,8646
1165,161.37,Paid,2025-10-27 08:25:56,fe489e96-cc4c-4cfe-9977-d0684bdaa71b,1737
1166,78.49,Refunded,2025-10-12 14:42:50,a8364af2-9562-43e5-b61d-efadad36571c,8993
1167,143.36,Refunded,2025-10-18 08:56:40,aec01634-a1c3-499f-b91f-5d6f25a4a1a5,8083
1168,186.32,Pending,2025-09-25 21:22:38,30dd9202-0777-4003-afe5-3e4dfebfec8a,4202
1169,80.99,Refunded,2025-07-12 13:31:07,ee76d025-693c-4c11-a512-1e1aace11c36,7604
1170,87.56,Pending,2025-06-16 23:18:32,e0909218-4fe8-4179-98e7-35a13ed2e92d,4332
1171,34.82,Refunded,2025-11-07 17:40:55,5c149124-f651-4f68-ac16-212530c5b340,7250
1172,151.88,Paid,2025-09-17 20:01:01,68261993-c89a-413b-ad37-b2598ad112c6,6139
1173,199.51,Refunded,2025-05-03 13:28:21,a80d6b18-b152-4f38-ac3b-5e5001a2786b,2922
1174,103.64,Pending,2025-04-11 07:17:56,37280150-2ad2-4595-9eca-3cccffe0d5a3,9043
1175,208.01,Pending,2025-04-27 11:39:06,7007e630-e80b-47aa-ab63-2accfd35621d,8789
1176,174.64,Paid,2025-03-04 17:13:43,c3a1a7ff-75fc-42ca-9030-362c1e31da5f,2609
1177,139.77,Pending,2025-01-16 07:21:40,83fde2cd-79e1-4b14-b1c1-d601b1f721b7,3682
1178,174.76,Refunded,2025-09-06 22:14:44,319184fe-7df3-413e-b5b2-394ae720a3d3,1594
1179,34.1,Paid,2025-09-22 01:31:43,61c5d143-03dd-468a-86b3-741b162caca9,7153
1180,108.01,Pending,2025-11-04 02:44:08,a4657c53-bf68-40e6-aca9-7a527e7334ba,9436
1181,125.44,Refunded,2025-09-15 19:29:13,f58343b6-063a-4fdc-94ce-29f5c39fb9d1,7468
1182,126.08,Paid,2025-06-01 01:04:08,0f603d35-373c-49d5-a4f4-86953d243e55,3685
1183,101.79,Refunded,2025-07-03 12:31:58,6429db25-e643-4263-a4ec-505a382942bb,7623
1184,172.3,Paid,2025-04-16 08:34:14,3887c4a6-a167-46ca-aafc-4319f80873a0,2776
1185,30.62,Paid,2025-05-26 10:43:06,75ab75c0-8ba8-4108-91eb-bae2be4c55b2,8426
1186,173.25,Paid,2025-09-04 16:08:35,9936ddba-3e4d-435a-b0e1-7e2a42233f30,8017
1187,34.92,Pending,2025-11-19 00:11:50,31256918-573f-4433-9180-3ba967a0f5c2,7860
1188,172.88,Refunded,2025-04-27 17:54:09,26f0154f-83d7-41b6-b955-a028e2b57c1b,3857
1189,163.9,Refunded,2025-07-23 02:12:46,058f3991-c19f-4ff8-894a-144abbffe138,3719
1190,96.86,Refunded,2025-05-28 21:13:04,d4e574cc-9f8e-42c7-9fc5-5124c32f9d17,5104
1191,202.83,Pending,2025-01-26 07:24:31,67eed8ce-3b0b-43d9-a96d-b962d2401a49,5537
1192,202.94,Refunded,2025-06-24 03:15:15,8184e534-ae76-4e42-bdde-4075548b70f0,4546
1193,181.58,Refunded,2025-08-17 14:18:12,bc0ee213-719d-42e7-811b-519dd8750964,6925
1194,29.46,Paid,2025-09-16 19:43:35,6c4fb90a-2bdf-49e8-acbe-cc638fa63c28,3611
1195,88.12,Refunded,2025-07-21 11:41:56,5fe1ca9b-a3b2-476a-a63f-e7541619b47e,6464
1196,165.45,Pending,2025-06-05 17:29:31,b0859ca1-176c-4b1b-8c46-0172ac9d0419,6107
1197,25.9,Pending,2025-08-24 18:19:50,43cf61bb-fedd-4539-8b9e-0835dab4656e,3036
1198,106.93,Paid,2025-08-02 23:53:24,f255d7eb-d2f6-4403-b760-9477b96aec92,397
1199,55.94,Paid,2025-05-31 04:24:00,de8cc893-5f3f-40e4-979a-3ad6ca93f5b0,3213
1200,62.83,Pending,2025-06-21 09:25:51,413840a3-1ad5-44c0-8b87-e5213c328fd1,2258
1201,57.2,Refunded,2025-02-19 07:09:09,f7e4df33-e144-474f-9749-48e8eaed10cb,7725
1202,93.96,Refunded,2025-08-07 06:51:01,8be1eede-a419-4ba3-bf20-47f6b62c9e04,274
1203,207.07,Paid,2025-01-27 08:09:20,d716527b-a322-45d7-859f-2f1b0da3cf0c,1748
1204,61.42,Paid,2025-10-09 08:43:53,eb309633-76e6-4a2f-954f-78386d5e89f7,541
1205,56.43,Paid,2025-09-13 06:02:22,85263a6b-7d95-4ecd-b2e5-c2d2d77e5445,6989
1206,67.07,Paid,2025-10-18 00:28:04,76699c27-1ea0-418b-a881-90c6b4498910,485
1207,83.42,Refunded,2025-11-16 22:30:54,e87b18c9-97af-4c6b-b9d3-07351fd515c8,1261
1208,165.25,Pending,2025-03-26 07:23:42,7ad26716-5209-424f-8013-ec31151f0cef,3647
1209,62.61,Refunded,2025-10-08 23:44:21,65a63ab8-f604-4a83-9455-c4a95e541ab5,7402
1210,141.85,Pending,2025-08-07 16:47:42,0562e031-29d0-4777-83f9-31b61f7e0f40,525
1211,74.01,Pending,2025-11-10 20:39:45,f4172fb8-f9f8-437f-be53-3f32660876cc,1939
1212,139.01,Pending,2025-05-29 13:28:26,e1d7f864-a648-4ee8-9b45-6d6ae236b26c,7644
1213,58.03,Paid,2025-11-22 22:25:34,32a7e8f6-78b0-4255-898b-804477175201,2718
1214,182.52,Paid,2025-06-26 14:37:37,422dfbf1-93b0-413f-838e-4be4a363c3ff,8732
1215,51.09,Pending,2025-01-21 15:22:58,db11f316-24e5-4379-a174-9481099e2048,1248
1216,68.11,Refunded,2025-04-28 12:40:27,b4d944f3-ca22-49e0-963e-1d952c06279d,4198
1217,63.8,Pending,2025-07-31 13:07:37,d0dd5a25-283a-4339-b218-cde3b99511c1,1672
1218,110.42,Pending,2025-03-08 09:31:24,911ba6de-dc8d-4524-a94c-2e0a753a423d,3616
1219,97.85,Paid,2025-03-20 06:57:07,3f776af0-596a-49f6-a3a9-1f1ab207ad49,5642
1220,193.28,Refunded,2025-11-10 13:07:22,ef2b21a5-1526-4f94-88d8-da153147817c,6910
1221,85.87,Refunded,2025-07-27 07:29:36,771a16e3-99ed-46ca-8ef7-62de287b1b6b,3154
1222,83.64,Paid,2025-02-21 04:06:08,0eea909e-8cf1-4757-92e6-269f27d00222,1328
1223,108.55,Paid,2025-11-22 04:14:19,d78e42ed-9cc4-4e16-b7d7-7c46a0e68423,9602
1224,111.77,Paid,2025-08-07 21:18:35,bb6116ec-23cf-4d98-b02d-cdeb1b636872,4298
1225,141.04,Pending,2025-10-23 02:48:36,44d78f3b-d54e-4e34-bd44-3fb6e0563c15,1629
1226,117.03,Paid,2025-01-23 04:34:07,8b50601f-f66e-408e-81a5-d181bf720e8c,6315
1227,187.51,Refunded,2025-06-01 17:25:35,50036527-4695-4aef-a7cc-eae68b44bed9,845
1228,153.41,Paid,2025-08-31 20:05:27,497c4070-69dd-4424-8bfe-56c20b86e7ea,7911
1229,123.14,Pending,2025-07-01 11:24:16,89e3dd4e-8b2a-4969-9fa4-517e65d7b313,4520
1230,79.78,Refunded,2025-01-16 06:19:00,54e826f2-fd74-41d7-9de1-be6ed396213b,3501
1231,100.44,Pending,2025-02-13 08:00:45,02cf3cbc-0bd0-4bc1-b138-afb4ab97007e,4255
1232,123.71,Refunded,2025-02-26 19:16:02,4f05d6a4-4c9a-458b-b04d-c8245d22d5c8,6035
1233,132.43,Paid,2025-09-01 06:39:03,00605f5b-5ebd-4300-bacb-3b38c0b2cb50,295
1234,112.71,Refunded,2025-02-16 14:57:54,4e3ab075-9572-40ca-b01f-a21d6f00356a,5988
1235,51.04,Pending,2025-04-21 02:56:30,0d9c9f21-e682-4484-824b-855e28301815,2666
1236,178.24,Paid,2025-10-14 07:29:29,99317a9c-243a-47a8-b596-7b0f41ff1e49,2705
1237,183.26,Paid,2025-02-06 02:48:48,b25721e2-062d-489f-8ff9-92e7ec8f3108,8446
1238,130.21,Paid,2025-06-07 18:22:06,e4577f56-55be-4391-8fc8-250665252453,1626
1239,176.1,Paid,2025-06-03 23:12:20,a734b690-94ab-4c01-a852-5f087ec474f2,1676
1240,91.92,Paid,2025-02-02 20:08:32,f5c8f5cc-59b9-4494-874f-3dfb91bba57e,5468
1241,117.77,Pending,2025-03-04 19:31:50,8b4bf631-6188-4e8e-9be7-9a778d0dd0db,3784
1242,37.64,Pending,2025-05-08 06:59:50,c895cbde-764d-4843-b086-96e9a313b64c,2505
1243,202.72,Paid,2025-08-15 12:12:41,68282689-7b62-418c-96b8-6a108aec4a12,7460
1244,52.65,Refunded,2025-07-04 19:54:45,1ef8b267-2dfa-4f12-a465-f4f1b9bb7ab0,1209
1245,124.46,Pending,2025-08-13 23:46:51,f99ec726-9652-4c20-9a7c-bb85dcc06131,2748
1246,28.43,Paid,2025-05-27 00:53:54,4f98afa7-de6e-4e4a-a0cb-4c968c13b72c,6803
1247,207.22,Refunded,2025-11-06 01:31:00,76738518-233c-4fee-bb48-325f364408eb,9599
1248,146.03,Pending,2025-08-24 14:23:58,c8d87ec9-c34d-4df5-8b63-6cb9dd8e3a41,6904
1249,178.53,Refunded,2025-01-21 22:39:27,0b48672c-a0da-4e25-9dba-69daf9aa89a4,5494
1250,74.54,Pending,2025-07-01 21:20:48,91c11f9b-68e8-4346-ba79-d757848d9b42,1179
1251,105.57,Refunded,2025-09-23 23:40:29,df398e73-585d-49b2-8e8c-072c2321e721,1537
1252,111.94,Paid,2025-08-29 09:44:32,270b9075-11bb-4d92-a608-f2dd4a438a7b,8725
1253,136.27,Pending,2025-01-15 04:39:08,aa1c9966-4e00-4186-b651-0b1b080c3fcc,1188
1254,164.4,Pending,2025-02-11 11:21:20,eef4a249-5a57-4db8-a5ee-1672f551cfaa,4216
1255,105.43,Pending,2025-10-05 08:13:48,371aec13-fd36-496d-9975-12f9ca91976f,2878
1256,71.73,Pending,2025-03-24 02:35:59,932bb2b5-b49d-4a9a-89e6-3dba6cf3c64a,7742
1257,68.36,Paid,2025-02-23 10:42:50,96d68ab0-0962-41e1-9016-3c6ecf79fada,2
1258,133.05,Paid,2025-01-19 15:57:55,9fe51bf6-11e3-4b4c-862f-cd036fa98a30,5550
1259,204.56,Pending,2025-04-18 01:30:26,3b58bc6f-1bfc-42a5-9c70-ad3bd5a11e6b,2503
1260,60.17,Refunded,2025-07-14 09:31:52,62527a0a-c55d-4dda-a6c4-dbd26d7aa75e,2255
1261,174.35,Pending,2025-11-03 07:46:33,57349fd1-8f15-40b0-93a5-ec49230d479d,4707
1262,205.8,Refunded,2025-10-05 14:37:17,f95b43f0-f6f3-45f4-b38f-46aba20a7fe3,2296
1263,143.38,Refunded,2025-09-14 16:57:19,a6fc3c18-8c23-46a2-ab2f-599e98df4ef0,6310
1264,151.47,Paid,2025-08-30 09:56:25,367d01a3-779f-4ae5-9f45-e1ebc0d3864f,5284
1265,208.79,Pending,2025-10-23 20:47:34,4dcb96de-926b-4177-9f48-fc547165748b,5853
1266,41.85,Paid,2025-02-26 01:26:48,895aef17-34bb-4d16-b693-216d33293174,4716
1267,167.95,Refunded,2025-01-08 18:24:20,5ecbb8ab-f06d-4d7d-9497-847bfa8c59ca,8134
1268,52.46,Paid,2025-01-31 05:56:54,5c618213-11f2-415a-aecb-fe220a9d6f47,7454
1269,123.4,Refunded,2025-11-10 01:16:10,133c94f6-4aad-437d-8d9b-3ab8684c645e,8546
1270,101.01,Refunded,2025-05-17 08:44:16,75b4eb00-607c-46a9-aeab-86494d3a48e6,8797
1271,203.98,Paid,2025-05-02 10:06:27,d2f4a19e-fea7-4c80-a0e4-e9dd130bfd52,5499
1272,124.22,Paid,2025-06-18 15:59:27,102298d9-26dd-44b4-bc1e-f1910de1669a,1925
1273,193.6,Refunded,2025-05-03 19:56:47,4b759296-b113-48d9-8ffe-eb4c69f4dab9,2143
1274,174.57,Refunded,2025-05-19 14:55:19,f4b9bafc-e9aa-42d2-9c18-3a500a220db8,1029
1275,37.12,Paid,2025-06-01 23:13:07,3f13b22c-82a2-4edf-ad31-d927afcc1ff3,5303
1276,144.71,Pending,2025-01-27 09:47:07,104683e5-7aaa-42f1-af0a-a43dadd722c8,7449
1277,127.5,Pending,2025-07-14 18:42:53,46101024-c0f2-4c1d-b022-c68e2d642580,7538
1278,124.04,Refunded,2025-04-24 18:52:31,00ad6223-a812-48da-8473-90610915439e,4824
1279,136.03,Refunded,2025-04-28 22:11:36,83457727-305f-4512-9489-13c723c4e55f,5436
1280,198.06,Paid,2025-11-11 06:50:07,1805d631-8574-465c-bfc0-224801bcb4b0,8955
1281,164.6,Pending,2025-10-11 14:59:16,7bd6d90b-9791-4054-a420-8acb6d3918b2,5105
1282,58.96,Refunded,2025-07-28 22:51:22,11170e9a-9d94-406a-878a-173ae0401b6d,3171
1283,164.2,Pending,2025-10-31 07:29:51,fa24d359-285f-4a44-a159-dbf9dd6ff821,4004
1284,145.57,Refunded,2025-02-23 22:31:12,5dd14c0f-681e-4044-909b-59a60206cd53,8689
1285,95.25,Paid,2025-10-01 00:35:03,fba39a96-280d-42d1-af1b-8a96ee8b8341,5198
1286,190.8,Pending,2025-11-03 05:59:02,f3238821-0992-4358-935a-47558df26646,3463
1287,35.87,Pending,2025-03-08 00:27:28,f7c2a466-5fa4-42a3-be17-56767569a9e5,8194
1288,200.73,Refunded,2025-03-07 14:26:48,2d225b3d-640f-48d8-a226-7dd75b945f85,746
1289,145.2,Refunded,2025-02-19 10:10:53,1818540d-375f-47d0-b3ed-faeba6b3990b,1617
1290,47.63,Pending,2025-06-11 06:15:27,bc7b975b-d683-4d16-b5d0-c7fce27d36a2,2096
1291,110.88,Paid,2025-06-04 09:16:54,337ec6c0-9598-481d-8f8e-1cecf5d20430,5664
1292,165.68,Pending,2025-08-08 19:57:02,66d5a686-5b09-45cf-a07d-15619ad22109,8899
1293,36.79,Paid,2025-11-25 16:33:36,23c67cc7-4f4d-4e9d-a8f6-f359a28e436f,5656
1294,165.24,Pending,2025-10-04 09:59:07,3b651ba9-54ff-481a-9e30-842dc2b4cae0,3846
1295,156.48,Paid,2025-04-10 05:06:20,d0ef2553-ab31-4d76-a32a-ae96c189d8f4,8046
1296,37.2,Paid,2025-08-10 15:44:59,c9636fd5-4ecd-4ce6-af4b-36a5bbdad821,5324
1297,207.74,Paid,2025-06-13 13:10:50,c4b840d8-5408-43cd-90c0-89cb3ff63d9b,4019
1298,75.1,Refunded,2025-02-28 00:55:48,fc6ed41e-1081-4278-813f-da4e3ae912e1,2241
1299,202.33,Pending,2025-10-06 14:51:02,9a3df732-055f-4b3a-aff4-18c15ab44163,7334
1300,184.98,Refunded,2025-03-22 01:31:37,21bd6a9a-8639-4436-a3c9-f95c4e2df9d8,1369
1301,79.61,Pending,2025-01-24 15:45:02,f82c2029-1616-480d-b56d-e805f88279f0,3737
1302,108.16,Paid,2025-03-17 10:08:43,df87575b-2736-4f40-8493-463164cbafd6,2059
1303,150.46,Pending,2025-02-03 13:24:14,8e2f6851-4cc7-4060-ac96-bb37f8c38abf,1424
1304,97.68,Refunded,2025-10-30 21:37:12,9e87f8e5-108a-4498-a753-ba8f7fb860ee,123
1305,150.12,Refunded,2025-01-28 02:51:10,1ef67ed9-d945-4541-8565-7f44691a18f9,9213
1306,97.25,Paid,2025-06-23 19:45:41,506c1c1c-3498-4b71-8fc9-172f40cc04ae,5057
1307,115.21,Paid,2025-09-17 12:43:43,e2a61c3f-4817-4aaf-b2b3-8ed118f066e4,7864
1308,201.28,Pending,2025-09-08 04:10:55,0e1342a4-e301-42d7-968d-f05862960c06,5730
1309,161.78,Paid,2025-09-29 20:39:58,8e756474-b14f-4f9d-9051-1c1f6d7b6135,4721
1310,131.95,Refunded,2025-10-21 08:38:12,f4db429c-6729-479a-a31d-553c331425da,566
1311,124.75,Paid,2025-04-21 09:34:27,d6153907-d182-4025-9d12-6459a482cc92,6768
1312,83.27,Paid,2025-01-17 19:44:51,74fe97ae-bea3-4168-88c7-92e58a998065,7509
1313,99.1,Refunded,2025-07-15 04:45:18,6c200463-6a14-4271-9ea5-5bc3d91161ec,4325
1314,69.79,Paid,2025-10-25 02:01:14,92fbd9a1-6d08-49de-8dcd-a29bb9e05901,5912
1315,115.48,Paid,2025-06-07 02:58:03,9b1b4df9-bd90-43b8-b533-1c8eff52f31f,7313
1316,32.52,Refunded,2025-06-28 00:55:57,c4138caa-65c3-4ad1-a178-42ac9273c00a,9267
1317,161.63,Pending,2025-03-01 10:06:59,b8c564ab-f007-4534-9761-910a177afa0a,3235
1318,69.82,Paid,2025-01-20 12:32:53,8ea20f70-1f13-491d-9942-223e27f96361,907
1319,53.0,Pending,2025-05-05 20:05:55,1c8fa897-903f-4518-a319-f11e51c437f6,8903
1320,120.85,Pending,2025-08-24 03:18:25,3bde37d9-fe23-40bf-bee9-eeab03a5db63,6672
1321,37.07,Refunded,2025-05-22 11:32:10,e6fe8590-6cf0-40cb-aa46-e157fda95e4f,347
1322,124.97,Pending,2025-11-04 07:51:49,6d897002-ee65-437a-9f8f-ca85adb51bfb,6548
1323,205.78,Pending,2025-09-18 21:03:48,8bd1d0c7-409b-458f-806a-a3a4af1f082a,7872
1324,27.08,Refunded,2025-09-28 13:40:11,e21f7248-2649-4736-b131-3a3b41c6a814,7935
1325,84.58,Paid,2025-10-26 10:23:26,88d17972-289e-4faf-b2c3-2c700fc2ee49,4322
1326,22.35,Paid,2025-09-06 21:42:17,c552a603-3fc7-4cb4-a2cf-3972daeff58c,481
1327,74.16,Paid,2025-02-28 13:53:47,cef13b38-00d6-4502-9c74-2c94f934ffe6,3048
1328,167.6,Paid,2025-04-21 03:25:17,e6516235-edf6-423d-bfe2-eb837a71aa1c,6964
1329,67.37,Paid,2025-05-23 21:45:42,33c8fe79-510f-440b-8696-43602e5e27fc,4063
1330,42.87,Paid,2025-02-09 06:15:21,8ce5f7ad-9f00-4f42-bfdd-c71394ffcab4,1791
1331,148.62,Refunded,2025-09-21 17:10:21,beb58213-bd02-45bb-9102-b512a1d49b11,5516
1332,134.71,Paid,2025-08-18 18:57:36,0ca926ef-834f-4604-804c-c8a054f6f8b4,9208
1333,131.07,Pending,2025-05-16 05:56:42,c4103f4b-6732-4da8-b46f-4ca1f592ebba,5531
1334,207.32,Refunded,2025-08-04 06:56:25,22e58a73-d7f4-4fe6-b55d-f5881b171baf,6968
1335,111.88,Pending,2025-01-21 06:12:35,b63486df-5e8a-44ee-b51f-4d19a23ce596,2283
1336,149.83,Paid,2025-02-11 17:29:05,19513079-e547-4208-a85b-e035dfb62880,3668
1337,142.03,Paid,2025-03-13 18:02:44,8a91b330-b449-40a1-b4b0-018c2f32534e,3105
1338,161.34,Refunded,2025-06-13 03:26:51,86d29a5b-fa3d-47ec-9f5d-912e6515653b,2126
1339,183.32,Paid,2025-03-08 02:09:25,78d03c18-c6a4-43e0-b369-1db7a8a1f818,514
1340,55.52,Refunded,2025-06-19 00:40:16,d8e4112b-47b5-4095-9e79-f13fd753409c,8133
1341,39.31,Pending,2025-08-17 01:44:39,ec10bf08-00a2-4670-a986-036dd87d911e,6832
1342,196.73,Paid,2025-01-05 12:20:38,e83a5809-17e2-4581-9b29-80199bb443e7,8120
1343,112.94,Refunded,2025-06-28 11:48:13,56bdec19-4e14-4c33-aaec-f37250998632,1136
1344,100.64,Pending,2025-09-24 09:45:49,c4f734f7-f4df-469e-8c83-4169aa4eba75,9600
1345,120.76,Paid,2025-04-20 22:40:52,16b1a0a0-f3da-48b2-939d-f1428c1e826b,7143
1346,193.23,Refunded,2025-05-31 08:00:35,d2d3c144-3113-45d6-8228-275454eb5814,1787
1347,55.1,Paid,2025-01-13 09:48:22,82c3d9ac-ced9-4748-83f4-1af1c0538f7e,425
1348,38.9,Pending,2025-02-17 05:05:53,18925a53-dd3b-4f06-99c3-83a889049500,3417
1349,107.67,Paid,2025-06-06 11:25:15,b033bcf7-3af6-4b6a-8d04-ea8de79a472c,7770
1350,38.65,Paid,2025-07-20 06:40:43,768409db-bfc5-4dd0-98c6-dd92e4c79ff7,7573
1351,134.49,Pending,2025-05-25 22:09:31,1fb72954-1214-44d7-b91a-13d3f9fff5e6,7900
1352,34.54,Refunded,2025-07-08 00:31:54,f6654b29-8c87-4b5c-867f-55a21e95d28c,459
1353,155.04,Paid,2025-07-16 04:01:08,b2f0cb6f-d83b-4486-b5fd-bd34220cba9d,107
1354,58.48,Pending,2025-06-28 20:45:46,0dc36d50-16f6-4f44-afbb-ee80dd217737,3512
1355,46.2,Pending,2025-07-10 11:26:15,a09d7ed7-3cf5-4503-bcdc-172f2da273a5,1581
1356,115.65,Paid,2025-07-24 12:06:27,efa3e51e-5b1b-40c4-94f7-6446ceb89f5b,5990
1357,208.23,Pending,2025-02-02 00:37:28,f3b8ceb5-39e6-4af0-96a6-aa733c7e5ca5,2584
1358,119.36,Refunded,2025-09-21 21:54:00,587fb714-feac-44bc-a047-849e8ed89195,382
1359,180.94,Pending,2025-06-12 04:56:20,d10ed271-2c6a-423c-8e79-b21edfdd47eb,499
1360,85.8,Pending,2025-08-16 23:14:13,bc696c00-6ed0-49ab-8146-4d71c5550911,560
1361,73.69,Pending,2025-06-21 10:26:03,1a92ba08-5bce-439c-9993-0e550db9c0f2,453
1362,178.95,Refunded,2025-06-15 22:37:16,2d003199-43bb-41ce-b7c4-f1e680cbb392,1130
1363,103.63,Pending,2025-04-17 19:22:19,fca91f09-d27a-43c4-84ed-98c152716714,8856
1364,158.52,Refunded,2025-11-15 09:27:35,d3eaf57c-a5a4-456c-b0c5-8e674a9ea5c8,6463
1365,55.98,Paid,2025-06-17 01:37:41,576a081c-2294-457b-b49e-7e622f33b04f,7139
1366,128.71,Refunded,2025-05-05 14:08:27,e417b3b7-3304-42bd-9dc7-198d2bd5b4e4,8851
1367,84.6,Refunded,2025-01-29 02:23:38,60592721-fea3-4a7d-b219-90b38096b652,6870
1368,197.18,Refunded,2025-07-16 05:23:11,ec9386c8-52d3-4e2f-9250-301be1e4b7ab,5630
1369,107.24,Refunded,2025-02-28 17:07:06,472ef7eb-0e1f-4ae1-8b29-dc2396e9ca5b,6348
1370,170.87,Pending,2025-03-30 21:27:58,937dd488-5a8f-4cdf-b9d6-0d76c9cb7db8,2956
1371,188.77,Refunded,2025-10-08 23:36:11,22517db1-ff6c-40f6-8bba-bdfa0dd7b4eb,3173
1372,72.02,Paid,2025-03-24 17:54:51,36a827cd-5b16-4380-9efd-8d9994e2d40e,1551
1373,44.24,Refunded,2025-03-25 09:37:11,c7fac59a-3317-4adc-b6ed-c1c67ab19ce3,4299
1374,189.48,Paid,2025-04-17 11:12:12,a66a0718-ff36-4121-a902-029e697303e8,2346
1375,192.4,Pending,2025-05-24 19:05:08,6cec9ebe-4f65-46b1-ab7c-b7606ab07048,6555
1376,137.64,Refunded,2025-07-15 03:01:43,0bdfe492-3c12-4450-92ad-f91408331900,6945
1377,197.62,Refunded,2025-05-09 22:02:37,0ec3cc8f-9b29-4c1a-8552-3ed7e3cf4c54,9488
1378,60.52,Pending,2025-07-02 13:09:55,724e74be-6571-4c39-8264-6aef76bb8927,8407
1379,104.71,Pending,2025-04-10 10:35:39,5fddddf1-f666-466a-81fe-6c3208c9a4b2,5779
1380,123.44,Pending,2025-03-05 16:32:40,ce4f13d3-04d2-4c8e-bda0-cd35784d233f,8607
1381,139.02,Pending,2025-01-05 12:01:23,adfdafb1-7547-442d-9641-b7bae101578b,6817
1382,87.98,Pending,2025-05-29 13:12:59,00ebe429-f2f4-4711-ade4-1a25702f7578,798
1383,143.92,Refunded,2025-05-18 04:35:03,785bcfba-84d8-476d-884d-81d426941fa6,2454
1384,178.93,Paid,2025-01-06 15:18:30,d0ca3d0d-62f3-47c8-8d17-3d98185d1b12,1597
1385,99.22,Pending,2025-09-27 05:46:02,42ad245e-832d-4ad4-8ffd-30559790af40,4634
1386,86.5,Refunded,2025-02-08 20:50:24,c76ebfca-adbb-4821-912f-bb982425de6f,9485
1387,184.83,Paid,2025-08-20 07:49:30,db59a0d7-b775-4304-8bf1-2db5bf75e5c3,290
1388,22.0,Pending,2025-11-18 18:29:59,4464eba7-2f5c-41d8-a5e6-6d9c99afb7db,2611
1389,156.58,Paid,2025-05-08 09:48:59,9f6a1e6c-d3ba-42b6-96af-7b8806079aed,9828
1390,154.48,Pending,2025-06-11 07:56:18,f7ed332f-ac02-4d06-b171-0b9f81c1a7f9,564
1391,122.31,Pending,2025-03-30 06:43:34,bf258b95-1dc8-46eb-8089-e47ee2044e2c,5606
1392,29.14,Refunded,2025-03-29 21:52:15,885b6620-2884-408a-8ea9-0ba521040307,447
1393,20.72,Paid,2025-01-03 07:18:15,5791a168-abc6-4b01-b515-3c49c5856ed4,2454
1394,135.4,Pending,2025-08-14 21:57:20,45ce1d2e-1752-42df-b533-90ef9a946201,4213
1395,109.12,Refunded,2025-06-03 04:20:27,718418ab-ebe1-44b3-a061-9b7f2a0f0acb,5175
1396,115.28,Paid,2025-02-15 22:37:40,a2b89f28-4d72-445b-8145-011284bd9fc8,9268
1397,140.97,Paid,2025-10-08 00:16:51,f2c60e04-2cb1-4106-bd9c-adb42df1782f,7771
1398,90.54,Paid,2025-02-16 01:08:30,e691f466-f3b6-4a03-9823-c5525d630935,6808
1399,72.87,Refunded,2025-08-17 22:43:31,e8bd8537-78fe-40c4-8b40-78dd036cbfd8,8823
1400,43.78,Paid,2025-10-05 00:59:47,b04b0793-863e-4189-a8ca-61b142f1bda4,2181
1401,119.25,Paid,2025-05-13 13:10:46,159a080f-acbf-466d-abad-8115f6684760,383
1402,127.85,Refunded,2025-03-26 04:26:20,bb934625-c6b2-4f28-bd80-8a69e4ab37be,2411
1403,45.38,Pending,2025-11-19 22:42:46,60281525-26b0-4bc2-836b-eaa2d12d6a96,8273
1404,111.7,Paid,2025-05-14 05:20:29,c6a848c0-c320-4730-83d5-61d7a1afcfe5,4634
1405,27.6,Pending,2025-09-12 09:16:47,8105b10c-a066-4016-8231-b019dfd519d6,3084
1406,122.32,Refunded,2025-02-15 04:47:41,9a27663a-95ee-4ca1-b781-394024446ce9,6030
1407,40.42,Paid,2025-11-07 00:38:24,72e65734-1c7a-470b-8b02-4d1f024e72f6,6735
1408,162.62,Pending,2025-04-29 06:08:23,8d17b68e-7e22-4d41-8c06-a6af8ce84435,1749
1409,100.8,Refunded,2025-08-23 18:56:01,e027fbe3-ec03-47f5-be6e-5c45655a4711,5259
1410,132.48,Pending,2025-07-15 20:13:52,5267fd5b-2b62-48b9-8d20-ef406cf0053e,6274
1411,89.97,Pending,2025-08-07 23:23:18,364000a3-aa46-4907-9053-bc4ae03f8672,4175
1412,131.59,Pending,2025-02-27 03:22:45,11e24843-0cfb-4021-9036-d3bd3866bb19,8930
1413,74.32,Refunded,2025-09-20 20:37:30,072d782f-0f33-44c1-a1bf-ba0c6364b90a,1737
1414,195.46,Paid,2025-11-23 07:28:33,cd146986-ab03-4745-ae07-d485872ce210,449
1415,28.7,Refunded,2025-01-01 09:46:57,4bb1e4c7-1bb8-4834-b097-bc5706543a54,2901
1416,50.69,Refunded,2025-07-20 01:36:58,153dda28-226e-4769-bd46-eba5bf9b1795,5521
1417,54.3,Pending,2025-03-15 20:33:53,43bbdf94-b76a-4109-840f-591c9242639d,4047
1418,151.46,Pending,2025-07-02 12:56:10,00288852-b83a-45ea-9b94-62897adbde85,9752
1419,179.29,Paid,2025-11-13 03:55:07,651e9f2e-e304-4ebe-ba7b-d3b4e183b463,1607
1420,138.92,Pending,2025-06-19 15:48:22,05f42816-e5ed-4f1e-a894-4e300c98cf9a,3304
1421,37.97,Paid,2025-05-01 08:10:22,e9167e56-6b75-4652-bb81-d325d0de85db,7951
1422,61.19,Pending,2025-07-04 14:30:09,bd9629ca-13b8-49f7-a8e3-11aa94333392,198
1423,160.44,Paid,2025-05-19 06:29:34,c50c263c-65af-4c99-bdfb-4205488aaf78,8124
1424,116.3,Paid,2025-07-10 21:29:57,bd8bdf39-ed07-4f05-85f9-6ba02417e148,7714
1425,171.66,Refunded,2025-04-19 13:38:02,e440df92-b293-410e-bdd5-ccabcfd6e653,9215
1426,173.22,Refunded,2025-05-13 16:07:09,76bb9cbe-548c-4e42-bddc-64201e4ba95a,5624
1427,146.22,Pending,2025-04-26 22:29:20,5026ba32-29fc-4025-9bc8-150a79c9dde0,2886
1428,202.94,Paid,2025-07-09 02:11:30,4337e1c2-9ddf-4d88-a988-92da775f72fd,1160
1429,144.33,Paid,2025-07-28 04:55:10,3abfac41-e54e-43d5-9f5d-66705f40cfa0,3309
1430,47.61,Paid,2025-10-29 06:37:25,bcce36e7-2a15-4272-a285-2ac43589ed9e,7792
1431,177.05,Paid,2025-03-17 17:24:02,1a12059d-3e8e-4567-8e58-9252f66c92e0,9926
1432,35.42,Pending,2025-03-02 04:14:30,b1d434f3-c4a4-48e3-8af1-3dce455a2aef,3545
1433,71.79,Paid,2025-09-05 16:25:27,963d75cd-fccf-4c09-8f2e-dd0a9f9d2d3f,4549
1434,86.96,Paid,2025-04-08 10:50:30,24a1a026-0ae8-4fa2-a93f-b3cc84d4a3ea,5305
1435,83.11,Refunded,2025-09-21 02:15:15,6a87a168-bfac-4aa0-8abe-f2771f6c5798,6668
1436,39.51,Paid,2025-09-05 20:08:28,be91f55b-0024-4c26-9db4-61370b34de03,4185
1437,94.9,Pending,2025-06-14 18:51:01,727394f9-d968-45b9-a749-2784729bd554,6824
1438,104.97,Pending,2025-01-24 23:16:07,58b3462b-d813-4bf3-b576-ef41a7dd2e0f,8778
1439,76.29,Refunded,2025-05-13 16:45:13,2f78bed7-d1b8-4849-bdfa-73ab656eca07,1225
1440,148.93,Paid,2025-01-14 20:03:57,5bb509c5-4c70-4dfb-b433-42f26825c7fb,8306
1441,203.2,Pending,2025-01-10 04:54:53,94951595-551e-4ab9-a735-763e76411dd7,6228
1442,209.97,Paid,2025-10-08 23:47:19,243057f1-fcec-4017-b7dd-9af7b68bfde3,3415
1443,116.16,Refunded,2025-11-06 22:07:23,438e53d8-e0b6-415b-9e99-ddcbb813ab9b,2659
1444,85.04,Refunded,2025-10-31 23:52:06,464f058b-6a17-4f6f-b454-8df1a29a4ecc,6734
1445,194.1,Paid,2025-09-13 20:56:17,c9e87e43-894e-4f31-9701-7fd948b5dc57,7375
1446,130.67,Paid,2025-08-18 20:29:22,288f6e60-3d89-4233-8ce3-e91ca395f311,2879
1447,57.46,Paid,2025-03-02 14:09:23,6df2ecc5-c827-4702-8e4a-39debb010f04,4915
1448,100.61,Paid,2025-08-17 23:59:34,f4d06440-1e52-423f-9852-11d7b270cabb,2145
1449,33.35,Pending,2025-07-29 07:55:10,fbc6f403-f7dd-484e-880b-3624dd6d6235,6128
1450,118.84,Refunded,2025-01-09 08:54:13,b820dee8-7aca-45e3-8b96-c3a664601b3c,7523
1451,207.03,Paid,2025-11-03 21:55:22,27a887f3-4bf6-4242-b4a1-f1604291d4dd,4630
1452,168.68,Paid,2025-11-22 21:10:30,1dabcce1-6f8c-429a-852c-4804fbd37592,883
1453,23.4,Pending,2025-01-09 04:02:03,547e2052-e3cc-4f79-b0df-9064563cfbfe,5066
1454,38.16,Pending,2025-10-24 07:14:20,e3428bdb-3edb-4f81-b0aa-8c870ba01472,7087
1455,162.73,Paid,2025-02-05 00:27:17,b9825bd0-4534-40c2-bf39-b1c0f4448fad,5107
1456,158.66,Refunded,2025-01-13 17:22:40,c2df66f9-d7b9-4007-9c2f-97b6ce2b0505,2662
1457,122.98,Refunded,2025-03-28 21:18:55,291a51d3-6100-4c8b-b0a9-fe4b50aeabab,4948
1458,181.01,Refunded,2025-05-18 17:00:27,c1b4d930-b18a-4054-9244-c0ac5adba20d,6652
1459,163.22,Paid,2025-06-18 03:20:05,7b400e6d-d55a-4d57-85e7-629ba4bdf1ac,1371
1460,53.77,Refunded,2025-05-09 00:48:57,829e3bfa-ce11-49f2-8a01-2e9c7c98aa0b,2820
1461,154.04,Refunded,2025-03-09 01:20:49,ca6b5e21-382b-450d-ad0a-1fd1c57e2bb2,1520
1462,177.42,Paid,2025-07-05 07:26:24,d8c23e71-e425-48c9-8a8f-171a04aa5f0b,3069
1463,40.7,Paid,2025-03-05 11:20:40,76bf17c8-89c8-4818-9161-ca534eab6997,4071
1464,162.89,Paid,2025-06-08 08:14:24,692341cc-ebb8-4390-aae2-a0b2180a78ae,7911
1465,61.62,Refunded,2025-09-24 17:02:38,59a27ed6-153f-4b11-ad00-14013771ef31,6522
1466,157.15,Pending,2025-05-27 22:59:24,e33cddb4-dc58-4b73-8144-4ef8165741de,2771
1467,196.0,Refunded,2025-08-03 02:01:58,426d7bae-2e18-4ed2-8b30-96b80396bd9b,2048
1468,126.05,Pending,2025-10-18 17:39:06,30cec29d-06d9-4274-a78e-b67338726e81,8708
1469,156.93,Refunded,2025-11-18 01:46:36,e33144f3-888d-44c5-a9d5-97613540629f,3292
1470,175.52,Paid,2025-11-04 22:03:43,32006353-9e71-4463-a783-ce97d26b6fff,1317
1471,156.76,Refunded,2025-10-24 16:49:22,2f7f1bb1-5f36-4bf2-b821-02c205a68b4b,1756
1472,63.39,Refunded,2025-03-09 11:28:30,513c8e79-637a-4a61-80a3-4f5f86289fe2,7609
1473,139.61,Paid,2025-09-14 12:21:48,1bda96c5-d1fb-4db6-a0c2-c83e7cef11d1,9186
1474,83.35,Pending,2025-10-19 16:21:08,51dfb695-4fb3-4105-a843-2034324a432f,6777
1475,87.18,Refunded,2025-01-06 12:49:42,5279c137-64d1-4fb0-89bd-d5c65674b750,9897
1476,123.44,Paid,2025-10-26 06:48:31,b0c96a76-31d2-4ea2-8544-91038e7a5e1e,2588
1477,135.65,Paid,2025-10-14 22:57:01,1db2e914-90a9-4cfb-9ade-b161bfa6b31d,1079
1478,175.54,Paid,2025-03-30 11:13:28,deb4b207-6e00-48ff-8a17-d40f6875df42,795
1479,142.77,Refunded,2025-06-01 15:46:45,19c4b9e6-aa3c-4d78-bd93-5de500c1eca0,4843
1480,177.29,Refunded,2025-02-11 12:17:36,99e0718b-f45c-480e-ba53-bb9b2e83dfb7,6166
1481,146.35,Pending,2025-07-20 04:28:42,3945e8e7-b397-4d6d-8173-042b40f227e1,6693
1482,157.21,Paid,2025-08-29 03:34:10,b3fd28f6-2316-4830-9672-00fd41bcbfe9,3740
1483,203.08,Paid,2025-05-31 20:08:06,20ab25b8-9feb-4300-a4ed-a3584dacfba8,2123
1484,146.56,Paid,2025-07-15 11:34:47,30d71c21-d622-4056-b399-c6ad8228d54f,1002
1485,104.8,Pending,2025-02-13 08:26:48,ca9098c9-b814-4266-a4ec-b3b89abc8000,3762
1486,135.59,Paid,2025-10-15 08:56:59,145e3c8f-d723-4760-8556-7ed2a65d0868,304
1487,122.11,Refunded,2025-08-04 01:48:15,d2e12deb-0fff-4172-899f-cb6df80b83a5,6721
1488,61.32,Refunded,2025-07-15 00:28:46,77579da7-4eb9-451b-9f2e-c4d9515881a3,488
1489,36.61,Pending,2025-01-22 12:52:09,c1673aa8-5685-4c5e-892c-6629bd0610d6,8284
1490,42.74,Refunded,2025-10-06 11:29:15,2b4ab84c-dd50-4e6b-89af-13256475053e,5261
1491,142.68,Pending,2025-09-11 03:22:03,fcca8eaa-dad1-4516-8885-bdfd87647b4b,1409
1492,120.78,Pending,2025-01-25 19:19:56,19f5eece-ccf4-497b-995f-2f45df3a6e56,6374
1493,78.69,Pending,2025-11-22 23:56:31,d1871f24-522f-4fa7-8940-2921529c473b,4919
1494,190.09,Refunded,2025-11-18 01:28:17,4ba9734d-ebe2-4144-a3dc-71cedde6cbfd,7073
1495,169.12,Pending,2025-09-01 12:41:53,5b491c51-ff8c-4c67-90be-98858a53de06,249
1496,104.95,Pending,2025-09-23 09:50:32,c56a8267-3eca-4937-ae4e-c31734be3853,5996
1497,43.58,Refunded,2025-11-12 01:20:39,adcee836-c496-463c-ac21-1882cd229e19,6105
1498,123.89,Pending,2025-11-06 05:19:25,22331bd3-0ecd-4d92-a98d-16fb8472cfe9,2502
1499,193.43,Paid,2025-03-16 04:43:52,66ccb684-81af-40f8-9d61-a31f73d6818f,3616
1500,103.5,Refunded,2025-06-14 19:07:40,0d451acb-8d06-4258-8978-e3ead031a645,2361
1501,80.54,Pending,2025-02-11 23:05:28,3a76f020-3acb-435e-89de-f6ea08e7011e,4651
1502,104.75,Pending,2025-03-24 01:03:29,993d5cbe-1788-47c1-a11d-1f5b75b5b51f,2310
1503,47.96,Pending,2025-04-01 01:05:57,38a893da-a82c-4441-8a03-f22691d445cf,9306
1504,198.08,Paid,2025-04-07 21:32:34,af3eab10-333c-4834-936d-cac008b05ffb,2692
1505,21.39,Refunded,2025-03-12 12:58:02,49279acc-9bb0-4ebb-af88-ff0b443c30d9,1392
1506,29.44,Pending,2025-10-24 09:14:31,fafcbc3c-4a6b-4474-b9a9-c9b792b82447,9315
1507,160.4,Paid,2025-09-02 14:23:16,5cf76f37-9120-4b5b-8711-79d4b3a99698,6210
1508,127.09,Refunded,2025-08-29 12:00:10,9624a7b7-2246-41b7-9f7f-6bde74ad97cc,5901
1509,68.72,Paid,2025-04-22 20:19:57,12dd2f7f-cb7a-4c11-84a4-1dbfec133660,4062
1510,182.01,Pending,2025-09-06 14:20:49,80859856-ad3d-42ca-a5c2-e2ea70e863d6,9124
1511,166.96,Refunded,2025-03-06 19:37:50,4b331eda-baf8-4169-8d77-81411ce1ec8b,3837
1512,66.43,Paid,2025-06-26 10:02:57,a97923de-87be-43e8-9cff-4781c54963d9,4038
1513,61.76,Pending,2025-03-19 12:06:28,9ab7a265-9b56-4038-b51a-737c46da2165,5719
1514,45.3,Pending,2025-03-02 17:41:33,7c4688ef-7c46-4ecd-ba16-0182f90028b1,713
1515,163.48,Refunded,2025-07-16 21:51:39,299d0812-912e-4760-86f2-fedb88d5d0e4,4974
1516,161.31,Refunded,2025-05-21 23:19:10,f33b1f49-d039-4494-8733-4300df24c89a,1985
1517,101.94,Refunded,2025-01-12 11:30:10,93dfc19f-d9aa-441a-a409-f0ab8a40f164,9608
1518,41.91,Paid,2025-06-21 21:43:45,4bfc2048-fd72-4d62-a639-36ce9ef7e0f0,7097
1519,138.0,Pending,2025-08-31 18:17:34,da9dce62-9dfc-4568-9f34-8464c508a5d4,9968
1520,94.69,Refunded,2025-05-28 14:26:10,c29e8a8c-45fd-4e34-b281-347e8a86f1dd,2635
1521,151.81,Refunded,2025-08-23 01:29:13,ae96e887-d425-4670-8bff-a8a263bd3562,8685
1522,157.78,Refunded,2025-04-07 19:00:00,441244ba-01af-4480-9f5a-9f8a96351058,8329
1523,198.23,Paid,2025-07-28 08:59:32,e765e3b1-d7ab-4a28-b9b9-69d4771ef412,2735
1524,180.42,Paid,2025-11-06 10:28:27,8db2c7bc-c5fa-4207-be82-1dce93ba1674,467
1525,106.41,Refunded,2025-08-24 20:13:09,5403f0ff-1955-49ac-9286-7db8b5d4a2a3,1034
1526,47.14,Pending,2025-01-10 21:04:26,dd82ea1a-eba2-4cd7-aca5-142e8c77b714,2569
1527,108.86,Pending,2025-10-28 21:06:08,a67044b1-4486-4496-a92a-8dc9284c8b18,6749
1528,165.85,Refunded,2025-11-04 06:20:04,88a94eb7-b389-480a-862a-a631bc1f5b95,146
1529,195.44,Pending,2025-11-13 07:58:58,80afa406-05c4-4a5a-9baa-7534b6db1dfe,5072
1530,101.6,Refunded,2025-05-09 21:53:11,b9e7db6b-aa52-4efb-bf8e-69d45f5f183c,6678
1531,108.3,Pending,2025-03-03 17:05:29,bfda30c5-63eb-4684-93e8-5cd92fc20a30,681
1532,101.54,Paid,2025-03-06 13:22:31,9f443888-ded3-47f0-8989-c65b787f4905,552
1533,124.95,Paid,2025-11-18 20:27:41,8e29dcd5-4531-46ed-a8ff-ac81cf85d88f,5076
1534,156.1,Pending,2025-06-21 08:12:00,03cb1def-cb65-420a-832b-7334e05b3f1c,4693
1535,42.8,Paid,2025-03-10 14:25:38,49af0938-ed76-4288-9300-90755458811a,7975
1536,139.52,Refunded,2025-01-17 23:27:02,09163a34-634b-4606-b8f5-9b2ee6061f55,8529
1537,75.59,Refunded,2025-04-25 10:27:42,88cdd855-40bc-47e0-8f9c-b85b6aa11b8d,3487
1538,201.47,Paid,2025-09-14 12:58:41,70d4a63b-1e61-4ff0-874a-f8a804b12a06,2600
1539,143.61,Paid,2025-07-20 06:44:12,5bace0c5-5856-4c86-83d3-c120cc9a0293,8282
1540,87.11,Paid,2025-06-03 21:56:10,c2422677-1a62-48ca-b459-78eaf7f9eac1,2538
1541,194.53,Refunded,2025-09-13 15:06:55,ff8d4b64-7e0d-41c3-a98d-a27895a973eb,6850
1542,208.97,Refunded,2025-09-04 20:46:18,991f04ba-74ac-4fe8-acc5-2998b4c88d4f,7306
1543,130.74,Pending,2025-01-08 03:59:41,abcbb277-27b1-40e0-83b7-d45cc8664581,9852
1544,65.39,Paid,2025-07-16 04:31:50,af4b23c5-d905-4388-b171-faa21bf033fc,7443
1545,24.38,Pending,2025-04-04 09:46:25,d0af377b-7018-4cd5-b9d6-35ae6a302ca6,2999
1546,56.18,Paid,2025-08-17 13:40:06,5b7bfb0b-2971-4d40-8639-e1a171ef66bf,9289
1547,154.53,Paid,2025-04-04 11:41:55,2a86ca54-08ff-469b-8dd5-3ac9464c4c18,9842
1548,128.2,Refunded,2025-11-23 12:06:52,ace46f13-22df-4b32-9bcf-3a602ccdbb40,4199
1549,74.88,Refunded,2025-06-17 03:56:13,b46245ad-152b-413d-8bba-e4c7be5dfc1d,113
1550,149.68,Paid,2025-10-14 00:21:52,5de98952-41aa-427f-9f87-b35b6f8eb103,2794
1551,144.08,Refunded,2025-04-23 04:23:51,7644223b-da17-435f-b660-eda6e2396a23,6183
1552,72.41,Refunded,2025-07-25 13:21:19,628f05dd-20f3-4436-8c02-49f41130f4ee,4700
1553,28.23,Pending,2025-03-20 21:07:39,99e03d0c-dcde-4d63-aee6-7182d0a6883a,8166
1554,177.57,Pending,2025-02-21 04:48:55,8ce94ae7-1275-4d86-bd2c-f63fc1cc1363,2737
1555,88.8,Pending,2025-04-12 06:04:42,19f14322-8c40-4d21-9f0f-8ca6ceaf60b9,3114
1556,203.03,Pending,2025-01-21 01:24:24,103d94aa-4148-4ab4-bdfb-0e93c1e522bc,9020
1557,45.49,Refunded,2025-05-05 19:53:21,07d020b4-bbc3-4f2d-b876-9cbf8f409598,7952
1558,41.13,Paid,2025-08-22 10:14:50,b2adffdc-ec9d-4c59-8e48-40dac38979a2,3382
1559,74.2,Refunded,2025-11-03 17:03:46,51bf9e03-bb28-4e51-8408-b6e5d9d18bb4,4994
1560,23.8,Refunded,2025-04-12 08:03:05,5973adec-25ae-4240-9bea-cd98d8eb8adf,9614
1561,148.93,Pending,2025-07-24 02:45:15,455c0158-3e5d-4447-8c5a-afec6915006e,9784
1562,43.8,Refunded,2025-10-23 22:53:33,de847f69-5c09-4b4c-8140-8ef3d37bc05c,6353
1563,165.33,Pending,2025-01-19 01:23:53,cdf8b52d-45a5-4db7-a64e-a713477cb32f,7826
1564,156.99,Pending,2025-10-31 09:04:31,728502f8-329a-4f9b-9d4d-88820d9e9202,1079
1565,100.17,Pending,2025-03-20 16:19:25,59ada43b-10b0-4ce0-9b1e-7cfbbc0d5f48,3480
1566,130.12,Refunded,2025-09-19 19:40:41,aadc33a7-918e-4f42-a469-ae66ea027477,6908
1567,22.14,Refunded,2025-06-01 10:22:12,58dc0bf0-b696-4525-abaa-f0025c7f9db4,3244
1568,152.93,Paid,2025-04-29 18:41:17,765f5ef5-0e79-4310-9226-77906eb333c6,4800
1569,98.99,Paid,2025-03-11 10:36:13,2520c323-5ae3-48bb-b691-6d8e0970d2e7,4293
1570,142.34,Paid,2025-07-20 03:52:16,6f2a9416-c846-4d05-ae7b-e81fcf73fa07,7392
1571,71.96,Pending,2025-06-30 17:10:20,8e383624-2ae9-464c-8724-21e821f17a92,4603
1572,49.02,Refunded,2025-07-31 21:27:28,f58eb927-b077-4fe4-a48b-7f3abab388c8,8081
1573,120.18,Pending,2025-08-10 02:42:41,210e756c-02bf-49db-af9d-289322a5b391,4015
1574,160.16,Refunded,2025-11-14 16:32:46,a759099d-6dc1-46cf-90ec-8e93535cdfb0,9440
1575,144.69,Refunded,2025-06-27 11:22:13,5e58c26e-0016-40d3-829e-2ca8094ab90e,4569
1576,125.2,Refunded,2025-03-11 08:58:32,5b52e3ea-3717-4911-9ab9-539cb18e3c5a,7848
1577,170.64,Pending,2025-02-03 13:41:32,fe233382-f717-4bb5-aedc-1a9b82e48fb6,7888
1578,34.61,Paid,2025-08-10 15:15:05,fed36eef-50b0-471f-a03c-d3d36666aa8b,3274
1579,65.74,Pending,2025-04-18 08:03:05,28ad284c-d157-4f07-b30e-7539f7af9c2f,3404
1580,186.67,Refunded,2025-07-05 21:43:41,ff7d2bc5-3d1d-48e2-a3a3-e0da2d5c1d91,3457
1581,133.85,Pending,2025-03-29 20:54:44,ea6415b8-4b54-449b-9f31-40aea085d353,9764
1582,28.39,Pending,2025-02-11 21:01:23,e1a26a9d-bca4-4210-88d8-2795800f5ec2,632
1583,152.13,Refunded,2025-10-16 13:45:24,cbbe4803-87fe-4163-bb98-0c1227685253,444
1584,77.61,Paid,2025-09-06 02:41:08,827b5856-447d-4ad3-afe2-9a2769e1feda,4175
1585,74.3,Paid,2025-09-15 14:52:50,8833c133-aad5-4194-829b-bae5519d05a6,7615
1586,119.81,Refunded,2025-04-11 07:24:39,f34f1cf5-b8e3-4211-94f6-8c9f93559697,4993
1587,110.52,Refunded,2025-03-09 14:20:13,fb0ab1b8-1bd7-4b9f-b103-a0eccb118738,5534
1588,89.56,Paid,2025-06-02 10:55:41,641efc89-f0ee-4e5a-aa5e-02043853aa9d,9978
1589,48.27,Pending,2025-01-22 09:26:24,1ac3d044-0777-46d1-9d0b-aaf6c4bed7e5,3750
1590,197.18,Pending,2025-11-22 05:32:26,155833f1-3098-4711-9e38-ce956d3b3a4c,7422
1591,169.59,Paid,2025-09-14 01:12:41,7651c1e8-8e39-4aca-86ad-ca40ed6a2cdf,5602
1592,54.17,Refunded,2025-09-05 02:42:37,9d7e96a7-b791-4297-9f2c-e346f95dce63,8797
1593,124.06,Pending,2025-05-22 18:19:30,d83968c5-f746-4464-a83b-7c5672c75023,8595
1594,115.02,Refunded,2025-02-17 16:17:59,2e381305-a5ef-4070-b697-d39c8a592459,9247
1595,64.17,Pending,2025-05-24 01:06:19,0fb3d359-ac2c-4e8e-8f0e-b89f6f9b4348,8718
1596,97.08,Paid,2025-08-26 10:22:14,24fbfebd-62e6-4c1f-b18b-bb1df32e109c,4050
1597,177.75,Paid,2025-08-07 04:59:58,99922f4a-a327-4af0-bc44-c4693bdb431b,6486
1598,204.67,Pending,2025-08-27 17:00:04,08229c7c-808b-450f-a134-95288c257de1,7770
1599,126.13,Pending,2025-09-27 15:18:14,5f7c2c68-be19-4d30-ad3a-a740f264d86b,824
1600,39.13,Paid,2025-07-08 03:53:30,b11d5c41-d956-4db3-b7ae-211595496b49,4077
1601,20.27,Paid,2025-06-26 21:06:28,7c9ba581-0502-4f3b-b465-3dcb4f72db58,7934
1602,113.44,Refunded,2025-03-14 09:42:38,e828df3e-565e-4075-8fa7-8e7a025d145a,2553
1603,34.83,Refunded,2025-03-20 03:39:07,b3210201-7051-4c15-8fe6-165a59ffa685,8212
1604,33.05,Refunded,2025-01-10 19:35:55,27815e16-b5dc-4bf2-8c05-6a63d1c319ef,4915
1605,200.78,Refunded,2025-09-23 00:43:52,73abcda6-9833-438c-8924-21daf0194ada,5726
1606,151.47,Pending,2025-08-15 06:57:33,515844e8-8702-48c6-a233-fa59573bf7bd,6653
1607,200.3,Paid,2025-08-04 05:53:31,faa242f2-66ca-4967-800d-d45179480d57,5874
1608,131.45,Pending,2025-01-19 13:34:30,c9e3baae-ee3b-4ab5-9823-68156aa48037,8043
1609,102.94,Pending,2025-07-29 22:59:27,b46d95ba-c1ac-4dd8-8868-8326ae4f8fb5,5483
1610,98.83,Refunded,2025-04-01 17:11:49,7f255e8b-a813-4a4e-b993-9c7dc0db8b3c,4050
1611,22.25,Refunded,2025-07-02 14:54:51,27002012-07f2-46ce-ace6-ef7645ca5f8c,1955
1612,156.7,Refunded,2025-05-20 11:08:24,60fd1565-b204-4f6c-9f88-fba00b2e9083,5596
1613,144.62,Pending,2025-09-26 14:49:29,4466b014-1c43-450d-8e4f-550986880d2b,439
1614,144.73,Paid,2025-05-30 22:52:57,ffabe6d4-ee2e-4985-a623-1eeba34080d4,4590
1615,65.04,Refunded,2025-07-05 00:46:39,85baed57-2344-4d34-aad5-df03678eee98,2174
1616,44.39,Refunded,2025-09-21 17:03:08,1c42f50e-5ab9-40d6-98cb-bda1c73ef97e,5147
1617,172.2,Pending,2025-04-20 02:15:32,7e065670-b3dc-4ac8-baae-b5d4d87fca99,4404
1618,78.73,Refunded,2025-01-12 02:31:40,da1f062e-8591-465e-ad13-85e0527bfd11,5349
1619,125.6,Pending,2025-03-07 14:35:36,064d6863-6575-474b-8eba-22bea752ec67,3058
1620,59.58,Pending,2025-04-11 07:20:50,4499aae0-5192-4ddf-a74f-da09abb7efeb,5066
1621,99.65,Pending,2025-01-31 12:01:11,2a5c11e3-e86c-4ab2-9e5d-ad428f960c1d,8971
1622,172.74,Paid,2025-05-04 07:16:10,121465a8-eb55-4bb6-8e8b-0af7e1ba0872,4936
1623,126.78,Refunded,2025-01-31 06:48:12,6760a6fb-1435-486f-ab24-5d8382ebf05a,101
1624,204.79,Pending,2025-06-02 23:49:53,9c5fe24a-8260-4a46-920b-06de4e0dd7e5,3556
1625,205.94,Pending,2025-10-29 11:52:55,d46327d5-a97f-4790-83ab-722d34e18dd9,4784
1626,117.31,Pending,2025-02-16 22:41:11,8657047d-cea8-4c80-8b46-e78d8398bfe5,7396
1627,72.19,Pending,2025-09-27 23:50:48,67c1d6b1-8acc-4df2-a1bc-838b71d656b4,8000
1628,139.59,Refunded,2025-05-04 15:27:19,c8486a35-5052-4d90-81bf-3fc2a5d3ed18,5609
1629,33.17,Refunded,2025-06-16 00:42:34,1c212979-8d6e-4056-9ef1-568ecb0d7c07,8628
1630,34.42,Refunded,2025-05-18 20:59:03,3f717a1c-bc1e-4ff3-89c0-13aa816c581f,909
1631,79.05,Refunded,2025-10-24 18:18:12,34a5100b-8fff-4fdd-882b-dd9cb02d1586,599
1632,155.69,Paid,2025-01-14 20:50:52,caffec47-cc2c-4568-bb34-c16f53a2e5d7,975
1633,70.55,Paid,2025-03-24 20:44:55,b4272649-5e88-49a2-a95d-a3159e91ff87,4976
1634,134.13,Paid,2025-11-18 17:20:18,d5fff2a9-0d7c-4a65-b344-417eea0a8d86,445
1635,45.7,Paid,2025-02-24 01:48:13,9cb246ea-0e64-4a46-8a3b-aff25bc4faeb,8411
1636,183.76,Pending,2025-07-17 11:21:33,4f5828d8-0d0d-4d32-a06c-07131ac7598a,5202
1637,101.77,Pending,2025-01-13 01:36:34,0a681b27-028e-459b-b369-f4d592ddd2f7,3942
1638,115.01,Paid,2025-06-16 17:03:05,44d06626-6448-4193-8890-f5583432b4ba,9219
1639,166.48,Paid,2025-10-29 20:01:25,a7126b83-3d99-4fba-af63-4087b62f4b7d,1397
1640,182.35,Refunded,2025-11-19 18:42:39,20bc35ec-12c4-420d-8abf-5c933a287add,7344
1641,55.45,Refunded,2025-03-27 06:56:11,7ee4ebbb-3420-4d28-8326-8378f52ce186,3509
1642,24.52,Paid,2025-02-11 12:39:27,eaf24173-e938-459e-9092-c852cd927488,4314
1643,57.59,Pending,2025-08-31 01:11:16,3b55a44b-4e4d-47d2-94a1-53bae0306430,5680
1644,120.6,Refunded,2025-08-18 03:37:48,97ba5619-437b-4097-915b-9d54491311dc,989
1645,104.98,Refunded,2025-09-24 15:38:55,ce10b1d8-2739-4c88-b03a-561cb8d9e133,3252
1646,101.47,Refunded,2025-09-04 10:45:42,a8cb232a-e613-4394-adbc-1d90071f0efe,1529
1647,169.85,Pending,2025-10-13 15:17:54,d6232a4d-8218-4a4c-beed-8a43dc7c05df,5114
1648,181.78,Pending,2025-07-14 00:17:53,a8d8411f-1a64-40e0-a920-f2c220d2d271,6219
1649,35.84,Paid,2025-11-04 06:36:52,ed177e14-ee17-4b68-b581-00e42e5b52b1,9332
1650,167.42,Pending,2025-05-18 19:58:42,67d63455-93f0-428d-8ee2-612522505087,4448
1651,45.47,Paid,2025-09-17 00:48:13,e3ce36ff-9057-44b7-93a5-04c996419a28,6292
1652,72.93,Refunded,2025-01-21 05:55:48,35321a56-3c02-4422-9090-33e4ff0df3f3,7414
1653,86.96,Paid,2025-11-15 21:00:30,d9470897-9d39-4cca-a00a-b78755f5ff03,7276
1654,48.06,Refunded,2025-03-20 07:37:04,78460815-8cfb-4ae6-8f17-91ec0a3b9cec,1874
1655,154.95,Paid,2025-08-18 03:40:03,ce56f8b8-3683-4e7a-8939-56886afdd8cb,1262
1656,130.76,Pending,2025-05-02 08:59:30,8eb42faa-29b6-4937-aeed-2cee4dabedb8,1546
1657,140.96,Refunded,2025-02-27 16:19:33,1ca9d880-eb5a-4350-aefc-df8cac388149,493
1658,156.97,Paid,2025-07-28 06:31:01,0e96973a-28cc-4197-827b-a1eb84f6dc03,1355
1659,145.49,Refunded,2025-04-04 14:51:17,aa4eb342-818e-45e8-b50b-c265d41d6149,2878
1660,23.69,Refunded,2025-05-30 17:36:16,445112f6-abc6-4b8c-a159-8a6457f7e834,8119
1661,99.08,Paid,2025-09-23 17:00:40,2d45db31-b0fb-48bd-afd8-95e7bf3cb583,2017
1662,138.09,Pending,2025-05-16 02:36:00,0b7d8ee5-fe83-4f56-812c-0e3edfa53bc8,6892
1663,163.33,Refunded,2025-07-31 20:43:17,ac243861-19e1-49f3-91ed-6a4bf6944116,6218
1664,151.43,Pending,2025-07-18 01:38:34,0d0d9534-896a-4ba3-b59d-645f6d08eb0f,1441
1665,91.99,Pending,2025-10-23 13:49:14,25037620-4981-48ad-9bf0-e406cb470ca6,7050
1666,70.53,Paid,2025-01-24 17:08:28,93059637-7dba-452e-995f-62c9c5e5aaa0,6298
1667,174.41,Refunded,2025-07-10 18:08:02,8f8a805f-86f6-45f4-bccf-db2543381586,609
1668,147.91,Paid,2025-09-30 23:50:53,ad15c28f-9034-40d6-af2a-d766122f6347,4006
1669,24.7,Refunded,2025-05-13 13:46:49,716a9c1e-ee6d-42ad-a8e2-3883e83fc7d4,1678
1670,98.77,Paid,2025-05-24 14:46:04,82b58358-61c6-4e1e-8e67-fd67e9255a96,2942
1671,106.41,Refunded,2025-10-27 03:05:43,2649fd47-e991-4855-a625-801572506f4f,7576
1672,177.86,Refunded,2025-08-15 12:10:15,249af9d7-267f-400d-a717-fb6c590d153b,3371
1673,197.75,Pending,2025-01-31 09:30:40,7987306a-7321-4a5d-88f3-b54463c2f428,4441
1674,35.37,Paid,2025-01-01 09:22:15,d95b8702-9cb3-4d11-9961-13c8277377ee,1619
1675,40.56,Paid,2025-01-06 20:17:23,4ddf7274-2893-43f5-ac8a-67c1857c7204,6492
1676,142.76,Refunded,2025-08-20 15:10:50,9bfe3cd8-abad-46dc-a5c1-71c32dc3697a,5180
1677,138.99,Paid,2025-08-24 14:07:04,595bf594-bdd2-42ee-8f05-4eeeaf6fd921,7135
1678,129.7,Paid,2025-11-14 07:50:30,32c70983-6e7a-470b-8053-19082ed2b839,2318
1679,197.55,Refunded,2025-11-10 08:58:16,53485090-5501-41e1-9db2-8c14188ff914,4821
1680,115.72,Paid,2025-08-03 21:32:57,2681b1a9-9c9f-481a-8f6f-071198177feb,1622
1681,194.07,Refunded,2025-01-31 21:16:44,194775e2-f82c-413e-bd40-4df95bfc512a,4257
1682,206.97,Pending,2025-06-26 00:47:27,20f005ea-88e4-4824-8521-50a4c0a492bb,5908
1683,131.86,Paid,2025-04-26 14:37:58,65968eaf-b666-465d-b447-396c98404623,5910
1684,57.34,Paid,2025-04-19 14:14:27,fa44513b-a3c9-4c69-b951-32e50ba4a9cd,416
1685,106.54,Pending,2025-01-14 15:42:13,a675bf05-59e1-4404-b3e8-b997f9cec2f3,3633
1686,198.4,Refunded,2025-01-03 16:38:57,a4d3d85d-cc24-48ba-b702-0863cfcaa2e6,6706
1687,191.9,Paid,2025-07-10 02:30:10,e6e5073a-e886-47fd-a14e-acbcea73718c,5087
1688,145.72,Paid,2025-10-08 10:37:48,b809f413-0d18-499f-a83d-36b58f7c32ad,7920
1689,32.09,Paid,2025-09-18 03:59:15,b48b8046-2cdb-4abb-8b68-191e48ba639a,6645
1690,153.17,Paid,2025-07-02 11:10:24,f35fc134-4d19-484a-9b7f-4c387a772ff4,8051
1691,128.4,Refunded,2025-03-14 12:55:34,ee38e5cc-d2cd-4283-9bfd-f071696a5ecb,5408
1692,200.57,Paid,2025-09-27 22:26:21,aac0eadf-9336-4ffc-86eb-4ed9c6cec3ee,6428
1693,76.08,Pending,2025-11-23 06:42:54,bd478329-790d-46ac-a3c8-88583915f75f,7515
1694,33.11,Paid,2025-06-18 10:09:08,bc418fa0-7ff9-432b-91ff-36675c3db11e,4645
1695,33.03,Refunded,2025-04-18 23:51:56,449f68b7-3222-45f1-a484-13fdf6a611c2,4472
1696,129.27,Pending,2025-01-11 02:28:38,7ed8eabc-bdce-4201-b7dc-4d88a682fde1,6526
1697,131.56,Paid,2025-01-08 12:30:11,3a1e0dea-63e4-46c4-887d-151590f26970,6473
1698,67.3,Pending,2025-06-17 21:12:37,dc3c54f1-09f5-4e27-86ac-20bf0c23ebaa,2722
1699,50.28,Refunded,2025-05-05 03:43:42,b52be39a-9183-4efa-899d-ec8548e1af16,8443
1700,91.92,Refunded,2025-03-26 18:45:55,11c597e5-b83c-44b0-9e2c-ac9c6d3e7677,1851
1701,106.14,Paid,2025-04-07 03:10:56,2e3f25a8-9bd3-48cd-97b6-b75dedbe833c,6961
1702,152.03,Pending,2025-07-16 14:24:48,02290f51-f3c3-426b-942a-98e124da9e61,6045
1703,113.41,Refunded,2025-04-12 10:49:02,1f763cfe-095a-41d4-9123-6ae452a0bce6,1836
1704,75.32,Refunded,2025-07-22 08:06:03,2dc01253-b60f-4aa1-82c7-d17ef450d1f1,9841
1705,174.2,Pending,2025-09-24 03:04:39,d839b44d-31f7-49d8-9a48-de6f43c2612b,1735
1706,143.78,Pending,2025-04-04 14:40:24,9b72b550-37f1-416b-a0fc-768fd412c774,9825
1707,193.85,Refunded,2025-09-08 22:17:40,9a10ee61-e2bb-48ad-b4d7-cedecb175be4,3408
1708,44.15,Pending,2025-09-10 23:05:12,2bb70a5c-e7bc-4438-ac4e-dfe81ac26159,423
1709,62.7,Refunded,2025-02-27 18:48:33,a4923d33-63dd-4952-aa52-d2e664946eea,1924
1710,175.64,Paid,2025-06-22 05:04:48,47a9428d-4300-49bf-8da9-56f764a9b2cc,1889
1711,158.71,Pending,2025-11-01 10:42:05,e7e61b11-0cc6-4cab-a674-3ba66785c0c0,3550
1712,115.1,Pending,2025-04-23 02:03:12,df7dbea1-62bd-4e51-b080-193f05d43248,2391
1713,113.92,Refunded,2025-01-19 16:09:40,96ffcbcd-8a1f-46e8-9bdf-6ea105a9db05,7424
1714,181.63,Pending,2025-01-06 05:51:47,523153f2-d973-45f0-aca6-d40d7ff3d225,7270
1715,176.16,Paid,2025-07-09 06:08:54,f5b389ff-13fb-46f0-9545-b5060b85e992,617
1716,205.63,Refunded,2025-05-18 07:56:06,f83ff429-6645-406c-907b-a98d573d6017,3465
1717,159.34,Paid,2025-07-28 21:00:03,4a44d6be-4b3f-4dfe-bffb-2d6538c3df71,1778
1718,163.1,Paid,2025-01-31 14:20:12,d4bed396-b4a4-4719-bcf6-e94d29c8f53c,3958
1719,192.62,Refunded,2025-10-10 15:12:46,af8b6741-b673-400d-a218-202ecc350095,8629
1720,40.84,Refunded,2025-11-15 20:56:38,7086520f-7b79-4f22-aab0-41d52d8c18a6,7884
1721,147.61,Paid,2025-05-05 08:09:51,de2501e7-f5cb-4f25-8d4b-a79ecbd1a6f6,4085
1722,93.48,Refunded,2025-02-15 09:14:51,613dce0c-56ae-4506-9e76-e215314d4e21,5869
1723,184.38,Paid,2025-10-08 21:42:52,56df964a-6b32-414f-af98-b42565c4d26b,4007
1724,145.68,Refunded,2025-09-07 15:25:56,86d2c57a-58ce-42d4-bf04-f3c7118201f0,6271
1725,169.68,Paid,2025-03-29 08:05:40,d8d8cea0-44c8-4a06-ac2f-b64408b93c94,3758
1726,138.38,Paid,2025-04-30 21:46:10,edd35689-2589-4c8e-9ac8-fe9cd374dd21,4406
1727,118.49,Paid,2025-03-30 03:42:14,2a49d9c7-4cd3-4073-b2e7-ea4ba923d540,6773
1728,180.06,Paid,2025-04-16 07:06:41,6259a959-4388-4576-bd9e-8deade4130f5,2271
1729,55.82,Pending,2025-05-01 18:44:29,233ec97c-afe5-45bd-a648-49f3122c9cc9,7137
1730,31.06,Refunded,2025-09-19 00:10:20,a3847c2f-3392-4751-bcba-295f7c547379,3434
1731,198.33,Pending,2025-02-21 00:13:30,6f826afb-f55e-4721-948e-96c7e078c92b,6992
1732,111.08,Paid,2025-04-11 14:51:04,c18293f9-827c-4368-b620-7471042742f4,9599
1733,85.91,Paid,2025-10-11 16:56:09,62cd2770-f537-4aed-8348-2a7b8b225008,5910
1734,102.66,Paid,2025-05-03 01:25:19,1e6d9b66-5c91-4240-a24f-5da797fc1a1a,3248
1735,101.82,Paid,2025-04-09 22:23:44,f4db9951-f03c-44b6-b8ea-1f51e6493d28,4311
1736,87.76,Pending,2025-07-12 18:16:33,6e75b96a-76a3-45f7-8f65-608d2a711d12,8261
1737,206.67,Paid,2025-05-07 21:03:14,90276117-7e63-49ed-89b5-eb08dd70bf72,4867
1738,44.04,Pending,2025-05-25 16:20:00,0856fed4-fa73-4399-bf27-7f8afce3f3a7,4030
1739,85.49,Pending,2025-09-25 21:01:11,e0beb4a0-eb13-4da9-8c43-b5f006e15284,371
1740,67.89,Pending,2025-02-25 17:43:03,94f20f56-719d-4445-b028-1bb3f8e87484,5031
1741,30.62,Refunded,2025-04-25 20:11:52,33ce374e-fdd3-4282-904c-a98b17f138dc,2566
1742,69.5,Refunded,2025-05-15 13:37:14,e470fc51-85b7-4550-ac78-ea4ad0c4c6b6,9424
1743,151.65,Refunded,2025-02-03 09:00:03,e27cb7f4-fcb4-401b-9320-5c97bbf62626,106
1744,81.05,Pending,2025-03-14 19:09:41,6f3d3833-cfbc-4939-843a-20fe75ab4794,4797
1745,74.61,Refunded,2025-02-04 15:03:32,cbd055fa-e059-4ad7-910b-b4b1bee90c8d,7424
1746,129.03,Refunded,2025-03-25 11:41:52,c1a1d272-6003-4a8b-95b6-9916205adcc8,7403
1747,103.21,Refunded,2025-03-21 13:42:03,64a5431b-e282-45bf-91da-b104310e662a,7271
1748,124.03,Paid,2025-10-05 10:53:14,01e867eb-d890-427e-aa5b-f93e66b971f3,9544
1749,173.6,Paid,2025-01-13 01:53:04,d9dcaae7-c767-4d20-aacb-59cb75906558,1199
1750,64.63,Pending,2025-07-21 07:22:29,9ffda72b-fef4-45bb-a126-d4b28bb8d851,1316
1751,51.4,Pending,2025-01-13 08:29:35,9c7ee9cf-f96a-48e1-8707-cd7ba7b480da,1969
1752,115.48,Paid,2025-05-27 01:20:46,b34ea62b-af78-4a28-b26c-3cb1d50bd1c3,1952
1753,40.69,Paid,2025-09-18 11:37:49,003511b5-ea83-45c5-bd30-62018ea149da,5773
1754,27.82,Paid,2025-03-20 07:41:17,257d290f-908c-4f49-863d-c8e4a75f07e1,3921
1755,144.73,Paid,2025-11-24 00:14:29,9646a973-2740-446f-b3b7-c3d8c001c2e5,924
1756,92.24,Paid,2025-10-07 03:25:21,855ee935-1fc8-4a63-b315-319165bb821f,8411
1757,90.89,Paid,2025-10-16 21:27:42,ef212ba7-e4aa-47c2-a467-f22db50593a5,7649
1758,112.48,Refunded,2025-09-06 23:55:29,67ee9b2f-a03d-4b84-af47-c1d39d9eb10c,1341
1759,202.39,Paid,2025-09-05 17:58:32,ab10053f-d0ac-407b-b312-ebc43a4b3f43,8058
1760,39.0,Refunded,2025-08-28 22:17:20,76af1f80-32a2-4946-b07d-55f2ca6caa90,7432
1761,147.59,Pending,2025-04-25 02:06:16,7debde83-89ce-4a7b-8a95-9e7c50da885f,3724
1762,133.63,Pending,2025-10-03 02:32:40,267e5da0-38d4-4d0a-9caa-ef7a0855bee5,8808
1763,37.03,Paid,2025-09-03 03:19:50,2b3eceb1-40ab-48b2-9e6e-726e3d5f93fe,6343
1764,129.71,Pending,2025-06-22 19:52:07,6bc0652e-2bb9-4d4c-9cab-1d2ad2b4f672,2341
1765,75.3,Pending,2025-08-07 09:49:55,5bb01a1a-63a7-45ac-bece-f95171fba268,1778
1766,121.66,Paid,2025-03-23 02:51:15,e18d488d-1307-4f76-a873-b1ba0dc46520,8604
1767,47.52,Pending,2025-04-30 13:03:06,fe5ac5a1-7ff2-4e7b-91e1-80f939e8493c,1192
1768,135.14,Pending,2025-05-26 14:32:36,839723f5-354a-4a3d-a97c-c78e98f70df9,2225
1769,197.13,Refunded,2025-06-05 02:56:53,87fbb13f-ff16-4cca-8114-4409e87c4e17,5824
1770,208.77,Pending,2025-01-14 10:46:50,c0c10c81-8fb7-4816-a07a-bd239c12473a,7569
1771,69.05,Pending,2025-03-30 01:32:13,615f744e-151c-491f-9fbf-ccf0f60055db,4419
1772,119.03,Pending,2025-03-17 12:02:15,c97ad430-369e-47c2-b60f-6cd5ae8f52e5,6981
1773,205.13,Refunded,2025-02-22 00:47:32,5073ce81-320b-427a-b7b1-160d93ec5087,5402
1774,101.57,Paid,2025-10-07 22:38:14,842bcd7c-9993-4b35-abb8-997fa0d048ef,4744
1775,46.1,Refunded,2025-11-01 08:33:58,c72655f7-e05c-41c2-a3e1-a709d44db48c,3326
1776,201.12,Refunded,2025-11-11 01:37:03,6334ed58-87f2-4ba2-9b90-d3a4131343d0,6043
1777,198.39,Paid,2025-09-23 18:16:17,80725076-06af-43d0-994d-b46a18b3c293,7185
1778,186.77,Refunded,2025-04-07 10:57:36,672f8b22-7369-4f7b-8182-0652a9834350,5386
1779,168.31,Refunded,2025-05-25 01:18:33,fc2e2855-e771-4875-a8c8-aec38b9552f4,789
1780,199.3,Pending,2025-03-31 11:25:19,21bf86c2-053d-4f60-bf80-2b0ba4d41871,9194
1781,128.89,Refunded,2025-08-30 20:45:29,f0347cfc-be62-497d-b69e-7c4b795bb58f,7902
1782,58.2,Pending,2025-09-13 21:01:47,b04bc02b-147c-41f1-9206-1945d43c38fc,4821
1783,52.29,Paid,2025-09-17 06:26:54,c144045a-10fb-4e3c-b3fa-cbb8b9843ec1,1456
1784,181.89,Pending,2025-08-12 20:25:09,09c0bd11-0f9d-47a8-9307-efb25d114a9c,3971
1785,106.05,Paid,2025-08-24 15:16:02,0c30e3ea-c114-4aab-80f6-f4c1783abc1f,6383
1786,110.99,Pending,2025-10-27 19:36:08,c6eb0381-faf3-44a5-9c9c-49a965ba066e,6241
1787,57.7,Refunded,2025-04-09 12:55:03,0c5c3c4a-42b5-4505-bad5-8833677c6657,5543
1788,129.69,Pending,2025-10-12 12:32:44,dc6d8824-7cda-499c-927a-7576b1ebd799,7553
1789,138.52,Refunded,2025-10-22 03:46:56,815d22d9-1454-4b24-bdac-d1e78231f3e4,7502
1790,111.13,Refunded,2025-04-18 06:49:06,2cb2f26a-dd2c-4037-9191-e1071903dde7,9158
1791,189.11,Pending,2025-10-01 16:11:12,c27a41a0-4a49-42f0-a905-e4e953a295a1,6217
1792,191.18,Pending,2025-09-25 21:59:53,27200ad5-0089-4fdb-b67b-827168febeb8,3717
1793,112.36,Paid,2025-02-10 23:10:11,718ee395-1136-440d-9a04-7b4939586c0e,5611
1794,184.14,Refunded,2025-08-24 05:16:16,c10b55c7-d0b5-4918-b1dc-a589c9dc93e1,2548
1795,197.6,Paid,2025-06-10 17:37:24,03d84777-bdd0-4568-b050-4ad32a499208,2447
1796,94.4,Paid,2025-05-06 06:21:43,ecc712c9-87b1-42e2-bccf-e9d853dfd547,5874
1797,51.76,Pending,2025-02-13 01:11:48,108554cc-6b9a-4beb-b0ee-223fb7b0e7a5,5202
1798,49.73,Paid,2025-09-08 13:16:05,91d24c85-374d-46d3-a636-71ed58931ec1,2568
1799,155.53,Pending,2025-06-26 22:23:55,44bd3cc1-4f2d-48c1-87f0-d65349571995,2546
1800,177.11,Paid,2025-04-08 15:09:48,06f06b28-1c24-432f-b810-e14b365aa227,7390
1801,176.87,Paid,2025-10-14 04:39:12,af944f87-af38-497b-b9a5-94dc0a334a5b,4547
1802,21.57,Paid,2025-10-14 13:52:38,e2761c6b-9bdf-487b-ba69-c0271c0f31e8,6505
1803,127.69,Refunded,2025-01-07 13:35:21,5994d7b2-8fab-4e11-91ac-7c153e2f2283,5818
1804,48.28,Paid,2025-09-13 15:35:41,8a75cd6f-c872-4035-bfe2-1deb4f4105bc,6756
1805,160.33,Refunded,2025-08-22 09:42:03,dee870fe-9be7-4b57-b61f-8218d1cee184,7097
1806,30.9,Refunded,2025-03-31 07:14:29,cb1d710c-3841-4a10-8734-df2c9a87f77b,7242
1807,158.95,Pending,2025-10-10 13:49:23,79b3a975-539a-4afd-93ae-16bcb330ce59,1929
1808,94.98,Pending,2025-04-25 06:58:44,fe96e9c0-13dc-44f5-b581-23a9d9cce2e7,9881
1809,88.36,Paid,2025-05-27 12:16:45,ffbd85c2-85e3-4ec5-bd97-0d854de78d47,2564
1810,35.06,Pending,2025-02-28 22:06:52,31372b58-4467-47bc-a357-b736ec8f0aeb,1380
1811,113.91,Pending,2025-03-16 09:07:24,88567c53-a776-4dda-8377-5aa02ef8dd61,1845
1812,75.12,Pending,2025-10-14 22:51:05,b44c006d-01b5-4521-b3c1-72a76aab4a75,8582
1813,52.33,Refunded,2025-08-14 06:47:56,029b79f1-f27d-4160-8f45-893397bf2cc7,6115
1814,31.96,Paid,2025-06-02 09:33:02,7ed65244-9317-4ec7-8b9f-b5703947ee45,3289
1815,207.91,Paid,2025-08-16 13:40:40,03504951-e034-4c0e-90c7-5742ce254f7d,3167
1816,97.37,Pending,2025-07-22 21:06:07,7ae69727-d320-4572-94b1-ea9899de649b,3177
1817,173.74,Refunded,2025-02-09 13:51:17,c9a03bb0-a447-4892-953a-00dd74aa423b,60
1818,29.7,Pending,2025-08-29 10:55:40,a1da44f0-e231-461b-9c6a-35a392227b37,1206
1819,200.25,Pending,2025-08-17 11:14:18,5dc96c40-c4f3-45ae-9695-289848fdab9b,7170
1820,56.74,Paid,2025-11-14 03:19:33,9934e094-298a-41c6-9b35-c5e4f76edc5d,5753
1821,33.43,Pending,2025-07-27 02:14:32,714d353a-8846-4113-90aa-6e6addfcf68a,5871
1822,194.11,Paid,2025-06-27 00:46:31,2153c975-8fbc-44ac-98a9-fd5e2cb4c6f5,4822
1823,71.53,Paid,2025-03-12 08:48:39,2fd5a098-b66d-409e-b7a4-aeff6ca5f65b,4415
1824,81.77,Pending,2025-01-12 21:28:13,b0c1a348-25a7-472d-9711-5588249c3eea,9718
1825,190.97,Pending,2025-02-13 09:16:14,bc43d872-0c8c-42bc-99a5-12267276a86e,9620
1826,120.49,Refunded,2025-11-18 01:37:44,46219f74-bfc5-4eab-bc90-c163afb3fb18,6287
1827,156.48,Refunded,2025-11-08 00:52:15,4ae4b0d5-2366-48d8-888f-926559c31d6f,4461
1828,123.26,Pending,2025-08-19 18:45:15,9a45ce4a-e41c-4722-9dd2-d8f42b33c1e7,8659
1829,165.76,Pending,2025-08-03 21:56:02,098603fd-f060-4697-ab83-69e88a3372dc,8870
1830,175.76,Pending,2025-06-06 15:05:15,0227f8b0-b04a-498a-8089-78c61b0c0ab0,9087
1831,196.08,Pending,2025-08-09 21:06:30,b3084dfb-d6f8-4525-acdc-5162596d71e2,1021
1832,108.11,Paid,2025-07-20 04:14:22,027f6518-e1b7-48ff-bb02-f139609d8021,1600
1833,91.52,Pending,2025-04-07 12:04:59,4088899b-84a0-43bf-a28f-be054d4384b3,8368
1834,65.21,Refunded,2025-07-14 10:52:20,88530cf9-96e0-4fef-8463-12f075ef0042,6970
1835,189.41,Paid,2025-11-01 18:12:01,cb970739-d482-453e-afe1-5de9626da3be,9784
1836,40.0,Pending,2025-02-12 22:07:33,5348b500-83e7-4f8f-ad7e-46e61ec5152c,1101
1837,173.23,Paid,2025-07-01 12:12:34,f3a4e8b5-9565-49ee-8ee3-69b68a218fce,8148
1838,150.38,Paid,2025-04-24 12:20:55,a3ffa05f-92c6-49b0-ab2b-7148030d3e1d,3921
1839,52.79,Refunded,2025-04-20 12:58:06,6053c7e0-a42a-4a18-8a4f-4aa56e97f1e4,7268
1840,193.42,Refunded,2025-07-28 02:51:08,e4e65aec-5d61-45c1-a543-df0c0a82e526,8831
1841,29.12,Paid,2025-04-01 05:08:57,04e149e3-0599-4162-ac5e-c0bbcb0dbf0a,4687
1842,82.18,Paid,2025-09-10 21:54:56,89382d5c-9db1-44e7-a285-a664543a97e7,9544
1843,101.19,Pending,2025-09-30 17:43:41,9f6f2e73-4461-432d-9e28-647a330f095e,9475
1844,47.94,Paid,2025-05-17 20:29:27,fab7e0e3-90ac-43ad-9eb9-5da9d6c89733,74
1845,189.47,Pending,2025-04-22 00:40:08,cbc99f73-861a-4893-8e27-36e5dae4b4b2,8668
1846,100.24,Paid,2025-01-02 20:45:00,430c93ea-77b6-4a52-bd35-6b716f0dd291,9033
1847,167.25,Paid,2025-07-31 12:14:33,474b698e-045c-4956-b9eb-88e0f3dd5ec8,1964
1848,171.4,Refunded,2025-01-31 07:25:34,19f1f073-0a3b-49aa-8d20-9852174e6318,5521
1849,90.38,Pending,2025-01-08 11:08:47,e2982fd2-bb94-4520-9b44-03d11e8f3cc9,1299
1850,193.97,Paid,2025-02-07 19:39:23,537e5b27-87f9-45ac-a503-f7ec4b1460e1,2119
1851,73.46,Paid,2025-08-09 14:16:53,3292c05d-e3e9-4fbc-ba1a-63fbb22c4076,6130
1852,157.07,Paid,2025-08-04 17:31:17,81138789-adb4-4742-a61f-4483a1aa8aa9,4941
1853,180.21,Paid,2025-02-10 15:40:19,e2d22fd8-912b-4306-a32a-73d590300ed7,293
1854,91.92,Refunded,2025-10-06 05:56:46,76537d56-4103-4711-ab58-c07c06136780,9379
1855,46.71,Refunded,2025-08-26 23:58:05,65890daf-0146-4912-ba89-63cfbf2ab761,4392
1856,127.84,Pending,2025-10-07 05:21:01,98064d8b-595d-43f3-a31c-854d388a7581,7379
1857,76.56,Refunded,2025-01-04 01:38:23,a83f2832-c3a5-43f9-b809-dec568b088ce,9343
1858,164.01,Paid,2025-05-03 13:35:32,0ec60fe3-9270-4ae2-b5a8-68fff1596cce,2609
1859,56.06,Refunded,2025-06-04 22:17:03,5f49d887-90f0-468b-a84e-9b53c27e3dcc,245
1860,84.03,Refunded,2025-08-18 16:28:24,4a9a6335-9071-4142-8a23-e1fc3a36f686,9644
1861,56.45,Pending,2025-08-22 00:29:49,ac7a0c3a-013f-4619-bcfc-630989315607,7548
1862,55.67,Paid,2025-10-21 15:03:12,9b36abe9-405b-4c80-9271-3a9573e30873,6619
1863,119.55,Refunded,2025-06-17 12:14:13,c31836ac-ae1c-4b69-9be2-618c325c6bbd,685
1864,136.87,Pending,2025-09-04 19:31:45,beb1997b-34fa-4b33-9f59-e64e29a74e12,8481
1865,90.53,Pending,2025-03-26 02:42:54,d43a9a13-f4f5-445c-959b-d7ce0acde9b9,6696
1866,188.45,Refunded,2025-10-09 12:33:00,54654f8a-6588-46ed-a182-1fa8ff4e3103,9446
1867,122.15,Paid,2025-07-29 00:43:01,06a76aaa-8c02-4fbd-8ed2-19bcff2e4803,8694
1868,41.1,Paid,2025-10-22 18:44:44,0edb40e8-7a81-4c42-b2db-31913bc2e79b,2788
1869,186.23,Refunded,2025-10-28 03:54:11,cf2c276d-62d8-42a6-ad6e-575430026371,8305
1870,129.5,Refunded,2025-10-10 09:11:00,54a80dc1-49ba-4bf0-a7f2-cce19d68f496,5355
1871,146.63,Refunded,2025-10-16 03:26:09,29888aec-5f31-4d26-941a-faae75f2d12b,5511
1872,33.75,Refunded,2025-03-05 14:48:05,699be9fa-aff5-42fe-87a5-d4c00bfd887b,7048
1873,104.02,Pending,2025-02-16 18:49:00,6ebe9f66-39b3-4cb6-ac27-ffd836fd1cb7,3258
1874,113.75,Paid,2025-01-21 16:02:12,5b876d4f-ba60-453a-820d-bc26646552d9,8913
1875,183.16,Paid,2025-04-17 10:14:54,ae9cd75b-56e8-4503-a26e-ad2e0a4ed5ae,9061
1876,45.07,Paid,2025-02-09 07:21:58,572d5a7a-ad37-4fda-9fe3-0fb9224ca9fa,1827
1877,111.12,Refunded,2025-01-16 12:57:31,509aa077-d267-46c5-82c2-f82f2fcac89c,3376
1878,35.74,Refunded,2025-06-19 12:33:22,4594f679-a6eb-4ad6-9ba0-878f1863cdd6,1465
1879,127.32,Refunded,2025-11-20 06:36:19,d29c83f2-7afb-4e44-8d69-58b47d8d147f,2903
1880,81.91,Refunded,2025-07-07 04:26:51,40002898-24f7-4a33-b708-22c0d192d01e,2124
1881,32.38,Paid,2025-07-17 06:25:11,734008df-4902-481f-97de-646a6b04df7d,1456
1882,110.85,Pending,2025-07-21 16:04:38,58f8fefb-340f-4b94-b5b9-3cadf5d28331,2888
1883,23.16,Refunded,2025-07-23 17:41:21,b9c38bb1-d1a8-4774-b2b9-dd2db28dc77a,909
1884,149.58,Refunded,2025-06-05 01:43:09,92614f00-28be-456d-846f-c36d87942bc1,7648
1885,34.36,Pending,2025-02-24 11:03:05,4439cf7c-999d-4784-8b01-9e31d7f75c23,3796
1886,205.08,Pending,2025-03-05 23:16:14,3a40ff98-6e87-43aa-a267-bae67f6fd678,4357
1887,82.77,Pending,2025-05-24 09:56:02,f9fa6a8c-1289-4a1b-951b-da95f34340a2,2205
1888,92.3,Pending,2025-03-24 18:11:53,4c1f2057-867a-4160-bd63-31191940ff5f,2454
1889,104.01,Paid,2025-02-08 20:46:44,577d2a34-9b72-4768-9041-f735e192bce1,4492
1890,32.66,Paid,2025-04-10 17:31:36,03979219-c809-49f1-8408-de33d7ff70a8,188
1891,140.29,Refunded,2025-05-03 06:13:55,b695079a-bc08-4bd1-8f48-bc6612dd10de,2524
1892,32.67,Refunded,2025-09-12 02:05:24,4a77d1b9-d939-4a21-bbd4-1f6985c95f32,6874
1893,97.59,Paid,2025-09-04 16:56:22,cfe449c1-54c7-48eb-9b09-8941224ae2cd,7538
1894,125.45,Refunded,2025-10-01 20:34:30,61bae695-adcf-4d91-b4cc-6cb725135e45,6363
1895,159.06,Refunded,2025-10-24 16:27:04,3884ad14-a549-46ff-91e5-7a680c3929c0,6997
1896,150.01,Refunded,2025-05-18 19:22:04,af7e3e9b-80c5-4eac-b9ed-120ed9408a39,8023
1897,185.53,Pending,2025-02-03 09:52:59,da9c6f29-2274-4aec-992a-1b86ee3fda49,9431
1898,58.06,Paid,2025-03-12 22:13:47,a39cbcbc-4bc4-4459-88c9-9facc88faaed,985
1899,180.07,Refunded,2025-11-14 23:24:07,911105eb-149a-4532-a34b-b60869495aee,5577
1900,117.92,Pending,2025-08-24 08:49:04,d2dfada1-f801-4057-9faa-313f814dd4d8,8874
1901,204.91,Pending,2025-08-03 08:19:40,b785aff6-8a9f-422f-9859-39ed6a2ac613,1397
1902,144.52,Paid,2025-05-04 07:45:35,3fe03f92-654f-4856-94d9-ec1c6972cb68,8213
1903,164.66,Paid,2025-09-30 01:26:56,b755ed95-9097-4565-bdf6-f9dfac99a905,2346
1904,140.16,Pending,2025-03-31 12:46:27,67683b92-d325-48db-91ea-564e394e383e,6278
1905,172.15,Paid,2025-08-27 14:18:58,cac86831-cf62-4252-9252-b3bbbe5a994c,2010
1906,32.51,Paid,2025-08-28 00:12:17,14a5c8d4-60c7-49e2-9aad-9d431c4f991b,5658
1907,184.78,Paid,2025-06-23 03:33:22,3bf50352-dc18-4ab2-9868-7c75c5399f67,8501
1908,166.63,Refunded,2025-03-13 18:54:57,557b346c-7664-427a-9144-851be0c93cfc,615
1909,152.33,Refunded,2025-09-27 10:35:18,a387fc29-8a60-4b0d-bab4-5934c5717e87,4094
1910,171.37,Refunded,2025-01-31 19:05:08,76ceb131-185d-4fde-9daa-8116887aad61,6139
1911,147.5,Pending,2025-01-17 19:40:05,0e1c663a-c83d-418a-9917-5d17811b4e19,2452
1912,114.65,Refunded,2025-02-18 14:23:49,254a4648-ed5b-4925-813c-2c899707a967,6450
1913,182.0,Refunded,2025-04-03 01:07:36,36155960-f490-471c-b123-f5f3e48eec93,2614
1914,74.01,Paid,2025-01-08 21:48:56,8ea9f214-a7da-4a0f-be4f-3c3a3a01c8b9,6501
1915,81.64,Refunded,2025-11-01 08:33:21,0d4caa63-7334-4753-b841-d70c7a47ab3d,8981
1916,104.22,Refunded,2025-09-06 08:17:59,476ab4fd-bd3b-4220-8402-64212d7bea2c,8680
1917,198.72,Paid,2025-05-30 19:05:50,48966ef3-ecd5-4cc1-84b5-542e0c9b46de,2907
1918,141.12,Paid,2025-05-09 21:47:32,4e8ea4ec-ed63-4411-b8f8-53efe122561a,1566
1919,71.89,Refunded,2025-01-04 17:37:30,a1836b78-4810-4b07-96fa-166b8be0f4e6,9802
1920,109.39,Paid,2025-11-23 07:34:45,3fba22bc-eeaa-4008-a466-4909efccf6d0,2626
1921,202.26,Paid,2025-03-16 21:52:04,49655e93-554e-4485-9994-c96a7c1d91c5,9658
1922,112.24,Refunded,2025-08-02 21:57:30,7e162130-02d0-49b6-a616-2f3b48d6f486,8144
1923,39.26,Pending,2025-02-07 20:13:02,6dfbbccd-c2b7-4daf-ba0c-0e5a559f8ba7,6370
1924,95.19,Paid,2025-04-28 05:02:39,28fffe25-bd82-4cc3-b0f1-6f0b62293541,4839
1925,41.69,Paid,2025-05-11 13:07:21,7ba9ecd6-692d-471a-a0c1-ec4116cabcd7,3436
1926,128.29,Pending,2025-09-08 04:00:37,4248a89c-eb1f-498e-a2a7-7084197c8baa,1739
1927,159.72,Pending,2025-11-09 16:48:20,e6ebc7b5-e1ef-42c7-af1f-14744b280cd1,7505
1928,123.09,Refunded,2025-03-29 04:48:41,c3234c24-e756-4db6-8625-e69d10b0eb09,4751
1929,145.12,Pending,2025-06-08 10:14:13,1fc7de4d-e61c-4072-975d-75df9f9e4d47,8029
1930,61.71,Paid,2025-05-01 14:55:54,ce7c2498-3fdd-4dbc-a889-d95ef1825f64,2913
1931,39.44,Paid,2025-01-18 11:01:18,45ac00f0-a929-4473-96ef-501d0fc1b7d0,5867
1932,143.42,Refunded,2025-05-26 23:10:18,269236c7-97b8-4242-becf-0d54e3593113,6272
1933,89.86,Paid,2025-07-09 08:35:48,f33bca2b-88f3-4d86-a155-67d9002f74f9,9006
1934,49.09,Refunded,2025-01-18 18:44:37,dff7b260-657d-4563-9fec-90a064120e57,5483
1935,45.64,Refunded,2025-05-28 21:57:59,aca7fce0-d100-4a91-af61-6ed3799d1290,8355
1936,180.45,Refunded,2025-05-16 09:07:15,74cbd36f-f15a-4794-ae88-9fe33f32e88a,1022
1937,108.68,Pending,2025-07-28 12:58:52,9eb9ff6f-4279-4ec7-92fc-1604612051b6,2834
1938,174.2,Refunded,2025-05-22 04:57:06,eb169bd2-7ffd-4812-a5c1-4a1dd79d01d6,2985
1939,41.87,Paid,2025-07-09 05:43:57,75ce9fdc-79a8-462e-8761-ca831cb43983,4279
1940,135.99,Paid,2025-11-21 04:35:00,880a84d4-dafa-4bce-ac43-7d18ded16f5f,4458
1941,156.97,Refunded,2025-04-15 05:19:25,96eb8362-6cb9-4dc4-bf78-4b79805b71cf,1090
1942,30.59,Paid,2025-04-21 17:58:09,99e97514-3fac-4e98-adbc-4920d5cc8494,6198
1943,116.02,Refunded,2025-09-01 08:19:31,2c29546e-032e-4e8b-9f40-ffbc599bf7b0,9671
1944,127.91,Refunded,2025-11-12 01:24:12,9e6e036a-d053-4136-9b03-9bf48a9c7ef1,7919
1945,193.02,Paid,2025-09-07 06:09:06,cef7b0c5-4916-48fc-8e6c-74bee3a40eb5,7127
1946,173.52,Refunded,2025-05-29 00:24:57,371ae4df-2607-4d98-910c-899a4f549e3c,6920
1947,202.28,Refunded,2025-01-07 17:02:21,1d57f4f1-f536-4d01-8c51-e59032e955b4,6155
1948,170.02,Paid,2025-08-09 06:19:05,5a35adb5-e4f9-467d-b12d-434bbd7ed75f,5661
1949,182.44,Pending,2025-10-01 05:58:19,e7df3305-e9a3-4054-bd1c-fda2bf20c588,3376
1950,61.27,Paid,2025-05-14 12:26:57,1b97a214-a8c8-4a43-8229-fa8e7119314b,1095
1951,41.92,Pending,2025-05-11 03:30:31,5a37e1e5-0182-4b99-8a18-0f270d4ef44c,9605
1952,135.98,Refunded,2025-05-21 20:18:33,8f49c9e9-65e0-4aa7-8cda-9db4c00ff422,2909
1953,91.2,Paid,2025-01-23 17:42:14,5778759f-056a-4841-98d7-42f6f63dc426,4403
1954,168.59,Paid,2025-04-03 02:51:20,09fb64f5-a1b2-48e2-bea4-3f5b24bd956f,9996
1955,154.72,Pending,2025-09-11 08:38:12,9aefd7ac-fa8c-4777-b5eb-80529adf6148,230
1956,82.33,Refunded,2025-07-12 00:28:02,dc06c93b-95d1-4ecd-ae85-90f423dc91d5,6078
1957,151.47,Refunded,2025-09-03 21:45:48,be62a842-9c7b-433c-8d61-594660abde30,7246
1958,205.52,Paid,2025-11-25 10:43:18,acf047ea-6c6d-4ef9-93fa-0f35a25d6934,3691
1959,124.53,Paid,2025-01-22 12:40:58,2872bc4a-dd40-4ad9-a553-e1f3a6b421dd,6299
1960,148.05,Paid,2025-08-31 03:47:03,22b0d60d-d685-411e-a9a5-ae50dec49db4,9708
1961,29.1,Paid,2025-08-18 05:56:31,59c3d1e1-d9ef-4852-9041-8172d4b87327,7091
1962,59.24,Paid,2025-01-20 04:18:14,f924e0b6-ce2c-45e6-95ad-902248ce662a,3629
1963,77.4,Paid,2025-08-16 23:22:50,d4a57577-75e6-41ef-b958-aa725afe90c2,6499
1964,45.31,Pending,2025-05-12 04:17:51,3f56fb6b-3f2c-4494-9c24-f4a0653a27c3,2326
1965,28.36,Pending,2025-04-19 17:44:16,ac441b02-aefa-4612-a422-8c24ace9a22e,1672
1966,114.34,Refunded,2025-02-23 01:06:55,33b7c08f-d1ad-4dca-8638-61bd39a001cf,4401
1967,81.62,Paid,2025-02-04 06:50:32,f514bc98-febe-480e-aebe-69f205ffc61f,6766
1968,185.46,Paid,2025-06-27 05:20:58,d4e74f7a-dea9-45cf-8313-a421b1d091ba,4322
1969,52.66,Refunded,2025-01-24 01:57:22,23d6c698-6750-4762-8ecb-bb0ce4642c0c,9643
1970,26.32,Refunded,2025-09-21 12:18:26,28ea2982-bbe6-406e-862a-6d9404d20571,7659
1971,166.79,Refunded,2025-07-12 09:36:47,45d09eb4-c791-40e2-a027-3df27e2ac872,9222
1972,156.31,Refunded,2025-01-20 14:25:48,cc1ed811-bd07-473f-bb32-aa171dcde3f8,6069
1973,155.46,Refunded,2025-04-18 13:02:02,5314af96-5ae4-4966-889d-4a4cea731b9c,2427
1974,168.6,Pending,2025-09-24 23:28:08,cda206dc-cb9d-433d-9ad8-2dfdab6310d9,8328
1975,205.9,Paid,2025-04-08 08:25:43,c2e8ce62-fc7d-4018-bcb8-2392141a8af1,6212
1976,203.82,Refunded,2025-06-01 15:04:38,af97db08-cd70-49f5-8569-632074c5ee9a,2982
1977,180.48,Paid,2025-05-04 02:02:03,4590de44-7406-4e15-abba-85d5456baa7b,1386
1978,158.97,Pending,2025-10-26 10:53:11,a4e4b3e2-b9e5-47b3-a1ac-5a36474a84fd,4030
1979,175.54,Pending,2025-07-02 00:10:47,161d853c-6ab3-4ee2-8ab1-9aad1a65a0c5,7176
1980,72.35,Pending,2025-04-20 18:58:52,b59054cc-584c-4675-97ef-91e47102d920,3034
1981,129.96,Paid,2025-08-28 12:08:26,6b5884d7-27d1-4ccf-ae51-c24308d78bcb,4093
1982,207.3,Paid,2025-07-22 21:02:02,f5e0658e-fad2-4529-bbe5-60a4d108908a,5039
1983,94.07,Pending,2025-05-14 19:09:34,0e4fd5c6-e469-416e-b8d5-f8f32edc9ae1,5428
1984,185.25,Pending,2025-05-10 05:42:31,c5c98ad8-a0ce-4550-a332-e902b3b0f117,5264
1985,85.87,Paid,2025-03-19 02:27:57,89eb1c93-1df6-4f0e-bf6d-e37781d0e01f,2437
1986,41.63,Pending,2025-04-03 02:52:46,4c67aee4-aa33-4dff-91b0-201af5aa7f3f,4192
1987,66.61,Pending,2025-02-22 18:45:11,d631b9a6-fcc0-47dd-96c6-0bfca86457c0,4694
1988,179.5,Pending,2025-03-13 04:33:49,9fd7da84-a867-48bf-89b8-1a487ea30c31,3037
1989,43.52,Pending,2025-08-22 22:33:05,2226a888-52de-45d5-8c8a-60a709fd8b5f,3436
1990,186.77,Pending,2025-05-25 20:26:30,aa067c6f-56f1-462b-8f80-6c01df48625c,766
1991,110.52,Refunded,2025-04-02 22:22:57,91236de4-2503-4d2a-868b-e9084379d83a,6335
1992,87.15,Refunded,2025-03-20 15:27:38,4bf427b5-18ba-42c2-ab70-833d8ea903f7,8148
1993,157.38,Pending,2025-07-17 11:11:56,dd662e6f-5ea5-4c50-abe7-05d7fdecf55e,11
1994,75.17,Paid,2025-02-18 15:06:48,464dc121-4e7e-4aa3-9c75-3741a3fe8b7c,8368
1995,164.91,Paid,2025-03-25 08:51:48,1f407473-5c87-4565-933b-2364e3cf7776,9620
1996,176.71,Refunded,2025-06-21 21:16:27,3dcc0e04-6a32-4ca7-88fa-78ebdaea3283,2297
1997,41.58,Paid,2025-06-19 03:26:03,2fc3a8be-972b-4faf-9400-a0967e183cfc,3200
1998,75.31,Refunded,2025-07-20 15:19:52,e3818640-f36a-41bd-9285-aafeade2e401,9713
1999,170.24,Pending,2025-03-10 20:13:14,b0fe3bcc-3bd1-4f74-aeea-894fe2d2ecfb,1788
2000,192.09,Paid,2025-03-15 23:53:41,6aebcd9e-c746-4aeb-9f08-53efcd266e7e,5406
2001,178.47,Paid,2025-05-29 15:03:09,060cda68-a5b4-42ec-bf30-1c21ec97f4a4,3078
2002,202.23,Paid,2025-04-14 02:35:40,ef799369-6120-4c37-90c4-51535453d8ba,5876
2003,179.83,Paid,2025-04-28 01:57:26,fc784d3a-cc6d-444c-a2bb-7ff077b13ba2,6374
2004,71.58,Refunded,2025-04-05 13:45:30,61b4e665-95da-43b8-a068-32d16dea4ae7,9912
2005,98.46,Refunded,2025-05-08 09:18:51,d59b708d-b3f2-4590-9bd5-9eb45b11ef04,2609
2006,34.59,Paid,2025-05-17 00:09:38,b6e7bcb5-f0c5-48cd-be58-f253c7ada303,6298
2007,201.38,Pending,2025-04-24 17:18:37,c4fce34d-5d1d-492a-a62c-775930139662,4362
2008,23.22,Pending,2025-09-29 01:27:19,6695f82e-1d8a-4f7f-8b20-511677a39b7a,5138
2009,87.78,Refunded,2025-09-01 04:55:11,13f85ec4-f6a6-480b-bbe0-9b0f88f8bdd3,3180
2010,162.59,Refunded,2025-10-13 09:58:50,bdb5931c-fdb6-4bdd-b1e5-e6daf78ade0d,7961
2011,117.8,Refunded,2025-04-28 00:28:22,d50f394d-0e36-4188-bc84-dfebe4ec211d,9666
2012,139.51,Refunded,2025-11-12 16:41:53,97674986-eecb-4e62-8ddf-e36686a0576c,6830
2013,180.65,Refunded,2025-10-01 14:01:20,38cf77ad-d764-406e-9e09-a421a4aeb8bd,3593
2014,135.85,Refunded,2025-06-16 08:00:14,d2ced257-d1e1-4b40-a4bb-58de94bb9e1f,9668
2015,67.43,Pending,2025-02-06 09:09:18,975977a9-1fd4-4934-a097-e627590fa9cc,1455
2016,85.47,Pending,2025-03-04 18:29:01,33642892-e193-40f7-a87c-1043b275898a,6982
2017,137.8,Paid,2025-05-15 20:04:05,d7442fe0-7bca-4a18-b4a1-20c1e56af43a,7388
2018,195.5,Refunded,2025-06-22 06:09:16,81e9929a-ebb9-4491-9c3f-d5bfc0020e90,6365
2019,79.51,Refunded,2025-07-02 11:57:33,6ef1ec4b-cd43-4355-91e8-7c75400120c1,6116
2020,29.67,Pending,2025-10-29 01:27:27,126f3843-609c-4132-b28a-4e9453e29833,395
2021,22.03,Paid,2025-04-06 09:19:09,b0f1eab3-2249-44dd-9cc2-3b14abf392de,7456
2022,158.13,Paid,2025-02-28 16:19:28,b584ecbf-c25e-482c-bc45-a8cf9c918465,4168
2023,83.84,Pending,2025-10-10 23:09:49,7f257c62-0125-40d5-8f61-de74dd96b1f1,6848
2024,65.95,Paid,2025-10-02 10:29:55,db4c3bfb-64da-45a1-b803-34b0d8a30451,914
2025,135.14,Refunded,2025-02-11 04:20:01,e1c6b241-5a7b-4d96-954c-a83fe166842e,1307
2026,198.89,Refunded,2025-05-13 17:13:28,19973784-a564-47d0-aa7f-b98e29113d5f,2393
2027,164.95,Refunded,2025-02-08 07:15:54,979d9d45-8f59-42c2-a099-731431595204,2906
2028,87.28,Pending,2025-06-19 22:12:05,cce2c348-f626-4954-8d94-2dff16a92e86,911
2029,164.87,Paid,2025-11-06 20:55:40,ce8b3a7a-93a3-49f7-8070-4f578f617630,5546
2030,151.54,Pending,2025-05-12 00:42:01,7a60c2ef-9f55-4f2a-8d76-f406033635e9,877
2031,136.86,Refunded,2025-01-11 19:15:07,a50511cf-5fb0-493f-9693-e4df1c364599,7569
2032,166.88,Refunded,2025-07-01 04:35:43,d66741ff-14ad-43d8-a1db-3fd632ec8e54,6879
2033,161.96,Refunded,2025-05-02 20:55:10,c818b5c4-6150-4ae1-b214-9a9a3b1593ce,5869
2034,87.87,Paid,2025-07-08 11:31:01,a9fd1ee0-af9b-4f91-b5ca-ef83ef2d7bc6,8304
2035,172.51,Refunded,2025-01-15 16:17:59,5057d8b6-5f6f-47b4-9b1b-a54d42b9001a,456
2036,57.75,Paid,2025-03-20 02:30:26,08740b9a-29f9-4ac9-b732-8e99ede11d30,5150
2037,151.3,Pending,2025-07-17 11:07:49,5b21490e-f5f0-4a28-b480-a516ecab084a,3356
2038,122.89,Pending,2025-08-10 22:34:40,a669a517-fa0b-466b-b471-701e7a1fa7e2,5448
2039,83.34,Paid,2025-08-23 12:41:30,da91d25f-7550-473e-9fbd-f4d9e4f086c3,6205
2040,185.05,Refunded,2025-11-23 04:27:07,8748b0bb-2b4f-4efd-978c-4ad7dd384b99,7683
2041,52.04,Pending,2025-05-26 19:22:45,900e759c-b425-43c2-83c7-e3c59443ec2e,6687
2042,119.96,Refunded,2025-09-22 09:37:18,1de39df4-e0ea-4ee9-96e8-b34e39bb29b7,7269
2043,180.53,Refunded,2025-09-23 01:16:03,d99993a6-bda6-4114-b028-6a759be4e47f,2671
2044,77.86,Refunded,2025-11-17 03:49:53,8f0951e2-9f24-4fe0-92ae-aa3bf7cd274b,5277
2045,145.72,Pending,2025-01-01 10:58:30,ea5f7767-702d-4d77-8edb-04f093b38411,4187
2046,129.73,Pending,2025-07-29 00:32:34,9b06c4c1-9bf4-4c24-8429-0be985fd2461,1872
2047,145.42,Refunded,2025-01-21 17:23:11,12cfe469-7b47-4d28-a169-191fb2252803,4467
2048,205.09,Refunded,2025-09-06 14:23:10,92f67c06-a4ea-4d0f-beef-108ce372dbed,9942
2049,134.35,Pending,2025-04-17 23:43:03,b2b7cd23-2e08-4405-b8ab-a7783e1b099d,7851
2050,45.63,Paid,2025-10-18 13:03:52,ca33a6b3-25ab-4c41-91e4-6ce7b0432881,6530
2051,153.92,Pending,2025-05-26 00:45:36,967f6fd0-8a29-4768-8917-8ed4dd51ecf1,3921
2052,84.12,Paid,2025-05-14 09:58:19,4347816e-1b77-4bff-a56b-1411a6ec1386,9703
2053,163.88,Pending,2025-05-27 13:34:40,ed61912d-3053-4c11-82b2-862effcd9b44,2966
2054,35.26,Refunded,2025-08-26 22:39:33,d6000bf4-98f6-404d-b050-9895482fc000,3141
2055,83.47,Refunded,2025-05-05 01:47:03,125ca013-8f6e-4a65-bbb4-dcde9d11a8ad,4879
2056,32.77,Refunded,2025-08-21 14:28:59,dc627f81-1106-4155-b421-19d5a43809ef,5144
2057,173.5,Pending,2025-07-08 04:55:11,80761e1d-3847-4e61-a212-ba924e839655,3444
2058,186.94,Paid,2025-07-20 23:04:43,59f50373-72c4-4478-b818-d2f4c922d5f2,3460
2059,187.55,Refunded,2025-01-29 02:54:41,3617da03-8f25-4d0b-9e02-d1da94426f16,7612
2060,93.46,Paid,2025-07-06 06:58:15,e5c04221-bb65-43e7-b647-4edde616dd6e,6537
2061,111.06,Refunded,2025-03-07 07:43:52,b764463a-257e-44ff-87d4-6a25d9b18dbd,3021
2062,35.15,Paid,2025-10-08 10:35:09,84728e2c-e9e9-4e5a-8b6a-981b3bdc6ed0,8023
2063,87.89,Pending,2025-01-02 15:01:03,106b0026-99f7-452e-909e-ea75a4de4b3c,3410
2064,28.02,Refunded,2025-08-12 21:29:17,03916126-7dd1-44c0-ab34-df7e36ce81ee,5252
2065,29.2,Refunded,2025-11-11 00:25:47,8fa3657e-feb5-49f5-9f8e-3c8eb6933b9f,1816
2066,84.8,Paid,2025-07-02 01:28:39,817e6317-af89-4949-98cd-23eb250cb8aa,1820
2067,58.81,Paid,2025-09-29 08:38:16,5fceef81-99cd-4ed1-a694-1dfb8f5f1c36,1062
2068,88.4,Pending,2025-06-11 05:18:59,7c1bfecb-ae97-400e-999d-22801651f796,3681
2069,111.43,Refunded,2025-10-07 01:28:41,7e15ba33-a91e-4a2d-9947-a15bdd2f27e1,5170
2070,85.08,Refunded,2025-06-06 09:57:33,6c3c39d9-8f0a-4b5a-acc2-393a7b2435b2,6295
2071,48.63,Pending,2025-06-16 07:18:13,b3255f16-ba73-4212-9f62-602a07d2ee9d,43
2072,50.51,Pending,2025-02-09 05:19:24,17af2010-5a83-41be-98d0-328be0cadf09,1032
2073,133.52,Pending,2025-03-25 10:43:32,ffdc16a1-dc9f-4e16-a808-09fa1f4b1027,1302
2074,121.96,Pending,2025-01-19 21:16:14,d305cafd-0d99-4963-94f4-2308978e978b,3118
2075,164.01,Paid,2025-10-24 04:39:19,7a05ebaa-86f1-40ce-917f-fe8cf0ba5fad,5680
2076,202.15,Refunded,2025-08-17 20:17:02,aa8181a3-4a42-46c3-aa5b-c8ea572ab533,3318
2077,204.69,Pending,2025-07-26 15:24:39,6827cc11-a550-413d-8c3b-653e00d7e41c,8607
2078,66.78,Pending,2025-05-22 03:52:35,4fbfcc65-5490-490f-9def-167758cea7e4,5691
2079,164.03,Pending,2025-09-02 04:19:06,35ca4cf8-8c48-4cd4-906a-eeed677900a3,7149
2080,60.45,Pending,2025-08-14 09:04:19,cdc9b5e5-b586-448e-b345-224285fc22c5,1994
2081,135.74,Pending,2025-04-05 17:42:34,21f14959-c903-4801-94f7-1f6dd22b01f1,6783
2082,72.8,Refunded,2025-11-16 10:54:43,476af9db-1466-40d5-9665-8a24d708157b,2637
2083,123.21,Pending,2025-01-22 05:47:16,4cb9ccd3-1112-47e5-9da5-2677641309e7,1138
2084,62.9,Paid,2025-08-30 02:59:35,af5686d9-95f8-437e-ab86-67d14122da8d,2544
2085,97.78,Pending,2025-09-05 23:07:10,70a74ff8-5b13-47d2-93fa-67a1c833c679,2592
2086,37.65,Paid,2025-03-15 14:40:21,0480f718-340f-4280-8c02-2c7a19b55983,9924
2087,78.27,Refunded,2025-10-19 00:27:40,6a0ca6fa-91f3-4313-9368-031cc8262fe3,6816
2088,168.83,Refunded,2025-09-28 10:30:49,7be849c5-d2e1-432d-a095-5dee34af73b9,6504
2089,128.65,Pending,2025-06-23 05:50:06,c748d7f1-0200-4d61-9345-a305b3080c77,7538
2090,201.8,Refunded,2025-09-08 13:04:55,471d17b4-1834-4d1c-9c9a-8151516e806e,1408
2091,53.71,Refunded,2025-08-04 22:25:16,b7ef0289-8e93-4be7-8bfa-e6b013c4b50d,2605
2092,30.12,Paid,2025-01-17 20:50:19,9d76f64d-80aa-41a5-9116-7de79abc6121,4513
2093,82.15,Pending,2025-05-09 22:00:10,36dc865c-2cd1-4c01-87c8-f787dab9a142,8503
2094,69.96,Paid,2025-08-25 10:46:27,052daa32-f0ab-4cdc-9460-d97d21f4b784,9435
2095,155.59,Pending,2025-07-11 21:18:52,6c22706e-40f1-4194-b048-120485747bf9,2568
2096,98.88,Pending,2025-09-21 04:48:38,b25ddf4f-e15c-417e-b6f6-4218ef91bc04,5097
2097,112.47,Pending,2025-01-20 03:54:44,d5652bcf-b879-486f-bbb5-326ffc9d0794,3872
2098,96.88,Refunded,2025-09-13 03:08:29,c6f952ad-2acb-42b6-9439-21cad6875d2f,5245
2099,140.14,Paid,2025-01-15 05:07:53,c084f69d-9324-4e19-8577-f9ef9cb84798,4517
2100,99.54,Refunded,2025-04-05 19:46:08,fd1a69e2-8d5d-462c-b265-db0fdd61c8ec,4757
2101,78.64,Pending,2025-06-12 02:33:41,553b1b5f-5bbe-4937-9eb9-1b37aff886d5,6277
2102,43.01,Refunded,2025-11-09 08:46:45,f6cd17c7-1953-4b26-b244-062c517fdf3b,4353
2103,119.87,Pending,2025-01-30 01:23:30,c26559ca-e99e-4679-81a1-ec58843e9695,412
2104,99.5,Pending,2025-11-12 04:59:18,e1496439-4576-4baf-b11f-9e34a397d480,2033
2105,151.7,Paid,2025-06-29 08:53:08,eb0d432d-ded0-4d3f-b9df-8bd672d0f4e9,3612
2106,68.03,Refunded,2025-04-22 15:48:06,aa2b850d-87bd-493c-82ae-6619179fb10b,8895
2107,157.43,Paid,2025-07-25 17:41:34,46121149-47d1-4d1e-83b1-43618a15a905,7003
2108,123.09,Pending,2025-01-24 21:32:29,2c5e566b-ef80-4a68-a5ad-eda09bc9103e,8747
2109,147.68,Pending,2025-03-02 13:27:28,e724801b-1b59-4987-acde-8a1f453f8655,8207
2110,24.72,Refunded,2025-11-17 12:56:27,33894324-f614-49a5-af4c-a54deef873a0,74
2111,178.38,Paid,2025-09-28 07:20:56,52137f9d-27b8-4c68-b2a3-4b37fe9e793a,8426
2112,125.34,Paid,2025-09-30 12:47:08,198fd281-3577-4350-a46f-b9cd887c6d41,6814
2113,103.66,Pending,2025-05-14 08:33:09,7c78d2e7-1b27-4a8f-8c7f-427077869c15,4343
2114,158.53,Pending,2025-02-27 22:22:35,bd33ee79-d5a8-4913-a173-8ed2e2e07802,4304
2115,123.37,Paid,2025-04-27 07:00:41,78503b2c-c600-4f39-9296-0a01b0056613,8013
2116,179.92,Refunded,2025-06-25 08:52:16,401e9ca4-bb61-4f5d-bc5d-8d42dddc2b25,5415
2117,123.77,Paid,2025-11-17 18:11:11,502b5d83-7391-4c41-83f0-35710f9c1f12,3870
2118,140.75,Refunded,2025-09-09 23:15:34,941749bc-588a-463a-afbb-ff13fabb968b,8427
2119,82.83,Refunded,2025-04-13 03:00:43,5d140b77-6e6d-4756-b3be-c6e39bdd38cf,9316
2120,176.37,Refunded,2025-03-28 18:22:04,6e6a0d61-841a-4be0-ac62-46faa040c9d4,4258
2121,40.84,Refunded,2025-04-20 10:55:16,6e612795-f0c5-4c44-a3db-414355efb650,4034
2122,100.15,Paid,2025-03-24 22:22:42,4ddab06a-9323-4c3b-b36c-7ca8e9d0c432,2984
2123,151.08,Pending,2025-01-03 13:35:53,a9fbbfe3-43a5-4d4b-9ec0-6277c3b4e621,9695
2124,36.55,Paid,2025-03-28 16:15:36,557a346f-86ad-462c-ab4c-80be72f7a702,8918
2125,29.14,Pending,2025-10-31 08:54:54,63871158-7956-4ad4-9085-19bd9e84fdf9,5290
2126,98.37,Pending,2025-03-23 15:51:01,dc786f1a-521c-4005-a20f-3618c09a221f,8417
2127,155.91,Pending,2025-08-13 01:47:09,c113ce24-7b1e-427e-b68f-e6cf0e6c05ce,5399
2128,104.92,Paid,2025-08-26 17:22:31,2abe7cb2-b150-4fc5-b59a-7861f44de258,5586
2129,111.73,Refunded,2025-04-01 09:36:22,4a9afc7c-9f86-435b-b7cf-4b3f1ea893fc,7245
2130,47.41,Paid,2025-06-06 18:26:35,df79770e-b74c-4618-b7e4-eda857204d53,8010
2131,109.9,Paid,2025-04-22 02:40:42,dd48123a-0ee6-4cd4-9b00-0a422bdf6431,941
2132,153.62,Paid,2025-07-22 08:46:13,8fe6493e-fafc-4ef4-9586-5bef710aba0f,7382
2133,140.22,Paid,2025-03-29 07:28:19,138f0429-b0ff-418b-9f6e-db302dd3eddb,1279
2134,205.83,Refunded,2025-06-24 07:35:11,1e4c83af-6767-4c25-a55a-886ed4ba2433,374
2135,51.23,Paid,2025-07-23 10:18:54,20812d5b-77f3-4960-a8e8-2bf8d3260732,7404
2136,123.71,Pending,2025-11-22 00:15:44,8db5ac90-694d-4137-8171-2dac4968b52d,4999
2137,120.33,Refunded,2025-03-12 02:24:27,28586f31-17d4-4282-a9f4-450479323101,3368
2138,99.66,Paid,2025-08-06 02:09:04,ae310c50-02ec-4684-9f4e-60925429bc5e,5644
2139,114.82,Pending,2025-03-16 04:32:05,dd06024a-707b-4cec-a56c-d5c7d3207bab,4416
2140,155.87,Paid,2025-05-12 19:26:46,5554614a-eee2-4d64-984e-93d7f27c437d,2359
2141,56.66,Paid,2025-08-20 16:02:57,bb21afd9-fa09-4241-b9a3-1c79efecf430,9421
2142,109.25,Pending,2025-09-27 23:56:35,8b8026a4-3add-458e-b90f-c7ad1c04e1d3,1382
2143,71.74,Paid,2025-10-05 13:00:27,fa4a7678-9228-4a04-86f6-5b8d230c80f7,7668
2144,26.88,Paid,2025-10-16 18:23:34,fbcaa752-169b-483d-a75b-9eb4fce762eb,7807
2145,28.87,Paid,2025-08-01 20:09:18,c79045e6-80e3-4f8d-80d1-9904acb6196c,4772
2146,90.51,Pending,2025-10-20 04:38:01,b6e332fc-9e6c-4170-aa89-b07623710165,4108
2147,76.12,Refunded,2025-08-18 02:38:14,20f24e5e-bc64-4390-a8e1-f9f9fa88cddd,2296
2148,84.15,Paid,2025-06-15 23:57:24,67bae2aa-3a18-4069-baf1-3893a51e7241,960
2149,135.45,Pending,2025-03-05 15:09:23,2b7cf3b6-de66-4eb2-859b-f69023373817,5167
2150,146.35,Paid,2025-10-12 21:02:54,ec19e575-5f33-4917-aaec-0b905dadf89e,2297
2151,208.16,Paid,2025-02-05 16:11:49,d32185cc-99e7-4771-9fbd-e424cf309cb8,6994
2152,20.68,Pending,2025-11-20 19:09:41,8c5af099-61fc-494d-abf9-623969b6f497,3722
2153,167.91,Refunded,2025-07-14 17:01:42,deec5978-0af4-4065-a8f5-c982bfc23653,7284
2154,174.94,Refunded,2025-07-11 00:28:06,71bccc51-8067-4815-8540-b8496bccdc30,6963
2155,177.13,Paid,2025-07-06 09:39:38,5b7c4b32-6c25-4154-9783-f7c233a89e50,8977
2156,139.32,Paid,2025-06-26 08:25:46,239792e8-adb2-46a6-b175-73caef85476f,4379
2157,33.3,Pending,2025-09-06 10:33:37,de7d7f13-b044-4d99-a3e0-693f9b52d4c3,6633
2158,192.27,Pending,2025-09-20 12:34:24,2881c172-7a82-4eb9-94cf-32945803f5c3,1302
2159,192.84,Pending,2025-09-08 03:41:10,212229af-07f5-408c-89a4-e6e2f09a87a7,2394
2160,68.29,Paid,2025-10-15 19:39:06,b8825cb0-1963-4bf2-a40f-5662195d7371,5075
2161,133.44,Refunded,2025-11-05 13:31:27,8be0937d-aa7f-4388-a395-46f85bd2c0ab,7258
2162,149.51,Refunded,2025-10-17 04:21:06,195b6e71-9c58-49ff-93fd-a95a48993660,2885
2163,189.26,Refunded,2025-09-14 08:05:54,b636f648-f432-4642-b5fe-c18d22c8dd22,5336
2164,193.11,Paid,2025-09-02 08:54:54,e24d16d8-0910-4af7-92cd-42b7cfdc1d62,6433
2165,34.81,Paid,2025-08-24 14:08:21,d87c33f2-6ad3-43ba-a35f-19a42d0cec29,6982
2166,207.93,Paid,2025-05-09 19:58:15,3ea95c3b-076b-40f0-a204-8eb8ed1cde0c,272
2167,160.08,Pending,2025-10-02 11:32:26,90969e7e-2872-413e-b3e2-81d26c12dfc8,1713
2168,31.72,Paid,2025-02-16 01:41:27,8deceefb-6596-446c-9181-ba36d1096999,6814
2169,110.36,Refunded,2025-10-24 18:07:16,f8e4022e-eda7-4626-abce-bc3af9a426d8,7473
2170,27.56,Refunded,2025-01-23 08:24:54,340f4af8-1467-4065-b8e2-517dc9a7e279,3806
2171,103.04,Paid,2025-06-01 08:19:19,89b4ad70-71d2-46d8-99e3-c334cbe07b56,4288
2172,169.88,Refunded,2025-05-03 18:17:22,43b0b989-231f-4c72-89a0-c2fdbf6cb698,6526
2173,34.19,Paid,2025-04-13 00:12:40,1d404347-0f4f-48fd-abbd-04d4473ff59f,7043
2174,53.51,Refunded,2025-08-24 15:14:27,61ca3c49-c998-4a7e-8de1-a4db122c5d31,8614
2175,81.33,Paid,2025-11-08 05:43:42,ab845045-9bf6-4c87-9b77-40f75a390df5,1232
2176,48.65,Paid,2025-07-17 17:46:16,d02ac177-ecea-4620-ad09-45c0cc34baca,5782
2177,38.53,Pending,2025-02-10 15:38:26,c125312c-cc9b-49b8-aa42-41c401d7c39e,1744
2178,90.66,Pending,2025-06-07 16:17:40,8deae152-72cc-4a55-8343-fb625f12aad8,1176
2179,205.0,Pending,2025-04-22 23:54:04,27e6ceff-560b-4af7-b1ae-e7fde918a465,8234
2180,104.1,Pending,2025-06-11 06:21:52,451a292d-fa5d-4fc6-803c-27cae7a49706,813
2181,92.04,Refunded,2025-06-15 23:12:51,7cf763c9-ad59-4dc5-8034-0245fd88fbb6,3965
2182,107.82,Pending,2025-09-08 12:58:39,004d51f4-2037-4c89-a0d9-64ef0042ee1d,9397
2183,150.09,Pending,2025-09-19 08:36:56,7bdaffc4-115c-4ef2-8a5b-3b637d0ef6c0,6132
2184,190.94,Pending,2025-09-16 21:01:56,6ad2146c-f1d5-4f81-a136-c01ac4ba68d5,2808
2185,117.56,Pending,2025-11-13 04:18:41,14499695-4608-4011-9892-26c33cea456e,5200
2186,46.73,Refunded,2025-03-20 07:43:11,6e8dd857-0ef0-4047-adb7-766ed6880ae5,4351
2187,23.54,Pending,2025-01-20 08:25:47,adef893d-79d8-44ff-8c1d-fb8a5ac80f4c,9928
2188,186.4,Refunded,2025-07-29 04:43:30,54630d1f-bac6-49fd-a57b-d52a32774061,4958
2189,59.4,Paid,2025-05-07 01:10:30,182f50c3-d98a-443f-947e-6d4c122bc04e,5626
2190,41.06,Paid,2025-10-02 02:25:47,85b8fd38-4c59-4c6f-be8d-f7b8d380f001,702
2191,23.43,Pending,2025-06-19 12:26:47,15631c93-cf05-4699-876f-3e8b6a6b7efe,4076
2192,77.98,Refunded,2025-10-10 09:28:52,22a4c849-e563-45a1-be9f-6bfcb8235b78,2499
2193,164.96,Paid,2025-08-29 12:05:57,69c1b3ee-5c04-4304-84fa-9fff075125d1,5432
2194,167.84,Paid,2025-09-15 05:12:39,66546114-238b-48fd-b194-9d87f469adbc,475
2195,87.5,Refunded,2025-06-07 10:20:39,a608adc8-7d7d-4815-a536-7fea1ba60684,8155
2196,54.89,Pending,2025-01-03 07:17:20,1e595a20-d00c-4bd8-a63d-b605471927a2,4636
2197,151.62,Paid,2025-09-07 07:18:14,d427819e-6b24-4d66-94cf-53cd043f2e45,1424
2198,128.32,Paid,2025-01-24 08:14:25,42135a98-0081-46f8-a5ef-4f6e99e10986,6452
2199,60.35,Paid,2025-08-01 05:03:14,27038be3-aa38-4f96-bbb9-b2199149a227,6811
2200,185.84,Pending,2025-02-01 05:34:20,b2e56a09-5c78-48cc-b065-83bd05d529fe,7725
2201,26.42,Pending,2025-01-05 16:21:03,de1513af-ffde-4df2-88ed-78529e08c400,1259
2202,129.84,Refunded,2025-02-15 10:10:50,9c29f044-6920-4526-a236-d6f8f7106367,484
2203,183.33,Refunded,2025-02-16 06:41:23,ad149a85-6fd5-4e49-a612-330c06673055,8674
2204,196.89,Pending,2025-11-09 01:41:03,8afe0e7e-90cf-4561-ad81-29b11f803c21,7363
2205,176.19,Paid,2025-03-17 15:09:15,6978770f-0dd0-4e9e-a65c-32b3b562040b,2356
2206,91.46,Pending,2025-06-12 23:45:39,df396da1-6e00-431d-b244-6743dc8be0e1,4440
2207,191.1,Paid,2025-06-28 06:42:42,150604f3-53ff-4dd2-a817-a08273c1f024,6909
2208,202.23,Pending,2025-08-09 05:47:46,918711e9-912a-4edc-867c-cc52227cc66d,1963
2209,180.85,Refunded,2025-01-13 01:23:35,54e9cb2e-c864-4dfd-a4f6-155403550add,5043
2210,169.58,Refunded,2025-07-12 21:39:01,1ca52570-3544-47c9-9b0e-c7a004b5bd65,3584
2211,195.36,Pending,2025-06-05 17:01:42,d80530bb-d8e9-4bf6-9c1d-afd394f5f798,3480
2212,49.55,Paid,2025-04-26 01:44:57,0c1ac708-7de8-457d-80a1-fafd08f688d5,3373
2213,140.36,Pending,2025-08-26 08:17:42,cffa906b-8a0f-4a30-957e-4a514ed6c512,6526
2214,135.38,Pending,2025-01-23 10:11:17,c270c552-c56e-4c25-ba5b-dd3a6379b7c9,6840
2215,149.1,Refunded,2025-05-10 23:47:02,3092c65c-1280-4b67-a3ee-b04e75c43fe0,1246
2216,68.11,Pending,2025-03-25 07:15:03,ca0427a9-6c60-451f-8c2b-e4f0a15f4d6f,1046
2217,30.52,Pending,2025-09-19 20:14:23,db5fba81-8e1d-4b7d-9b88-976200d3a06b,8941
2218,35.47,Pending,2025-11-02 00:45:07,55663043-6753-485c-b084-f05c0a67c3e5,1952
2219,117.26,Refunded,2025-02-25 13:27:17,6453efdf-3154-4de6-9c4a-8c00539d5f5d,1967
2220,139.87,Refunded,2025-01-10 08:18:25,031256de-ead2-46c9-b2e8-6fba669df2f6,1160
2221,195.12,Pending,2025-09-17 22:36:41,48f3fa90-1d44-45d8-897e-5f84fb5b8e9e,3050
2222,124.9,Refunded,2025-08-15 06:28:16,60b2cc40-f0a5-4438-aac1-e448834757d1,507
2223,158.79,Pending,2025-02-08 10:19:48,57a69a51-6651-4054-937a-fcfa77fa2c6c,9025
2224,28.81,Refunded,2025-02-13 11:05:20,2d17aa1d-0bd0-4e2f-95b9-e48f855ce1e0,7703
2225,71.4,Paid,2025-04-09 18:43:56,f7cb6e21-d3fd-4d8e-a6a1-d0e285e4b716,8000
2226,203.79,Refunded,2025-04-18 19:21:58,56ee0a35-7c01-4302-b37a-30d9721b1a92,1160
2227,81.08,Pending,2025-10-12 03:13:09,f96e5178-100d-4de5-b8e7-d4b717bd37cc,4901
2228,79.94,Refunded,2025-06-16 18:01:54,381720d2-6bd3-4d89-8ea5-98fc69537b05,7978
2229,46.47,Refunded,2025-08-20 23:23:31,46310a4a-186b-4fd6-8e74-a6bb1e58bbd8,2825
2230,42.26,Refunded,2025-04-16 22:03:35,213a37be-73b8-46b1-9822-239f2ecad259,8062
2231,22.12,Paid,2025-03-31 02:02:08,1b163816-1839-442f-ba60-4d126ae2763b,4130
2232,75.0,Pending,2025-08-17 09:59:20,2aea26cd-5c4c-4209-a9f3-35c3cf59c795,7339
2233,88.94,Pending,2025-05-27 02:13:53,afe53125-3794-45d9-9c6e-511798054a75,5226
2234,75.7,Paid,2025-09-19 23:53:32,d8970727-9ea8-470e-a3cc-2b22151b8183,5309
2235,124.07,Refunded,2025-05-06 10:01:03,538cbcd2-0c8b-4cfb-93f0-de566ad088aa,4009
2236,58.68,Pending,2025-06-02 07:22:58,9cbc1721-622f-4afd-90cd-956decf66005,6315
2237,157.71,Pending,2025-06-13 14:03:59,6fd47d29-4087-4dd5-83d4-78e619f99e2d,266
2238,157.47,Refunded,2025-10-25 17:35:54,79d6fbce-71e2-4e2f-811d-867a9f763009,6805
2239,123.44,Paid,2025-03-01 23:02:07,86149fed-ab70-497c-93d7-0320042d6a67,9325
2240,85.51,Refunded,2025-03-10 15:35:43,9638b391-f638-4e5f-b00d-714413b74da8,3245
2241,127.49,Paid,2025-01-26 03:48:22,ae726ac1-16e3-4918-8393-fe7c82538a41,7051
2242,123.33,Paid,2025-09-06 10:36:54,cdbe081d-2ef5-4865-bf2c-eae3a1f79635,7128
2243,100.79,Refunded,2025-03-21 17:02:58,cec4bc7c-0dd5-48a0-8908-a2a619713791,8966
2244,76.96,Pending,2025-04-09 12:18:07,973debaf-3807-4f60-8a29-9dd0bf220a9b,8842
2245,111.16,Pending,2025-09-11 22:03:56,11822af6-6331-4cfd-a30b-673521bfbc9e,788
2246,54.75,Paid,2025-11-16 22:17:36,893d35c5-9c9e-4963-88ff-daa5c36f1780,7742
2247,177.86,Pending,2025-08-20 15:37:41,622d3823-071e-4553-91de-b96033378b67,997
2248,186.02,Refunded,2025-09-05 11:57:16,9144d239-809f-4af9-b32e-0739dddb7c3d,6059
2249,174.64,Paid,2025-03-01 18:21:14,f8918285-8afb-4a2a-8cd8-85f32e967c29,6869
2250,178.3,Pending,2025-10-11 11:41:24,d58cdc4e-4b54-4596-821c-08a16bd555bf,1652
2251,25.8,Pending,2025-01-05 15:11:58,0216044b-ee92-4498-b01e-568edd51c559,8256
2252,159.66,Pending,2025-06-30 10:50:14,b3fe0435-ba6b-4c77-acd2-e7c39024a6ae,3390
2253,69.09,Paid,2025-06-06 16:12:00,de0671a8-32a6-4866-9cf2-b5e7ab457929,7086
2254,171.98,Pending,2025-09-18 21:34:24,92b562f4-ff81-4d63-9dcb-6229573536ed,1730
2255,61.59,Paid,2025-10-30 14:47:00,9227b1de-cf22-4229-b492-608253d6f2ae,6724
2256,190.72,Pending,2025-02-10 17:54:33,22ca62c4-543c-45f6-8453-6301e16d3bab,4496
2257,115.65,Paid,2025-10-06 08:52:02,bd0ba96f-d4fc-48e8-a812-3ba6d6c27274,8412
2258,185.97,Paid,2025-02-08 13:23:24,0832fe6c-2cd5-4d5f-b3e3-4589240bb3e6,5166
2259,88.84,Paid,2025-02-24 22:01:36,b6ae5630-92a4-45a2-beca-34b13471ee23,8030
2260,156.06,Paid,2025-02-08 09:50:25,3a3a3c33-acfa-4c0b-a364-ff37a965a1e4,8651
2261,57.93,Paid,2025-04-18 08:29:03,e6314e25-505d-408c-a1b2-a20c9a5e82eb,2563
2262,136.31,Refunded,2025-07-30 22:11:19,89cd0fae-9583-4d50-8552-2e7b33d34a6a,958
2263,113.15,Paid,2025-09-05 03:25:11,e9b080d0-bdda-42e0-8fc4-1bf80f18b113,9147
2264,166.53,Refunded,2025-05-08 19:52:52,a9969627-a277-4f91-928b-7c82bf1876fc,7050
2265,29.34,Refunded,2025-10-28 21:12:42,5759c1af-2c99-4ebc-a269-8d2763a70c6c,4275
2266,90.37,Pending,2025-01-21 07:11:28,77803b66-ce33-4ce2-b906-da75952c39bb,1947
2267,73.66,Refunded,2025-09-22 06:02:03,318f237a-5a4c-4020-8c51-60d5a51077ca,9300
2268,75.03,Pending,2025-01-21 07:37:42,1a503635-a60c-4412-a33c-a44db1dc3465,6478
2269,161.52,Refunded,2025-05-01 17:56:52,3a10d92d-a166-4ba3-9950-3729083b2879,6583
2270,39.68,Refunded,2025-09-02 09:22:25,f8dfdfed-a2b3-4a7d-95c8-4aa98e576064,1281
2271,84.49,Paid,2025-08-24 17:15:18,2aeaf269-7d1f-40bb-9ce0-d93e6c2d9d1e,8341
2272,27.95,Pending,2025-05-20 15:42:13,933b65ce-3bdc-404d-9c90-84505ece4b33,4077
2273,38.04,Paid,2025-03-21 01:42:24,3cd5e211-2eed-401f-ba89-64322660e445,4832
2274,143.0,Refunded,2025-01-08 06:36:44,96125e99-3caa-45dc-b3b9-ab340803b17f,9276
2275,142.85,Pending,2025-11-07 05:36:32,a1a463fd-4014-4e2c-a613-a7396100f3f0,9882
2276,107.84,Refunded,2025-09-02 02:07:01,ba328374-f235-487c-94a3-d269462fd7f7,6418
2277,40.5,Refunded,2025-05-22 06:53:15,71edb9bb-6e39-4e84-83ef-7ae38e8257f6,5806
2278,186.64,Pending,2025-03-13 10:17:54,3521707f-8705-4eac-80ed-a03ccdb93490,2966
2279,68.22,Pending,2025-03-28 21:12:16,ce8621aa-d68b-4968-bd06-fdf533dbabe6,8564
2280,181.75,Paid,2025-08-29 00:49:52,20833b3b-ac3c-4868-b383-5cb2fb2978c1,6377
2281,67.96,Paid,2025-09-20 14:24:31,e919e739-a16f-4acb-8a10-c99bdf3d4fde,4991
2282,160.85,Refunded,2025-02-18 06:44:19,947a2f97-ec26-4446-8603-15d8ca7b8309,1669
2283,104.04,Paid,2025-09-09 00:02:59,069231f1-ff12-4b68-bdda-bf5dd7ee16a8,3624
2284,186.72,Refunded,2025-03-29 22:47:48,f9224856-5f78-4bea-af2a-74cf027df8b0,3434
2285,131.97,Refunded,2025-04-21 00:16:48,6e396ac1-1944-4375-a3eb-b6d5b76e834e,2200
2286,60.43,Pending,2025-07-22 07:37:42,e32aa92c-8de3-4282-8f74-7df3c15ca99a,7647
2287,25.85,Paid,2025-01-19 09:20:11,2e93e4b6-cd52-4536-ab17-8019aec61e71,394
2288,65.65,Pending,2025-10-26 03:51:44,6bdc7d8f-ea09-4ba2-a80d-db814462bf1d,8374
2289,165.09,Paid,2025-05-02 04:42:02,5ddddeae-4de4-40dc-be72-af67b7523cb4,2408
2290,139.21,Pending,2025-06-10 18:21:04,3742c0ff-07c4-4966-80a2-5e08c450ad35,9169
2291,168.74,Refunded,2025-04-04 23:24:02,6e75e947-3965-4b00-84c8-6511285bac0c,641
2292,20.23,Paid,2025-02-25 03:34:53,baf35e51-4b02-4b3c-a186-611cc75e28a5,426
2293,141.37,Pending,2025-10-04 18:49:17,83ad2ffc-51e9-4b03-afd8-8a2b1ced5f8d,3146
2294,111.16,Pending,2025-08-12 06:04:13,a7e225ad-5813-4574-abfd-3b9afab5e95d,9011
2295,193.59,Paid,2025-02-12 11:19:08,a4c059d0-713c-4779-b4e2-6ff58b409b18,6025
2296,197.72,Pending,2025-11-19 21:39:42,844ceb62-abe9-457e-a67b-977273e4a598,1779
2297,155.32,Pending,2025-01-10 06:27:39,773b0485-ee84-4646-9dbe-040aab1a4054,8675
2298,27.86,Refunded,2025-02-05 21:03:55,6e827e4d-e420-4882-aa44-f2bdef67c1dd,7069
2299,101.89,Refunded,2025-05-24 15:48:59,cc36871c-bb64-4e6e-bb63-b6d6127cd2ef,2579
2300,29.35,Paid,2025-07-24 05:10:54,b88ba135-6008-4884-9a9c-c3409644995d,2131
2301,57.45,Paid,2025-09-23 20:47:51,07d09195-7fb1-44b1-9216-3d6e20ff1f61,6819
2302,60.64,Pending,2025-04-29 07:09:10,2077670c-f2fb-463b-8ef9-9be047640203,949
2303,136.79,Paid,2025-03-31 18:13:33,70937f30-8911-4012-a96d-099e6bdef50c,2953
2304,70.72,Refunded,2025-09-15 11:36:22,552ec53e-366b-4a70-8a59-1ef8ba686bcf,3616
2305,186.93,Refunded,2025-09-26 22:45:10,1fc29f2f-051e-4e6c-83cb-62bfca0bef8b,76
2306,111.88,Paid,2025-05-17 10:48:02,589284be-5965-4117-bb32-1d687357cd56,5263
2307,186.29,Paid,2025-02-20 09:48:26,281ab006-ea40-4bc3-baf3-e8a5065399e8,489
2308,70.21,Refunded,2025-05-23 06:17:21,79c1c755-7f5d-4d0d-9603-7e7d210ae7c4,1712
2309,39.94,Pending,2025-06-04 08:22:51,550cd17e-6eb9-4299-9cd5-beabd6b9de19,8359
2310,178.32,Paid,2025-01-06 11:21:24,1c21822e-610b-400c-95d8-02ae2d075acd,291
2311,86.89,Pending,2025-11-15 10:25:38,c8c06986-27e9-4f29-8afa-eb09fa1f2411,3456
2312,103.83,Refunded,2025-10-20 22:47:41,69cc7724-9021-46b6-8e9f-20b3c6c9d11a,4599
2313,185.37,Refunded,2025-02-07 18:18:42,155aa39f-1d7d-4644-b677-d7e5c14e97af,9329
2314,36.23,Pending,2025-09-20 23:07:04,954799d7-a6b4-4001-82b8-cc2c0ba3dc39,84
2315,120.77,Refunded,2025-02-19 12:04:00,348aeee7-b98b-41a3-8196-6cbd257b3407,1627
2316,145.99,Refunded,2025-07-04 05:15:50,f922c1f9-bea4-43f4-8cd8-f12f3f002768,9462
2317,110.26,Pending,2025-07-23 07:19:39,9a13aacd-7ea2-41cf-8b03-106fed1e5af4,7547
2318,72.84,Paid,2025-01-05 05:41:38,9ee61add-f691-40df-9b1b-289c4759a105,5212
2319,84.64,Pending,2025-03-22 10:22:40,b665d3f2-eca2-40f0-affa-794fd22bbcbb,5687
2320,131.04,Refunded,2025-02-25 03:45:52,a5e14088-c283-4bf9-98f5-5e247df27720,1297
2321,68.54,Refunded,2025-10-23 11:57:24,c1dae16e-b682-4976-a6a5-e9243eec6baf,5710
2322,147.24,Paid,2025-09-24 04:41:27,0a997877-b468-4850-beb1-3cd582057505,3644
2323,109.41,Pending,2025-08-20 19:38:27,d4cb3804-4986-4302-a8f1-6f567e6085cc,2894
2324,68.14,Pending,2025-08-16 00:10:32,1d459c26-d792-461f-b8f4-4e168f1de559,2656
2325,48.1,Paid,2025-07-13 07:32:42,8a4a67a3-4425-412a-ba10-1207fee96e08,9440
2326,132.08,Pending,2025-05-16 10:27:34,154c9d34-ddf9-4cc6-99bb-f671b5a810dd,9144
2327,52.67,Refunded,2025-10-02 14:39:19,793981a1-bef2-4200-8719-f97203b12a75,8296
2328,126.37,Pending,2025-11-06 15:42:43,fb6521df-979c-465e-ae70-3452fa50f11d,3201
2329,31.12,Pending,2025-11-24 22:41:54,482bd5ea-3007-432f-955d-78c324104cac,2410
2330,28.42,Paid,2025-10-17 07:02:05,14e678e5-3f3a-4e11-ac7f-a13447a4551c,305
2331,83.76,Paid,2025-03-11 14:41:53,df989b69-8bb3-4e1a-99cf-86007cd7db9f,1358
2332,91.82,Refunded,2025-05-04 22:31:26,c3ce59a2-f2f6-41a5-bbfd-bc582d055349,580
2333,205.99,Paid,2025-06-26 07:10:28,d1af8607-5c6e-439a-bc03-1d66893cb764,829
2334,172.54,Pending,2025-07-19 05:45:08,bc13226a-f3f0-42a8-92d3-71f34b10bdda,2957
2335,124.26,Paid,2025-07-07 04:17:42,fdc9e1fe-4ded-45ab-9233-1ee36376bdf0,9194
2336,130.89,Pending,2025-11-23 11:14:50,1c9e5b34-686b-4163-8254-6b73b18ee83d,1879
2337,197.94,Paid,2025-08-19 02:52:17,06f8d630-0c69-4f04-adad-90766e2b983e,5445
2338,192.19,Pending,2025-09-28 03:27:48,a0c49af5-f2a9-4c3b-95a3-23e839c94730,2929
2339,63.1,Refunded,2025-03-04 15:24:14,d906424f-5426-422d-8496-c8e907443e59,4714
2340,47.42,Refunded,2025-08-30 13:54:32,36268ce8-f69d-42f1-bf2a-797e23a8f9e2,6365
2341,207.22,Refunded,2025-05-26 10:28:20,ddd32c0e-4317-4e1a-9b55-58f816ded2ab,3884
2342,68.49,Pending,2025-10-02 17:41:48,87acaaf1-8533-4b00-ac57-7d5023973f67,1816
2343,174.93,Refunded,2025-04-08 14:47:34,cc39cea2-2a2f-493f-9f86-01e83b8b1746,504
2344,174.12,Pending,2025-02-21 19:10:28,226330f8-d12b-4864-aafa-361fd4009d65,2549
2345,98.1,Pending,2025-10-21 15:28:13,df7908e0-dc27-42a6-8936-cc367e8b4dd3,5175
2346,123.24,Refunded,2025-05-09 10:26:18,0cb95b3c-b703-4f50-ba50-18ff5d5ad8f8,8321
2347,142.4,Paid,2025-01-10 20:23:06,8787b83c-c9b3-48e4-a005-d1d45a661d10,6177
2348,202.72,Pending,2025-07-07 03:59:47,fe225404-b014-4fae-a4df-e8cda2be8f53,4412
2349,50.54,Pending,2025-03-13 00:45:16,1ba098c6-5e3a-4a28-998c-27138a69bd48,3843
2350,168.94,Refunded,2025-03-14 01:03:51,92a107e3-afa3-4560-b44e-ce7da83156d1,3819
2351,173.48,Refunded,2025-04-02 10:35:03,cc68b91a-c403-4039-89b9-69e250b42976,4838
2352,76.51,Paid,2025-08-04 00:12:09,64e6d980-971c-485e-ba02-7baeeda29d2e,2517
2353,191.31,Refunded,2025-07-19 07:19:53,02e45e68-743b-48ca-9bf7-cbfc64a0c19f,963
2354,59.53,Pending,2025-08-29 22:40:37,d78592d8-fd0b-4dec-8dec-f771f156954f,1627
2355,82.07,Pending,2025-10-23 17:44:25,c7d770de-2085-4b71-95a2-bcc3dfaa6acd,2690
2356,202.87,Refunded,2025-03-13 15:12:16,76cb63b7-c603-4af2-9724-84fd02c257de,5692
2357,128.23,Paid,2025-03-14 12:36:21,f09d9c80-dd99-4d87-894c-15ab2c5b814a,2711
2358,67.49,Refunded,2025-03-24 04:54:18,6be74d2b-da80-43e7-909c-dbb229a5aa52,6976
2359,191.48,Pending,2025-03-29 22:48:32,883553b5-400b-4e13-bf4f-58e828e90e9c,6988
2360,74.27,Refunded,2025-07-29 19:55:43,a1685687-8bd4-46c2-b3bc-6d1aa895375f,1709
2361,90.24,Pending,2025-06-19 11:39:32,2266957f-22a7-410e-9aee-1bc50a4cfb70,767
2362,70.25,Refunded,2025-05-29 06:49:50,aead37ea-c042-40be-9348-2b22f5c0bf2f,6512
2363,154.63,Refunded,2025-01-20 13:37:32,f79b431c-c09e-41cb-9c67-6549f9acc95c,8473
2364,177.01,Refunded,2025-01-12 02:29:51,97d76b98-cfed-4cb8-b00c-3b978551f92d,3986
2365,47.13,Pending,2025-01-08 22:00:30,25030b67-d0b3-4db4-913b-63013453462d,5901
2366,88.22,Refunded,2025-04-16 19:26:52,585a8969-be4d-4d52-b419-b95ef8acfad0,4858
2367,123.23,Refunded,2025-09-28 10:34:23,eb57d0c8-49d9-422a-861a-059f0872e189,5048
2368,169.09,Refunded,2025-09-20 16:48:49,c7447b9c-cce4-44f6-a6d5-7ba45824fc07,6277
2369,195.84,Paid,2025-10-30 08:51:08,4957f969-4693-4fc4-b065-19d01eb8cdf4,3064
2370,191.56,Paid,2025-02-07 00:00:42,9054135a-bbee-4319-8096-7898c1410ccd,3858
2371,126.16,Pending,2025-06-16 05:39:22,1d3d2e68-7d57-4a27-961b-62245f7bc224,8719
2372,93.89,Pending,2025-08-23 15:56:36,80829424-b62f-4f98-b0db-688b48cfd919,4736
2373,106.61,Refunded,2025-11-06 04:07:14,463606df-cf90-4269-a3ad-3af77564fa12,545
2374,104.71,Paid,2025-02-16 07:28:55,700eee55-9177-4976-8eca-c64f90748051,4721
2375,20.18,Refunded,2025-09-07 09:54:09,f77c0ff5-56b3-4e7a-8456-6f49349fe645,6992
2376,127.63,Refunded,2025-01-24 18:07:20,1b8ebb73-0e0c-48d8-876a-ccc1ad749bbd,9308
2377,119.21,Paid,2025-04-07 07:01:08,6eb38bad-c764-4868-83c1-37844fae0588,6254
2378,156.98,Refunded,2025-04-21 12:01:48,884a3446-4dff-4013-9cfb-1fe1f26676bf,6490
2379,206.18,Pending,2025-09-16 07:53:42,a61b58d4-6513-49a2-8a9c-5074deb4f53f,9982
2380,34.23,Refunded,2025-04-26 22:16:41,cce39656-7e4b-4881-ad2b-ffc714587c3e,8577
2381,127.6,Pending,2025-05-13 22:23:51,390c3cc5-97f6-4b3e-87d5-dfeba43531ef,6395
2382,164.31,Paid,2025-01-18 11:14:55,34b427f4-0da7-457f-aac8-1eb95405f534,1499
2383,48.94,Paid,2025-09-02 19:21:08,260d0e89-b559-4fa5-8c87-1b0558d1a9e5,5547
2384,30.09,Paid,2025-02-03 06:18:47,cbd3ba27-d996-4add-a36b-2cef213fa1ab,5288
2385,106.57,Refunded,2025-09-30 21:36:18,72104802-b1bf-45c4-bfa1-bf90550758ef,1855
2386,198.99,Refunded,2025-11-10 18:53:59,d6fe5f65-ed66-472f-910c-bd2171f2ce73,696
2387,153.98,Paid,2025-04-12 03:00:18,50e5068c-84a2-4712-98da-d55d17a5bd4e,4828
2388,162.68,Paid,2025-10-28 05:45:15,b2a90788-bf2c-4a7b-a05c-e0126cc32bd9,9735
2389,21.72,Paid,2025-03-18 05:45:07,0640346f-b525-4f9a-a31c-3d7c9cbbb0eb,2799
2390,35.22,Refunded,2025-02-03 11:22:12,92cdab57-11b3-45d2-a678-41e388b152cf,108
2391,147.91,Pending,2025-04-01 03:51:52,e415f650-a648-4462-8e8c-c4fd0007098a,5909
2392,64.22,Paid,2025-01-01 18:21:33,f164430b-c0d5-4377-9847-7127b14644f3,6219
2393,85.56,Pending,2025-08-01 00:27:07,76c0f20e-0fcd-4384-9c68-e455aeaf727f,4619
2394,37.0,Paid,2025-01-20 07:57:56,7856ae6a-38bb-441d-a73a-4c5b21d4e438,8647
2395,37.68,Paid,2025-08-16 10:52:29,841a5521-8cff-46db-92a2-bdba30ab9cce,6797
2396,63.22,Pending,2025-10-20 20:17:50,62ed38f5-4980-446f-b337-3cdb8d47599a,912
2397,24.61,Pending,2025-02-27 08:42:04,3e8f4d7a-055a-415d-af2b-549762adbc4f,3336
2398,86.8,Refunded,2025-11-07 10:22:59,b34e6c89-7334-4789-8c20-5eb0b175c5d6,5970
2399,175.13,Refunded,2025-04-08 20:30:05,9a93e441-9ca4-4deb-a946-2ca4bf8dd01b,8616
2400,176.3,Refunded,2025-08-08 15:41:02,d663f3a0-d7a7-4734-b8c2-b64483bf487a,9948
2401,124.75,Paid,2025-05-03 21:50:59,cc9c7832-3697-44f9-ae6c-b111089ee44d,1797
2402,162.4,Refunded,2025-11-18 00:55:06,0eff8a69-301a-4763-a545-9ccef6a60b61,9002
2403,34.57,Paid,2025-10-23 22:48:07,bbaa0d1b-badf-4c4e-81a6-ef3255a26b2b,5149
2404,78.72,Pending,2025-09-24 02:21:08,4d028d31-e083-498c-8dfe-6da6715ed3bb,2295
2405,182.11,Paid,2025-01-16 01:40:46,cc88f2d7-887f-4112-b3db-bdca644c33c5,9732
2406,134.31,Paid,2025-03-15 06:35:26,4d30e188-9379-4ae7-8587-61873d8f81f7,8695
2407,91.6,Refunded,2025-08-05 21:24:47,f0142dea-1abc-4eb4-b3bd-b7497e0604e4,9957
2408,179.02,Refunded,2025-08-18 14:31:02,afcea267-e32c-41e0-b6f3-bf37ffc7ebb2,5966
2409,132.85,Paid,2025-03-29 09:30:26,e389edb2-7599-4c4c-87cf-a7073f11075c,397
2410,36.0,Refunded,2025-05-02 13:34:29,bf520837-15bc-4854-ad73-eb90fe87bd39,4536
2411,73.26,Pending,2025-10-19 19:44:41,6ce7a51c-144e-4b41-a208-2b31938d9315,6821
2412,176.99,Pending,2025-06-30 21:55:13,60c0c6e6-7a3e-4b1f-8529-1a9162159277,7550
2413,174.92,Paid,2025-05-14 03:20:05,9bfe2ebd-6173-4fec-bc9d-6ad95f9edbcf,8137
2414,70.09,Paid,2025-11-16 06:53:21,f0679e7a-468d-404c-b598-0323c382758b,5832
2415,136.58,Refunded,2025-11-19 04:08:08,790f13ff-e1f5-41ea-bc55-f361bc9b5522,1023
2416,110.86,Pending,2025-09-27 11:58:40,598d2ffb-fffa-41c8-a15e-8195f300793f,7907
2417,120.61,Refunded,2025-04-06 02:02:55,50a611c3-8948-4c3c-b879-12b48d062d15,7999
2418,64.62,Paid,2025-10-12 15:47:22,232a3503-2226-45ee-b535-20a8fd3fcc62,7024
2419,178.09,Pending,2025-08-24 10:54:05,972bd634-ebb9-47be-8ddf-ece1a02de753,1485
2420,131.96,Pending,2025-07-06 08:20:58,1d0c8f72-3418-465c-98f2-097fc6f1197b,7633
2421,160.76,Refunded,2025-11-21 22:12:29,bc42f9c1-a1af-4b56-a18f-5cde684964cb,7457
2422,47.63,Pending,2025-09-02 12:50:04,77de3dd1-7350-4817-8a53-ee0bef680a65,4131
2423,146.97,Paid,2025-07-02 22:36:11,0ac89125-80cf-49f1-982c-cee266aac04c,5369
2424,181.74,Paid,2025-11-10 04:13:47,2368e7ba-89ef-4709-acab-976896b5ad32,6883
2425,153.17,Refunded,2025-06-16 18:29:01,a68df11c-9ce8-40c3-8058-67878233c1f7,6967
2426,47.8,Pending,2025-11-11 20:47:34,fc5bca9b-a138-41e8-bb83-f8d419470b64,9814
2427,173.17,Pending,2025-04-14 15:42:18,a4d5d976-a0ca-4800-b09d-82b756be1f30,7147
2428,164.65,Paid,2025-03-19 11:35:57,d33817bb-39c1-4524-9775-c9e2c8840bf5,2690
2429,204.88,Pending,2025-04-13 18:31:05,f0ab4452-dd74-4714-ad70-ad335c4b6147,8908
2430,75.15,Paid,2025-04-30 18:07:24,4153b5af-30fe-4a04-ad01-dd36ff1d85b9,4685
2431,188.99,Refunded,2025-10-06 14:06:36,76851c46-579b-4968-906b-fbb241403db4,4685
2432,121.9,Paid,2025-03-09 16:17:15,7b0bf84c-60f2-4bcc-bccd-d3f03717f1e8,9022
2433,78.58,Refunded,2025-10-28 18:59:42,3ae02db9-491f-4504-bed3-fe912363d707,5803
2434,130.88,Pending,2025-11-18 05:01:26,c99a7a66-9771-49bf-a378-e5e778fcac6a,313
2435,47.52,Paid,2025-02-04 01:52:48,16856d78-7e5c-434d-9224-1e97016f5f4d,5067
2436,195.7,Paid,2025-02-21 04:23:15,f37b2504-2b57-4451-8008-53da33d42938,7303
2437,73.07,Refunded,2025-11-23 01:57:22,47a6e624-3bbd-4ea1-98ee-054a3ea3fa05,9801
2438,57.58,Refunded,2025-07-08 05:38:21,64d57fae-1c28-4302-ab74-639e1e087f3e,4607
2439,90.22,Pending,2025-03-26 17:15:46,40fdb2b6-bc36-4dd8-9d25-cc5282a413d1,4854
2440,65.34,Pending,2025-06-30 12:48:46,5f23ce43-f4a3-4185-a074-d90da5bbb1e6,1048
2441,130.7,Pending,2025-10-27 23:45:58,79b73207-68f0-420d-8e76-8fcc3d73f6b4,5529
2442,91.8,Refunded,2025-10-05 08:11:47,5182a2c3-98c1-4283-a71e-bc46c6445b4c,198
2443,156.03,Pending,2025-04-20 13:54:34,7d4b3c9a-e1bf-4f42-b9dc-eb5e309374b5,4243
2444,42.49,Pending,2025-08-11 20:30:46,a317fd29-7f42-4c8d-9bda-7188f9602842,9169
2445,114.15,Paid,2025-03-14 21:39:44,21c3827c-d5ba-4556-a09f-da25b0805734,2358
2446,22.45,Pending,2025-08-08 22:28:19,05c65db4-93c7-467c-945d-477ea6dec218,7469
2447,142.82,Paid,2025-01-24 00:44:35,345be0e4-031d-4fa2-a872-466958984fe1,5714
2448,152.01,Paid,2025-01-14 09:15:28,ff08ef0a-f9ec-4489-a9e0-52227ee94fcb,2543
2449,45.56,Pending,2025-08-07 01:04:59,893cafe5-1b83-4af3-9916-040fa7081bf0,688
2450,169.55,Paid,2025-03-31 04:53:25,98691aed-c399-43fb-8494-5b4858e6c7e0,8092
2451,75.0,Refunded,2025-08-06 20:02:24,80512a83-df9d-499b-8501-5368335d69e5,1220
2452,70.85,Paid,2025-01-19 00:42:53,f1eb79b8-8f07-4f31-8f28-226d253589fe,1042
2453,174.3,Paid,2025-11-02 11:07:34,e910de9a-36b1-4657-8ce4-c33e6e307fd5,1240
2454,192.89,Pending,2025-07-07 18:11:55,de811004-5d45-493e-9b28-0be69b017411,6818
2455,119.34,Refunded,2025-10-28 01:35:42,cc24240f-745b-4bda-8467-524dfd85243c,3412
2456,105.1,Refunded,2025-04-21 09:50:37,db529e80-b5f4-4741-8c5e-47e08b1e8f50,4330
2457,29.58,Paid,2025-10-31 10:17:31,d06327ef-6c20-4301-bf91-ba3b58a8da88,6362
2458,124.77,Refunded,2025-08-07 14:45:03,d7bfbc60-3322-497e-a968-7c160c8d6303,4104
2459,112.26,Paid,2025-01-22 12:35:36,71f96e5e-188b-4cc5-bac5-c72147ca0430,1324
2460,154.9,Refunded,2025-11-11 03:41:33,c393b7e0-aa4a-4ce9-833d-bea172692d57,2053
2461,113.14,Refunded,2025-06-25 17:05:01,c50f0b7b-0921-45d8-9a43-f418717174a3,4740
2462,23.99,Pending,2025-06-07 04:13:17,ec68eec5-bad0-4e8c-bcca-d4a3e056d0fb,3406
2463,92.72,Refunded,2025-10-14 21:05:47,2bebc4b0-8e11-433f-91cd-25f4f92aa479,1306
2464,135.53,Refunded,2025-10-17 15:20:52,2fab6bed-0e75-4052-a7ff-9b840d6c68fd,6918
2465,101.27,Pending,2025-01-22 13:02:56,d25f147e-79f5-4d52-b4da-9a47cf09ee9e,2132
2466,21.34,Paid,2025-08-16 09:14:15,ada0788b-f880-473a-90c1-8fecca121bf9,4847
2467,29.41,Refunded,2025-10-31 06:42:49,e5cab15c-55a8-4202-b783-35c474307cd7,6537
2468,32.97,Refunded,2025-08-04 11:23:56,5a8d36ae-3774-4921-9775-b8d97866c7e5,9889
2469,176.92,Pending,2025-10-16 21:17:13,28720e19-875e-4214-b49f-6ba0fac3f81c,7635
2470,141.84,Pending,2025-04-15 20:08:51,fbb0f71f-4689-4b6f-b17b-bb3aca779148,7593
2471,154.72,Pending,2025-11-16 15:08:38,106e7593-f663-4347-b3d7-2728d02688af,2775
2472,66.99,Refunded,2025-10-14 05:04:44,6cdd1a91-976d-41ea-a757-a7a2fcb2764b,1016
2473,100.4,Refunded,2025-08-04 17:09:29,8d8068ab-51a7-479a-907d-376764af7586,263
2474,86.92,Paid,2025-05-08 14:01:55,c0731fca-0a7c-4e0f-acb5-1406cdb4d507,4748
2475,42.6,Refunded,2025-06-08 00:30:00,2bff2a81-2584-458c-9929-3e8f506187b8,8274
2476,103.05,Refunded,2025-08-13 04:04:38,b1bb57e7-985f-4d28-bd95-236689dce504,7278
2477,22.22,Pending,2025-08-22 15:33:07,2089614b-6a1d-4461-8152-c61f5fcc444e,2418
2478,165.96,Paid,2025-02-05 11:28:58,19334fd9-a6f2-4697-b61b-0fe26cf102ba,8904
2479,100.86,Pending,2025-04-12 16:34:33,9222438a-62bf-41cf-93b7-0987663d68bc,553
2480,78.31,Paid,2025-06-06 14:57:08,fc645699-1be7-4b42-b77c-4a36b90c1f02,3660
2481,104.15,Paid,2025-05-04 17:14:45,b9ab7f16-de20-4329-80ee-c131785138da,3107
2482,38.35,Paid,2025-02-09 02:11:08,5fe51103-a70c-4ed9-af0a-f1280544c78d,8066
2483,156.75,Paid,2025-11-05 22:00:53,fb593fdc-0a27-4569-98f2-0fa83d87bfe4,4254
2484,93.22,Paid,2025-11-18 21:48:43,b2ddc7c0-9406-495b-81e4-cc3b1f44d466,5768
2485,160.14,Pending,2025-10-21 15:17:33,ebe7d479-8237-4526-9c91-5bb978b0f0ea,5888
2486,31.68,Refunded,2025-04-15 09:49:59,269f8f9e-b68c-4e26-95b7-94857d64b3a8,2236
2487,28.98,Paid,2025-10-31 10:57:29,55132aa7-a524-4b63-be8a-eaec229d9b33,2193
2488,146.36,Pending,2025-08-27 06:29:06,d83b187d-ef7c-49ad-b76e-bdcb01068313,1690
2489,62.31,Refunded,2025-05-23 04:45:19,0d5b0988-dcae-4f8d-a4fb-f945d2055878,9578
2490,145.97,Refunded,2025-05-20 04:05:38,273a9a41-13c1-42dd-a9b4-228741f7912c,2109
2491,52.49,Refunded,2025-08-04 02:56:31,c68033d0-31f6-4feb-ba5d-9a03fafe1fe9,3140
2492,173.81,Paid,2025-04-27 23:32:57,6336f15a-ef09-4b06-b009-3771e0a6c28c,4060
2493,141.41,Refunded,2025-09-14 02:46:05,9f5e09b8-d2ed-4423-a9df-776cd9720995,6895
2494,184.61,Refunded,2025-06-19 11:33:20,dd1528cf-eb66-4c1f-8908-f887fcaaf9e0,9249
2495,58.54,Pending,2025-08-01 18:49:51,215694e3-9a68-406e-afd3-eead4e23ba25,9249
2496,148.38,Refunded,2025-11-24 15:39:42,1b1879e3-7c79-4471-937d-f5015a2655c3,7812
2497,164.27,Refunded,2025-09-05 23:04:55,c14350f9-c79a-4ce8-ad8c-47a28828e8e4,5531
2498,196.63,Paid,2025-01-29 18:44:41,57c81e3c-7f17-498a-a7f0-76d23b56bc2e,1818
2499,27.88,Refunded,2025-08-01 10:27:52,28ae2fb6-61be-4712-a962-75bf6dfe28e2,6772
2500,179.54,Pending,2025-08-25 08:18:26,6185ba4f-630c-4dbe-a759-035f04cf0bed,3947
2501,126.59,Paid,2025-10-22 21:25:43,e11f843a-1340-4153-a690-b3dab8350020,7661
2502,43.38,Refunded,2025-08-22 01:46:35,51da1848-84c1-40e3-b466-edde04b95bcb,740
2503,187.5,Pending,2025-07-25 08:41:47,bb7ff70a-69cd-4391-828a-89c2f395697c,5037
2504,51.32,Paid,2025-02-17 09:59:30,fabbb3e0-586c-47f4-806d-06c9fe489ba0,7819
2505,60.49,Paid,2025-09-09 03:36:11,188b39de-f4d0-4350-88d7-db2f0dc1b8a4,4149
2506,142.47,Refunded,2025-03-21 02:33:13,101cfe63-216c-4585-bade-2a2b589eae0d,8743
2507,50.91,Paid,2025-01-29 08:20:15,bff3c99e-369d-451b-9fd1-361c1c50210e,8913
2508,205.0,Paid,2025-04-14 12:04:47,3f0d769f-212a-4015-8278-40c069651029,9948
2509,102.65,Refunded,2025-07-04 19:49:07,65ee193d-8c8d-41bc-aa33-a40a3738c4a2,9445
2510,149.07,Refunded,2025-07-29 15:37:58,ad47ef4e-b642-45c8-a50b-b04ed5657ab2,1666
2511,38.5,Pending,2025-07-07 00:18:36,a3ae13fc-e9ef-40bf-970d-4d1aa6b03fa7,2753
2512,39.63,Paid,2025-01-08 02:40:34,17e58a4d-8261-4bbc-8cd9-b3a24e148dd3,8332
2513,52.65,Pending,2025-04-05 13:40:13,20d191ca-2603-4a24-8d67-9c34c4e9a9a5,7942
2514,70.98,Paid,2025-07-03 01:26:43,3e2b57a0-7da9-422d-9e2d-12c00e7e2c74,8987
2515,207.78,Paid,2025-10-13 20:46:02,b7a0b792-684b-498d-8f8c-2c0570459d5b,8538
2516,151.59,Refunded,2025-05-07 19:56:48,89f8b3d4-ae35-4ff7-8878-f5e9fa6c690e,2419
2517,116.92,Paid,2025-10-04 02:15:52,b862082f-5420-4a2d-9ab1-e2d1aa239c7b,6844
2518,27.52,Paid,2025-10-04 17:56:41,9832e45e-3bd1-45fb-8716-26d64166ae27,4152
2519,53.18,Paid,2025-03-09 11:44:47,7406fb60-5f05-45f2-83c1-4252406c98f3,1978
2520,46.24,Pending,2025-06-19 23:37:42,6c332cf2-ea90-4dea-b66b-9e219447d3cf,443
2521,129.88,Pending,2025-09-19 19:27:36,43dd83bd-a310-4ba7-b09b-5f1a996b9492,7797
2522,196.14,Paid,2025-02-27 15:54:41,107ca61c-f6d3-499c-b0bb-d3cf76401313,7383
2523,54.09,Refunded,2025-09-16 08:27:47,1e25339e-6902-44f5-b380-c1a2ac013298,9826
2524,99.9,Paid,2025-02-03 09:03:16,6b181f24-2a36-47e6-8aac-1f46309e4c24,5035
2525,157.13,Refunded,2025-10-15 16:15:01,0d82301e-6ab9-4404-97e9-4d1bf31f9b1e,1073
2526,81.29,Refunded,2025-07-04 20:59:52,b3d77e3a-268c-4d67-93bc-1faf93a22b34,158
2527,64.86,Pending,2025-06-12 17:55:11,ccd49470-8164-4e93-a557-b574e53ac8bb,7580
2528,95.72,Refunded,2025-10-19 21:30:08,d0d7f827-d3e8-4013-b6b6-b7ed00166c92,8313
2529,109.19,Paid,2025-06-08 15:23:36,362d0fd3-0d34-452b-bb2b-8c1f2819c361,2965
2530,145.73,Refunded,2025-05-14 13:15:59,a5ef405b-87f0-41d1-b513-5368f6fe0040,4721
2531,175.01,Paid,2025-09-21 15:36:28,19d3ded2-9ece-47f5-be93-621ae2140bc9,7856
2532,46.88,Refunded,2025-09-27 03:33:50,18a6ad62-49e4-4983-82f2-5d660c142c6e,4054
2533,115.82,Pending,2025-04-28 20:23:49,8184dcfc-6bcd-4b96-b347-f58e52c3d072,946
2534,124.06,Pending,2025-01-08 18:12:06,a7a33891-340f-4a2d-8fe4-1a0c4d00199c,247
2535,117.62,Paid,2025-03-25 11:26:39,000b3690-9b5f-42c5-9160-28f209de5c97,5935
2536,31.92,Pending,2025-01-24 09:38:41,344e88de-732b-4667-9240-0d1f65da2e5c,8420
2537,44.42,Paid,2025-01-28 16:51:45,15923c3a-b1bc-4b28-8618-1e215bf66062,4367
2538,162.36,Pending,2025-10-03 19:04:02,60c1fb5b-407f-442f-a21f-2e1696a47791,9939
2539,155.58,Paid,2025-10-12 09:37:53,6fc6467b-4493-4457-858e-d9c4f223111c,1045
2540,60.99,Pending,2025-05-20 02:07:25,a18140cd-4b8e-4216-9cef-ace34936a6d6,6922
2541,54.48,Paid,2025-04-30 00:56:02,dd054a22-ee62-4838-b3e6-c65ac81d162e,9736
2542,39.41,Refunded,2025-07-19 20:05:44,c5f00e57-cb3c-4a92-91d4-bd8906dd8704,1075
2543,122.46,Pending,2025-02-08 10:50:56,bfc7200b-9038-435c-837a-a399395d922d,3934
2544,74.33,Paid,2025-08-26 14:24:22,001a9ebe-e391-4dd6-9fdd-d59369b7e96b,9276
2545,200.61,Refunded,2025-03-18 19:42:31,ac460003-3e04-4672-b47a-cd60ad2d1f50,4744
2546,107.31,Pending,2025-01-19 13:41:47,22b9b756-0021-47fb-bfd4-47752bd0fa73,2896
2547,185.73,Pending,2025-01-01 22:52:09,2e3dc615-fa67-4f6d-afcf-7e5a9232a2d7,7578
2548,155.64,Pending,2025-03-30 13:41:49,98a286d8-3916-480f-a830-9b37abb96f41,2447
2549,91.2,Refunded,2025-10-27 03:54:10,3e8eb5a3-0aa5-4d80-927e-8e698d2331f4,4787
2550,189.02,Paid,2025-01-08 13:27:58,b950f7eb-3a60-409f-9ba7-12f727a4d55c,9898
2551,64.61,Pending,2025-10-16 01:54:58,3df691b0-122b-4a11-8f0a-01007f7cd53a,6477
2552,164.79,Pending,2025-05-03 20:28:46,06e18ffa-ad3b-46f0-8eb1-5f92281b73d6,5037
2553,112.59,Refunded,2025-04-05 20:42:31,da2637de-04b7-431a-8982-bbea0c6d0038,328
2554,115.96,Pending,2025-04-02 10:30:15,d06f4c5b-0d78-4273-8ddb-53d920e2cd69,2503
2555,73.27,Pending,2025-06-11 20:34:08,149cb41d-0cb5-4714-8b12-2ad43cab89c8,29
2556,166.89,Refunded,2025-11-03 17:51:50,34e62125-917f-4eb8-994e-f4a6f7bcb6ee,2634
2557,172.29,Refunded,2025-09-20 06:59:39,87d6754a-f92d-4eb3-a19c-91ea8642d12f,8891
2558,128.79,Refunded,2025-07-27 08:31:53,de49c840-cc70-4e17-b2bc-84d16f2ca97c,7158
2559,172.75,Paid,2025-05-22 09:08:26,91ad2d8b-1d19-42a1-bdb3-a73c31846adb,6737
2560,174.12,Paid,2025-07-01 13:51:29,8e3a85d3-e3fc-4e96-84f4-ff1f4bba45dc,1848
2561,138.97,Pending,2025-08-15 17:55:18,ac27c975-2ea7-428a-8698-5d49d0bf2f40,2186
2562,189.54,Refunded,2025-03-28 11:16:26,4e1bf44a-5b66-4df9-a864-4340f3c01dc3,4638
2563,169.3,Paid,2025-07-26 07:12:05,5a3faab7-6508-403d-893d-2220ad1135d0,9223
2564,56.89,Paid,2025-03-07 05:51:34,f29493f3-0caf-41c9-ab5b-e42955e7a8f3,9793
2565,42.86,Paid,2025-02-28 00:41:45,3db1c020-92fd-41e3-9e0f-c475f71a84a8,5811
2566,60.52,Paid,2025-03-24 01:04:51,6185841c-0ed9-4cd9-8d5d-1341be58c877,3983
2567,204.88,Refunded,2025-11-05 01:23:25,9946ef42-b1f9-4088-a3ea-37c9f3b5fd83,6334
2568,38.95,Pending,2025-04-01 15:09:59,f179776d-90ef-423d-bf04-15356d862a44,5143
2569,184.38,Paid,2025-06-05 08:14:40,952931e3-4696-4f1c-88f4-cf1caf527e83,3740
2570,37.84,Pending,2025-06-15 00:51:58,8751cdc8-d217-4be3-b14c-32024d0956d8,8958
2571,194.39,Paid,2025-11-12 21:09:37,6a0c0185-e7bf-45eb-a72a-bccbd03e8c7f,9925
2572,60.97,Refunded,2025-10-21 20:51:24,3ba4a1b0-1598-48b6-9736-6e56d7b720ae,3967
2573,59.06,Refunded,2025-07-06 14:00:32,cdfa2fa9-28a4-4cdc-90ef-cfc4064c7c96,139
2574,127.99,Paid,2025-03-23 18:36:07,0d4f663b-4afe-4bfb-88ea-c37f4d134bec,4104
2575,201.37,Refunded,2025-02-04 12:38:47,ecc5bed9-ca5a-430a-bfeb-5e438a333f34,4971
2576,55.84,Pending,2025-05-23 17:39:31,f14b37fc-7d1f-490f-8909-69f086d31e00,240
2577,35.28,Pending,2025-01-14 06:53:42,6f55157b-b4e5-4d20-ae99-edb06b5925e8,9382
2578,122.5,Pending,2025-07-21 12:55:34,e9a1691b-a27c-4a31-bbf0-75ef54424b63,4206
2579,22.14,Pending,2025-11-10 09:15:14,5e96e3b8-c28b-4348-a22c-86b8d5a1332a,4100
2580,43.56,Paid,2025-07-08 19:24:59,bc31b478-a569-4ddd-a13b-e054597368a4,9012
2581,80.8,Refunded,2025-09-21 02:05:05,f78173b6-8cdc-4cf3-b35f-776768b3fe84,9782
2582,120.96,Refunded,2025-06-29 20:06:52,9b946433-81fa-4c44-8933-13924613e610,357
2583,193.13,Paid,2025-11-18 10:19:00,3c0d9b7c-4303-4676-8235-51eb1bedb7c6,8946
2584,139.13,Paid,2025-02-28 12:26:43,797ae083-ab5d-4023-8cc4-28e0295ba630,9088
2585,206.2,Paid,2025-04-11 09:21:47,750f808f-b19c-450b-ab7d-7e675a3df59b,1418
2586,73.68,Refunded,2025-01-01 08:37:40,d9b7df9a-b63e-474a-868e-91501180d841,6380
2587,110.73,Refunded,2025-05-29 06:32:01,fb4c63b8-7a59-4fab-8472-8c069c2e4b8f,6172
2588,79.38,Pending,2025-05-09 01:29:33,baac841a-a0a2-443e-b893-88bc1843534b,3536
2589,195.58,Paid,2025-02-24 08:21:19,2a30400f-601c-41e8-9953-b9283014932d,4366
2590,153.92,Pending,2025-07-24 00:32:09,0af82b8e-c421-4e0e-a876-4ce8f468864f,2578
2591,27.25,Paid,2025-05-20 13:33:57,ae012499-6a82-4dc3-bc7a-7d037bf803b2,226
2592,145.49,Pending,2025-09-07 20:35:33,5814d980-039e-4037-aa0f-9f8aa170a3ac,9959
2593,41.78,Paid,2025-01-10 14:16:22,802b3bbe-bffb-4698-8e2c-e23ea4e774ed,9525
2594,106.07,Refunded,2025-02-23 02:03:03,449b9569-d0e0-49fc-b570-45334daf8abd,8424
2595,41.32,Pending,2025-04-12 09:55:17,ff794ba6-d15f-4c9d-a5e4-5029a00c4a64,2690
2596,204.77,Paid,2025-10-10 22:48:35,9bcc8346-e2fc-4c33-a3cb-4d81c5fe1857,7748
2597,100.31,Pending,2025-06-12 12:55:00,2668351b-64e7-4e5a-a0f9-56fdecff2c46,5115
2598,185.61,Pending,2025-05-08 03:50:08,992facd5-d8c9-43dc-92cf-be00d56e6038,6672
2599,185.9,Refunded,2025-05-24 08:07:52,d7f4e4bc-b974-4965-a070-59f54a258717,9876
2600,133.28,Paid,2025-01-15 00:00:44,fdaa3855-29f0-4112-b15b-14be00a53dd5,7022
2601,151.92,Refunded,2025-11-21 05:50:26,5a5f07bf-d86d-435d-8a9c-e93ab85223e7,9708
2602,131.13,Paid,2025-08-13 12:34:35,9674e3a7-eff6-490b-9946-a9221c63f85a,2928
2603,190.34,Pending,2025-05-21 05:40:08,ed4f1f44-6d62-4bf3-abb7-f404ecddf90e,3041
2604,149.83,Refunded,2025-09-20 18:59:49,97045f84-15ca-4d06-a26a-23c161be39a9,9314
2605,81.31,Pending,2025-03-05 03:29:08,1293ace0-f2f8-40e6-9576-4bbb7774aca7,7935
2606,186.13,Refunded,2025-09-13 21:39:15,87aad349-bbcc-4ce1-98ac-3d0d06a0e212,6134
2607,170.5,Paid,2025-02-28 16:32:26,ca677ecf-376d-4a62-88ed-1ed78d1f51c2,5241
2608,44.98,Pending,2025-01-08 06:24:38,9a00cc05-f53e-4350-bdf8-aef4463f9d7c,6966
2609,180.85,Refunded,2025-11-22 11:35:22,5011efbd-09b2-43d8-8aef-22b1dd736091,1739
2610,126.71,Refunded,2025-02-12 12:08:49,bc3eef5b-d5b6-4e5a-bcfc-6032672206cf,4039
2611,109.45,Refunded,2025-05-22 00:00:22,f68c4cc7-ca1c-42ed-b7ae-3046b46d38ba,2058
2612,155.51,Pending,2025-01-19 18:15:08,5e9ba931-56c7-4986-9efc-be1d8a1142da,7361
2613,152.94,Refunded,2025-02-01 20:49:32,7edc73ed-5dfc-4b35-a450-daefd60e9de1,9338
2614,159.5,Pending,2025-01-20 11:54:25,3e6d7fb0-f54c-4e25-8fcc-9745c52635c9,7369
2615,54.02,Pending,2025-04-04 02:29:51,15386f98-d5d2-414b-81c5-0d6ec5fa7cf5,9870
2616,67.39,Refunded,2025-09-26 05:19:26,14161588-7097-45f0-b9d4-d85f09e108dd,7215
2617,81.87,Pending,2025-10-22 21:33:51,97a42232-0b12-4695-9bef-35e9df0eb9b1,6999
2618,95.03,Paid,2025-09-09 14:03:58,e604274b-5d8a-44d9-ac59-058d932a2be0,6381
2619,82.42,Pending,2025-06-09 14:36:46,ef76f0f6-886d-4ea6-bf34-77d32f988776,1382
2620,134.54,Pending,2025-01-28 23:03:15,f878c71e-8cb9-456a-91da-a5948eec5995,9731
2621,112.54,Pending,2025-04-14 21:26:11,645e706e-b1ec-4687-98a1-586d4e663aa5,996
2622,135.62,Pending,2025-11-20 20:02:40,5267070f-8b80-480a-8dbc-a3904ed2c783,2166
2623,85.6,Refunded,2025-01-16 22:33:52,43c124f3-f9fb-4b9d-a6d3-2c34f4180ef0,9551
2624,26.81,Paid,2025-07-02 16:43:24,62f4bc37-7c5b-4aaf-a160-7d489154fcd0,6679
2625,97.41,Refunded,2025-08-06 12:31:25,ff06af4b-2a65-40f5-8ade-3f5411992529,5585
2626,82.31,Refunded,2025-03-04 02:25:40,01228486-a6c8-4aa8-9930-a8b216290745,2662
2627,166.56,Refunded,2025-07-20 04:32:22,dbfd08af-2e89-43fc-9181-4bb9f07f7c2e,393
2628,75.45,Refunded,2025-03-27 12:29:43,e79fd5d0-15fc-4651-addc-796ef49d09cc,5216
2629,95.75,Refunded,2025-09-08 23:32:38,afc41786-cbf5-4edc-bfa6-df210de9059f,2421
2630,190.33,Paid,2025-10-10 11:21:03,14a9e8bc-bb17-4c68-9af5-4440a5417353,1853
2631,22.71,Paid,2025-06-21 06:28:47,44035150-89dc-4111-afe5-d27c66b78811,7989
2632,122.73,Refunded,2025-05-15 04:15:19,7104e966-fc78-43ca-8d73-a018ea3e1877,1803
2633,195.7,Pending,2025-10-12 11:25:18,c88aa272-d6c9-45af-bb76-c28dba04e006,1959
2634,120.28,Paid,2025-03-20 10:26:28,d7cb0d74-0abd-4c96-9dbc-32e1d9680d05,1380
2635,98.8,Pending,2025-06-03 23:19:26,4ceecae5-a72b-42b9-88dc-386065d1b4b0,2657
2636,83.31,Refunded,2025-10-23 01:04:25,ecd76bf1-daba-4656-871f-a254ed67dafd,8088
2637,122.8,Pending,2025-07-20 16:42:20,0fb30014-240b-4a0d-8d58-6f1e50f6d98f,7999
2638,122.57,Pending,2025-03-26 03:27:37,1f805899-6795-4423-92a3-dc7070369d31,8866
2639,112.79,Refunded,2025-08-18 07:26:09,850b0304-72d0-4bdd-b045-36e6bf512c16,3483
2640,70.54,Pending,2025-04-11 22:39:10,3ef5a916-01ad-4d4c-9f10-f003882c1beb,8059
2641,127.84,Pending,2025-02-27 10:16:14,d6aed85e-4171-40b1-a9a8-51310929b817,9134
2642,91.29,Pending,2025-09-23 17:52:50,87da67ca-ca69-49c5-92af-9e18b997ee2f,6677
2643,37.81,Refunded,2025-03-08 20:45:32,0fbed69b-ef2c-4008-a0cd-6858fa5d8c16,8919
2644,131.99,Refunded,2025-09-03 01:29:50,62d793b7-1573-4416-8f12-5255004bdd72,3971
2645,66.45,Pending,2025-06-06 08:43:17,b50c21aa-6d69-4da7-a4a3-885e87975dd4,7400
2646,35.64,Pending,2025-01-05 18:36:37,25f5afb8-aa9c-42b6-b8b5-a4326e28d617,4624
2647,168.33,Refunded,2025-04-22 00:49:00,a682d75c-8608-4739-95ec-86c9bdb7d43e,6776
2648,86.74,Refunded,2025-07-27 20:23:27,f991a6a8-d591-4a6d-850c-827115ddc273,6991
2649,162.73,Refunded,2025-11-25 09:54:40,85891c0a-ab13-4c2f-946e-afd7da131a8d,3127
2650,159.01,Paid,2025-08-01 11:11:52,3dcf0140-ff15-4481-a821-52711c38a78b,7125
2651,158.55,Pending,2025-02-14 23:01:07,29d256b8-517c-470c-954b-dae1de1c0da4,7132
2652,180.07,Refunded,2025-09-10 09:47:45,1051a0fb-a31c-4000-adc2-ce634b029655,4641
2653,173.41,Pending,2025-03-13 11:11:47,3da5a124-8b94-44da-b256-60192fa9338e,6917
2654,25.18,Pending,2025-07-03 00:58:21,e5f007ce-e2e2-4d49-ad11-94ffe8aef1fc,7036
2655,55.36,Paid,2025-03-03 12:25:21,140b7a23-320d-4315-8463-0ad0716cb555,2807
2656,25.75,Paid,2025-04-04 12:39:14,9738f3a7-8028-46bb-9dfc-9347bdcf1310,5562
2657,159.03,Paid,2025-08-27 16:29:53,4a36dff5-0697-45a1-8a29-56ea146328d5,3345
2658,162.14,Pending,2025-05-22 21:38:33,8f672067-1c68-4686-9868-c67d1fa8176b,4631
2659,105.06,Refunded,2025-06-26 09:46:50,3b71f38d-7ff1-4c99-be71-8c0e6965e307,6485
2660,126.14,Pending,2025-07-14 01:57:23,32976aa5-8c99-4ed9-b634-e288af4404e2,1180
2661,66.81,Pending,2025-05-10 19:01:32,f627d66a-90ed-4450-9822-02cc14f3c4b6,822
2662,58.27,Refunded,2025-07-17 15:07:32,ce48d80f-5b62-424d-87e7-744a91da1656,9255
2663,161.27,Refunded,2025-07-18 10:45:34,90dc98c4-a8fd-4dea-afd6-76b67dbf6ec8,2049
2664,31.16,Pending,2025-10-21 08:03:26,56ac42fe-1d4c-422f-9524-8d2b80e7c2b0,8846
2665,100.22,Paid,2025-03-26 12:52:12,ec3fbc83-95f6-4bce-a833-58b43f9949f0,1720
2666,91.09,Paid,2025-11-07 14:00:54,7fdc2a24-34eb-4ccc-bff4-5700a2a40f74,5712
2667,190.14,Paid,2025-03-25 15:51:23,3365ccc0-9f1b-4d9b-8862-a34a0f9aaefc,1899
2668,148.58,Pending,2025-03-17 04:45:40,7420eb14-ac9b-4f22-a1f9-2beca4922c98,324
2669,206.95,Pending,2025-04-09 01:47:07,c1deab0c-1469-44e2-8e50-30f0b7ed9044,6476
2670,84.79,Refunded,2025-09-19 14:24:28,8992772d-ee3c-4be1-bf53-b552488f2d87,224
2671,90.91,Refunded,2025-04-26 14:29:04,4df0b973-ad8f-4ae4-9e88-768cfb295ec8,3237
2672,127.9,Refunded,2025-08-19 04:39:37,543431d2-2c94-4882-bcac-1314cdc9295d,809
2673,24.58,Refunded,2025-09-14 05:53:49,dca2e20e-daf1-482c-a1bc-0f06fb9bfb5c,1289
2674,130.82,Pending,2025-01-07 07:22:32,f7f103ba-0bdc-460c-a6ac-fb741e786c0f,6642
2675,88.87,Refunded,2025-01-16 11:01:35,87b30c7a-6579-4618-8470-e14f8d34c62f,5369
2676,191.65,Paid,2025-09-07 08:46:44,29ef0b1d-9e52-4f5d-a992-b23552a6e310,1324
2677,80.25,Paid,2025-05-30 07:03:21,6a6a89ad-5735-46de-a932-72af37a16a1c,8482
2678,46.68,Refunded,2025-05-11 04:23:02,862aba50-a53c-45a0-95b1-19d7c23ad31e,1996
2679,78.57,Paid,2025-04-25 19:23:44,59703b9f-45d6-4426-aa09-dbd9cd7f126d,8660
2680,88.07,Pending,2025-07-28 16:58:40,9834f625-7ca6-4815-92f6-8e9e55422520,8586
2681,36.13,Refunded,2025-06-05 03:54:03,e12224c1-4f9e-4025-b0fb-a142bc59d8e9,5113
2682,73.46,Refunded,2025-02-20 08:52:35,71e6832b-7ee5-4022-a8e9-9ed4ddc06ebd,7827
2683,198.52,Paid,2025-06-16 13:16:51,0f4080a9-cb9b-414c-8ee7-54877b106b2d,1693
2684,20.76,Paid,2025-08-06 14:10:07,da64a388-a893-4c7d-b324-57c220d3a9ca,1379
2685,22.05,Refunded,2025-03-03 05:20:37,88d5a0a9-2d95-4116-a4c3-bebf5ea84849,7942
2686,130.53,Pending,2025-07-28 23:42:30,f9b0bdc7-ab12-465a-961d-9d37c77bf18a,6860
2687,106.18,Paid,2025-11-13 19:58:49,a42e5e28-5aff-4dcf-a229-fe8f0dcc5c81,5754
2688,111.85,Paid,2025-04-10 14:41:44,57babb52-e822-4e43-82df-df1c1cd3eb51,2036
2689,55.74,Refunded,2025-07-26 09:24:33,83d1e580-8f2c-4b9b-a575-c67240869d65,6514
2690,54.16,Paid,2025-11-19 02:36:45,d5358dc2-f241-4a2d-908c-4a507f9f4f77,4377
2691,156.14,Refunded,2025-05-30 03:05:48,922b4bcf-c3bf-4a97-b763-293d9842121a,8329
2692,103.66,Paid,2025-02-15 02:08:22,53739df0-958f-4ca0-ad61-9e3d75c9a831,9072
2693,187.2,Refunded,2025-02-21 10:28:11,2067a615-eaaf-4b64-af32-983f66dc9ade,6873
2694,109.01,Paid,2025-05-15 22:54:05,6d0e4e6d-f357-4bd2-bba6-de2573063d49,5864
2695,166.61,Paid,2025-06-16 03:34:39,e687a49b-10b3-4e37-ac7c-ec83d3a28f80,2472
2696,187.48,Pending,2025-09-30 19:17:48,48af89f4-344f-4207-99d5-a7d9d6ea1b68,7722
2697,76.22,Refunded,2025-04-23 22:10:08,2cebadbe-2ec9-438b-af09-ac2c18f2fd37,657
2698,49.0,Paid,2025-07-12 20:52:42,e2c52c28-5e2a-44ab-a97d-63795f7ac8f9,9243
2699,38.98,Refunded,2025-11-09 00:30:02,7332ae99-9340-49b8-bb64-2940ad941e11,8954
2700,195.93,Paid,2025-05-08 15:55:29,a07cb3ad-346b-4cda-8ea9-21ff671be1be,973
2701,111.74,Pending,2025-05-05 14:19:01,518de476-a5fe-4472-9926-f93305166915,2387
2702,158.15,Refunded,2025-03-06 03:30:50,7752d218-d20a-47c1-8b62-eac914229dc5,8991
2703,71.45,Pending,2025-10-25 03:32:46,ad4c56c1-96da-417a-83f7-4a26d48eb534,4793
2704,72.08,Paid,2025-10-15 07:18:21,55219b98-9ea9-4e69-9d6c-ec2c3da69eac,8442
2705,28.54,Pending,2025-06-08 09:55:33,c3d24d35-4f41-43cf-9280-6a04bb935c03,7015
2706,72.91,Paid,2025-11-21 01:04:20,ce5fdbdd-3117-4dc0-a0b7-2db1faa3f0e9,837
2707,195.22,Pending,2025-03-18 14:09:40,927fb6ba-2a73-4fc4-9df8-d540113a20fe,97
2708,203.51,Refunded,2025-03-15 08:17:56,aae72ac8-dd71-47e1-9a7c-8ee4a07626b0,8711
2709,107.53,Paid,2025-11-21 14:23:57,1501d4c8-27f2-4bbf-a513-cc442bced57b,3922
2710,154.89,Refunded,2025-05-10 03:33:52,6eff72a8-ff7b-45ff-b806-5eb85933bcf6,9168
2711,76.76,Paid,2025-07-27 23:23:33,8d951959-5241-434c-a565-4343335da9e8,3624
2712,67.26,Pending,2025-01-08 22:52:25,b4ada5f2-ef78-4f37-b4d4-5c3b9cb14fbd,9374
2713,72.9,Paid,2025-03-19 20:17:12,0a0a67df-fd50-4048-98c4-373615315cf0,9472
2714,64.06,Pending,2025-10-13 11:47:01,1e5b74ba-1ae4-4729-a321-e1a15d5195c2,5799
2715,197.53,Pending,2025-05-24 20:31:50,e3463d42-992d-4ccc-a86d-86994b48bd79,356
2716,119.06,Refunded,2025-09-19 22:44:39,08cb7e1d-6aba-496d-b394-0cf5fedb98a1,3230
2717,90.36,Refunded,2025-07-18 00:11:53,373f6461-d776-41ed-8ec3-b949a55be993,9057
2718,103.28,Pending,2025-05-11 03:34:23,175576f1-aa9d-465c-8b4f-95a452b630f7,6626
2719,41.88,Paid,2025-07-08 09:46:09,399374e0-8139-420a-8fb0-0afd91f675ec,4237
2720,187.76,Paid,2025-05-18 07:04:45,91b978ba-3921-4081-9504-a2f2d41583ff,1850
2721,74.18,Pending,2025-06-20 20:53:28,f2512e45-32fc-42e8-a41f-05648af0af16,5314
2722,25.84,Refunded,2025-04-14 05:30:56,1007d9a1-69b5-4d6f-a26e-5561074d8be2,4206
2723,113.01,Pending,2025-09-18 11:47:10,052c2a88-f834-4371-8251-ee2cdc07ccd8,1888
2724,122.11,Refunded,2025-10-02 14:39:05,936695cb-c5d2-4a6c-af47-15d802aebd9b,3471
2725,25.37,Pending,2025-04-01 16:23:09,90480ab7-4f59-43ae-87b2-6de408f6d930,8951
2726,125.59,Pending,2025-05-13 09:39:20,4bfb0d6c-6a67-4458-b862-52e2fb4cc37d,7230
2727,39.34,Paid,2025-02-25 19:48:20,9a7dd733-5c49-4e87-81d1-ff48a497a679,7649
2728,37.49,Refunded,2025-09-07 13:40:29,9d22bda9-ee33-490e-8f14-a0778b8db8a8,5846
2729,29.16,Refunded,2025-02-03 07:47:07,a34a85a1-97a9-434c-9e4f-3157e1e84556,7231
2730,154.0,Refunded,2025-02-26 00:06:51,d1f9b9a6-915c-4b89-aa94-c6c059904ea3,1572
2731,58.87,Paid,2025-03-22 00:30:51,597e6af6-812e-4de5-8a66-3841c2c52057,9885
2732,67.15,Refunded,2025-07-06 07:10:14,ba7fdf7b-ab90-463c-9484-98f6a2efac44,2979
2733,107.89,Paid,2025-04-08 02:21:19,1a5ed73f-b500-4203-8e9b-a120593fc230,322
2734,191.52,Pending,2025-05-08 17:29:04,7ff56e49-9a74-4951-85a7-73543bf7cbd0,6191
2735,158.78,Paid,2025-03-17 04:21:10,2c8b43f6-d3a3-46fa-8bdb-82fe92332041,2299
2736,41.22,Pending,2025-01-04 23:15:05,aaba33d9-7ced-4208-9243-e878273f1155,9155
2737,190.8,Refunded,2025-09-11 12:58:16,4c03628f-34cc-4030-b7a9-f4b87d45c3e2,603
2738,55.91,Refunded,2025-01-25 01:35:41,0b1d5e4d-2866-4089-83e1-425b6d4bdccb,2889
2739,27.96,Pending,2025-09-10 00:20:03,ace96de7-6eae-4e7f-9100-159c01fd8319,9423
2740,138.2,Paid,2025-09-27 13:10:12,bde8a6a7-dacf-4cf6-a9b4-1ecb494d4ddf,9562
2741,58.02,Pending,2025-02-27 20:27:37,3c522698-824e-4206-8343-e73859a1b137,1594
2742,133.16,Refunded,2025-01-30 14:58:11,5bee0a62-7ef6-4741-a405-254943d52bc4,8104
2743,28.63,Refunded,2025-11-06 01:15:52,6abde7f6-d97a-4218-b464-bf7a6e0be350,2157
2744,47.08,Refunded,2025-07-04 17:11:20,6a928b30-bda2-4a12-8e5d-c7d9088a0ab6,8445
2745,83.25,Refunded,2025-11-20 16:23:10,36a394e3-141c-4979-b46b-8450995ecf20,913
2746,137.39,Refunded,2025-10-22 17:46:34,d28d57a4-b1a5-4687-805f-187da6914659,4734
2747,44.31,Paid,2025-02-01 04:17:28,257ec175-d396-48db-af3d-078089b8ed6e,7210
2748,207.86,Paid,2025-11-16 16:42:44,c0b1ccb1-018e-4658-9180-2710c2d92fd8,2975
2749,148.08,Pending,2025-07-02 01:15:02,803ef309-7544-4ed8-8fd1-3e689207248d,4893
2750,49.79,Paid,2025-01-28 02:36:21,306c5230-ad44-4050-b63d-c41c0b676e32,3470
2751,182.03,Refunded,2025-04-21 23:15:04,02bde59d-d2e6-45c9-82f8-3ffa38db9704,9698
2752,149.88,Pending,2025-06-09 04:50:10,b236949a-df1c-4630-a60d-bf24d5c8032a,8114
2753,49.5,Pending,2025-07-28 08:49:56,bf033374-7155-4468-bfce-f974cd1b9d2d,897
2754,105.45,Refunded,2025-02-25 08:43:01,31f34ce1-6473-4336-b17f-c321e7fa2b55,9708
2755,70.91,Paid,2025-05-19 02:12:11,aefac626-0c04-4f03-9c1a-a23bf56ed6a1,6447
2756,183.67,Pending,2025-09-07 21:36:02,f3874b79-d572-42fc-9908-6d6f82b2cd27,9574
2757,40.67,Refunded,2025-11-05 20:29:01,05e78e71-3ed6-432a-bb42-461e79aa99c3,6517
2758,120.88,Paid,2025-09-23 10:09:57,bc9071ee-8c9e-40f6-ab95-3a35915d62a4,3516
2759,53.42,Paid,2025-04-05 07:03:35,8cf7e0da-a413-4fe9-a702-bcf08165592a,5644
2760,177.2,Paid,2025-04-17 12:34:34,28162ffb-a4ac-41f1-a11e-3785e3664a2a,1166
2761,41.42,Pending,2025-01-28 02:24:48,2d2e5884-e1e9-42d3-9ad4-e83119ad36a8,1728
2762,186.86,Refunded,2025-03-06 18:01:49,52f802cf-6f11-4102-85fd-c3d0bc5b58e2,6515
2763,71.07,Refunded,2025-08-06 16:44:43,808029c3-ae7f-4adf-a7c3-41b121bdea1e,2078
2764,166.23,Paid,2025-05-12 13:08:43,dc979797-8b79-4a75-ab54-4fbcb6841dfd,5225
2765,77.03,Paid,2025-09-18 11:11:41,7bdb9b66-7e7e-4ed3-8522-3b0daaedad51,3601
2766,54.74,Refunded,2025-01-07 07:29:05,eff48fd7-42d9-4202-ab5f-5d18a9221f27,5741
2767,72.09,Paid,2025-06-08 09:56:11,cc7e514b-a0ca-43e8-8f7c-4f81bf9e97c2,7219
2768,164.24,Paid,2025-02-15 01:30:11,f8622f4f-a629-43c6-81fc-fd1fdd1d7268,3158
2769,40.41,Paid,2025-01-25 12:28:02,4e717521-e87f-47e7-9275-73dd0d1fe129,1257
2770,193.25,Pending,2025-11-22 05:32:48,9b878224-013a-42c2-a085-e2cc2885cbba,2399
2771,116.98,Refunded,2025-11-13 01:26:59,7c40651b-9e3e-4344-bc18-ebbec500f292,5123
2772,188.78,Paid,2025-02-20 22:03:31,7b033c12-9a6a-487f-83b6-ec4430075abe,9542
2773,148.87,Pending,2025-07-22 02:01:12,a072428c-aaa3-4c81-870d-184908831b27,11
2774,154.46,Paid,2025-10-22 19:40:08,6cf1b045-6e77-4c78-967a-0feb411815a7,6121
2775,117.74,Refunded,2025-07-22 23:39:42,606fb6e7-e9d5-4df8-a22e-c6e433d1de90,9359
2776,96.41,Refunded,2025-09-22 04:07:00,56945f0f-8004-4572-a009-5d22c8873caf,9711
2777,112.01,Pending,2025-06-22 23:52:12,98fc2245-5a21-40b7-9a53-4ca93f7d53bf,8123
2778,45.5,Paid,2025-08-17 16:39:25,674af1f4-48c7-4d6a-9e16-0ea2d5eba12d,5109
2779,101.71,Paid,2025-05-28 18:03:22,b8513551-5b7a-44f4-b254-9a1f8036cfed,9914
2780,54.85,Pending,2025-03-06 08:11:45,f7976c42-1b72-4c44-9891-5bae14e1bfaf,2814
2781,67.01,Paid,2025-08-18 22:32:33,9062bcf8-49db-4ebf-a327-f9bdb545a476,9883
2782,139.7,Refunded,2025-07-01 01:57:03,98c42c0e-4a4b-4adc-b331-adec18c7d148,4390
2783,138.34,Pending,2025-08-19 07:40:31,cca82883-b40b-4ce4-bbb0-c0bdb722fbbc,1108
2784,167.69,Paid,2025-06-19 07:30:08,6c7f410a-896c-48db-8cda-7255d1c792b9,9527
2785,101.26,Paid,2025-03-11 03:48:03,7576c4bf-3633-444e-877a-5b381e9169e4,8804
2786,136.41,Refunded,2025-06-10 07:33:03,a5af745c-bb38-43e8-a5d0-6c53f5f90519,5343
2787,104.21,Pending,2025-09-04 06:12:45,f876648b-a722-41fb-933e-6a16532bd6f9,1251
2788,56.62,Paid,2025-06-26 15:59:02,d4791011-1bab-435d-95aa-ecefc6da3be3,8059
2789,46.82,Refunded,2025-11-24 13:15:19,175be97c-80d2-4b6d-80b2-29cc7c6d8634,6198
2790,49.11,Refunded,2025-05-18 07:43:16,256a60fe-e680-449d-bd20-6a102e74741c,9932
2791,66.2,Pending,2025-05-18 02:19:05,7ba2d266-748f-40c7-9fa0-45063313ef36,5212
2792,193.67,Refunded,2025-04-14 21:45:43,50e7b13e-3b1d-43f3-af47-7d5969c74076,5445
2793,77.6,Paid,2025-02-28 04:08:35,45087b25-7c64-475d-a7dc-deb68b0c32ab,3438
2794,111.6,Paid,2025-01-10 01:18:33,9b17dfa2-388f-43f8-bccf-eb6ec5054c69,7293
2795,125.54,Paid,2025-09-23 03:36:51,d26356e4-df86-4ccf-aaa2-d325f0c8954b,8401
2796,69.41,Refunded,2025-09-27 12:55:09,ab3b4280-973f-4997-b35c-8f7325296bdb,6790
2797,46.82,Paid,2025-01-20 12:07:46,d11c7d5c-fb22-4da8-825b-982aa4ed1d58,4091
2798,118.96,Pending,2025-08-29 00:43:04,5209e988-0b0c-437a-879f-e29d56f5076e,9314
2799,163.53,Pending,2025-07-09 04:24:05,463fd7b0-95af-48a3-824f-befa998adc14,4145
2800,174.61,Refunded,2025-09-17 15:07:35,93bd70f2-3349-4dd4-b86c-1123dfbabdb2,8100
2801,27.89,Refunded,2025-11-16 07:06:43,3252c6dc-bd57-4c75-940c-12222ea41011,1724
2802,201.2,Paid,2025-10-18 04:07:01,a39fb0a8-3a35-499d-ba9c-9b60b1b3c44a,3060
2803,52.2,Pending,2025-10-18 19:31:28,c616e739-02d9-4f79-a475-bee65d2adaf1,886
2804,133.91,Paid,2025-11-22 21:29:56,608d65c5-3018-4730-9dde-ad880fc64176,2644
2805,174.05,Paid,2025-04-01 20:30:38,e9c46de6-6b74-4776-af59-9c57bd5d0407,605
2806,108.08,Paid,2025-05-18 21:22:16,610e06d8-dce3-4d9d-9d68-083e246f9012,6981
2807,179.45,Refunded,2025-08-22 00:17:18,25ccbf37-195f-4796-bf22-3920ae602ce8,6595
2808,69.08,Refunded,2025-10-26 17:14:21,9fafda5f-7af7-4d1e-842a-0eadb8243c99,1991
2809,111.56,Refunded,2025-04-26 07:17:53,476b1698-ba68-4106-a53e-ddebf095e2ab,5590
2810,90.71,Pending,2025-10-25 14:37:09,f4850b29-b0d8-4cdd-aade-463135f4b2ae,316
2811,72.43,Pending,2025-08-16 03:16:55,cf5a6175-61bf-4815-9579-a350ff529a90,13
2812,29.27,Paid,2025-05-20 23:04:57,d2055b79-5893-425c-96eb-871f28bd6a02,442
2813,37.01,Refunded,2025-11-05 17:46:54,1ffa2400-6d73-4402-a72c-7a4f63293cc6,2797
2814,119.81,Pending,2025-10-25 05:01:28,540973c9-87c5-4777-8ef7-c51e5f2978aa,76
2815,69.64,Refunded,2025-08-12 03:30:33,8a3b1383-baef-457d-920d-de864ff407b8,8483
2816,171.18,Pending,2025-05-24 02:48:09,cfb3ebb4-1a99-4995-97aa-1fe32b7ab929,7916
2817,35.51,Paid,2025-02-24 21:56:50,8baf556e-94e9-442d-9b01-d74687b30486,5802
2818,164.74,Refunded,2025-05-18 14:07:44,83db4f16-bc9a-4dd0-a4bb-f0418492bcc4,4917
2819,106.64,Refunded,2025-01-16 08:09:51,03f590b5-4ad4-4ffd-93e9-9d2f58661efe,3137
2820,153.29,Pending,2025-01-28 21:33:54,b8f710d8-e019-4a4c-9bda-5aa6b9ad5e3e,6899
2821,23.5,Refunded,2025-05-05 21:59:59,9fb414e5-cf0f-4536-b5d3-a53fb4d1a268,2930
2822,198.76,Pending,2025-02-27 08:13:27,d8d0d8da-da28-4a84-964f-57c97013bd4c,5096
2823,66.4,Pending,2025-10-19 19:21:06,3c3e2a78-e0b5-400e-897f-71d863791ed6,5250
2824,110.9,Paid,2025-02-28 11:05:40,621c8e94-bb3e-4600-8d3c-f4e539cb4a5a,476
2825,140.0,Paid,2025-05-25 14:35:11,a50e2dfd-acbf-4600-83b0-d277be1f7e40,404
2826,194.96,Paid,2025-09-01 11:30:50,865b125e-ebf6-4940-9632-3f4557c243b0,7470
2827,34.42,Paid,2025-05-24 11:53:46,b4319f0f-86a6-4e2e-9b9c-3b82c3aa313e,3628
2828,188.82,Pending,2025-02-03 15:40:44,867ebb48-8205-4456-8257-a84b9f21eb29,42
2829,187.04,Paid,2025-02-19 09:41:48,232af8e9-8b43-42b6-806b-a4d7eb4518fe,1887
2830,81.75,Refunded,2025-09-10 10:54:19,75981059-3b6f-4fe0-85be-c0d54ece4d03,5480
2831,195.56,Paid,2025-10-26 03:32:32,2d3f8592-60da-4f62-b0f0-5150cec22ca5,8619
2832,99.18,Refunded,2025-08-06 03:37:28,4fb13d14-847e-4704-8f85-288375c48acb,5642
2833,133.72,Pending,2025-09-10 11:17:06,003d2b61-8b56-42b9-bb55-9947aa60c286,520
2834,78.99,Pending,2025-04-24 11:28:54,9d466ec1-e7ce-4286-b270-c4d5b507dfe2,3802
2835,179.67,Pending,2025-11-08 18:15:05,585f48b3-a1d2-4350-b1e8-c40053b111bb,5037
2836,94.63,Paid,2025-01-18 18:13:51,0b2c2d61-24f2-4e95-b309-72cd43eef414,4228
2837,107.33,Pending,2025-09-28 13:39:40,ce18e695-f544-4941-a8e3-f36c94fba935,9499
2838,172.42,Paid,2025-04-17 20:37:24,1806dfb0-ed18-40bc-a392-934ea0abd02a,5838
2839,157.81,Refunded,2025-11-01 18:17:14,8d71c295-d6ef-4833-b765-a5b0c08ce742,2551
2840,153.09,Paid,2025-08-08 16:01:10,fde56067-9c38-459c-956e-447788e15734,3196
2841,86.4,Pending,2025-06-16 12:24:46,23859f88-8035-4876-84b3-84cbb1363b9a,7073
2842,153.04,Paid,2025-07-05 17:38:25,3e0d0cbc-adfe-4b03-a880-acb3cd3b31ba,6450
2843,180.54,Refunded,2025-07-26 19:37:12,b3160c4f-46c2-4485-8cd4-7eb80bb58e28,1039
2844,140.45,Refunded,2025-05-16 18:14:46,b3402685-d7d0-4998-b3e3-fecf66bfd5fe,1531
2845,125.66,Pending,2025-03-19 21:03:45,5f35552a-2ff3-4c6e-8734-aea5723fea89,4224
2846,37.49,Refunded,2025-04-18 03:32:01,f14e3222-77f5-42d8-b8c9-9e5188d3a7cf,4478
2847,206.46,Refunded,2025-06-28 20:37:58,d8909853-4787-4b76-9e6e-35f247162909,593
2848,173.95,Paid,2025-05-23 00:18:00,d6677953-1f75-4c75-b9f3-db51368dc5d6,9554
2849,32.17,Paid,2025-10-06 12:04:26,e1393e61-fb84-4b64-b0e8-9347ab8c6812,4190
2850,163.87,Pending,2025-06-06 10:17:38,3272ffc9-f183-4ccc-9f12-20fb78fc929a,3823
2851,144.22,Paid,2025-01-04 11:58:10,52bec05d-65cd-4449-aca7-0a932a5a6d43,7948
2852,136.39,Refunded,2025-02-03 00:28:17,6302aeed-ac5d-4a9b-9e84-0cc79041f641,2119
2853,180.91,Pending,2025-01-03 03:10:59,62ece219-7839-429a-b8f9-33221e91c3d4,6178
2854,56.67,Pending,2025-02-26 17:04:26,396b6de3-a43d-4c21-97a2-9ba96a0993de,9838
2855,61.35,Paid,2025-10-25 20:32:35,a3e203f8-b1e4-482c-8525-b0430a9b35c2,8674
2856,182.36,Pending,2025-03-23 02:32:27,d551b0c2-6138-4730-ae61-c8465c0a403f,8887
2857,63.74,Refunded,2025-06-06 23:17:49,a60df9ab-2483-4f79-b787-c56d5b1457a9,9890
2858,170.86,Paid,2025-04-05 11:04:19,e0551f4e-c329-4889-b0fd-169d72360f35,8406
2859,199.79,Refunded,2025-11-18 18:03:12,097d0140-0b39-4a6f-a058-08b000d6bcd7,6616
2860,107.57,Refunded,2025-09-26 23:18:01,be4ff0d0-ec6a-4587-98c1-7512f64670fc,4031
2861,26.19,Pending,2025-08-15 02:08:28,e2ad8c29-5cec-46a3-ad3c-4b8a719ab2f8,4159
2862,165.82,Paid,2025-07-13 22:49:15,c285f462-12cb-4c48-aec8-56eacb0df44e,5044
2863,149.5,Refunded,2025-07-12 10:09:40,033720c4-08ac-458f-9b22-09f77d246e5f,542
2864,161.33,Pending,2025-10-07 18:30:55,0fba35ee-6499-4df5-8c90-454c21abcb71,2775
2865,58.68,Paid,2025-03-02 22:10:25,90140ead-8078-4430-9917-7fef90800311,8144
2866,63.48,Refunded,2025-11-10 11:57:56,32b805aa-5fce-415e-8dfe-1e822c2cae09,2069
2867,144.01,Pending,2025-05-21 01:31:45,77f82948-cdfc-462e-bfb4-8e02c923a1e7,6234
2868,120.97,Refunded,2025-03-31 13:08:14,d2d82de1-13cb-4ded-adee-6df3af805ede,1339
2869,173.58,Refunded,2025-09-17 22:20:27,fa90e4c4-5a93-4e2a-9d51-6278719d0231,2399
2870,115.92,Paid,2025-09-20 17:59:02,7f753fe9-406c-4b5a-a229-be77c47bb562,9481
2871,29.06,Paid,2025-01-17 02:18:24,6c045ee3-0061-43ea-98d1-0f11f21781f9,8751
2872,164.19,Refunded,2025-07-22 11:45:03,c1963e78-3aa1-454c-aa43-d9c60a314ac8,9118
2873,185.04,Refunded,2025-04-16 04:18:37,ba468251-0d88-4182-87fc-1b5816c83e17,9735
2874,31.4,Paid,2025-02-09 02:48:26,1ad9545f-7fbb-45cb-8123-1d633609ef02,9414
2875,151.4,Pending,2025-01-21 00:34:22,3ceb3b3e-18a5-4b9d-90d5-daf39ee1fb5f,6396
2876,25.72,Refunded,2025-09-19 07:42:25,7d18a616-0d60-43a2-9e9a-b8c750a5993e,8359
2877,132.15,Pending,2025-09-03 05:05:22,e0c291f3-f003-4f60-872c-937c81215f85,6398
2878,60.2,Pending,2025-06-26 13:29:50,8f7a73e2-3db1-4178-a0e2-fa1e83933a56,8216
2879,139.45,Paid,2025-08-25 20:55:44,d3f4eba7-8b6f-4f3a-9077-c7cb84d3a8a1,7651
2880,33.52,Refunded,2025-10-07 08:55:19,d7ae6859-aaed-4504-b28a-4fc091fbc098,4193
2881,95.28,Refunded,2025-09-20 04:42:15,4e232d72-b447-485e-8331-83b88886343a,5290
2882,86.63,Paid,2025-11-12 04:26:01,24789f56-7589-423f-a7ec-66122966e490,1310
2883,131.61,Paid,2025-06-03 20:55:05,954302a8-cf8b-49fe-a194-b9d0575ae126,7400
2884,170.93,Refunded,2025-05-09 11:30:25,24c1e919-8d9f-4313-ae46-ab48d1389f4c,9179
2885,72.73,Paid,2025-08-28 17:40:57,cfafc2c5-6c5a-4a41-b400-84d99dc2145f,9900
2886,91.91,Refunded,2025-03-29 07:22:06,51814c81-24bd-44d7-ab71-4cb1da633405,5218
2887,177.73,Paid,2025-05-05 06:21:05,86eff3f4-a45d-4fe8-adb1-95ef9c23865c,3621
2888,53.69,Pending,2025-05-22 08:50:15,604906a3-6cf8-48a5-b3ac-5bd56060f51b,4528
2889,175.51,Paid,2025-03-29 06:53:35,5066971e-8252-47b1-9ba7-2f59c8ed321c,2902
2890,146.69,Paid,2025-07-30 15:01:33,c180ff42-2da4-4652-8ee5-d0c7123b52d4,5001
2891,125.32,Pending,2025-09-19 05:58:42,69128014-9369-4719-915f-c88560183984,887
2892,112.24,Paid,2025-08-24 20:59:03,3a663cc8-b503-43c3-a6b1-ce3b858b8c55,5004
2893,166.48,Pending,2025-09-24 09:26:39,09f44ad9-054b-4f8e-9bc5-ec9bdc168fc3,505
2894,168.48,Pending,2025-03-04 01:07:09,968b3ec2-e06b-4e5e-ba4f-18f52d2f0157,6910
2895,22.52,Refunded,2025-11-18 04:27:35,dd76da3b-a3a8-4aee-b442-8f15ce839be1,6118
2896,151.27,Paid,2025-02-05 18:33:42,f2b9f50b-18ae-44f4-a716-65785de52032,8892
2897,138.2,Refunded,2025-06-26 16:10:34,46a45301-6ba8-4500-bbd5-a140299530c1,6454
2898,167.36,Refunded,2025-05-20 14:38:26,f4c577c6-3d4d-49ba-98bb-28c450354ec8,5782
2899,159.16,Paid,2025-08-12 17:56:46,d6b5dbc1-01ae-4efd-a7a4-15a9f4986de3,9224
2900,128.06,Paid,2025-07-07 07:50:02,72cd12f0-3715-4e7d-852e-9134dee804b5,7335
2901,107.98,Paid,2025-04-08 07:12:11,a5e616c6-020c-4aae-8d0a-a1c34c3ba32e,8612
2902,39.49,Refunded,2025-05-26 12:39:12,d1da285d-d525-4250-a774-48a969f102bb,7336
2903,183.09,Pending,2025-01-23 20:59:15,028b2ee2-c68a-46ba-9ab0-20a9b060a2af,9716
2904,63.4,Paid,2025-10-18 03:10:42,9b147e88-7bd6-4377-92cb-98290b1ffa0b,9904
2905,204.14,Pending,2025-09-09 11:22:36,29ef1736-846c-4e02-aa25-b34bc203f1b9,5391
2906,26.05,Pending,2025-04-28 14:25:22,7d854601-368f-4ecd-aebc-1f50cd7ab63b,5034
2907,145.27,Paid,2025-06-21 13:12:34,20cf287c-d643-4c14-b2da-55e7c2cf4e02,6407
2908,60.34,Paid,2025-08-08 19:34:36,505522fe-c579-48b1-a150-fb61acc6ba50,3324
2909,190.56,Refunded,2025-05-26 13:56:21,6363618f-5b48-444a-819e-5a6f1c155e08,4145
2910,51.85,Refunded,2025-09-07 00:08:42,d2560ed7-a279-44b3-849b-87a93038d34d,2022
2911,90.45,Refunded,2025-04-05 18:59:32,665590d8-10fc-4570-bd4c-f59fcd29ff64,7991
2912,194.92,Paid,2025-02-10 02:27:24,989d8299-0cdb-4559-a893-2aa10054ec11,2041
2913,68.47,Paid,2025-06-21 13:27:08,7f5f36c7-55e6-4f77-a24a-99ccb9fcf5b2,8795
2914,197.7,Paid,2025-02-16 05:37:12,c4595f39-e5b9-4538-bb11-ccdc9856cbd0,3348
2915,57.37,Pending,2025-08-20 17:41:16,3b77dbfe-d741-4215-a1e3-fddbd67f07b0,3872
2916,115.41,Paid,2025-03-22 05:36:54,d49ee3e9-e6f4-4492-af08-5aba4a1e71b1,7390
2917,169.6,Pending,2025-08-19 11:41:45,877d1c5f-a38e-446e-8e89-18f234d93386,4476
2918,138.59,Refunded,2025-01-08 23:23:17,2d528ed9-9052-457d-b489-7495433a5f73,40
2919,200.55,Pending,2025-01-27 18:36:09,ded51203-9bb8-43be-bbbc-64ec65392f01,118
2920,207.45,Paid,2025-02-26 04:05:04,3bde1cfa-bfde-4a91-85d7-b8284571890e,2681
2921,86.3,Paid,2025-08-27 21:58:23,a1a7d52a-12bf-433c-9095-4f319c2228bd,7122
2922,187.84,Pending,2025-08-16 04:05:19,e185db92-54f4-4893-899c-0bf6c9dfe0b1,4999
2923,91.12,Pending,2025-01-11 05:25:00,147e7be9-7d70-42ad-8e32-f86d2ef8fbf2,1988
2924,136.6,Pending,2025-03-21 16:45:07,fcc027fc-f356-42e5-98db-8a6fd0a2142c,6055
2925,39.8,Paid,2025-06-26 14:13:30,a29753ff-4202-4d3d-a22e-ff386d69daa7,7236
2926,180.65,Paid,2025-07-03 19:33:23,e87f5b86-1e2e-4470-bcd9-b74d96d90322,1298
2927,197.19,Pending,2025-03-01 15:05:03,72d349c3-ee14-47d9-abec-1836f4c67a40,4436
2928,166.81,Refunded,2025-10-16 17:13:19,4a4e29b8-f6f1-4888-aec7-081f985aa297,9699
2929,164.21,Refunded,2025-09-04 22:05:30,d2d4afc8-ac45-4c57-bdde-a1a7798109a2,9642
2930,113.25,Refunded,2025-07-19 01:41:41,a1e723ab-94f7-43c1-8eca-e0230178d849,832
2931,120.55,Paid,2025-03-19 22:44:36,d68cc4b4-4caf-41c2-af9f-a9c055827f5e,4275
2932,134.31,Paid,2025-05-12 10:01:13,612fffc3-286d-4f56-8115-4de28ecf59d6,8079
2933,133.18,Pending,2025-03-24 15:14:05,d315e7c2-bc6e-4063-8e0c-c6899f8f83d8,4255
2934,79.25,Pending,2025-04-12 09:59:06,dcf32ddc-08df-45ba-acf4-77baa73fd637,1388
2935,21.19,Refunded,2025-04-08 18:22:57,ca6c4ede-633f-41ab-bf09-b91d9e52057d,8783
2936,95.63,Paid,2025-09-15 21:21:05,38077cf2-a427-4c0e-bb9e-31d39339c114,7062
2937,98.51,Paid,2025-10-23 05:26:37,56fc2953-ea87-4176-a192-ba42eb72e14b,5821
2938,154.54,Pending,2025-06-27 09:47:24,a85b9fe4-3edb-47a7-9853-27cd065cfe61,97
2939,98.03,Pending,2025-02-16 14:35:36,9ede6a0f-94af-4a1c-b83b-de05a5d835d6,1917
2940,203.41,Paid,2025-08-10 23:22:40,bc198d28-eca5-4d74-87d5-21f5bcd54fc2,3990
2941,139.66,Refunded,2025-02-11 20:57:59,8ed4294a-fddd-40be-b6ae-813957247b8f,3408
2942,111.81,Paid,2025-04-15 18:51:10,291efd98-3fae-46f6-a505-b1788a210c85,1827
2943,121.78,Paid,2025-03-03 17:49:13,8e580081-91e0-4026-a1be-f22806750897,90
2944,27.26,Refunded,2025-08-26 13:33:27,fe4d9cf1-fff0-46c4-afd5-6364cca1c63b,7087
2945,145.54,Pending,2025-10-05 09:56:18,bfd926da-78e9-4e81-a296-5573e2b7fd00,3885
2946,106.7,Paid,2025-01-07 02:05:53,0c8e9b15-f3b8-4213-968d-b500e8ddf29d,7335
2947,185.48,Refunded,2025-06-09 02:54:09,96ddff83-6c75-408d-8587-ac2e1bb5efa8,4356
2948,105.7,Refunded,2025-04-19 03:27:05,6b3d396b-c6ef-41dc-bd60-1e1c85185df7,2900
2949,193.99,Pending,2025-01-31 13:28:00,a0687a2f-77e1-4959-9003-0fcdc43f772d,6951
2950,198.75,Paid,2025-08-03 04:53:08,39ff7b5a-95e9-4b40-baf6-e8a57363d881,4973
2951,114.89,Paid,2025-04-10 23:18:53,0efdfd66-71fd-4fc7-b340-55061152d2c9,3929
2952,114.94,Refunded,2025-02-03 03:19:38,9e3e8fef-210a-479e-9f20-1dd58c2e9ed4,3075
2953,162.12,Refunded,2025-01-17 03:21:10,881bd10f-a908-4c7c-83df-4084667b70fd,2724
2954,130.06,Refunded,2025-06-06 02:33:23,4633c632-b508-4f3c-b2aa-46688ffc1263,4726
2955,120.1,Refunded,2025-09-23 22:23:35,54cace23-3d5f-4680-aa43-aa2c68fe6741,628
2956,125.3,Paid,2025-09-15 17:32:43,66a8621b-507f-4bcf-851a-4b9f93a8eaf0,6433
2957,86.75,Pending,2025-03-30 19:51:15,281ca82d-cdbd-4931-bcdd-1fbb48d861c8,1386
2958,86.89,Refunded,2025-02-23 03:11:47,8ca29a2b-0c69-484b-a0f9-112674a05ae1,6300
2959,183.71,Paid,2025-10-23 02:01:35,f2b8bdd2-4927-4815-879d-dadf8cc36eb6,8203
2960,90.82,Paid,2025-01-09 04:58:34,73028f20-fa85-4589-8329-361158a96bf9,9619
2961,198.21,Pending,2025-06-11 02:05:05,611aff67-17c3-4b60-af74-cf6277313418,3800
2962,150.79,Refunded,2025-06-04 18:12:04,9e4a3892-73e4-43f3-9a6e-c1db9bd9062f,6686
2963,92.19,Paid,2025-09-18 19:44:12,d6d7ee0e-3870-4d09-9bfc-88c797a22ac5,4309
2964,122.39,Refunded,2025-10-15 15:19:45,56c0ae71-7e3b-435f-8a9d-d52f7657cb70,9614
2965,131.33,Paid,2025-08-13 19:19:38,bdf6f30a-28bd-4418-bdf1-7fff60680c4d,2869
2966,160.8,Refunded,2025-10-21 04:11:27,6e3d23e0-2977-4b7f-b0d2-39bb61990063,1643
2967,163.97,Paid,2025-03-25 01:20:10,aeaaa05e-5694-4075-879e-f2302aa975ec,1631
2968,48.43,Pending,2025-04-25 01:14:38,fda9fedc-36eb-47ed-b1ec-fad9d131198a,7242
2969,25.25,Refunded,2025-09-05 13:34:14,7865587b-2369-4836-ae68-af853b76f7bd,7428
2970,106.61,Paid,2025-06-01 15:40:05,225b847f-75f2-4c6e-9d83-4e6aa7d99df2,4562
2971,126.98,Paid,2025-05-06 11:14:52,311b13f9-d13c-4f9d-8d52-48cfa0b13a5d,1941
2972,139.02,Pending,2025-01-08 11:07:22,985e7ffe-a044-4f25-bd0d-a94b5dae8868,2384
2973,79.55,Paid,2025-02-11 11:47:52,2ef5e247-2a3e-4b19-8ce9-af0e40ce5cc1,3209
2974,22.02,Refunded,2025-06-22 09:43:30,e6c4a541-b29a-4cb7-8777-3a388546355d,1203
2975,123.78,Refunded,2025-09-13 19:41:49,50a57001-706b-4270-b871-1d1baa80474b,2040
2976,97.98,Refunded,2025-03-17 01:14:04,73b72e66-c8aa-4e73-a0dc-1f5e7c68aa57,1494
2977,75.28,Paid,2025-07-15 06:54:04,25e3e3ef-8d74-4a99-a498-7b20f149ce83,8450
2978,208.13,Paid,2025-04-16 21:42:56,071addf0-b1b1-4020-bd50-0038b75eb2f8,6039
2979,207.45,Pending,2025-10-19 15:59:22,66d5b0ed-0d74-4e60-ae82-b04a41d90b6f,1671
2980,26.53,Paid,2025-10-04 09:07:05,605beeec-e68a-4dc0-8be2-6068ec4b30a2,8686
2981,47.82,Pending,2025-06-24 23:48:52,dc1d373b-8dd5-4f0b-b2cc-79af2f83b434,7242
2982,43.81,Pending,2025-06-21 17:40:22,b563f3b2-8860-45dd-b70b-b06cb900e11b,449
2983,162.72,Pending,2025-02-23 22:12:18,6b9cd21e-7147-4f7b-b041-cf68e3489a90,8535
2984,54.19,Pending,2025-02-09 10:33:03,c5702ce0-363e-4e40-8ba7-97ef3418d63d,2482
2985,24.37,Pending,2025-01-05 13:32:14,e6d2310b-3ce4-4dcf-8880-092058ddb869,6547
2986,91.01,Pending,2025-02-21 00:04:03,5dd0ae26-e642-4460-b7a2-0516839083a6,2286
2987,202.44,Refunded,2025-06-04 09:19:31,dfb7000f-2728-4e75-b84e-69dba54a9e04,1636
2988,55.34,Paid,2025-08-16 22:25:20,243c8b03-4e39-4e81-a2ea-8cdd52fdcbd0,3185
2989,172.01,Paid,2025-10-21 14:35:51,2aa180e7-45e4-4268-92e1-0bf8bc7db221,1497
2990,107.38,Pending,2025-06-28 14:03:08,ebd2f829-0639-457a-a53c-801a9963b324,401
2991,161.5,Refunded,2025-08-23 13:12:00,ff8e8051-4c50-4100-90ae-e44e192bc01e,2105
2992,209.09,Paid,2025-04-08 17:28:11,4d088d84-655a-4141-b128-69461021e2e1,1401
2993,46.98,Pending,2025-07-27 10:27:55,27636db4-605e-49b0-8a7e-50596473d910,2748
2994,115.84,Refunded,2025-03-04 07:05:08,cb102aa4-8ca7-4eb2-8427-27ae87a34a6b,6608
2995,137.23,Pending,2025-05-17 07:08:54,03add068-f175-44b9-9969-5e7a7d291008,1964
2996,177.72,Refunded,2025-10-08 21:56:09,87fbf67a-40a8-404a-8794-ac3fdb832b4b,6805
2997,146.8,Refunded,2025-05-27 11:49:48,408622c8-c8c2-437e-9d69-86cdb37d9d18,2537
2998,32.58,Refunded,2025-04-08 04:56:25,fb2f43cc-bada-4523-b763-47470a3d8950,1328
2999,107.17,Pending,2025-09-13 02:54:10,cae1ea1c-b973-47e5-b0b5-b39d24a35f77,1241
3000,25.15,Paid,2025-04-30 20:50:32,ec567164-c80a-443b-8749-4c0641e059f8,317
3001,199.91,Pending,2025-03-15 04:41:52,2545139e-e2b1-446d-aae5-3f2654fb61c3,862
3002,149.4,Pending,2025-05-15 22:46:01,7315dfb6-dd0e-4c90-ba70-649e468419a6,634
3003,90.44,Paid,2025-01-19 06:35:14,c9ea18d8-bb73-4f0b-8d43-1d20f98e66cf,819
3004,165.99,Pending,2025-02-26 15:52:59,e7880249-7f43-4047-833b-2fdf11dca4c5,2964
3005,188.26,Pending,2025-01-05 10:40:55,8e58ca0a-54f6-40f9-9817-7a19b76883b5,3010
3006,198.05,Refunded,2025-02-01 07:06:37,c0f72298-ace9-4bb4-83a4-e6de7c522061,90
3007,114.84,Paid,2025-06-27 14:43:58,cbffcd80-9baa-4de9-be9c-7087436cbecc,5825
3008,31.31,Paid,2025-07-27 11:10:30,62295aa8-e267-4cc2-a2f6-5e1963a709ae,4994
3009,84.14,Pending,2025-04-28 04:21:30,5a3ca504-c32e-4f1f-9bb1-0e6ee60ce1b4,119
3010,64.85,Refunded,2025-08-03 05:27:18,85fdad23-fac0-4f7c-b04b-98ca525110a7,6794
3011,55.24,Refunded,2025-02-06 13:33:51,d15f782d-cb9c-435f-ab75-82190f9d795a,3607
3012,156.35,Paid,2025-07-15 17:22:49,61da90b8-b38b-456e-8d6b-9a924d3ed2e6,5050
3013,190.19,Refunded,2025-05-19 05:01:35,964c67a8-8236-4ce2-ba19-63517fb0f1d3,9961
3014,99.71,Paid,2025-05-07 12:19:57,9f01fe27-a818-477f-b0c2-673a8085da05,9518
3015,91.93,Refunded,2025-01-06 06:14:53,f52b312b-0d3e-4479-9566-fc940a1d5675,1241
3016,40.2,Refunded,2025-11-02 02:36:13,d59ddb2d-3f5d-44b4-bbef-eddeef432496,8616
3017,33.31,Refunded,2025-01-25 10:52:21,2894b71c-424a-4af1-986c-818c17c3dcb5,877
3018,55.19,Paid,2025-11-06 17:54:12,ab2cb5af-5492-4c5b-8db7-b333d9eea2d2,1937
3019,121.58,Paid,2025-10-08 21:32:13,4a625a8f-ced6-4747-b236-280dfca4dcf7,7973
3020,132.57,Refunded,2025-01-25 14:45:19,f98f1623-05e5-4e49-96a9-1be105ed58a4,9657
3021,35.54,Refunded,2025-07-17 16:06:19,bb167ce4-9f51-4657-a4db-8a19bbc74a9a,9509
3022,60.32,Refunded,2025-04-12 15:09:54,bd1faa71-5904-4a1d-8b3a-26a26ef5e63a,6174
3023,25.35,Paid,2025-07-30 01:27:51,e2e53912-b2ef-4c25-a23e-3440f8cd7735,7076
3024,20.12,Paid,2025-08-10 13:43:58,53851510-fff5-4104-baa7-888528ebf216,8806
3025,39.46,Pending,2025-09-30 10:53:15,c153d2df-0a30-4a70-8131-5fdf53dbf94b,113
3026,146.97,Refunded,2025-10-02 20:54:22,d4dc8d86-9ae1-4c1b-90ad-4a8d7ea30a7e,355
3027,190.68,Pending,2025-08-03 22:54:30,8f45474a-62b4-4128-b1f6-698066001fa3,2928
3028,45.96,Pending,2025-07-20 04:11:17,602a13c0-8a79-40a8-a419-0437b72bf14e,7281
3029,38.57,Paid,2025-10-11 10:09:40,13433caf-7a52-4d85-aeb5-5826bea91455,3228
3030,142.89,Paid,2025-03-19 14:39:22,8273c2a5-9145-41ef-bd71-3bad6643bdd2,4539
3031,146.27,Pending,2025-05-25 12:22:39,b4b48532-8ba3-499c-8d5d-0ee914124c1b,8936
3032,196.06,Pending,2025-07-17 18:33:20,ac2b2805-291c-4889-a3a7-c76a4a33e7e9,6203
3033,156.46,Paid,2025-10-22 17:42:38,3dfc6058-4cfb-4eaf-b9ad-34d9730e0fe0,5588
3034,58.18,Pending,2025-01-22 04:10:22,3d9f0351-31ef-4391-b034-adf30441125d,2373
3035,103.47,Paid,2025-09-06 12:48:33,48ac4eb3-5a02-405c-a38c-12f9bf85255a,5696
3036,190.91,Refunded,2025-05-07 05:05:16,d0bc8cef-d6a8-4c04-80d1-8d43814fa365,9546
3037,125.06,Refunded,2025-08-13 02:06:18,fe84a21d-2b4d-43f3-9c28-7557a1b2f853,6655
3038,135.89,Pending,2025-05-16 19:32:40,d9c522f0-a562-42d2-b577-1250dbbad2c3,2284
3039,138.21,Refunded,2025-10-14 20:06:08,2401e5d1-4cc0-4403-be91-f6f1ec321fc7,1158
3040,200.98,Paid,2025-04-09 03:55:48,0c6fd15e-89f2-4db2-89e4-b2f19634eee9,4183
3041,36.75,Paid,2025-01-27 10:57:13,c1456e1f-b31c-4520-908d-708c756253c4,990
3042,30.64,Pending,2025-06-10 21:17:08,b618d3d0-b64a-48de-af1f-0817cd6d7793,4690
3043,141.29,Pending,2025-02-14 23:17:30,55043139-0d9b-4435-a3fa-2fdd8e1a2e95,4469
3044,48.37,Refunded,2025-06-22 03:11:25,5c1641c5-af9b-4a5d-b3f3-e3675e956563,8448
3045,89.1,Pending,2025-03-23 12:58:51,00f56bd9-0e35-4710-9292-f773107817c5,6495
3046,59.68,Refunded,2025-11-22 04:04:08,29cde6b9-4d46-41a4-907c-fc8612306e30,251
3047,156.83,Paid,2025-10-28 11:48:56,7822f995-1015-4436-8818-313f9209ca99,2137
3048,66.06,Refunded,2025-07-04 04:07:30,6caceb44-26d2-495b-a7c0-888740928995,7649
3049,62.53,Pending,2025-04-15 08:22:39,acd18565-d6c1-46a3-a4cc-40270c548e33,9605
3050,114.86,Refunded,2025-01-09 06:52:49,e3c66eda-1580-40c6-a933-f9b11676df0e,4380
3051,143.37,Refunded,2025-09-30 11:32:47,d25eae00-8ca8-4257-b7f2-c9bcb8d012b9,7118
3052,29.63,Paid,2025-06-10 15:08:33,26646b1d-bb59-49ef-89af-03c9f2bb5f53,5751
3053,174.3,Pending,2025-05-30 02:20:43,f1569de3-c6a5-4404-81bf-aba034cdb8dc,1997
3054,130.54,Refunded,2025-06-10 04:52:11,48540d2b-a83f-4c66-b24d-95805e49b197,9097
3055,105.48,Refunded,2025-05-24 00:40:33,16f4a6c5-3aeb-4602-a3be-6a812cf9a6b2,7481
3056,54.84,Pending,2025-03-14 15:07:58,a36ab691-bf27-4d9c-9c21-d8fddf2b9068,3034
3057,54.0,Pending,2025-07-08 21:53:51,a1bd1cfb-32d8-4fce-89a6-002bff9fd2ad,2785
3058,87.12,Refunded,2025-11-09 08:37:42,e365ebaa-b71d-411e-92ca-adb2df4c646e,9299
3059,179.21,Paid,2025-04-09 13:12:56,e07db4b0-5235-40ec-8311-a6fa56f66a32,4249
3060,105.18,Paid,2025-02-18 10:20:21,8583bf44-f251-4237-80e9-cbb106fa795e,8458
3061,134.82,Pending,2025-04-25 18:06:23,bb635dc6-0d74-400b-82c0-4c9f1235fb99,6492
3062,32.97,Refunded,2025-08-22 23:14:05,173ee241-a050-4c7c-9d14-d28e4c9e5e8b,1064
3063,29.09,Refunded,2025-08-29 22:31:26,777811a4-72a8-4e8e-aa7a-5610f181c752,5508
3064,171.86,Pending,2025-10-13 12:09:10,e471fb78-a304-440e-8769-df8bdc232814,1278
3065,104.14,Refunded,2025-06-10 14:41:08,c4b6210d-7976-49ce-bdb3-4bcfb79da6d2,8252
3066,176.29,Pending,2025-11-08 17:09:17,5e24b676-9530-4c38-bac2-ec99fbf2147f,1926
3067,47.45,Pending,2025-08-11 00:37:41,d72ab15a-5fe0-4744-aab3-ecf10ece5479,7929
3068,116.48,Pending,2025-03-10 18:27:16,09465d19-d4dc-49c9-8562-9de910e3dd02,9782
3069,204.44,Paid,2025-10-22 07:58:15,08dcbed7-1c82-4a87-930b-8944d6b59b3b,9796
3070,101.93,Paid,2025-04-06 17:53:04,05355548-c893-4a69-83be-ab389b7548bd,8014
3071,150.31,Refunded,2025-06-27 08:40:24,d0a11bc1-f342-40e0-b639-3ff75aeed9ca,7479
3072,161.98,Refunded,2025-09-03 22:29:48,90eaa9ae-90d5-4e32-845d-1e414779b841,2982
3073,199.15,Pending,2025-01-12 09:18:26,eee3e572-7edd-4710-b85b-883568831ab0,9933
3074,201.16,Refunded,2025-05-20 14:19:14,1e538732-0853-4f9c-9e41-813c70afe5db,1391
3075,79.32,Refunded,2025-03-05 20:00:35,46b3032c-8e6f-42a8-91cb-7bf215608997,8789
3076,209.55,Refunded,2025-11-19 22:42:56,3d8b6f52-a0b8-4ed0-99ec-baeecde2f2a2,9168
3077,149.41,Paid,2025-01-29 19:27:56,9ac9ff51-0dfa-4cbf-8ef9-f58d0f6e99d3,5453
3078,65.3,Paid,2025-03-22 22:27:38,ac9e636e-0dc5-4b82-90c9-011dae473e7d,7087
3079,92.79,Refunded,2025-05-07 17:47:39,9bcc09cf-54cb-4bcc-bbea-5d75fe9b50fb,9897
3080,69.74,Pending,2025-11-01 12:58:32,fedbfba3-dfbd-4c4b-a4d1-a2232ce4b44e,8910
3081,121.49,Pending,2025-04-11 10:37:44,e07c3a0e-1ef8-41fe-94e3-0ceaf3c3f171,924
3082,31.16,Paid,2025-10-20 20:40:48,be1206d8-3dd0-4193-8bb6-aec1e2006603,4400
3083,117.65,Pending,2025-04-25 18:43:34,24b9b2fa-72d8-456c-8cc6-bb01f0cbe1ec,7717
3084,148.04,Refunded,2025-09-01 18:17:16,9a02aeb2-4dcd-42b3-bc52-b19bdb22721a,3901
3085,158.98,Pending,2025-07-27 06:25:39,204440e2-e66f-44d2-8371-11f30ac56ddb,144
3086,39.81,Refunded,2025-04-10 07:23:36,468aef51-3727-4975-a039-2c8348558a91,6364
3087,106.78,Paid,2025-05-11 17:40:15,659e6b6b-453a-4603-84c8-78122684f8bc,1131
3088,190.24,Paid,2025-04-25 13:07:42,71307442-95f3-4b6f-9d02-1773b8f7c35c,2042
3089,113.06,Refunded,2025-05-14 06:07:40,b8e8cb1f-3436-4fa3-be55-43e0a94b0a67,3106
3090,48.33,Paid,2025-03-15 06:53:08,b7229636-dbf4-461e-9eb9-fb7c8d8ca066,2863
3091,200.91,Pending,2025-05-28 14:55:08,0ecbe242-9d3d-40ca-9bf5-f8ab5eaec97a,7362
3092,156.36,Pending,2025-07-17 05:23:12,e479c2fb-5ea9-4dda-8c38-b4a398f3b75e,9778
3093,23.79,Pending,2025-03-21 15:22:40,d19eae71-a682-4637-a1e3-965fd0e6965a,5746
3094,166.52,Refunded,2025-11-13 10:19:46,a61526b7-00e8-4a1c-a07b-49a7adc8d843,9620
3095,196.66,Paid,2025-04-03 22:56:02,72fc70fa-c7f3-4666-b550-c9989e9cd45f,47
3096,84.46,Pending,2025-09-09 21:49:42,cda0ed23-9267-428b-8287-2f5a0abfa84a,6602
3097,78.46,Refunded,2025-02-17 06:28:59,7818100e-ede0-41ee-bd7a-30de03715d66,6093
3098,110.17,Pending,2025-10-22 16:34:54,ec2890ac-63dc-4767-a5d7-5472085ebdfd,3726
3099,106.57,Paid,2025-06-29 13:53:04,534a6a02-8ae7-4e53-b3ce-1d83cdac0db6,2334
3100,39.37,Paid,2025-06-02 21:26:27,078d8fd3-a2aa-4679-bbc7-de93b8ca4669,7574
3101,191.59,Paid,2025-01-07 06:11:58,b6f16ba2-3494-4ecf-bcba-9b16ac0f74ee,9508
3102,22.63,Paid,2025-09-29 08:40:24,7f63bcee-21ff-4d2c-be91-aa43acf5da7d,411
3103,152.4,Paid,2025-06-21 09:30:38,13da6aa0-d9ba-490d-833f-04f8e7088e77,6817
3104,187.46,Pending,2025-01-19 00:50:45,0c850818-0d4e-4306-acaa-565856f3f719,8066
3105,132.88,Paid,2025-02-18 17:59:41,d021cf7d-1985-4ac0-a015-1f61b3e51e00,7704
3106,72.88,Pending,2025-03-10 18:24:52,96d828ed-a921-4446-a414-c08e069e86fb,415
3107,34.23,Refunded,2025-05-16 03:24:39,bea636af-670f-48bc-9ce7-d141ea1be22b,6072
3108,56.71,Paid,2025-10-18 00:56:07,45f465d0-9323-43a5-9329-89c7c9262410,9422
3109,55.87,Refunded,2025-08-03 05:56:33,be69e5f1-74ba-43ad-abcd-7076083608eb,1478
3110,70.09,Paid,2025-06-11 08:46:17,566bc7d1-1bf0-4c2c-97e5-b6d49ba4bd55,6710
3111,132.4,Pending,2025-02-26 22:59:36,11424ecb-d790-42d0-b9b7-76089ffe5c1b,1748
3112,76.72,Paid,2025-05-23 05:02:55,980b40b0-1a1d-4ffb-811d-98051decb170,8090
3113,40.97,Pending,2025-01-26 21:08:20,8ea1ac30-02b1-456f-80ca-617c95316d2e,1830
3114,71.08,Refunded,2025-03-24 09:03:06,ca5addaf-0be5-43fc-8791-cea9b25c94c8,4184
3115,56.37,Paid,2025-06-01 09:25:52,2c38a0f9-2efd-4bb9-82b4-de3d2258dbe2,6336
3116,42.34,Pending,2025-06-10 17:35:46,4f370001-8376-48f7-906c-710e8adb788a,2220
3117,117.8,Pending,2025-09-04 22:38:33,f6cf9829-94e6-4013-9d9f-736f4a919233,2984
3118,36.35,Pending,2025-11-03 17:23:52,f98a256a-9921-42c0-aeb0-ba3eb35c4531,2667
3119,29.34,Refunded,2025-08-12 00:49:32,6a188a80-9823-4c9a-a849-00180b29d376,3036
3120,26.12,Paid,2025-05-06 05:54:13,0aede22b-a02b-438b-a53c-84b6b7675df2,6411
3121,186.98,Paid,2025-08-23 21:15:34,97491abb-ab18-4d5d-8b79-dd959ef3326e,7245
3122,186.76,Pending,2025-07-28 04:02:43,2f885dec-9d8a-4dfc-862a-385e755fc9b9,5764
3123,21.39,Paid,2025-06-07 19:16:49,79c3223f-f3db-47bf-bbed-8277a5bd4e63,6206
3124,137.03,Refunded,2025-11-06 17:54:08,c08d9bfa-53c8-4abb-8587-d141a3661f8a,2851
3125,60.78,Paid,2025-03-11 09:55:38,ce54a45b-cd0b-4386-b054-cfa66306b279,4042
3126,88.39,Refunded,2025-04-30 13:09:15,8bd31303-f0e3-4274-b880-8074c71fde12,2579
3127,88.54,Pending,2025-09-15 06:21:33,c2a9bbb5-79d1-495f-b94c-f46a4439b7aa,6184
3128,23.24,Paid,2025-06-04 04:46:13,3b7f9be6-b8d0-4c54-a958-17bc9c5a29e8,3457
3129,57.32,Paid,2025-09-18 05:32:08,44663fc8-deee-4389-8506-ddd305fdea55,5315
3130,157.67,Refunded,2025-08-27 04:42:53,506ce79c-7333-4453-8a5b-e8f3c58f84b3,8493
3131,83.32,Refunded,2025-07-10 04:22:18,ca0667e5-c2a8-428d-b554-9f4fe02b0157,8415
3132,171.47,Pending,2025-03-10 05:19:20,9446b0d9-af4b-446c-9b05-0e66478b2a19,8242
3133,193.88,Paid,2025-11-17 20:23:11,fc28fdd8-7eda-4b7a-99ea-30d0f23e3cbb,2276
3134,68.25,Refunded,2025-01-03 11:50:28,b9037042-0118-4144-ab4f-ef35bc57d29c,6898
3135,34.82,Pending,2025-04-11 19:27:13,334be217-59e3-422e-abc0-1ec5b866ef5c,2156
3136,167.66,Refunded,2025-07-31 17:08:52,7754426c-9b9f-4a8d-b22f-67bc12cb40e1,3117
3137,72.46,Paid,2025-07-04 21:10:30,4ee55e30-0e7a-4aca-b857-4929519f60e4,5255
3138,59.68,Refunded,2025-02-04 11:50:32,3bf879a4-862b-4b17-9000-697b1fca13d2,9294
3139,209.55,Paid,2025-09-02 22:13:17,4212a0bf-52de-4ad0-8eb2-e79240c88b7e,8709
3140,102.97,Refunded,2025-08-31 23:18:14,79a87083-a595-4f47-b626-782e30292b6e,3487
3141,205.12,Refunded,2025-10-16 22:29:59,9743acce-0511-4be6-a5dd-a69da333ac31,4798
3142,169.85,Pending,2025-06-19 22:20:54,ceacadc0-0e86-431b-be43-f96865010de5,9681
3143,193.64,Paid,2025-09-13 11:14:28,914f5154-eb72-4fc7-be92-7e74cd7fa88c,7587
3144,202.81,Refunded,2025-08-07 17:05:36,78e99d6f-38fc-4b26-b677-51bbfc6cc4de,4644
3145,96.48,Refunded,2025-03-23 06:11:38,eb13ef48-b7ff-444d-8380-40be27eeb18f,7746
3146,54.11,Pending,2025-10-01 03:58:41,8168c7f7-bee1-416d-bf56-22309cc49840,2112
3147,202.45,Pending,2025-04-21 10:59:56,e8aa2981-0291-4217-af0b-c763527d9564,3536
3148,113.24,Pending,2025-09-17 20:58:17,aac5d141-bb73-4437-b454-2798b6bc9f9f,2646
3149,63.55,Paid,2025-08-13 04:08:35,0cbd06cf-c7a4-4f54-8eaf-8e0fb1b13e7e,2843
3150,120.89,Pending,2025-10-29 15:44:29,1580f5fc-a43f-430b-a122-bd37394ad031,8153
3151,117.9,Pending,2025-09-07 00:58:36,b961d4a7-2e15-465e-a04f-6ce6f049437b,6139
3152,127.06,Pending,2025-04-02 02:39:05,f5a92d6d-4669-4f47-a7ac-e0e8d4bdb00a,8086
3153,28.82,Paid,2025-11-05 00:59:04,08023775-a274-45d8-a782-59037412225e,7395
3154,49.64,Paid,2025-09-17 04:51:46,1e5a74db-0314-4b6d-97d1-95832720b32e,2095
3155,151.61,Pending,2025-04-28 14:16:47,13fdf5af-bec5-4d38-9b61-8764b7870611,2627
3156,156.74,Paid,2025-01-28 05:59:23,a97d0e5d-5238-4ff8-9783-1d6093c864dc,520
3157,193.37,Refunded,2025-09-11 02:21:07,3a099503-99e9-4a44-832f-7e74fb1a1b93,8418
3158,91.14,Pending,2025-10-24 06:11:33,28a42151-707c-4f7a-80b1-710a5257c144,1942
3159,209.93,Refunded,2025-11-24 13:07:20,04df4452-2594-4bc9-8bc9-aba0838106d9,2710
3160,201.39,Pending,2025-04-07 22:22:51,1e042c38-e02d-4c01-8081-da1757efdd45,56
3161,141.12,Refunded,2025-08-16 13:34:11,6626e015-8c10-467d-a04e-5a8ee9ccef3e,6280
3162,158.16,Paid,2025-10-27 05:48:12,cb2a1d99-65a1-4b2f-851c-982b3a2f1a37,116
3163,26.1,Refunded,2025-04-17 22:53:43,f809665c-573e-48a2-9dcc-f65e88cbd07d,687
3164,197.11,Refunded,2025-02-02 04:40:33,41e80387-34f4-49b0-8b04-aa4d7380fcb3,373
3165,39.84,Pending,2025-07-26 15:44:07,85f66b5c-0e76-4bfa-a08c-5b9356b67282,408
3166,110.13,Refunded,2025-03-07 06:15:26,513e4d7d-fa19-41fb-8eaa-1138831d214d,8463
3167,204.87,Paid,2025-10-30 01:03:44,28869fda-8002-4ddf-865c-b24b6e8f44e2,2917
3168,166.59,Refunded,2025-04-08 14:52:02,9a2d19ec-29ef-48cc-ae1a-f6dd8a3ec00d,853
3169,126.55,Pending,2025-05-20 00:39:17,b5958c8a-1a3f-4b02-ac25-81305747b07a,6147
3170,195.28,Pending,2025-01-12 08:24:46,45c04ce9-e8b6-4263-9e13-74ef5520d2b9,1966
3171,33.77,Pending,2025-08-01 04:25:58,d2391b2e-b8a2-44a6-87e7-1834bfd66c72,684
3172,171.49,Refunded,2025-08-21 20:06:02,b2cbbe90-55d8-4f40-b1ea-079cfb45c18b,6789
3173,73.86,Pending,2025-10-26 11:28:47,8f90fa8d-4e45-4c95-a276-8ad929319ac9,4027
3174,190.94,Refunded,2025-04-06 04:52:52,605e5297-a64b-45ca-be48-ff426c1668c6,3997
3175,96.19,Pending,2025-04-13 02:51:29,8761ab0a-0210-478b-872d-0821bba56e55,2825
3176,191.86,Pending,2025-07-11 05:43:38,d89bb334-258c-40e7-ba1b-7a8e4122197d,4223
3177,137.25,Refunded,2025-09-01 09:52:28,220dd4ba-bef1-40b7-809c-437f1774da7f,2209
3178,41.61,Refunded,2025-01-21 05:21:27,8d48e9d1-8a90-4bad-a0a8-5bbb4b78714e,1235
3179,110.8,Pending,2025-08-25 07:33:25,b35d47db-3c8b-40f8-96fb-b3be18a77384,1800
3180,108.38,Paid,2025-06-14 18:37:53,2e81c862-b1a0-4995-85b4-ef464485c520,472
3181,161.17,Refunded,2025-05-02 02:13:43,0ce7ced8-6e6a-4435-b8e6-3e4375a4ee47,2388
3182,160.47,Pending,2025-11-08 01:07:46,9bf8c047-4bc9-4887-be45-b4cc946ed6d3,1201
3183,180.3,Refunded,2025-07-18 10:54:31,dc0e0f90-8081-4c21-95a0-40800ef7f130,2491
3184,188.38,Refunded,2025-03-31 02:26:50,16c13065-e6bf-4793-ba64-644ca8db4a70,809
3185,185.13,Paid,2025-01-22 08:23:51,40e094d5-51be-420a-ad81-cf18dc6429e1,7987
3186,106.1,Refunded,2025-07-05 18:15:59,3e5e160d-3d13-4cd3-a78a-f1a8750a9261,1219
3187,110.01,Paid,2025-04-03 06:20:23,8ce10bea-c48b-4422-bacf-83ffb101f79f,283
3188,123.04,Refunded,2025-05-05 20:28:42,7bf23b8f-991c-405e-bbc0-dbead9a20772,6108
3189,26.6,Pending,2025-02-14 10:58:17,60db3a18-4fc6-4480-89ec-53e5f4889176,1656
3190,39.73,Refunded,2025-09-06 10:43:33,d45256fa-fa16-4c92-9997-7ef2a0b35290,6146
3191,151.84,Pending,2025-06-07 04:05:42,c904acf8-5cea-4ef4-b589-07f0f0ee8bf0,280
3192,71.99,Pending,2025-05-30 09:42:25,d4f2463b-acd5-4b2e-a4b6-364f8b7e32d2,8454
3193,160.89,Pending,2025-09-28 02:29:48,d480d131-bd8a-4f55-b164-d59acfaf4783,5047
3194,96.53,Refunded,2025-04-11 04:46:38,69cf69a4-390e-40b1-9b73-1ae95e09c830,2256
3195,115.78,Pending,2025-03-31 17:09:27,6f312330-9cba-441e-89f1-b7c2ab13f51c,3882
3196,186.7,Paid,2025-10-21 18:23:40,822a523f-964c-4bbc-a13b-c7951dd9c39f,5615
3197,140.15,Refunded,2025-10-28 15:54:14,94cd3a70-590a-46c1-9d18-b4dfed84c7e1,5343
3198,84.51,Refunded,2025-01-31 18:44:40,d355141b-7415-44b4-9546-8d6c2e4c0614,4000
3199,194.75,Paid,2025-08-05 17:02:16,cd44ad5b-8f1c-4d79-864e-f7cc28af2da5,687
3200,99.01,Paid,2025-01-19 11:16:06,080b6f80-095a-454a-b076-c70664c53735,9652
3201,154.71,Paid,2025-02-06 01:33:08,f23f4f10-7761-4e0d-a85d-756392bdc7e7,5011
3202,97.33,Paid,2025-03-17 20:45:33,b05ec76e-daba-49b7-b6c4-aa9b5f2ba903,1272
3203,202.99,Paid,2025-04-01 17:41:10,73f4fb89-2ba1-4cab-b94d-22ca2bb5b572,700
3204,108.36,Refunded,2025-10-09 03:12:57,e1db0971-7c83-40ca-9aae-cc352f5aeb97,5405
3205,21.89,Pending,2025-08-27 06:48:57,563efac2-ac12-4ea9-ace3-d1d543eef8e2,2422
3206,183.71,Pending,2025-04-08 05:18:05,a653c447-0d40-4285-823d-6f9e9ba0e08a,5772
3207,82.48,Pending,2025-11-17 21:04:07,b2e020e5-d0c7-408e-a329-18c8bb982008,9202
3208,196.1,Pending,2025-07-24 12:13:28,95babe93-59d6-4e20-b093-367db37f0811,5959
3209,126.36,Pending,2025-06-20 05:00:52,7ad0bdca-a31e-4168-b6f3-cddac1a6782d,384
3210,174.11,Refunded,2025-08-21 15:09:24,faff17ff-3b68-4ace-8eb6-f85bcbc6c58a,3039
3211,96.21,Pending,2025-03-17 07:48:50,ef1ab865-32a2-4e11-8303-33be0a5eae2e,5331
3212,34.02,Refunded,2025-09-02 10:56:45,5bfb775d-e399-48e6-afdc-906b73d0276e,5296
3213,175.63,Refunded,2025-07-28 01:21:36,a90214cb-4ba2-4332-a6b9-d746d4234f17,5406
3214,205.03,Paid,2025-09-15 22:38:51,482ac623-00b5-4c46-b8f0-3175f1b28b20,7192
3215,203.46,Refunded,2025-03-26 23:07:03,c6e844e4-eec0-41e2-b51e-317830212200,8462
3216,58.37,Paid,2025-03-23 01:44:51,25dfb5dc-f8ec-4207-8cae-90f4f086c89a,4581
3217,179.8,Paid,2025-05-02 17:00:08,9626b50d-2b03-4431-ab83-2543bc8465a0,8077
3218,115.96,Pending,2025-05-21 07:21:19,e2da76a3-a360-458a-a18e-f129b788a705,4192
3219,113.79,Refunded,2025-02-04 14:02:49,8d57f809-a24a-4ff9-b51a-77f09e325dd7,9697
3220,146.5,Pending,2025-06-24 13:41:44,21108fe1-9a35-4939-9bd6-ae31f16979c9,6187
3221,196.73,Pending,2025-03-02 19:27:08,88d5dbde-6a10-4c24-b140-0656f38f36e9,1013
3222,156.88,Pending,2025-09-27 17:09:59,effa82bb-5435-4038-9551-18d94853527b,6490
3223,192.99,Paid,2025-07-28 15:14:06,ce9611fb-5388-4551-9dfa-024d93722c98,1509
3224,113.4,Paid,2025-08-15 00:31:50,26b3e8c5-aab7-4821-9f69-bb63cb0cf058,4266
3225,185.65,Refunded,2025-04-04 16:45:48,0de583f2-b376-4402-b391-11c5f1944ebc,5960
3226,110.98,Paid,2025-11-15 12:48:39,4c2adb0e-cf6d-4aa1-a848-78388d332493,4557
3227,174.5,Refunded,2025-08-14 23:32:15,29dc5451-8730-420d-ad33-2ee8d2986a7d,9107
3228,147.11,Refunded,2025-01-20 23:40:00,0bb1680f-1e83-4593-b7b2-c64a44b6cf5e,804
3229,170.23,Pending,2025-09-03 06:59:40,ed2eb08c-1dcb-464c-988a-04033ec1f426,7108
3230,60.36,Refunded,2025-08-10 08:36:56,708256a2-5edf-4c96-a493-14ad191436c8,1158
3231,175.17,Pending,2025-02-01 15:14:04,1086554c-e4ca-4a3b-821c-ac9b49bc051a,769
3232,50.34,Paid,2025-09-04 06:36:24,ac35c08d-f7fa-4196-958f-6d6ab9c8889d,1194
3233,190.62,Refunded,2025-01-12 00:31:08,177270b5-60f3-4580-8fc8-6bb529a01f70,4697
3234,201.56,Paid,2025-11-05 08:35:09,ecd1d06f-d7ab-4577-98e6-f83a5036ae92,3714
3235,127.44,Pending,2025-02-04 15:13:02,009dc420-9215-4a8c-be71-23b62094d76d,1040
3236,160.11,Refunded,2025-08-30 15:39:59,bb72fccc-31f6-48ba-8928-594c4e826cea,1863
3237,147.31,Pending,2025-01-28 20:11:15,ac1272c3-ec5d-4574-a935-e1ef5508c65b,4212
3238,174.98,Refunded,2025-11-04 05:52:46,043a3285-89ba-4b91-9238-14378adf6ca2,4909
3239,140.67,Paid,2025-09-16 10:38:48,52000dcd-8dcb-4467-8a24-60d852549642,6583
3240,117.96,Paid,2025-04-12 05:51:02,456436bc-2cbc-4645-9a4a-9161435fb5ae,9776
3241,43.96,Paid,2025-06-15 12:53:25,8038a35e-9483-4e55-9543-474070b5dd29,4255
3242,170.81,Pending,2025-07-16 09:49:29,adbef45f-d305-4b6a-b7cf-8aee9b3ff72f,1069
3243,76.29,Paid,2025-09-29 20:38:07,486ce48b-9405-4b65-aebf-37940e32bb46,6956
3244,135.41,Refunded,2025-04-22 13:26:04,0d9ed8d1-04b7-4d26-a4eb-43ab7a21004d,3070
3245,140.49,Pending,2025-05-23 14:24:53,fb26a1ad-32d2-4095-91fe-4f456bac8eda,9430
3246,206.96,Pending,2025-05-17 09:24:50,561946b4-e92d-4531-b73e-da5acd581a46,7309
3247,166.59,Paid,2025-07-09 20:29:16,c25181b4-44ca-4a48-9bfd-625c55ffc599,4490
3248,93.48,Refunded,2025-07-21 22:42:56,db94cd1a-1a3c-430a-8735-8ac5e4c25bf6,4260
3249,152.69,Paid,2025-06-23 16:14:37,ce53ad05-12ae-41f0-b29a-d1049839cdad,4867
3250,206.38,Pending,2025-03-26 21:58:07,17541fd0-4870-47c4-b02c-477c5e8efeb7,3527
3251,26.16,Pending,2025-07-24 12:12:14,c52e2132-9d38-4e77-9454-705a2d859cb9,223
3252,35.44,Refunded,2025-09-09 19:34:32,0f4f8740-cd28-4b05-9054-39da88ca80af,9526
3253,148.7,Pending,2025-06-07 22:15:40,2be48e00-5a63-4f02-a0db-0e8f358dbddf,9799
3254,48.33,Refunded,2025-03-22 22:53:34,760bd151-3238-456e-89bc-cd1d0dbbdb4d,5705
3255,81.75,Paid,2025-08-19 12:43:31,50e7b012-cbfe-495d-b4c4-5cfba6b28456,8670
3256,191.35,Paid,2025-03-14 05:34:09,c71365f7-4168-4b1b-8664-2ec3da4e9ced,8209
3257,110.0,Paid,2025-08-22 00:02:38,949db9ff-4eda-4566-8e0b-04b199656984,1236
3258,55.65,Refunded,2025-02-03 14:30:50,6269d016-d0a3-480e-860b-fe7c658a4f88,1229
3259,162.31,Paid,2025-11-16 01:23:46,74b953f1-4864-4380-94a6-320acd3a8e45,4055
3260,102.98,Paid,2025-01-28 15:04:53,a6201c96-c87d-46a4-b2d3-264187679ad1,2780
3261,191.29,Paid,2025-04-06 03:37:43,2e9ed87c-8eea-49e9-8ce4-be97bb6111bd,5094
3262,140.84,Pending,2025-06-08 00:32:06,53ef3f90-eec6-4a9a-9257-abdce7f71aca,3469
3263,152.71,Refunded,2025-11-09 07:46:33,d9bf29ef-effe-43b1-956f-b1cb0c5cd8ae,8392
3264,201.42,Paid,2025-05-21 04:40:54,8b677f3c-ad69-45d6-b644-b2c3f7fac2cf,7203
3265,22.38,Pending,2025-03-26 18:41:23,c692545f-46f8-44f7-9c22-4ea1902ef54e,9679
3266,133.11,Refunded,2025-05-19 20:36:31,bd67b3b3-936d-40d4-9bcd-27e7881ad683,4744
3267,73.75,Pending,2025-05-20 13:47:42,d19e518b-1543-4252-bdff-0df63fe55932,9317
3268,162.43,Paid,2025-01-07 20:14:18,4a33c8bc-9752-4e2c-beee-69d308362f49,6017
3269,184.46,Pending,2025-09-20 07:12:47,92e4a034-610c-4584-8793-2ffa76292e46,2185
3270,206.82,Paid,2025-11-13 17:33:02,c4ac84f3-15e6-4aaf-93f9-900d9fba8f30,3381
3271,113.83,Pending,2025-11-17 17:14:51,a50f9b2d-2c27-4719-aee8-9ac3e2054200,7489
3272,103.47,Paid,2025-07-10 23:34:42,d4bd992a-2f00-439e-9a75-07bc65ae7e7b,1210
3273,87.51,Paid,2025-10-07 08:12:21,5a567aee-1cd6-4269-ad03-a2251265c607,2979
3274,166.03,Pending,2025-08-31 20:47:01,07eb7a60-d0da-40d0-82d1-14d224897821,5657
3275,20.36,Paid,2025-04-08 09:24:11,99cb176c-1245-410f-88d6-0c191e17092a,3521
3276,170.09,Pending,2025-02-02 06:55:40,23e652b3-8348-42aa-8e14-a9f5ff230f27,595
3277,27.07,Pending,2025-01-31 18:01:12,ebcb3b53-a550-40e3-aa30-0b939f950643,8853
3278,146.97,Pending,2025-07-10 11:34:36,74268984-342c-4f35-860d-ffc0655fe400,8670
3279,24.28,Pending,2025-05-12 00:45:45,de9c0ab3-f835-4be5-8df6-fb6132058b00,4199
3280,20.36,Paid,2025-01-25 17:37:13,4ff841c7-c7b5-4f3f-bf47-1d328541c2ef,8242
3281,61.49,Refunded,2025-06-02 00:40:34,733d95d3-eefa-494b-834d-ba02fae63652,1932
3282,165.91,Pending,2025-02-05 16:00:18,39bf8ed7-8af7-49e2-b522-58a1823409e4,8739
3283,93.37,Pending,2025-04-19 17:09:23,b8f9a1d4-bd11-4f02-b574-981974c87234,5158
3284,154.47,Refunded,2025-05-11 14:21:06,6d385ec3-6205-4f38-ae8e-f167c6f7a173,3204
3285,29.64,Paid,2025-07-19 16:45:49,c5b08bb9-430d-48e1-a871-a7fe6d1a1530,5932
3286,98.8,Pending,2025-11-25 16:27:44,7800ceb5-b331-43e3-a879-7a0973acd66f,4435
3287,116.51,Paid,2025-01-07 12:20:29,9d644c31-8834-4594-b4dc-7de4986be5ac,8674
3288,182.2,Pending,2025-02-07 22:10:35,0f966031-4aa5-4df1-8f7a-f03598a718fa,9491
3289,64.43,Refunded,2025-01-02 18:35:48,19a56643-3cc5-4238-869a-390fee0a44aa,4571
3290,119.39,Refunded,2025-07-19 08:43:58,d5ae6d42-c20a-417f-9c01-892648ca9afb,4720
3291,61.24,Refunded,2025-07-29 05:55:39,57c8262c-0756-481b-8894-5d63dd797c45,8804
3292,172.46,Paid,2025-01-15 19:52:27,22551d17-d536-4275-b664-25ba13b02aae,3583
3293,110.15,Paid,2025-11-09 04:49:29,1bf37110-33d8-4afc-b73f-a9ae6a4e7c1c,582
3294,86.89,Pending,2025-08-29 17:16:05,e8b634dc-8b49-4188-8a21-dc949c1f0711,1974
3295,111.49,Pending,2025-08-15 18:34:00,44542131-1d54-4ef8-9d3c-f73f14bbf63b,6591
3296,86.69,Pending,2025-07-03 17:03:10,0e41eed9-2eb8-439b-a625-10e6ce3c561c,2891
3297,44.74,Refunded,2025-10-24 09:30:03,270e9e0e-ea8b-4c43-99e2-64b6287a9aae,5166
3298,21.47,Pending,2025-08-10 12:40:13,ad9d8af5-af93-42ff-b69c-f46f4d9c0e49,5172
3299,102.63,Pending,2025-02-18 07:30:05,60df3d6e-f00d-4bbe-9ac9-b3ed61322c07,4908
3300,194.1,Pending,2025-03-22 03:06:21,a8881a41-622f-4648-8cee-7801751adeee,8833
3301,57.89,Refunded,2025-07-31 17:55:47,4ff88d31-c906-4765-9236-b842e9a0f98e,2659
3302,155.57,Pending,2025-05-16 14:36:44,28ee2656-332f-45e1-83b4-44ccde9826ac,956
3303,180.95,Pending,2025-02-15 00:59:59,754b7e4a-3806-4c92-a01b-b3ca96ea27aa,837
3304,147.68,Paid,2025-11-18 15:49:55,d2938c57-257c-48b4-8203-a9fb3381b055,5067
3305,95.3,Pending,2025-10-01 16:59:16,37b9b2ad-46b3-423c-9f38-f77e50b3eed5,6878
3306,146.73,Pending,2025-01-22 06:16:13,d69f857c-a385-42fe-bb28-119e0bae1a99,3716
3307,151.66,Paid,2025-10-10 03:32:08,122995eb-b212-48ac-adb0-fe26eb13525f,8393
3308,82.15,Pending,2025-06-29 18:39:28,122d2e8a-b6f7-45f7-a298-a85352f87f92,2008
3309,135.81,Pending,2025-10-16 10:12:56,3289a568-da7c-41fa-a7c5-0d4b8bd599c5,2069
3310,135.43,Paid,2025-05-16 18:53:37,2113ced1-07ea-4181-ae37-1714445658c4,3440
3311,104.58,Refunded,2025-03-10 18:23:22,ea16c9ad-5049-453d-8c5e-1e8c1302ba40,8865
3312,53.43,Pending,2025-10-03 03:12:21,a70f3349-c49a-4048-8328-4caf3173978a,642
3313,125.41,Refunded,2025-09-03 03:06:32,242ca3d7-1f89-4e8c-9254-f85b79225742,1968
3314,60.2,Pending,2025-03-07 05:09:20,0b666909-8e5f-454e-ab79-8d9adb11b616,6249
3315,167.01,Refunded,2025-09-13 06:54:31,a8754a8e-5c82-4c2c-b66e-ea72e451d67e,4484
3316,131.17,Paid,2025-08-26 15:56:39,10b44742-f51a-403d-8ff1-563af1d0ba0a,3665
3317,195.24,Paid,2025-04-06 15:52:36,871ecb46-93f6-4c9c-ae04-6d43c5dff676,8028
3318,50.27,Paid,2025-07-07 01:49:34,af5a627a-2188-4c06-8f40-5262328fa8c4,8899
3319,146.94,Pending,2025-10-05 11:08:59,0bd6e66a-ef1a-4c27-9eb8-e73ab410bdfd,2140
3320,71.97,Pending,2025-05-13 21:24:10,8572cc47-b5fc-4adb-982c-7e95922e3144,8983
3321,174.56,Pending,2025-09-01 22:55:16,763c1176-9a31-4a7f-b6f1-af628424f6e9,4371
3322,51.77,Refunded,2025-09-06 11:41:52,3df66959-3063-4258-b785-800d8e81825d,1790
3323,163.35,Refunded,2025-03-18 11:09:26,6da8b2a0-2eaa-4bd0-84cf-a9dc97438929,3685
3324,205.5,Pending,2025-09-18 19:23:48,77a88dfd-7b09-4e9d-b259-8116e5d5cb6b,5530
3325,139.08,Pending,2025-01-26 17:03:12,4a8d2d39-610b-4e1c-a55f-719e1dc0beaf,4552
3326,48.79,Paid,2025-04-08 16:19:04,b2e9f274-e0c3-4f39-8009-f38ce2dce642,991
3327,51.11,Refunded,2025-07-25 02:18:05,fe53e780-2b31-4597-bfd1-20cc2b39fefd,7873
3328,61.38,Paid,2025-11-13 15:57:04,506427f8-5f6b-412c-b9da-3738773f13ca,956
3329,159.58,Pending,2025-08-07 14:06:25,f2d9a261-28f3-4ad7-9026-87dc2aa6bad5,6631
3330,86.41,Pending,2025-01-24 18:03:36,9656d41c-69be-47e7-a0af-f29bb272e5b7,2226
3331,38.3,Refunded,2025-03-19 05:59:40,2a222480-a84a-4b3e-89e8-e433d1bf9298,6045
3332,64.89,Paid,2025-03-09 09:26:11,807b79d8-ee94-438e-9357-8484315e84fe,5590
3333,142.59,Refunded,2025-08-22 23:34:04,0ede5138-a6b0-4ac3-acfd-7fd5a05051f9,2912
3334,130.48,Pending,2025-10-05 18:46:25,79456fc2-d0d8-4b77-85b6-e9360e41867e,8997
3335,52.13,Refunded,2025-08-17 11:50:11,50c2772f-80f3-40eb-88da-8073a78e2608,5193
3336,187.19,Refunded,2025-04-21 21:08:47,a4117636-fb14-4960-8d4a-cc16ae126970,143
3337,127.53,Refunded,2025-09-13 05:17:36,afd43c60-0af0-4784-8098-4eb341018663,2716
3338,178.44,Pending,2025-04-11 21:39:45,aab683f5-e528-4477-8fd4-19d51b3e3630,8468
3339,192.36,Refunded,2025-05-15 22:00:26,dedc856c-e1e1-4f94-8fba-370031a6410b,485
3340,84.05,Refunded,2025-02-23 17:09:09,a80c49e7-1206-45d2-a73e-7fd5a8b16bf8,9162
3341,72.26,Paid,2025-10-19 22:53:21,f39d7276-19e3-4a98-be50-8c39ab165cd1,2997
3342,125.67,Pending,2025-02-24 23:43:19,ac2e6f36-d55f-4a24-a975-475754f64e3d,8346
3343,95.63,Paid,2025-03-04 13:19:05,f57ab759-55fa-4bd8-93f5-71914b9da638,3146
3344,135.23,Paid,2025-03-06 20:33:26,da3d1dd6-e146-45c7-9d84-f801f1d4df81,2075
3345,169.38,Paid,2025-08-11 07:13:44,8ef31104-22b1-44a4-bdb6-6a459f72294b,8840
3346,171.59,Refunded,2025-07-24 08:33:11,7189f401-9966-4be1-bab6-e42fd92cb62c,7269
3347,61.68,Pending,2025-10-31 22:28:59,fc2ec81e-78f9-41b7-8388-9d5018168247,2511
3348,180.21,Pending,2025-03-14 22:02:19,44576681-7df5-4f3f-9ff9-2e2ce9833c32,5760
3349,27.3,Refunded,2025-10-08 21:52:45,7d63fb70-cbc4-4254-a6a4-93c69ee46140,8488
3350,166.69,Paid,2025-07-12 22:54:02,2c3db4ce-5ba0-4896-95dd-09c6f1cac8a0,9406
3351,196.74,Refunded,2025-07-25 02:29:45,d8b0dd12-b80d-47f1-b7f5-e1ed7e01ea3c,6128
3352,176.88,Paid,2025-09-18 13:47:43,c5530acf-bbec-4408-a174-b902d6a732ea,6790
3353,24.37,Refunded,2025-10-31 01:24:23,bc1e436b-5d3b-48f4-99b1-f11ac352b350,1290
3354,123.62,Pending,2025-05-21 23:18:36,8882fe40-a9c2-4a54-ac2c-fd02cabd0089,6787
3355,20.77,Refunded,2025-01-10 03:27:23,2ed7f3d1-6d51-4f6b-b16b-0811c09b1fd4,6335
3356,185.0,Refunded,2025-09-15 05:39:29,df564819-3128-4d90-8c30-cedfc97165f5,7072
3357,23.8,Pending,2025-03-16 07:13:23,e6f4810f-807a-4af0-b368-e0575fa4a186,7609
3358,142.53,Refunded,2025-04-06 04:49:47,29ca836d-2601-4a07-85fe-74aaf6cbc62a,5609
3359,167.2,Pending,2025-07-06 01:22:56,9fbca52f-5a9d-4f44-b429-07083adb564c,5358
3360,75.62,Paid,2025-02-05 11:12:51,1d3d7cbf-60d2-429e-93c8-30f94dcc68f8,261
3361,208.76,Pending,2025-03-29 11:40:05,479c657d-8031-4245-a5db-d56a6af0bb3c,9519
3362,162.45,Paid,2025-09-26 08:28:31,b07d357e-5bef-4f6d-8e82-7d0406fe420d,5160
3363,119.71,Paid,2025-09-12 01:44:41,ee75dc77-95d8-4eb5-8a51-666502691dfa,4844
3364,170.56,Pending,2025-07-18 14:41:40,e2aebb96-0734-49f9-ad8f-a0059123d53d,8913
3365,64.93,Paid,2025-02-02 10:59:31,0d3d56ec-4074-41cf-9b52-cdf50351aecc,6560
3366,180.21,Paid,2025-03-13 22:52:14,02535862-09da-4bea-91cc-343580336cdb,3040
3367,156.56,Pending,2025-01-12 18:32:00,87f8923f-0adc-484c-8c7d-9122a879d251,9571
3368,159.68,Paid,2025-10-29 19:53:32,4105ad23-6a8d-442d-a90c-8292182a8513,1530
3369,86.12,Refunded,2025-01-06 21:53:33,db5b4132-435a-4f82-9770-901b6650ace7,7055
3370,32.53,Refunded,2025-07-13 16:38:27,4ead9ba2-85fb-41eb-b961-0a82d6252d9f,7049
3371,46.07,Refunded,2025-05-23 19:20:12,e86ab9d8-b5aa-4a47-a8e2-bd1ee0934e22,1133
3372,36.07,Refunded,2025-01-09 13:04:05,90450b4a-da9f-4d94-91c8-e3e51215c703,1628
3373,68.61,Pending,2025-01-20 05:04:42,f1bdc2fd-d164-44c8-98d2-2d3065fad316,2440
3374,126.18,Paid,2025-10-04 14:05:59,052acace-d2ac-4ebb-90e8-cfbadec18c49,8845
3375,146.74,Refunded,2025-05-30 10:00:48,d1166fb8-adb9-4952-9ce0-5abce54e22e8,925
3376,49.45,Pending,2025-08-24 07:22:18,8df3602e-f78e-4098-8152-e9fa77e864f9,2450
3377,111.23,Paid,2025-06-05 10:15:35,ade11ad6-2809-41e5-a4e5-58a5dbe51b62,6710
3378,112.43,Pending,2025-07-01 17:57:23,710ebc56-888d-4b38-9876-32e4727af58c,4803
3379,148.63,Refunded,2025-02-07 17:13:13,feb32a70-ab6b-47a4-8149-c8f8059fa5f7,7345
3380,142.22,Pending,2025-01-30 14:21:13,61f2f3b2-fda5-4e23-b90b-6dfab70d3740,7238
3381,187.04,Paid,2025-11-05 21:12:06,68060b62-3cbe-4563-99ad-bb4c9d5d2314,4905
3382,178.7,Pending,2025-09-02 05:49:28,59629dab-852f-40b4-b2d3-7a2c5b04f65b,3566
3383,72.09,Pending,2025-01-05 12:58:22,ac49b5db-8240-4171-a7dc-7c9e09f18e9f,3289
3384,155.69,Paid,2025-09-28 19:48:25,48ef69d5-bd91-4583-94b3-fa42ad6267a6,8143
3385,148.38,Pending,2025-06-15 23:42:51,9b220abb-1586-4eb6-b415-c25965b71907,5696
3386,96.29,Pending,2025-02-12 19:08:16,3733b190-4542-4624-a7ae-6827f99b4524,2008
3387,130.1,Paid,2025-02-22 22:31:00,de7a8bd2-e8ab-4e09-9dca-2d855e65de40,930
3388,59.39,Refunded,2025-02-25 00:37:30,836217a8-b6b6-473d-96a2-4e717fce3af9,981
3389,23.64,Pending,2025-01-09 18:14:18,0ccd4363-f5a7-485b-920a-cb476931e5ec,1440
3390,143.19,Refunded,2025-06-06 10:23:55,31ce3582-8d42-4380-a69f-04c042bb1eea,3476
3391,43.21,Refunded,2025-11-15 20:16:29,1457da5e-7c7b-4c1e-b111-9715e5a321db,251
3392,118.7,Pending,2025-03-01 23:02:29,95d53bff-626a-4e88-a889-c4a4eb1c6820,5165
3393,27.19,Paid,2025-08-06 13:33:02,143a5098-7aaf-4a28-b6f3-19db3843d0a8,9135
3394,207.27,Paid,2025-01-02 07:16:19,821ae109-f286-4e07-9834-2d6a7e24d93a,9239
3395,168.21,Paid,2025-06-04 20:32:55,79d1ee7e-c136-481b-9d12-67870c0a74b6,9049
3396,58.97,Paid,2025-07-03 08:48:47,cfa3ec95-98cb-4c93-8019-d8ca6b57f8f0,5028
3397,142.23,Pending,2025-11-04 04:54:55,f5bb7998-1c92-45ab-af57-42bc49100540,3742
3398,69.11,Paid,2025-07-02 18:04:17,6d46840e-9d9b-4500-a73a-762682a36b79,3887
3399,108.73,Pending,2025-04-09 18:58:17,03fa1800-11e4-4b75-a4ff-2044e93665c4,1761
3400,120.03,Pending,2025-07-27 18:00:46,ee388aa9-f7bd-413f-8bb6-f4aa35880c75,2464
3401,143.54,Refunded,2025-05-26 15:23:50,265f8319-711d-4fb7-8426-6db2d36d7e31,159
3402,84.52,Refunded,2025-06-22 03:05:36,6c54b727-63a4-418b-b470-5d167435341c,8505
3403,189.67,Paid,2025-08-25 07:30:42,f7fcc80f-f0dc-4714-af08-5edb6ecc1530,861
3404,43.0,Paid,2025-05-07 11:40:28,7211234d-6148-4a9b-bed7-756fc8cfb92b,2450
3405,160.84,Paid,2025-01-09 15:18:09,500039db-f1a9-4659-a728-2720dd399bb3,2647
3406,155.87,Paid,2025-03-21 09:29:37,b0427501-50c3-44ef-aa3c-03a13c0702c4,1458
3407,122.16,Paid,2025-05-09 05:40:16,a2d041aa-4d6d-47ac-9898-9ae50d8190c5,2966
3408,206.45,Refunded,2025-05-31 05:12:44,b84fe515-b50a-4a39-ab3f-1032ce54871a,3426
3409,122.12,Paid,2025-07-19 08:28:15,8adf12bb-e830-42f6-b00e-d280dec01c5e,8202
3410,114.84,Paid,2025-09-17 19:00:59,667717f0-67f7-4138-83ea-cd77aefa6906,4622
3411,209.25,Pending,2025-06-07 10:49:26,30434e70-7190-47d3-9a74-69f77e253f8d,8655
3412,202.1,Paid,2025-02-08 06:47:35,d0b19c49-baad-43d0-a1f3-1571446c3cd9,3080
3413,118.61,Refunded,2025-06-18 02:16:45,f2dd526c-d187-4412-9142-c1566b35a304,7781
3414,29.19,Refunded,2025-10-14 10:43:31,6fbc6e6f-4e07-41d7-9134-3a2a4b280584,165
3415,176.01,Pending,2025-07-09 10:15:27,b2d87bea-4a6b-4e3c-80cf-fe331a684fe5,6350
3416,39.65,Pending,2025-03-17 02:13:05,7eb1f498-3304-4a27-afa5-ab141854b722,5707
3417,39.78,Refunded,2025-07-06 07:19:03,12c56694-94ed-479f-af5f-a6d2b1e252d5,9626
3418,36.08,Pending,2025-04-29 03:15:30,82f27ddb-484b-432c-bc6b-0e24a6eff835,4317
3419,106.31,Pending,2025-08-07 14:45:06,24ef7b9d-43e4-4c9c-9dda-81557003db10,7510
3420,100.45,Refunded,2025-05-07 19:52:07,b1afc786-bb12-407c-9207-e778013257c8,4206
3421,70.43,Refunded,2025-04-11 14:26:13,73a8ee68-a878-483f-a3bc-ab105c39f4d2,311
3422,101.22,Refunded,2025-03-11 20:57:42,5ae4434d-96a0-49b4-9aaf-9b1a137ae506,8410
3423,86.92,Paid,2025-01-03 07:54:58,286816f7-248c-4dbe-8527-ae46a523c096,6517
3424,127.7,Pending,2025-11-14 03:46:11,a40aaa90-43d2-4c88-a341-a6226b7b1250,2539
3425,137.73,Refunded,2025-04-23 20:05:23,d151bff4-3c1a-4b55-af8c-bf21c703cfeb,5811
3426,61.35,Pending,2025-04-09 21:24:27,d8acf494-211f-41eb-b3fd-31f6053d77ae,1196
3427,182.75,Pending,2025-02-22 02:45:12,489ee252-5ed8-4218-ad08-953a98946263,864
3428,169.04,Pending,2025-11-04 07:48:21,12aed9cd-4609-4d5d-ab4d-215acef99efa,91
3429,196.79,Pending,2025-03-17 04:14:48,ea378294-f922-4e8a-9b10-7e65e3f1e777,7378
3430,156.06,Refunded,2025-01-06 09:39:11,ec6728d8-6f88-4fe0-86d4-351d4d36d934,4927
3431,194.74,Pending,2025-07-14 11:01:48,055504d0-919c-409c-bbc4-ba8a3a88836a,9206
3432,169.38,Pending,2025-03-23 19:34:29,44634606-2f8e-490d-ba5c-dfe00d1a9700,9482
3433,161.06,Refunded,2025-02-23 15:35:20,c14fe4a2-8abb-4df9-a908-8a6c6472c71c,7318
3434,38.3,Paid,2025-04-02 05:42:05,c4176934-793f-4f50-91af-fff1d6e994cb,3015
3435,204.36,Paid,2025-08-26 09:49:48,18d35441-6c28-4277-a680-61927ab18de9,1489
3436,180.61,Paid,2025-05-30 02:58:25,265fb754-d984-414a-8074-3833ae5bfab1,1765
3437,161.05,Pending,2025-09-13 16:29:45,46df0713-8b6b-4200-90d2-0ee95106e3c5,8443
3438,129.72,Pending,2025-05-22 11:28:28,3bdc4f7b-b78a-4b78-a00b-d3cb12f237d2,2733
3439,30.95,Paid,2025-03-24 17:32:22,284f138a-ace4-40dd-942a-2a6483ba6027,6278
3440,158.33,Refunded,2025-04-26 14:52:19,e6e65ff7-119c-4a12-8e3b-89daaa17c475,9970
3441,29.04,Refunded,2025-03-25 22:15:06,6ad79584-5e44-4f70-983e-75a5102f366c,5295
3442,60.69,Pending,2025-06-25 02:13:51,31520907-206f-4f63-a95e-8edd79c407e5,6917
3443,85.97,Refunded,2025-03-09 20:28:04,44fdad44-cdb5-4232-a071-1502f7af76df,6163
3444,125.79,Paid,2025-07-27 19:08:13,70eae22b-7483-4972-9fe0-8919fd215dd6,1755
3445,191.09,Paid,2025-11-10 12:59:47,4db02b6b-6b2d-4276-bd46-95451470e3d2,8680
3446,130.66,Pending,2025-11-24 17:24:00,ee29fdc0-5c04-45cd-a791-822a2fef7fe4,3141
3447,61.26,Refunded,2025-03-09 17:10:22,1ff05ccd-4a4a-40bb-9ec6-a9c50522c457,6269
3448,187.29,Refunded,2025-03-12 09:03:26,595c8f24-d2c5-4281-9197-c8448ae9fc85,3975
3449,143.32,Paid,2025-11-16 00:05:36,76c808d0-0382-4078-9036-4f1be6a791fe,253
3450,143.76,Pending,2025-06-20 10:08:23,af176410-8412-4083-ab70-eaee0ca9699e,7370
3451,202.78,Pending,2025-02-26 15:23:01,93b314f0-a85d-42d6-ab95-1143caac9ce2,5347
3452,109.97,Refunded,2025-06-11 10:20:40,4f3f35e7-b643-4577-be28-4d29cc30cfcc,5849
3453,186.18,Paid,2025-06-29 11:00:53,f2b01f11-1ade-4fac-a373-9228ccaa21ac,8913
3454,103.69,Paid,2025-10-21 03:05:46,6e0374a4-1dcf-4d26-8746-6583a8bd8968,2870
3455,113.38,Pending,2025-01-31 23:48:01,76343275-f667-4211-8af1-5ada377b450c,9186
3456,197.78,Paid,2025-05-15 04:12:17,30266be0-eee5-4816-a55f-fda6bf8665d3,6742
3457,70.82,Pending,2025-11-11 16:39:55,66639ea8-0b25-4157-92f9-74f521c36a90,8933
3458,74.92,Pending,2025-05-29 17:00:27,29e7d32b-990d-4ae6-b6ad-a3abf489601a,3279
3459,83.84,Pending,2025-02-04 00:36:16,c60168c3-467c-4c41-8188-6c0de1a7fd57,7985
3460,119.19,Paid,2025-02-04 08:48:30,24b9f72c-2a5c-489c-b2ef-7b32e9e94589,3572
3461,92.15,Paid,2025-09-29 07:47:18,bd3f6b6a-74a1-4c08-be2c-f219cc9ba768,6307
3462,44.03,Pending,2025-08-24 15:30:27,d18f3e64-2859-4647-85c1-557e3945d502,9097
3463,130.18,Refunded,2025-07-31 03:13:47,a10ce850-85eb-406f-98f2-76d0d018cdee,4408
3464,154.47,Pending,2025-07-10 23:08:02,8b961a86-7c46-466a-a419-d1c590899956,2863
3465,45.85,Pending,2025-06-08 22:18:18,114f69ae-3656-44b0-8fb7-ad2bb0100a91,5428
3466,112.1,Paid,2025-05-27 07:17:43,919a2864-3cc9-48c2-8791-af16e33a5782,5686
3467,144.29,Refunded,2025-02-13 12:21:20,7ff467da-013c-47d3-a9ee-76f9b25466a8,1457
3468,133.96,Paid,2025-05-14 09:53:13,4231de51-c787-4441-82dd-d4c85692ffe7,8782
3469,119.08,Refunded,2025-11-12 16:26:41,ef5427dc-c959-4356-89f0-a4cebc2e1aa3,40
3470,86.3,Pending,2025-02-02 03:00:27,71753497-8ece-42d5-a87b-d9dd9e305c85,2257
3471,73.97,Refunded,2025-03-15 13:09:12,22b7b631-fc72-4fc2-a296-898014f0fd21,5893
3472,181.75,Pending,2025-04-11 15:09:09,783c81fe-c8d4-4490-b7c6-6c918fe97948,394
3473,75.22,Pending,2025-08-30 00:42:16,813e76a5-ae54-4cfe-8949-108f17d6ad99,8235
3474,91.94,Refunded,2025-06-03 03:06:16,aeb00f6c-f967-4a06-8771-22a8da17a816,2725
3475,155.81,Pending,2025-07-20 22:33:12,71f497f5-fb8b-4a8a-bfd2-bbda4b836557,5516
3476,103.81,Pending,2025-05-05 08:30:50,bd317cde-1ea1-4897-b436-dd5f3b6bbc2a,2859
3477,177.86,Paid,2025-01-19 21:19:24,98d1797a-0f65-4b04-911a-d4ead7b387c0,2909
3478,66.51,Paid,2025-04-23 01:09:44,f408b99e-87dd-4738-95b0-27df63d857a8,6544
3479,151.85,Refunded,2025-07-31 11:23:32,a15dda86-81c5-4fb1-9c51-4ec183acdd4a,4214
3480,102.67,Refunded,2025-01-06 04:14:43,89b5528b-554f-41c0-8573-17ed825686e6,5719
3481,40.5,Paid,2025-09-18 23:25:46,4f4e740b-45fc-485a-b5d4-b41b0c0619eb,2562
3482,74.93,Pending,2025-08-13 07:55:41,7963d551-fd50-4386-b3fa-b4280ed3ed8c,1535
3483,117.32,Paid,2025-06-13 13:25:34,a4b97b19-7b87-4603-a1bd-3d5dde533a35,9416
3484,45.25,Pending,2025-09-22 00:01:16,300d50e7-1e18-4fd6-948d-d64203e05d63,4442
3485,127.02,Paid,2025-08-18 14:19:25,8ff47fe7-ecc8-49ac-b187-7c4e36203e70,9865
3486,148.24,Paid,2025-09-16 15:16:58,87213c2e-c02b-4d17-8cce-e6f49dd1850e,6335
3487,53.24,Pending,2025-03-06 23:26:49,73361b06-1641-4cb5-b9c4-337372fd9145,4865
3488,194.46,Pending,2025-03-14 11:18:14,1e435b6c-72d4-472f-9d78-017200043057,8373
3489,90.4,Pending,2025-11-07 19:26:26,381b663e-733f-405d-8913-386340ae1bd7,5132
3490,63.18,Refunded,2025-10-12 17:25:59,1d5823e3-3a01-42cf-9198-33017c125ffc,3907
3491,158.94,Refunded,2025-08-30 15:08:31,db80680b-00f4-4db7-9e26-10647aa8e075,2569
3492,117.07,Refunded,2025-08-01 17:53:33,7855d2a6-9c3a-4f87-ae8d-31d89e8b0378,98
3493,45.8,Paid,2025-05-28 15:31:08,230e0d72-0902-40c0-b842-9726878c6282,9332
3494,132.84,Pending,2025-08-31 20:19:28,16769f3a-aa93-4cb2-9900-fdaddc780bf7,5795
3495,135.98,Paid,2025-02-02 07:59:43,d27d0a7f-5905-462e-8f9d-1cef7eb470cc,4836
3496,58.75,Refunded,2025-02-10 18:09:50,87c85d69-df3e-41ae-89c7-62f0c1889e51,8367
3497,100.3,Pending,2025-08-26 08:36:16,10bf013c-dad8-49b5-955b-dbceb18719bb,7215
3498,35.6,Paid,2025-06-19 14:28:13,2c97b60c-66e6-47fe-95fc-514d328c8d99,9177
3499,183.85,Paid,2025-05-09 18:25:06,a6a41628-901e-4246-88fa-9bbb419dccac,9603
3500,193.22,Pending,2025-03-10 18:08:27,fc5f4962-4f29-4364-b578-91487423f739,4014
3501,128.36,Refunded,2025-09-03 19:43:07,45dd86d2-3e56-44c3-9382-00efddb07f2b,4565
3502,191.29,Refunded,2025-06-05 12:32:25,294a6c53-48fb-4c7a-ae0b-dd934e249f9f,866
3503,67.73,Paid,2025-10-05 16:52:50,68c4c43e-5f25-4b93-9e45-9dcac6e351be,2675
3504,108.77,Pending,2025-06-06 00:06:20,3b57aa23-a5ee-45c1-acee-c3d8289e6ced,8790
3505,101.62,Paid,2025-05-06 12:27:43,e669177f-b10a-4b19-8060-9f8efa4c0745,2495
3506,20.43,Paid,2025-11-12 23:08:44,5fa73df4-0225-4d69-904a-b0f61d1eb0ab,2261
3507,35.35,Refunded,2025-05-21 03:14:16,076ac45b-a2e5-4c05-b66b-24e702efdff8,8633
3508,204.22,Refunded,2025-03-22 15:27:24,a4d1119e-e894-42fd-ac6a-e2cddf9e8fbc,134
3509,39.5,Pending,2025-11-11 19:44:52,29bdb8ea-c23f-4997-89e6-8c1041fb5421,942
3510,92.61,Paid,2025-01-03 10:35:43,3da71080-b0d4-4121-a942-6c519fd15f7a,8423
3511,44.0,Pending,2025-07-06 01:53:48,1d7596f2-4915-4c57-afb0-3a78a3f144b3,1280
3512,207.73,Paid,2025-09-28 07:45:05,86d124af-c198-45b1-adc6-e8962a03e894,5828
3513,37.17,Paid,2025-11-23 03:49:31,6a00779c-976c-43fe-985b-50939e37144d,104
3514,176.12,Pending,2025-04-10 20:39:12,2abe9d2b-301d-45ad-a71a-bb0e7a417577,5328
3515,182.49,Pending,2025-09-05 02:04:11,9b9e79db-277f-41de-8463-be83ea5f8fd3,2928
3516,128.18,Refunded,2025-03-02 14:21:42,b799b939-17e6-4b8e-aaff-69ac2cad752f,7380
3517,89.58,Refunded,2025-03-19 19:38:52,3cb67efe-3d86-40e9-88d9-89cc00530219,4465
3518,109.55,Refunded,2025-07-17 04:05:07,c647bbfc-b665-4ad1-b118-18011dd9b294,9971
3519,130.45,Paid,2025-11-10 22:03:12,96dd2d8a-0965-4131-8037-64a3e5b7e5b6,986
3520,86.97,Pending,2025-05-31 04:36:59,d7bd37c1-2a6e-40e1-8eac-948f67706065,9017
3521,57.46,Pending,2025-07-04 16:42:10,2d930c86-6f00-44cd-bb2b-b59e72bd3e1a,3672
3522,94.82,Paid,2025-01-05 04:32:43,93a82983-cbe1-4052-9e6b-928866e817c4,5257
3523,168.72,Refunded,2025-04-07 13:27:19,f7529c26-010d-4ec6-8f11-bb8ce4ca6f8a,5086
3524,153.45,Paid,2025-07-10 05:25:40,d9c7ad17-f064-4aae-8747-57cffbd4627e,6095
3525,58.2,Refunded,2025-08-04 03:04:13,88d7d27a-ea15-4c7a-bafb-438b98d7fb7d,8851
3526,103.82,Pending,2025-02-09 13:33:07,c26c3fd1-22db-4b95-9d9a-5b0bdcc2da3b,8407
3527,96.52,Refunded,2025-01-21 10:18:52,b2f02255-9dcc-4452-a781-e656acbc7b2b,5954
3528,65.5,Pending,2025-10-08 14:00:47,e8671879-657b-46a8-b994-c169a8d162f6,1088
3529,198.55,Refunded,2025-03-01 16:48:59,d0a04fa9-4c1a-4528-b06f-f3f2a273e67d,5411
3530,190.57,Pending,2025-07-06 23:44:36,11c10f58-4dad-497b-bb57-2bce4061ffcd,8068
3531,114.0,Pending,2025-07-09 18:07:58,4960aa1e-6af3-463e-947e-97f6652797ea,3569
3532,43.13,Pending,2025-06-29 04:45:45,2f0b77b4-7665-4d1c-9bf4-28359110655d,9758
3533,108.66,Pending,2025-07-05 19:45:16,770efa88-d370-4196-9927-f0a637ee0553,8828
3534,151.47,Refunded,2025-01-01 04:08:18,e2ec026f-7140-4b48-bd91-0a9b2157d178,3736
3535,170.88,Pending,2025-10-04 20:16:18,5fd5cf60-3fe9-4e98-a012-612512e725a7,4325
3536,204.2,Pending,2025-01-06 05:06:24,97ab5c0f-74bb-4a7a-824b-b2812650ccef,537
3537,32.17,Pending,2025-06-27 06:38:14,4a894711-dffe-4f9d-a97e-d7653b9d5aef,7231
3538,185.7,Refunded,2025-05-25 06:20:06,a823bc47-50c0-4753-9733-bf7fc3097a37,7770
3539,52.53,Pending,2025-11-04 01:47:01,c77ad6d7-9d99-4baa-88f0-11a637227b7e,7833
3540,139.18,Pending,2025-07-21 23:23:37,09f4536e-bdc3-401c-91e8-c39c9a8ec003,97
3541,204.86,Refunded,2025-08-27 15:32:11,0702d15d-a756-4da8-9d42-c41a83b876a1,6149
3542,99.37,Paid,2025-03-18 12:16:09,79acc64c-115c-447c-a39c-294628ca0525,8835
3543,91.77,Paid,2025-09-03 08:41:32,590411b2-3161-4524-b0fb-6445b3e63cff,6760
3544,68.25,Paid,2025-02-02 05:24:21,2ccc4c02-51d1-4a83-afdb-06724a2dfedc,781
3545,183.43,Pending,2025-02-21 16:12:55,1e7d622e-f62d-4e35-9de7-8587c3e16281,920
3546,32.4,Refunded,2025-10-16 00:52:03,f55922db-1098-4fad-b2a8-f3554e7dd223,825
3547,114.41,Pending,2025-03-09 03:13:00,2e93672d-bccb-4486-80ab-e09573ce8880,278
3548,45.21,Pending,2025-03-05 12:26:54,c9534fb8-a1a8-4f5a-ac31-a5e23f123a63,5605
3549,25.69,Paid,2025-02-02 13:47:58,94ac7c67-6b33-4c79-97e4-509143acc60d,4836
3550,43.81,Refunded,2025-04-05 19:37:56,83ef3b07-67b5-4cfa-a36a-b2b7031d7886,4396
3551,53.97,Refunded,2025-10-28 05:45:22,76e09ad2-d008-4aa4-927e-91684ba768b9,2125
3552,83.56,Pending,2025-06-22 04:25:40,c78ae428-21b6-4bb2-9121-b57f5b4618b8,5669
3553,171.17,Paid,2025-08-26 08:25:10,94d05a14-de7b-4032-93eb-f2014c2c2c30,1321
3554,120.11,Refunded,2025-10-16 23:40:51,a4e79a28-06ed-495d-aeee-7ecbbb73f439,277
3555,116.35,Paid,2025-08-22 03:47:59,f48bc126-26d1-4a81-9f35-8601030c148a,9726
3556,120.89,Paid,2025-09-13 21:51:35,3315888d-164c-4092-ab22-7d55f200a76a,9923
3557,167.67,Paid,2025-05-01 15:24:28,179da770-6542-4dc5-8bbe-bbcbb20ad15e,5742
3558,124.15,Paid,2025-06-03 08:20:34,289908dc-366f-4126-83c4-006b78209902,2602
3559,162.78,Paid,2025-08-05 19:14:16,19b877e3-95fb-4a66-b97c-a485abacf4b6,353
3560,22.59,Pending,2025-06-17 13:26:48,0366ef35-661c-4620-85ee-2f2959768dc2,1044
3561,63.99,Refunded,2025-01-04 19:20:17,f398f90c-c9e7-4610-a8ac-68a5c1ec5c6f,5722
3562,68.8,Pending,2025-11-03 23:27:12,0ed9ca99-c58c-40f0-a00d-0eed19ff0dfe,1413
3563,193.19,Paid,2025-07-19 21:13:56,2d7f3536-e102-4dae-807f-fe4b5f47a10e,7947
3564,56.58,Pending,2025-01-18 05:01:58,31452c67-d8df-459f-bb04-26938333a05c,5709
3565,161.5,Paid,2025-05-11 15:47:15,22c6addc-72ea-49bf-bb58-fdf2f66708cc,9055
3566,161.97,Paid,2025-10-08 13:06:48,763d35f1-8a9a-4000-ae15-13f077e09529,3813
3567,48.6,Paid,2025-09-19 14:03:29,26a8f6a4-bcb9-4cda-bb6e-726d277d5232,3218
3568,99.66,Pending,2025-08-06 13:27:08,f9af1df1-e643-4560-93ed-d109d12ed6c4,5483
3569,109.56,Refunded,2025-01-07 09:25:16,f4471f70-797b-4ffa-a66e-29d254b48d28,1354
3570,152.98,Refunded,2025-03-27 00:04:20,26243535-0f1f-44d7-90b7-d152e629e29f,8948
3571,64.3,Paid,2025-07-14 14:00:50,d54d68e6-d094-4da8-9210-cbdd6022f05d,8681
3572,50.86,Refunded,2025-09-02 02:04:41,d23e7134-497d-4e5f-8b2b-e2e1bdc86d70,9671
3573,35.51,Pending,2025-06-02 15:50:28,f9ae9603-5c9b-412d-bc1e-cf881b785223,5048
3574,111.65,Refunded,2025-01-07 04:34:44,d1fa7103-6f29-4302-841d-fe3db3eebe7a,6232
3575,191.32,Pending,2025-08-18 06:38:57,583c0ae8-b5ac-408d-94d3-6b2edd98f40d,6933
3576,114.05,Refunded,2025-10-02 14:54:53,e5d1bad1-da89-4604-aa67-c87d51d84142,8484
3577,174.07,Refunded,2025-11-22 06:36:32,ee21a278-b147-426a-9d68-1503278c94b8,4949
3578,30.95,Refunded,2025-04-09 00:15:58,aeed28fe-1996-40d4-9229-398bdb3f6399,1064
3579,144.87,Refunded,2025-05-14 16:31:10,08b61970-7de8-4061-9bf3-417601df5bc5,1595
3580,105.51,Paid,2025-04-17 23:24:14,58c7e1c3-b0e3-49f5-818b-509556218f54,2406
3581,163.19,Pending,2025-02-16 14:58:40,2a91c822-9702-48ab-a67e-d8aea525a75d,3496
3582,30.92,Pending,2025-08-24 20:55:50,e47665e7-d98e-4f0d-8de6-86d49d60c1cb,7255
3583,98.85,Pending,2025-06-20 07:50:43,3e5e83a7-b91a-4c85-8041-9daa82fe17d1,6949
3584,39.76,Refunded,2025-07-27 08:17:48,dc5e8959-6a86-4e86-b60a-53060214a190,657
3585,78.04,Paid,2025-08-10 13:54:59,cd7790ee-542d-4d0d-9e56-2d0b1f67c299,6704
3586,47.36,Pending,2025-05-22 18:39:39,502c3197-cdd4-44aa-87ca-da209a05a4cf,9265
3587,186.76,Paid,2025-11-03 20:35:12,797fe1ae-e386-449a-93db-009d5f2cb400,860
3588,136.47,Pending,2025-06-13 20:52:33,7915172b-00d0-424f-b486-a497a1481b15,3948
3589,135.1,Paid,2025-04-04 02:05:18,728940c5-43df-4594-a977-af3a17819fda,298
3590,125.05,Refunded,2025-02-24 13:50:02,f348e725-24ea-46d9-87ba-83d5e8448e80,1223
3591,143.9,Paid,2025-03-18 12:34:35,9d1ff91c-6ece-4f97-8b06-1ab5e1a149dc,1618
3592,142.6,Pending,2025-02-22 03:30:04,686ca270-0cdd-4820-9317-65f22d11eebe,1890
3593,139.34,Refunded,2025-04-13 22:26:13,644486e1-1471-40dc-aefa-17b19fecbc2b,5157
3594,41.27,Pending,2025-03-23 07:13:43,3a18e253-cbfb-4806-8448-9a8c444f7792,4513
3595,141.75,Refunded,2025-06-07 11:22:05,c8a53777-4e9f-43df-9d4a-74be8167887f,4548
3596,189.49,Pending,2025-08-18 01:43:50,76951a30-8451-4662-8808-464d274ec794,5941
3597,161.78,Paid,2025-05-14 15:22:28,c475af13-27e8-4a49-b59b-1b8bd90c06e9,9715
3598,163.13,Pending,2025-08-26 02:48:14,d1ffc880-7a51-43eb-b35d-2b88f5541100,423
3599,79.45,Pending,2025-01-13 12:21:23,b4f49b90-dfce-456c-8a66-408c1e0d27da,1061
3600,203.94,Paid,2025-02-02 17:54:17,e4e1a6b0-c6ce-4ee3-bff5-27998bdb2823,3826
3601,177.81,Pending,2025-03-21 21:27:20,67ff33f3-cac3-4312-904f-a8c2136ad3a6,42
3602,22.56,Paid,2025-02-07 09:40:09,ca5bffa0-3dc0-422a-92da-94a98c1bc880,1412
3603,100.84,Paid,2025-06-06 12:48:18,498fae87-653e-4950-a6da-da5f0ce64ffa,5318
3604,86.99,Pending,2025-03-04 02:37:43,4414d2f0-5543-4dce-8ab9-e868a4174bee,3652
3605,44.01,Paid,2025-02-08 14:29:17,bcec3c4e-11b1-44b2-b855-e54a06a9a88f,846
3606,53.91,Pending,2025-07-21 23:38:27,f3f0e517-1ecd-43ee-b03a-02525316fe98,5104
3607,74.67,Paid,2025-07-21 12:38:10,f772d40d-adac-4923-a80c-474f2f865694,9358
3608,122.64,Pending,2025-04-05 10:53:08,4d4e96e1-b931-4c67-93e6-c8cb71f5908a,9268
3609,85.27,Pending,2025-09-01 18:31:35,f643e73b-c0e2-4744-81a7-3fcd7bb8ef38,4707
3610,134.44,Paid,2025-02-23 09:06:59,83c92e46-5278-4d5a-b776-8244389823ba,6506
3611,179.58,Paid,2025-07-06 12:25:31,b237cdec-5444-4232-bd1f-0345a9030302,7770
3612,39.93,Pending,2025-03-26 15:27:19,67950ab4-e842-4f90-99a7-9cbe70533119,8772
3613,143.03,Refunded,2025-05-29 23:59:36,ec3bd82f-da23-441e-9ae9-f0d216b51512,6132
3614,202.18,Paid,2025-03-27 21:55:38,d43d0923-4fbc-4e7b-ab90-c8d3191360ab,2076
3615,116.38,Pending,2025-01-14 08:46:26,a491a2d6-1fbe-453d-b176-da8691316547,5972
3616,93.64,Refunded,2025-02-28 16:43:13,eab6d106-b8ce-4414-bd3b-5e9194beb6ad,5860
3617,69.85,Refunded,2025-11-24 21:57:32,52cf296e-8ac0-4ca8-a658-a36b110f0e23,718
3618,187.88,Pending,2025-10-18 02:02:01,289033aa-a8db-499a-8ec5-ad66381c0d1f,7804
3619,202.74,Pending,2025-07-26 00:49:44,6fdb3dc4-26e1-40e5-ad1c-91899c52c770,5799
3620,103.47,Paid,2025-07-13 04:56:54,9c2e3c2a-1818-4f6e-a402-f12e393e57b1,8635
3621,47.44,Paid,2025-07-20 10:36:48,bfeb370f-1bd3-46f4-baa6-79d702d47b6d,4158
3622,172.38,Pending,2025-03-06 16:20:01,423af2c6-4103-4527-aea0-b7188dc3b8b3,4722
3623,168.2,Pending,2025-09-14 16:35:02,1797e019-cce5-4780-bb2b-9575cecc20f3,1247
3624,90.67,Pending,2025-02-04 19:31:05,44b90927-014d-420a-ad26-0f0fbe1163f4,7520
3625,153.73,Refunded,2025-06-26 05:43:01,ed5f4bf5-48f2-4055-87b0-5cffcbb69485,5668
3626,91.09,Pending,2025-06-15 22:54:41,c14eaa59-7932-4c50-8b67-60cb44777eb1,629
3627,140.87,Pending,2025-11-18 16:08:01,ff013cae-c427-477d-9743-c2420f75b97b,681
3628,205.51,Paid,2025-07-18 20:53:26,bb2ab0e8-0564-4455-9e33-31e5ce6b728f,3070
3629,152.12,Pending,2025-06-29 18:50:42,2149d624-b5f3-4f47-b366-91a8eec553a1,2087
3630,89.35,Paid,2025-11-19 15:00:47,c8ec655a-d76a-475c-b695-fe05ffc15b69,1258
3631,85.83,Pending,2025-05-28 15:20:36,b2e77bb6-7e60-411e-b19e-1b864b0db248,1524
3632,144.17,Paid,2025-01-11 20:43:45,9a987ca5-54bc-430a-a4f5-b64b7c3a94ca,6340
3633,49.22,Paid,2025-10-31 16:04:58,2a423e41-107a-4c01-b7eb-fed46fcec1bf,842
3634,122.4,Pending,2025-03-14 17:43:30,f9130980-899d-459c-b23a-387232eb9279,9689
3635,25.7,Paid,2025-08-05 20:45:49,270e8973-a4c3-4f76-915f-c3a8decd8252,4564
3636,187.88,Paid,2025-04-09 02:04:11,98b6f50d-77ee-461c-95d8-f3968693d557,4413
3637,132.69,Paid,2025-09-01 02:46:51,d2e9cf7e-01c1-45f6-a98c-d2eb5f6553a6,7423
3638,138.4,Refunded,2025-02-13 21:26:04,fa5224eb-6747-4158-8744-1e7dbbe82452,9246
3639,144.57,Refunded,2025-09-04 05:44:50,093728f7-9dad-427e-a0f9-42b0c360b1c1,3965
3640,41.66,Pending,2025-09-04 15:05:53,ff1b48cf-b835-4301-aae6-02e1f17bd6e4,905
3641,164.5,Refunded,2025-09-25 14:53:25,e2063a95-5f7b-4727-9e0c-89f98fcd7ae4,1993
3642,140.88,Paid,2025-03-03 21:50:41,0779a93b-7ccc-4973-9fd9-e9fa21fb3119,801
3643,162.96,Refunded,2025-09-01 20:25:07,48a8e2be-973d-443e-be3e-f615efa03709,2262
3644,23.23,Pending,2025-04-07 19:30:20,81435aca-ca79-4393-bdce-62f0e4880d3f,9397
3645,68.17,Paid,2025-11-22 14:34:10,1c7b367f-4026-44a1-b8e4-55fec44739f3,171
3646,107.6,Refunded,2025-11-04 08:21:53,cb345adf-5e1d-4dc7-81d4-3e233daab024,3755
3647,162.47,Paid,2025-03-28 23:09:07,2a61efac-97b1-4fa8-a195-d28e0a6b00a6,7075
3648,50.04,Pending,2025-07-07 13:28:00,3fd1d333-a025-4b58-b924-8527e0a1a2f9,813
3649,43.82,Paid,2025-10-13 10:10:38,17b99426-430c-4652-97d9-92319cfd32d8,7718
3650,44.32,Pending,2025-09-13 06:21:56,5b4dcec2-0431-49fb-ac3b-f9b695005511,9587
3651,41.08,Pending,2025-07-15 03:29:20,fc24ce38-f148-4bff-b810-33fecd12273b,4812
3652,62.95,Refunded,2025-04-09 02:18:16,37bd938f-83b1-46f3-b0e6-214be0e9b869,9852
3653,113.4,Refunded,2025-02-20 02:26:07,85b32deb-6aa5-4ab9-8de5-ee6a9b6a2e11,6217
3654,33.4,Paid,2025-07-22 03:12:51,4a1fe110-6363-43d9-b2d3-4412b30751c2,7459
3655,54.84,Pending,2025-06-01 11:13:47,c9c23a1b-5b57-448e-9e9c-7775a022010c,6797
3656,50.66,Refunded,2025-04-22 10:59:36,71643ff3-668a-4a88-a476-76034e1f20f7,4635
3657,200.96,Paid,2025-09-17 12:27:53,ed0b3e7a-f50e-4364-aba0-de9d1f63bd63,2508
3658,172.95,Pending,2025-01-21 08:09:35,df409608-18f5-46c1-9b90-36032c845751,1999
3659,165.53,Refunded,2025-06-10 09:08:29,f8465285-32ba-4331-9a9d-23ee0235c493,1103
3660,66.55,Paid,2025-09-22 22:29:22,10cc092e-e27b-40ca-876b-ce1ce199493c,703
3661,164.68,Pending,2025-02-16 03:01:46,392b8063-03c1-4a53-b50e-6f3700527547,4303
3662,115.44,Pending,2025-05-20 22:36:56,696d2a7e-7e66-46c2-a63d-5ab355e01cad,3870
3663,112.8,Refunded,2025-08-31 06:16:51,aab5e13e-955c-42db-86c5-a55899b9506a,35
3664,122.85,Refunded,2025-03-17 13:47:26,20e9a3a4-2d5f-439d-9ca4-ecc425237cea,8831
3665,107.14,Pending,2025-03-28 22:05:34,608c2696-511f-49ce-8b13-17a6cfcc1b55,1119
3666,124.66,Pending,2025-03-21 06:19:27,eaa87c80-5709-4a54-a3d6-76f5e43dbe6e,3624
3667,76.96,Paid,2025-02-13 03:02:48,b2e1e303-aa97-45bd-a9db-57ed61a45d50,6425
3668,49.55,Refunded,2025-11-24 00:36:40,174c7957-fca9-4408-a421-981c3a536741,1287
3669,125.05,Paid,2025-09-09 00:32:55,f302ec91-7d64-4b22-b4b3-ec4b2667c94f,4518
3670,190.46,Refunded,2025-10-16 15:20:07,58ec05a2-4186-49cf-9380-407570e836c9,2963
3671,208.96,Paid,2025-08-11 22:59:58,757c7de5-1406-4666-88cd-3dcbea657dd4,3618
3672,206.84,Paid,2025-10-19 02:23:37,5758c488-94bf-452d-be2c-397c4ebcb644,6619
3673,40.39,Refunded,2025-10-27 11:31:04,36110cf2-b777-43b0-9fe3-4e5fe213b403,6386
3674,84.28,Paid,2025-03-20 23:34:40,5e3c30d4-2179-4324-a178-e66fc03c2dd1,2186
3675,202.76,Paid,2025-08-16 01:51:08,43a81346-9726-42a2-b028-820b20c04a27,9029
3676,73.7,Refunded,2025-01-22 00:50:06,4dc0d3fc-f400-44ce-b3ba-adc7aace787c,3742
3677,29.16,Paid,2025-02-28 00:48:49,24607598-1811-4444-91c8-2b4de2c77e94,1048
3678,104.32,Pending,2025-06-06 15:31:19,60f89775-ca55-4c6a-af65-ea5024633dd9,3218
3679,28.07,Pending,2025-01-28 19:03:43,960347e1-b7bb-4882-a9e4-4a2e8a516530,8268
3680,54.39,Paid,2025-02-28 20:47:15,a1233b7f-7087-4b04-9470-cb58e813445f,8687
3681,156.06,Pending,2025-07-25 08:50:51,ad5febc7-8583-41bc-b44e-29cefe08f74c,1309
3682,184.44,Refunded,2025-09-13 13:03:41,3b531053-5b88-4045-8c0d-170fba0ff95e,3675
3683,163.28,Refunded,2025-01-01 07:36:58,9109aa24-55f3-4dec-b763-963efb9fb8cd,1844
3684,60.79,Pending,2025-01-12 10:10:37,86c3761e-e69e-4550-9df2-e88c2d4dfc1c,3348
3685,179.27,Pending,2025-05-26 16:55:28,3a0f7426-edc5-4c39-9246-d6c108334f16,6628
3686,50.15,Pending,2025-07-02 01:36:23,82ab99d1-bda8-479c-b78f-c52e0db61530,8744
3687,47.66,Pending,2025-04-03 11:52:52,a4660cb7-c416-4e09-a425-0d2b54506da7,5533
3688,42.24,Pending,2025-03-03 09:13:29,c06f17c8-e618-4b51-a705-23dcc027bb62,4107
3689,146.52,Pending,2025-07-17 17:43:50,d49df694-b86f-4a4c-b01a-70252f8ba486,3238
3690,96.51,Pending,2025-11-12 15:29:08,dd78ff3e-e915-4861-9a26-4403751cf1df,2814
3691,55.51,Paid,2025-07-17 16:15:31,04444f78-3347-4209-b40f-c62d2373723d,8605
3692,158.76,Paid,2025-10-16 12:33:49,1689d3b8-fb3b-4795-860e-661a2c0e529c,8637
3693,79.82,Refunded,2025-01-29 22:58:06,3f661142-2967-4216-ad12-ffa26a408137,7551
3694,71.03,Paid,2025-08-11 21:05:31,a345ae99-f9a5-4a31-9ad4-926ef99ed561,5527
3695,107.51,Paid,2025-03-30 19:44:45,d7376780-511f-494a-9b7d-5fcebf684dde,2586
3696,198.36,Refunded,2025-07-02 09:42:18,d30f6ad1-35d7-49b9-bd5f-8ba66c0359a9,2297
3697,93.93,Refunded,2025-03-23 22:19:48,370d90bf-3555-4a2b-a13f-aeb64b78d8fc,164
3698,147.02,Refunded,2025-06-17 07:24:35,31215862-dcd2-44cc-88f6-8beb09308a3e,875
3699,109.18,Refunded,2025-04-14 06:13:28,51c9f239-0a2b-4adc-884d-fbf576976f91,7683
3700,200.03,Refunded,2025-02-12 06:18:19,10ba90d1-22bf-4141-a7db-5268776d6db6,7603
3701,21.85,Paid,2025-04-11 17:10:46,d4cea5be-f407-4e0d-883c-8e5b812953d5,639
3702,159.96,Pending,2025-04-18 21:43:35,6dd3e1aa-c71a-483c-a43b-1ba9aa1df0a8,9421
3703,22.72,Refunded,2025-06-29 19:23:11,8d2e1cc2-d17f-47f5-8c13-8f94cda55c6e,8670
3704,35.46,Paid,2025-10-18 15:02:06,841920e8-6c18-4044-aac9-199ecaaf312b,1553
3705,172.48,Pending,2025-03-19 02:34:48,952d0e7a-a1a3-4c30-a1ac-5ab6686a1145,2732
3706,83.79,Refunded,2025-03-23 04:13:56,235e9b4c-2b5e-4e7e-add7-003237f1e31f,6426
3707,91.83,Paid,2025-10-14 12:00:20,9b1b830a-9cbc-4c64-b505-3188c765b29a,5728
3708,162.24,Paid,2025-04-22 08:49:02,3c59ac98-9ec6-4e1b-bdf8-97ca00989948,8521
3709,60.22,Paid,2025-01-18 20:21:26,bc2a0ebc-eaa0-42ec-9415-c41821e5ee1a,4252
3710,115.19,Paid,2025-11-19 02:47:19,f5bb14cf-4d84-4c3c-9630-08aab8bbeaea,1031
3711,204.17,Pending,2025-01-26 08:50:09,53e3a197-6557-4c57-a9f2-e6415c16f9bb,4891
3712,161.07,Pending,2025-11-10 23:11:20,8650af6a-6b32-48f4-8fe8-744ec37a3b16,6660
3713,197.37,Paid,2025-02-14 22:15:03,5e9bda2e-d821-4b59-bcab-8c1de15b4dcb,3198
3714,54.71,Paid,2025-02-21 17:49:52,e71b4291-524b-48d0-8e5b-257e42332a53,4995
3715,65.97,Refunded,2025-07-24 03:06:04,eebbdf13-b07c-49bf-b0b7-d5886000fe9f,2425
3716,174.77,Paid,2025-02-04 06:18:55,aa9398c9-f5fc-4120-8ea7-d72f4b02d951,7175
3717,205.92,Paid,2025-08-28 15:24:20,d4f2674a-090e-49de-83ba-dac27165daf5,8023
3718,39.22,Refunded,2025-11-17 21:59:13,841ea0b5-4549-4ac3-b336-cdeb7613c1df,1335
3719,188.83,Refunded,2025-06-24 22:42:17,0d4ef9d6-6c87-4bd0-bfe4-7e94a282cdb5,3637
3720,136.65,Pending,2025-07-22 19:07:40,8010de77-a539-427f-8e2d-e1e17f90e4c5,7579
3721,198.8,Pending,2025-08-19 13:14:58,8b5ffe1f-971f-4e4c-88b4-59aad801fd24,7372
3722,171.86,Refunded,2025-07-12 05:46:55,37a3c56f-5522-4d0c-8cc5-57403fe9ab2b,8150
3723,156.2,Paid,2025-01-11 02:49:44,4f64e4e8-f7b0-42ac-9266-81ff14c54601,4778
3724,192.27,Pending,2025-05-28 18:25:17,90996322-12d6-4652-add9-dae7736d7a2d,9046
3725,121.34,Paid,2025-10-25 13:44:06,0840ead7-69f2-45cd-9098-3fe0408357d1,8232
3726,176.01,Refunded,2025-01-22 00:22:50,a1a951ac-8738-4c8c-92c5-a5d6ed321f05,7858
3727,121.8,Refunded,2025-08-12 04:20:55,44304360-c57f-4fb6-9b19-9d23af6e5b2d,5875
3728,190.5,Refunded,2025-03-25 04:16:09,9a055b5f-bc45-428d-b9b0-0adfb2c98361,8409
3729,57.48,Paid,2025-03-14 07:37:15,8b069873-f676-4188-ae84-bca355d5da2d,4375
3730,132.02,Paid,2025-10-18 07:14:52,8c631030-db09-4445-8fc3-b5d5d335f8c4,7099
3731,86.29,Refunded,2025-06-27 04:41:21,eac5a451-e6d8-4303-9187-c437987c3b47,624
3732,112.0,Paid,2025-10-05 09:15:07,8ea4e6ac-afba-4f28-a944-15bc5c616c29,5720
3733,198.69,Refunded,2025-02-17 17:24:47,64db4f17-be4a-4ace-9387-85d477214a6c,7897
3734,84.41,Refunded,2025-03-04 06:19:11,68ca2a71-89a2-4444-99e2-f857905b5094,8957
3735,166.37,Pending,2025-03-21 13:07:44,3d74a7ad-1200-4657-baba-78a62a0c1490,9959
3736,34.29,Pending,2025-03-08 00:35:19,b0f6d746-797f-4218-9b24-7449297461d8,4319
3737,29.31,Pending,2025-11-18 19:59:38,db313bb0-7920-40c0-960e-8271afc3010e,9005
3738,39.13,Paid,2025-11-02 15:24:52,879ace31-cebd-4897-a878-8b4b159cd27b,6284
3739,42.45,Pending,2025-10-06 05:16:52,68a1b3ef-1845-4ebe-828e-9d34f9a8f538,7838
3740,181.88,Refunded,2025-10-18 00:25:03,f097f473-8dde-4539-8e3b-2cf422b21d9a,9092
3741,137.56,Paid,2025-02-22 03:49:01,a1b63f69-f31d-463b-8779-8f7b2f7ab719,3324
3742,77.32,Paid,2025-08-22 09:21:13,a928aed5-40be-4662-a492-d7922db76692,7312
3743,38.67,Pending,2025-04-30 02:12:50,b2a28374-18d1-4e58-ad3a-a3387b88336d,9907
3744,107.57,Refunded,2025-03-27 19:10:38,270a2909-46a0-4c93-bf22-500fe176d3b8,5733
3745,91.29,Paid,2025-09-30 04:52:47,4cbe5a17-3473-4520-bae2-9a0d2c2193d6,1951
3746,93.83,Paid,2025-11-22 02:00:53,49ea71a9-9c8b-4744-a452-605b6c280cc5,9146
3747,108.9,Paid,2025-03-12 08:09:09,f727d557-535d-4310-9581-8cc39ce6390e,1448
3748,44.14,Refunded,2025-05-26 23:33:00,8f57b6c3-3fca-4b3b-8eed-2ac0e645a036,1285
3749,93.11,Refunded,2025-07-09 09:42:16,f3b890fc-7a74-4bff-b16b-0147a726cdab,2116
3750,152.3,Paid,2025-10-27 06:06:07,ece41807-6c10-4390-90e6-91ac20a67dfd,8157
3751,68.18,Pending,2025-06-26 01:16:25,6021a388-f007-4de3-bd1d-df99d5f5d029,5422
3752,91.5,Refunded,2025-10-10 21:35:31,527c167b-660e-474a-a0dd-7d7ecd504097,5805
3753,79.78,Refunded,2025-04-11 12:24:36,be1d6eff-0dd6-48df-b9d7-8919a8438a2c,629
3754,99.29,Pending,2025-10-31 13:45:01,94288c90-6a01-485c-ab24-48dfb4627f3b,9843
3755,42.14,Pending,2025-02-25 07:27:29,c4293583-800f-4b75-a88c-520f22964c99,7423
3756,123.95,Paid,2025-08-18 17:43:09,c39f4059-780c-4671-bf29-050755f05fd5,6723
3757,105.59,Pending,2025-06-04 10:44:18,c97115ba-3067-4ab6-9e76-f706d5be3e46,35
3758,81.33,Pending,2025-03-15 05:44:59,81ec175e-c33d-43b8-9394-72d7814882f5,6946
3759,40.22,Pending,2025-03-23 20:51:51,a1df3f8d-4e88-449c-b0ab-b9c334f2b097,4163
3760,139.55,Paid,2025-05-17 13:41:43,8411e7a3-ce92-46df-a91d-6a51489e0786,5414
3761,185.6,Refunded,2025-06-25 05:35:09,811b998f-bb7a-4cb3-ac99-5ea4c9cbbc77,3365
3762,108.6,Pending,2025-01-27 15:32:37,48bca216-15d8-4438-b19c-d9770e14b366,3993
3763,48.22,Paid,2025-09-23 08:46:26,0a564247-f487-4387-b3c7-a36aef98fbb5,8558
3764,148.53,Refunded,2025-07-13 00:25:57,3cf84ddc-0bf9-4549-ab46-3c49d833b967,4037
3765,153.84,Paid,2025-03-19 07:16:29,143f63f4-34f0-4839-90de-52475fa38861,306
3766,26.38,Refunded,2025-01-26 08:59:24,f3e0fc0a-2cfe-4aef-8968-200cf1c76b7e,1085
3767,194.96,Paid,2025-10-29 14:47:33,10649c47-1d60-4eab-951f-db19e98f52d7,3810
3768,206.78,Paid,2025-11-04 15:33:14,5f4a2873-026e-45ed-8e37-117cfe1b48af,377
3769,22.85,Refunded,2025-07-30 16:07:03,d34a7f42-f63d-414e-930b-1915e6b2aa20,6056
3770,36.2,Pending,2025-03-20 21:06:20,76b23f9f-0d9c-49d5-8cfb-345ae84b0502,63
3771,80.31,Paid,2025-09-21 21:11:26,b08f1e38-ba17-4575-8b75-bb0ae3f72b04,7992
3772,47.3,Refunded,2025-05-10 04:21:08,4f477192-53c6-423f-a10a-6527d6a5d8aa,5287
3773,37.53,Refunded,2025-05-29 03:04:40,f0c3e21c-828c-4348-b7e5-2c1874698f91,5575
3774,81.32,Refunded,2025-10-11 20:34:55,9c5e9135-a1c4-49e8-994c-73fa54374ef2,7769
3775,206.44,Refunded,2025-08-02 11:53:25,d2d0e2ce-4199-4492-8ae2-ce2bf5d172e6,3632
3776,95.19,Paid,2025-01-01 09:44:33,96192123-6cbf-4f22-a4a3-695392b3e396,751
3777,107.2,Paid,2025-03-24 06:23:12,b13f1861-f8c1-4ed4-9396-27ed378db3fb,3378
3778,117.43,Refunded,2025-03-23 09:33:39,11a8a61a-8cd5-4484-a1c6-cd0586912c73,3463
3779,95.15,Paid,2025-10-22 14:39:34,0fbf4c6e-754d-4024-8e2c-0b383f05df4e,2638
3780,60.74,Paid,2025-09-09 12:12:58,293fd699-aa10-414c-a19b-6d11a5c8661b,359
3781,145.1,Refunded,2025-03-02 00:18:43,bfc10252-159e-4eb8-9725-fe78cc3e952e,3183
3782,159.16,Pending,2025-07-01 07:21:39,ea50dfc5-7a9c-474d-b63f-05700a97a431,1507
3783,137.28,Pending,2025-03-08 17:52:33,29a24f31-9992-4f61-a1c3-ace5e5871d67,7848
3784,85.69,Paid,2025-01-09 03:32:24,0b6ad5f1-991b-4a0a-b717-3151891d8623,5285
3785,66.69,Paid,2025-04-30 14:27:42,be60d163-77fb-401a-a192-7a4722e9c03d,5803
3786,25.29,Pending,2025-06-12 09:19:32,ef12aacb-0c61-45b6-95b4-3bba694285de,9558
3787,205.32,Paid,2025-02-11 07:47:51,c172f02c-be6d-44a2-8bd3-8a283d60698d,5390
3788,61.61,Refunded,2025-11-09 20:11:29,450f2280-a10c-45df-8d11-d9827ce1a996,9549
3789,54.55,Refunded,2025-05-26 15:06:14,453acc8a-7fc8-48e2-9883-fa92deedae2d,8794
3790,78.52,Paid,2025-07-10 18:27:19,ca33220e-2a18-4a4c-927a-a98fc11c867f,3733
3791,169.42,Paid,2025-10-29 13:14:24,fe289e34-b155-48a5-a3c7-51d4883dc328,4653
3792,110.44,Refunded,2025-05-25 20:19:21,6e06dba6-b8e9-4ced-a1ea-19e9d0dc2d49,8929
3793,185.03,Pending,2025-02-16 11:56:12,9d712248-aadd-49d8-925d-3822dbc75b5b,5911
3794,70.79,Refunded,2025-11-22 03:50:02,17b2be0d-2df7-433a-aa51-c1a241900558,9899
3795,62.84,Pending,2025-07-25 05:47:38,0c27a77d-a055-45c7-a51a-3d104c74cf96,258
3796,75.43,Paid,2025-11-24 11:11:14,3a3b47de-3b6d-49a7-9067-62216e7af95d,3545
3797,33.66,Refunded,2025-09-12 04:52:14,dde024e2-ab57-45a4-be90-a01aff120ef6,6849
3798,100.17,Refunded,2025-07-24 14:34:50,f782cd9f-b094-4529-88ba-c10412973757,2671
3799,124.13,Refunded,2025-11-16 09:39:45,984904df-0c14-4405-bbfe-2b3f77566eef,2637
3800,166.12,Paid,2025-09-29 15:17:16,8dd0a830-ed7f-4116-8c9c-b8ef1c925197,701
3801,160.2,Pending,2025-09-29 19:41:53,cc36e658-f753-400b-bbd4-b4a0d7514843,1723
3802,28.32,Paid,2025-10-14 22:27:13,081c2dda-2a95-4ffc-81e4-f0777ff07529,6645
3803,176.32,Refunded,2025-08-29 13:03:46,68a33268-6dc8-4fee-a384-bcd5ee9d5dda,5600
3804,74.44,Refunded,2025-08-16 02:54:46,bd791465-eae0-4fc2-96c3-f978f38fafb4,9903
3805,70.12,Paid,2025-01-12 02:42:37,4d7717db-986c-4ee3-99a3-00a3d430caf3,7382
3806,195.95,Refunded,2025-04-01 10:50:20,7561d107-5210-40f0-b603-0bbf248787e6,50
3807,28.72,Refunded,2025-05-19 23:56:06,af3e0f17-c856-4230-ad4b-604b0b3a0d16,3661
3808,173.47,Refunded,2025-03-13 06:52:57,fe3105c6-acfd-4693-95df-f3bd4184ec80,7049
3809,69.87,Paid,2025-08-24 14:48:51,49bea7bc-d7ba-465e-a021-66f5a55ade17,4825
3810,35.54,Pending,2025-04-29 12:32:54,3b211009-5472-41f6-92fd-550aa24846f7,8627
3811,188.8,Paid,2025-07-10 00:45:57,97328f15-65e8-403c-b3bc-be0c6b77b178,3608
3812,201.62,Paid,2025-11-10 19:43:11,3e180873-8182-469c-a3b9-131c7bd1e426,5494
3813,115.1,Paid,2025-10-14 01:33:39,5cdf7479-55ac-4054-8b80-bde961f058e0,3213
3814,79.45,Pending,2025-09-27 10:42:04,aebbbfef-79aa-461e-8035-1cc8994dc2a3,1498
3815,114.46,Pending,2025-01-05 02:28:04,2f2a0e62-25b8-4200-b3e1-c5b9033ea930,259
3816,114.43,Refunded,2025-10-08 15:09:47,5a5cf3ff-7be4-415d-a0b0-6ba57c6868d8,5287
3817,43.84,Paid,2025-03-19 17:38:20,6c02edc4-55f9-4041-af6e-29893d7fd202,2122
3818,167.76,Pending,2025-01-02 13:58:16,46b9dbf5-8085-4f74-b028-0b54da4d4f8d,4738
3819,24.3,Pending,2025-04-18 20:05:56,6c45ef26-0075-447c-a679-e486898c0067,4553
3820,182.9,Pending,2025-08-28 06:09:06,179bd4bf-855c-44b5-ae29-a9f46306d387,3194
3821,193.94,Refunded,2025-09-04 19:54:01,56422a16-1132-4eba-be7b-1e4cce270af2,7089
3822,146.67,Pending,2025-06-15 20:53:42,079a2cd8-42d4-4749-bdb1-32884849ce76,2204
3823,124.27,Pending,2025-05-14 18:17:32,ac9d7d3c-265f-4b0a-bc0c-983cbb51b7fe,1331
3824,136.19,Paid,2025-08-24 19:47:11,fe2b3e16-bc4f-4ca4-8fdf-cd99644e8bbb,6986
3825,170.69,Paid,2025-10-08 11:24:11,6dec9f18-8ed8-4f3f-a5e1-96becedc0f66,5110
3826,151.57,Paid,2025-08-17 09:24:50,e056a508-a212-4edc-936c-b964ad2de0fc,9844
3827,204.49,Paid,2025-06-21 05:38:22,8fe1827c-be37-4ea4-a228-677353df01f2,674
3828,201.2,Pending,2025-02-28 23:56:05,4f1d5d7b-b1ed-4883-80e6-c6097659156f,572
3829,21.02,Refunded,2025-03-05 09:18:57,d616db39-0540-47ec-89f2-c575fc91fc2c,5594
3830,34.58,Paid,2025-10-17 11:31:12,363b9c8b-369d-419c-81f9-0f31813dccb8,6023
3831,141.88,Pending,2025-09-28 15:00:16,15117cf5-9b05-4f27-a8f6-7f6b22b69202,4713
3832,34.77,Paid,2025-10-22 14:05:09,fa06a9c7-f777-420f-a96b-595ea4d8e5bc,573
3833,119.31,Paid,2025-08-04 02:49:52,6bcbfad5-1fb5-4c38-8e12-5754bfff0a47,6483
3834,114.71,Paid,2025-10-27 08:16:56,685e559d-6385-49af-aee2-1c3e005b42a1,8820
3835,166.38,Pending,2025-10-27 13:19:08,9b5ce8bc-9d22-49c5-a5fa-2ad0fb2db558,2004
3836,40.75,Refunded,2025-08-11 07:54:08,149bd9a7-fc3a-4684-9ec1-ecbce4a34e1d,3376
3837,89.36,Paid,2025-10-06 19:40:53,8ec4512b-306a-46de-9e1f-d77cb3af0d46,8443
3838,44.79,Pending,2025-09-25 12:05:46,8032d557-ea5e-47d1-8fd6-4ef62d287e80,1258
3839,113.46,Refunded,2025-09-13 02:29:02,fcd163b4-b517-49e2-8e5b-19ac85bd1f94,8621
3840,136.1,Refunded,2025-03-15 23:14:47,902b354c-fb30-4933-a874-68d6d01a4311,7887
3841,123.64,Refunded,2025-08-11 02:04:14,3de5953a-56ed-46a5-b775-75acee08d385,8655
3842,54.86,Pending,2025-08-24 17:27:35,a2cfd4e9-554b-41ba-89a8-1876123e74a3,2443
3843,51.79,Pending,2025-01-01 01:31:36,ab64dab4-2942-4fc1-a30b-1d7d71993ca7,9966
3844,23.95,Refunded,2025-01-09 08:26:27,ba630289-03a6-4c34-84cb-0bdf0e9c6bf1,7341
3845,163.38,Refunded,2025-09-16 17:18:03,517c367f-3e0f-492d-a70b-6bb6f359334e,4817
3846,29.63,Pending,2025-01-28 16:07:58,50c5b799-a39c-4d28-acc7-78b71dfaabf2,6402
3847,120.59,Refunded,2025-08-12 23:10:49,7f5a842b-307f-464e-8ba5-2297a2c7c304,6100
3848,207.24,Paid,2025-01-26 21:55:52,4b7f3c24-a989-47a8-91e4-482a9a7c9e1d,6897
3849,47.05,Pending,2025-01-28 12:15:31,21d56c82-435b-4cbb-9c3f-4f8ceecd1b66,8698
3850,35.9,Paid,2025-03-21 07:28:11,ac2dd334-d475-43af-bc02-6a7489a94580,7393
3851,121.28,Pending,2025-06-09 01:24:09,1146e757-0a56-4ae9-ba25-d6f9023a0edb,7819
3852,70.83,Pending,2025-10-05 08:49:06,0b8543b6-72c0-4ade-847c-c1c5498485c8,1580
3853,30.47,Pending,2025-07-10 02:56:19,c33aae32-6878-4835-b28d-d80748bb7422,4868
3854,62.44,Paid,2025-05-03 06:40:07,77090a2a-6e95-4648-9171-b5bb782f9e67,5600
3855,58.02,Paid,2025-01-28 17:54:33,3efb5ae1-bda7-459c-8b30-4dbc8a2d70a1,7921
3856,22.04,Pending,2025-02-26 07:00:52,0526c413-169b-4cd8-b825-5680fac20928,2122
3857,149.39,Refunded,2025-09-10 05:47:51,305b1a79-4eb2-4207-8151-36ae32d5acb9,8247
3858,54.73,Paid,2025-08-31 07:40:34,7b9570f7-a635-4267-9e8d-28adba93b8d7,2642
3859,94.11,Paid,2025-04-20 01:29:16,5d840a70-6f10-48d8-8c78-8ba125767a71,9606
3860,186.63,Pending,2025-01-06 09:37:24,b59542ec-2917-49d9-b9a3-621eccb503fb,1531
3861,45.51,Refunded,2025-08-03 05:21:08,5682128e-b27b-43c7-b5e2-eb34d73fbd4f,5958
3862,66.68,Refunded,2025-10-02 04:24:58,b45ad021-478b-473b-921e-4dd0c194518f,2611
3863,160.09,Paid,2025-02-20 07:09:20,4bd7d4da-2a70-407d-aea0-9f1d8531f40b,2734
3864,63.46,Refunded,2025-01-27 00:18:24,4ce51eee-8f23-4bdd-9d3f-62ee1224e1db,1757
3865,115.19,Paid,2025-05-07 03:34:10,8509b702-f939-4707-a5a1-d3c40c0f45e3,8969
3866,86.36,Pending,2025-10-31 22:21:29,48b40fe8-f7cc-41c1-bbfc-fdf7c2815cea,9318
3867,59.15,Paid,2025-01-05 15:19:05,1a1fb24d-a388-4398-ba40-65bd240e764e,6469
3868,168.07,Refunded,2025-01-02 11:31:02,2fa20e17-188d-4083-85b9-a74401f824f8,2697
3869,175.8,Refunded,2025-08-21 21:31:53,4d93854f-c202-453b-914a-60e98e6587d8,8166
3870,81.4,Paid,2025-05-21 21:09:19,2cc13a32-3f87-4481-9078-095fad0c622f,3891
3871,198.19,Refunded,2025-05-05 21:46:48,2e5e4948-75c8-4431-86f6-ed1201a416a9,6964
3872,177.06,Pending,2025-05-16 19:02:43,7c63b984-90d1-4e03-9fb9-8083e77825b9,6442
3873,165.06,Pending,2025-07-16 03:53:33,978a3d49-2c33-42ec-83f1-61a6774b6ef7,5235
3874,24.98,Paid,2025-09-30 17:53:14,e322eb30-3ddb-401f-ae31-1352e3c78c03,4087
3875,32.14,Refunded,2025-03-08 02:52:07,bb17dcdc-bccf-4206-911a-0c4a0413cbc4,6629
3876,207.59,Paid,2025-07-28 16:08:52,8657d77c-102c-46fe-a5c1-539714847668,7577
3877,96.9,Paid,2025-03-19 04:21:04,e47355e4-104d-4ce4-bd94-e8340937877f,2290
3878,92.35,Refunded,2025-09-14 00:24:38,2bb856c7-df05-4339-b110-29fda429af2f,7926
3879,25.97,Paid,2025-05-06 01:52:33,21ed6967-3e00-4782-9e03-92ec262e6077,3306
3880,88.88,Paid,2025-05-08 07:45:41,381ffa6d-b458-488d-9831-c5833350827e,8537
3881,99.56,Pending,2025-09-28 00:12:20,eac318de-2fb7-4b04-9efd-d60d4ce658ac,6523
3882,37.57,Refunded,2025-02-13 11:37:49,9d4c9149-26b4-4c48-b303-91969d550e3d,7398
3883,51.67,Paid,2025-08-30 08:31:10,5a821f15-c2ec-4c61-9cc8-99c9935988eb,2436
3884,188.1,Pending,2025-04-20 15:40:23,8523cef4-b751-4233-9a8e-523a806e19fe,4641
3885,110.41,Pending,2025-08-14 09:27:58,52a5d6e7-d8fd-458c-b7e0-2dedf88c24cf,8076
3886,149.86,Pending,2025-05-21 16:31:56,913329ae-ca84-46c6-a70c-6becf5f497ce,2221
3887,69.29,Pending,2025-09-12 00:50:22,b1c0dbe9-ff48-4f1a-a25f-a6fbdf3704f2,1959
3888,27.96,Pending,2025-09-14 05:42:29,fa6d351e-ce55-4f7d-ae19-b162b5d96337,8493
3889,70.32,Pending,2025-02-14 03:55:40,7cc9d41e-8c01-4737-ab32-f861fc329375,5409
3890,80.38,Paid,2025-04-12 05:33:32,19311c50-037d-4069-a6a3-5624b5f75089,2208
3891,52.36,Pending,2025-02-22 16:51:58,b3a5e404-48bf-46d0-9fa9-46401f9fa3a9,996
3892,70.85,Refunded,2025-07-21 20:10:41,ca8dd08c-c922-47e0-b63e-fad111be01cc,2458
3893,125.55,Paid,2025-10-25 23:45:35,6e43819c-46da-458d-8f13-60b0201ebbbc,7417
3894,94.33,Refunded,2025-04-18 00:00:13,366cfd19-29f8-4dad-9137-d9441d5cee9f,6143
3895,153.26,Pending,2025-03-11 20:30:02,5df48769-eb05-4fd5-a9e4-b25c1383530a,3483
3896,181.53,Pending,2025-06-13 10:05:24,21f46196-000b-462a-956c-5e439cc3eb1d,4667
3897,117.83,Paid,2025-02-07 08:20:20,f48c9d87-98f4-4730-a8fb-2f1fd8d315eb,8434
3898,149.7,Refunded,2025-05-01 06:48:12,f303c67f-27c3-40d1-93e1-4443e1381889,7633
3899,22.56,Paid,2025-03-08 17:13:10,6efcff5a-8f23-4d8a-8734-1dd5233e2497,1991
3900,21.87,Paid,2025-08-11 08:50:23,bf7b90bc-2357-4852-9896-c3fb3f3675c1,7579
3901,73.17,Refunded,2025-10-30 02:02:20,96268184-08ff-41ef-8ac6-fb18258795ec,4825
3902,178.43,Refunded,2025-07-04 16:43:18,0709fb28-273d-4eb1-a024-405f49d741f8,8700
3903,92.0,Pending,2025-01-09 12:52:44,d2f19b7d-2079-483f-8b62-5c15942bc944,4148
3904,153.11,Refunded,2025-05-15 06:31:16,7865e539-e722-4c46-bbc8-1f5cfbd24d7a,1369
3905,106.65,Paid,2025-06-09 09:39:42,b6f5cc1f-106a-4ee4-a004-923591a83f03,8780
3906,179.82,Pending,2025-11-01 23:54:11,0b19f5bd-0cf2-4a98-9606-3f75f64ac85e,9354
3907,47.62,Refunded,2025-10-14 20:39:21,b56b32c9-38a2-48f6-ad3f-ef28086773da,1320
3908,165.24,Paid,2025-08-10 17:34:53,2c1bb267-bf85-4579-9cf8-d975a2319554,7306
3909,178.89,Paid,2025-05-10 09:18:12,817e4c8e-cbb0-4806-92b8-86cf744f79d2,6462
3910,192.07,Pending,2025-02-25 01:16:40,6488ef2f-d22f-4198-bc2e-ce234d1ab762,8426
3911,68.95,Refunded,2025-04-18 16:47:34,c8f995a2-2c67-4b14-8624-0915fdfdf89f,9194
3912,83.6,Refunded,2025-09-28 22:10:29,d4322156-9e48-42ed-895d-7b519aa762ca,9008
3913,106.71,Paid,2025-01-11 07:47:53,4c8b5943-1744-4b16-adbd-ed2f94808927,8766
3914,205.22,Refunded,2025-02-09 01:29:36,efd41757-09e2-4d20-9194-40f0cd2cb728,7682
3915,62.62,Pending,2025-06-26 07:47:37,897bded8-5aa6-439b-b235-74f3d10a5151,6747
3916,106.27,Pending,2025-03-20 17:49:02,52179d10-8eee-498b-8566-4fbff5cd0622,5001
3917,175.15,Paid,2025-07-11 22:57:49,51235f16-3788-43f0-9829-4fc1838443de,5784
3918,162.4,Pending,2025-04-20 15:52:48,5da1a585-3ac9-4a08-a7ba-3dc917e66e81,5709
3919,136.67,Pending,2025-06-12 02:13:32,17facd98-7ec7-4af0-adc8-02600ff849aa,1065
3920,75.3,Pending,2025-10-26 17:13:06,17233434-5e27-4301-8760-65fcdc9ae545,8066
3921,97.35,Pending,2025-06-26 16:09:55,66e04cc1-a830-410a-995c-33429ff308ec,5292
3922,41.81,Refunded,2025-04-10 23:54:47,4e83137e-dc56-49da-a62e-2cdc1e6974fd,631
3923,109.68,Paid,2025-05-13 17:43:03,818059bc-c71c-4886-b990-7b6c98934552,8668
3924,71.46,Pending,2025-06-06 07:17:23,78f15643-816c-42b3-9b5d-717e0befe255,5790
3925,54.89,Paid,2025-05-21 16:42:50,24765399-ee2d-4c6a-a483-2de8849a56f5,4872
3926,113.45,Refunded,2025-05-13 06:10:42,8d764485-c15f-4394-9886-8873a4f86c01,2917
3927,133.53,Pending,2025-02-05 01:10:43,0cde4da5-7a42-4489-b635-4ea28129f47c,2701
3928,196.56,Pending,2025-09-20 21:04:14,1c582529-be2b-4eba-83e3-7b86a04299de,8777
3929,188.48,Refunded,2025-02-12 12:46:03,b8235e91-43e5-46ac-979e-692920d801ec,4272
3930,32.46,Paid,2025-02-22 01:49:18,07deae3b-c302-4182-a3e7-03f0008cc669,3195
3931,79.93,Paid,2025-09-05 02:44:33,a912050d-121d-4650-90f2-c742877ec109,7212
3932,69.77,Refunded,2025-01-15 20:58:04,dfbaec8b-25cf-4c8e-84ee-215c9c38a884,1317
3933,115.7,Paid,2025-03-26 22:48:43,26f79694-740e-4a59-8a3d-57650a48cf16,4942
3934,205.64,Pending,2025-09-21 15:08:15,57ddebc0-d76d-44a6-8c95-1e587e19ef97,3799
3935,174.56,Pending,2025-06-15 06:29:45,79e84f16-b82a-4840-a0e1-4131ac20955f,1323
3936,114.74,Paid,2025-01-07 06:11:03,93348474-88fc-491f-ab82-94057c21677d,9614
3937,150.26,Pending,2025-04-08 11:44:18,5816c71a-d659-4671-ba4c-c79074298f93,3728
3938,145.28,Paid,2025-06-20 07:32:54,fa06a1f8-6c70-41ce-9a4e-052b3982eb81,1969
3939,131.87,Paid,2025-03-22 22:42:12,61f3f4cd-5002-4e54-87f2-8aa959ec198e,2769
3940,131.41,Pending,2025-04-18 17:53:39,92124f67-ad02-4b04-af7c-c37a3d72c2a4,3617
3941,92.07,Refunded,2025-11-09 00:10:04,4f69dc81-e3ac-4b34-b738-e9e373898fe7,1026
3942,152.79,Paid,2025-08-02 06:21:59,195605f0-a6e4-4845-a1d4-cba4a28b697a,1551
3943,131.84,Refunded,2025-05-10 12:33:41,fb1ce002-1e51-4ade-a12a-daa5db45ce04,8367
3944,177.02,Pending,2025-11-03 03:36:32,20111687-79aa-489e-9a76-66b92e19e5d0,3516
3945,77.39,Refunded,2025-05-09 22:26:41,967a4162-0837-40bb-abd1-fb2b59437683,2434
3946,160.68,Pending,2025-09-14 15:33:53,ac0151e3-e191-4ec7-95a1-ad2715a9c438,7837
3947,34.98,Paid,2025-03-10 03:01:20,4598b1d7-0573-4f43-b4a2-2a0b0ec3cc3f,5225
3948,29.37,Paid,2025-07-21 12:49:58,747572ed-9e8b-47e8-93f2-e92edd47ed31,9975
3949,102.6,Paid,2025-07-22 19:10:21,2a040268-3790-4da3-954d-2ecc1f5b47eb,3941
3950,116.39,Paid,2025-05-10 10:21:26,63df8770-d773-4272-b303-8eef1b2e00e9,9813
3951,72.04,Refunded,2025-08-19 07:45:23,178e6208-27c6-417a-a9b9-29992b8fa094,5543
3952,178.32,Refunded,2025-08-14 13:41:29,cab72314-a9b3-4afb-9b9c-7f18c0c35050,3532
3953,107.84,Refunded,2025-09-19 08:23:55,92d5c143-fa38-4e27-baf7-d50ef975252e,8141
3954,174.96,Paid,2025-08-21 06:02:42,10154147-ed2b-460e-8f69-96b2888401dd,3493
3955,66.97,Refunded,2025-05-23 08:11:56,07de7ce3-0816-41dc-a93c-06c4346f1614,9375
3956,93.25,Paid,2025-03-06 18:16:19,3af30760-7b23-43b9-b79b-c424e82b9a9a,6184
3957,180.86,Pending,2025-01-19 18:54:29,c7e1a0bd-0698-4042-920b-79ca9deb1451,8230
3958,38.85,Paid,2025-04-04 05:03:29,c8a866e1-e877-4715-a003-fa97abd5c68c,3667
3959,190.12,Pending,2025-10-07 03:25:39,8e638895-2ee8-4f28-bd5d-c146b9765518,4961
3960,113.61,Refunded,2025-09-23 02:35:42,8314e8d5-5f34-4369-a281-3753dbb4551d,9149
3961,202.77,Paid,2025-07-04 10:25:47,3405aa40-c6a5-4be1-bd66-c60709f4c65e,1131
3962,44.16,Refunded,2025-02-19 21:30:26,2cb9f89f-734d-4e1e-8ff5-28067523f3c2,1924
3963,149.57,Refunded,2025-10-27 07:09:53,c2261cfb-be7c-431b-8be7-7b5a385b4672,5085
3964,79.68,Pending,2025-07-05 19:05:41,9b652617-f426-4a70-9a32-5d76ff581cf3,8058
3965,22.17,Pending,2025-03-03 17:40:53,e546a79c-1819-4170-a8f7-7d4f927dcdd3,8491
3966,107.79,Pending,2025-02-12 15:24:11,7f7995be-611c-4d26-b5a2-3b3d9eaff60e,93
3967,35.06,Pending,2025-05-01 21:31:44,c3b686a2-bda3-4114-b8e7-4ef06027302b,8235
3968,137.58,Pending,2025-09-21 12:39:28,c52fb150-0e83-4a17-8db8-91e55d16daca,1677
3969,136.41,Pending,2025-04-01 08:53:27,7cd1493e-a0ea-4504-b106-559c54fd207f,1917
3970,20.57,Paid,2025-11-18 15:21:22,ca590080-c8d7-4b1b-9df2-299ab0ec2a89,8917
3971,129.37,Paid,2025-03-01 02:43:30,6e9ce4a1-2950-467e-9060-85746c38b5fa,6271
3972,22.98,Pending,2025-10-13 10:33:16,401e0acd-6103-48de-ad04-70ab92fb9395,3216
3973,196.96,Refunded,2025-06-09 04:21:38,bea7cf5e-42b5-45c2-aa45-1e727353a3b7,8096
3974,75.93,Refunded,2025-06-20 08:02:14,f7ce024a-140f-4078-85cf-204e5044a4c6,5817
3975,191.04,Pending,2025-01-15 08:52:59,c705f23d-ca7a-4f84-b9c7-5ef4439dcad9,2642
3976,49.32,Paid,2025-03-27 17:14:56,50d9c9a7-f423-42ff-a06e-c7318011e473,3528
3977,198.81,Paid,2025-11-03 02:52:58,84494476-bf55-4811-8bdd-bf6ec7f359e1,5461
3978,164.85,Refunded,2025-08-15 22:18:05,e095b2fc-ca82-44ea-9768-7e329eaf0d02,3954
3979,20.39,Paid,2025-03-12 02:21:36,35910db3-8c77-49af-8eef-b3f977dbaaa3,1863
3980,46.41,Pending,2025-03-30 02:33:17,492c6492-1b97-42ac-9a5b-b4e21e553532,9554
3981,91.49,Paid,2025-03-17 05:00:36,85bf59b2-2872-45af-909e-8f2f87458c93,3933
3982,156.13,Paid,2025-01-09 09:09:43,d81755af-4c0a-4959-b75b-74bdc029d5f4,2148
3983,146.79,Refunded,2025-10-24 14:25:34,1e7800b1-8f0c-46e0-a4ae-92809264e0e7,4523
3984,136.94,Refunded,2025-01-20 19:28:45,43a5b495-9d61-40ea-ac74-76d7adebecfd,2359
3985,187.54,Paid,2025-07-07 11:23:41,dc126b0c-ddb2-4c61-9294-0943ee385861,5426
3986,168.56,Refunded,2025-03-08 23:37:07,2cd92613-5e07-48e9-a969-784adbdcfa5e,3067
3987,26.11,Paid,2025-04-07 13:00:43,9ec351d6-72a8-4bf0-bddd-2cdb2e049a78,3614
3988,207.34,Refunded,2025-04-22 05:28:39,610c8bc9-e7ad-4cfd-b32f-a9fcdfa32b4d,6747
3989,38.53,Paid,2025-07-01 06:44:20,3de85bed-5db4-4045-9e3d-27596c2b43e5,8084
3990,138.39,Refunded,2025-07-26 08:43:23,bb265d18-87b0-40a6-b09b-627ab9c4531c,8219
3991,95.17,Pending,2025-08-20 06:46:33,7ff164ab-5938-4968-a40e-a93569f6c092,8965
3992,135.34,Paid,2025-07-15 00:17:02,eaf78cce-f23e-4ecd-a007-184e8cf3b1cc,2512
3993,66.28,Pending,2025-07-22 18:10:02,f88ddcf1-2f6a-44cb-bf28-f7f15f47f834,7340
3994,34.65,Refunded,2025-02-01 10:49:49,fb67ae13-d4bc-40b5-95e0-5c06f2c0da11,9555
3995,103.24,Paid,2025-04-22 02:21:22,2c28eaf6-579a-4393-a421-fbcc122fa516,9719
3996,75.61,Refunded,2025-11-07 14:11:55,44e20909-4c6a-4e0e-9788-2c8de42458f3,5752
3997,48.23,Paid,2025-07-10 04:26:03,89ac053c-9f4f-4963-b7e7-d49bd051191a,3875
3998,28.99,Pending,2025-01-27 12:12:53,9fb92430-4599-4339-8075-447d148c79ea,7274
3999,26.44,Refunded,2025-07-04 08:20:42,bcaeb50c-f62b-474a-bd94-eebc1e0a308c,3706
4000,111.87,Pending,2025-04-13 08:18:52,de46707c-9109-4279-aa5f-bac00e4de119,6346
4001,144.5,Pending,2025-02-08 22:56:09,53db19ea-1654-44fb-8a05-a14e9314f55b,154
4002,105.68,Refunded,2025-07-05 03:24:50,0e51093d-95df-44cb-9cbb-a8a2f7ea8c7d,9373
4003,209.73,Pending,2025-05-09 03:43:46,a767acc3-0caf-4e2d-9bdb-7fc3932bd54b,2482
4004,109.65,Pending,2025-05-31 23:27:57,80157a44-f59c-4762-8cb9-6b6223e7b4a5,5425
4005,182.21,Pending,2025-08-08 15:17:49,9a1bdbae-db77-473b-9385-e5a83df7415e,1463
4006,26.87,Refunded,2025-07-19 02:43:43,363e0fa9-cf1a-41ef-91c0-05db9590ba75,4464
4007,139.35,Pending,2025-01-10 01:31:00,8c6a70a3-4f30-45d9-93ee-13d4b3e10ad7,7206
4008,41.8,Paid,2025-07-16 17:23:07,486d6ce7-a43b-40ee-8ccd-5753a4a2c36c,6963
4009,96.55,Pending,2025-11-08 14:37:49,5eaf1dfc-5f46-410a-a2be-95a5f98db15f,8322
4010,104.13,Paid,2025-07-23 17:38:23,2d8a4cd9-76e6-4e1e-a369-283c87ed6657,3371
4011,125.66,Paid,2025-03-29 12:29:53,2f140a35-a980-4900-b5c1-9e1efba84098,27
4012,116.23,Paid,2025-04-10 23:37:10,609137a2-0169-4fc2-b48f-c5b9171e3cc7,199
4013,86.62,Refunded,2025-11-15 16:34:36,7ddd6619-de50-4743-9bf6-c7795dc56bb1,9960
4014,170.43,Pending,2025-04-09 03:41:12,d1eedb91-dac9-49f9-923e-b58232f9df45,3465
4015,194.43,Pending,2025-11-19 00:44:26,530e28f2-0ad6-45e5-8d75-ba6fa4891158,1261
4016,37.16,Pending,2025-08-15 09:57:51,77501d81-65be-4a29-9756-3f5488e6e9bf,2181
4017,189.34,Pending,2025-02-01 14:18:20,dc3369c7-924a-4eb5-b7ae-c9e2c358dea7,3002
4018,127.56,Pending,2025-01-15 11:36:29,c18cd628-9dd5-4118-b6fa-c966a3e54f2b,6462
4019,107.28,Refunded,2025-01-22 18:56:56,147531bf-3306-4078-a4fc-63400db85f6b,281
4020,199.76,Refunded,2025-08-26 23:50:18,a11c8390-04c0-4e87-8abc-1417f7c217d4,2167
4021,86.93,Refunded,2025-03-08 06:10:19,664dbfc6-96b8-4c5e-848a-bca949558c68,5473
4022,106.94,Paid,2025-02-23 23:08:56,95e6e087-d447-4b2a-a24f-03167dc603f9,414
4023,208.02,Refunded,2025-10-04 06:35:42,0b11dcf5-57e0-47c1-a8d8-62cbcc6a44a4,3931
4024,37.17,Pending,2025-01-13 18:18:09,4f0e04f8-cb24-4c57-969e-070cd229315e,8455
4025,134.72,Paid,2025-06-22 12:40:30,0b3cf54f-a771-44f5-87f5-f8f100962ebd,618
4026,173.31,Refunded,2025-02-28 02:24:51,3c3f78f1-92bb-4ce2-9ba8-91091761c4e2,3863
4027,72.05,Paid,2025-01-14 22:43:09,12ee27d6-532c-4e8c-9480-6caa6ed1e22b,7916
4028,164.03,Paid,2025-11-01 14:14:36,0715cb47-66ab-473a-853f-2b1cd527b38a,5324
4029,44.42,Pending,2025-06-27 10:14:07,7dd431b4-0f12-48a5-8a95-6628a32391de,3841
4030,26.0,Pending,2025-06-02 10:56:16,d9047ceb-c6fd-4788-8639-5d1779684e62,8494
4031,33.73,Pending,2025-01-07 15:24:23,7f7ce76b-1935-4bdb-b1b9-beda6c2f87a8,158
4032,157.08,Paid,2025-11-17 08:13:22,db8af40d-4900-4e72-9af4-108c7a461d68,2213
4033,101.82,Paid,2025-08-20 01:48:51,cf34b3c0-29c8-418d-b852-07747de03103,6333
4034,152.36,Paid,2025-06-26 05:29:10,47163d18-005a-456a-bc77-4327254279af,8173
4035,23.15,Paid,2025-07-02 21:27:50,0101f769-fcfe-4ff0-a76f-c55123f19fc0,8116
4036,68.25,Paid,2025-06-11 08:13:01,cd9a34bd-91df-4cbf-aab0-2cfa5629eb8c,3126
4037,183.36,Paid,2025-03-20 13:19:20,583120bc-4a71-494e-bac1-df933d802b3f,5278
4038,126.83,Refunded,2025-08-13 00:32:28,561839cf-7c65-4fe5-a5cd-c6cd6e39dc43,6802
4039,203.41,Refunded,2025-03-01 16:16:06,29a88908-e84b-4c51-ba19-029f9fbc78e8,7490
4040,167.46,Pending,2025-10-28 22:31:42,4e209fd2-ce6c-433c-9773-f65383860112,7536
4041,54.8,Refunded,2025-03-26 02:18:31,f48bfd0f-9df4-497a-a8c3-8c5feb67e98c,5344
4042,104.43,Refunded,2025-04-16 00:03:00,af99d9d1-c327-4099-9de5-f3dacfb1c6c6,7624
4043,29.44,Pending,2025-03-26 03:33:09,f771281e-ba85-4420-95cb-f9159bc16d0b,2659
4044,70.76,Refunded,2025-06-24 04:20:52,eaf36abb-7aa1-40ab-88a5-20f2238fea30,4485
4045,200.88,Pending,2025-07-21 04:03:00,7e2d5285-5cf4-4ae5-92bb-fe15161de2c4,6876
4046,154.46,Refunded,2025-02-10 13:19:40,954eabd3-2bd0-4243-889d-5e1b0e8cc509,9195
4047,115.4,Refunded,2025-06-26 02:51:09,d778f728-737f-4db1-8de9-d4afe21a8658,9066
4048,21.68,Refunded,2025-08-30 12:31:19,680b96c3-3c84-4121-977d-408d330e5704,3174
4049,55.51,Pending,2025-01-31 17:30:59,4f62d22f-e8ce-4f4d-96ab-2cdc0a0765c5,9576
4050,167.79,Refunded,2025-04-08 00:19:37,e79b87cc-69ed-4e38-bfec-01b7531d2ef2,5168
4051,60.76,Paid,2025-09-10 07:55:54,1681a5b6-4079-4e2a-8910-15e669d74fff,8773
4052,160.07,Pending,2025-06-24 05:25:58,65494aa0-3876-4705-ae68-0ed131de8961,2659
4053,135.6,Pending,2025-03-01 12:35:32,329b2529-6dfb-40b0-9f8d-70dadd8b4d22,122
4054,122.54,Paid,2025-05-14 10:34:43,3152ce77-9bbb-43df-9287-0da9a9462f3a,8970
4055,127.95,Pending,2025-06-09 19:37:37,491b8acb-e2be-414f-be02-e4f122dfb4f2,348
4056,71.26,Paid,2025-11-12 10:56:55,e876a4ff-330f-4427-be64-92665215044c,6124
4057,85.12,Refunded,2025-10-01 11:20:51,32e61031-6af5-4bdc-8785-773fca5e77b8,6449
4058,76.8,Paid,2025-10-15 12:02:21,e86791a4-38bc-4fdf-a2ca-8cb8d6372999,2500
4059,99.03,Paid,2025-05-02 16:32:46,2a076072-cbac-4163-bc45-416f06f3b236,3531
4060,200.52,Pending,2025-07-29 16:20:07,8b4b8446-4997-4751-a7a7-a952d95ca4c3,9668
4061,106.44,Pending,2025-04-13 04:47:34,20329bf6-2d5e-4e53-a8ad-4c6fb1d2f74a,9083
4062,209.74,Refunded,2025-07-19 13:31:01,219b6e11-2340-4823-a97e-02b0cde15570,7954
4063,205.54,Pending,2025-04-16 14:15:54,7005a92e-41d9-4140-9411-7e94a2920337,3825
4064,25.29,Refunded,2025-08-22 04:44:25,cb2e2f0d-c565-4395-9b77-99145274e601,4454
4065,193.1,Refunded,2025-11-13 07:31:57,099fedba-0a19-4eea-9ce1-d6275817b281,7479
4066,25.36,Pending,2025-04-03 00:33:41,0f66ab78-326e-4df8-bed5-b69e6ff9439c,8946
4067,187.58,Paid,2025-11-10 21:54:51,ffd0ee4d-c47b-4e2a-bc03-ba066edf8e1d,5950
4068,180.23,Refunded,2025-04-27 11:22:03,7038ecea-38f5-497c-b7d1-9fdd29096ffd,3152
4069,85.07,Pending,2025-02-03 16:47:28,c8be91e9-53c3-4454-bb85-076b91b1a257,1510
4070,76.06,Paid,2025-01-07 19:49:53,154fa72e-9b3e-4c64-90d1-9a067f8b211f,1157
4071,195.86,Refunded,2025-11-07 19:46:58,7e399a3f-fde9-4e1e-a9d0-38a2691be3bb,1132
4072,140.34,Refunded,2025-01-08 14:49:35,1959517c-a313-421e-ae5a-2e34b9d9662e,7237
4073,118.8,Refunded,2025-11-22 10:29:34,71fdfa12-1bc7-4526-a70b-77fd4d294c43,9531
4074,86.89,Paid,2025-03-15 11:46:31,8c1dec87-a990-4843-854f-ee10945aec5e,5408
4075,169.06,Pending,2025-02-04 23:33:05,fd0c4bb1-1585-4f2c-9d75-59df65c18162,6926
4076,92.99,Refunded,2025-09-22 00:16:20,ae009e93-378c-4058-92d1-1ae1ae4a1dbd,1103
4077,146.47,Refunded,2025-07-28 17:10:27,aedf7c87-f10b-4185-b3d7-8076a45d8ae6,7152
4078,56.02,Pending,2025-03-30 02:12:15,105fa3f6-21be-4db7-beb0-cbe83b2aab6a,8394
4079,66.95,Paid,2025-09-14 18:55:47,4d8670bb-ca4b-44bd-bc70-26a4685b83ca,635
4080,21.97,Paid,2025-07-16 16:23:57,18a1a572-efa5-4c30-8b01-920f06459b98,8621
4081,36.16,Refunded,2025-06-07 03:41:41,587563d4-6a70-4dcf-8fe9-af140f6299b4,9151
4082,82.47,Paid,2025-03-22 13:26:53,32bad43f-5089-4ab3-ada3-a674360ad225,9763
4083,88.72,Refunded,2025-02-06 00:20:14,6f5310f8-d085-4105-a9ef-a2b9a601efb1,2313
4084,55.63,Pending,2025-05-08 06:57:08,e3f62251-ee7a-4c00-9630-a94d38e88020,7410
4085,179.67,Refunded,2025-02-02 11:42:37,35e479cb-073c-46dd-a8d2-91b3db508f87,229
4086,134.71,Pending,2025-03-07 13:55:20,7105821d-3a07-40f7-a19c-4aff0e81d4fa,7322
4087,55.32,Pending,2025-04-08 10:40:55,55efdd89-dfa4-4ad1-b110-1b00370fe7aa,3233
4088,202.73,Paid,2025-01-14 05:09:52,334ee37a-1840-4f64-bef1-580a67c9b2f9,6441
4089,59.01,Paid,2025-06-14 15:15:46,26d1753e-5ec5-4e3b-812f-a37563da0dfb,2850
4090,186.3,Paid,2025-09-02 01:25:00,d2e9c4f6-8162-43f0-a93e-c2942f65d29a,5938
4091,127.35,Paid,2025-11-18 15:18:58,a0ed1177-a875-44aa-9c5a-4f96845b9ea2,9641
4092,171.74,Paid,2025-11-19 09:28:40,2585495f-1d87-431b-a66d-051db2f83ebb,2438
4093,24.71,Refunded,2025-11-22 11:23:27,5e8a9b20-5a43-40bb-8d91-4fe73fad83e5,5353
4094,177.48,Paid,2025-09-13 00:08:35,6b46fb03-5b29-40b1-aab2-9d00eae03d68,4627
4095,167.84,Pending,2025-08-07 08:41:06,22f34574-1389-4234-bfb0-93c1b35994e7,6858
4096,58.46,Paid,2025-03-24 02:10:20,89b3473f-2446-498c-872e-abb4e491c517,5517
4097,175.79,Paid,2025-08-10 16:54:53,1fc2410d-3e36-4356-b97f-53d44c83fac5,6604
4098,42.06,Paid,2025-11-07 07:25:15,c1e148b9-b153-43e9-8566-5c56a68fb206,6548
4099,150.86,Refunded,2025-09-27 22:58:24,af92b8cc-adb7-4230-9660-96b4bb3c3f5d,1473
4100,180.31,Refunded,2025-03-07 13:05:18,174d51a7-f064-440e-9f4d-b9f067c3c82d,5846
4101,30.97,Pending,2025-03-10 00:00:00,0901640c-0a9a-4d0b-b68a-0d5730a2711e,6360
4102,157.03,Pending,2025-11-12 22:43:27,1953fcbd-91b8-48a9-a5ff-a34a74db76df,3306
4103,158.14,Pending,2025-05-07 19:39:50,c2a63f3a-c903-40f6-a9f9-7302c3f0468b,2037
4104,126.27,Refunded,2025-06-08 08:59:40,f3fa339d-f5e6-4ada-ac5e-71dff1e72fdd,6920
4105,164.26,Paid,2025-07-11 08:16:44,cca93910-0e49-4a8f-8415-691759ed4292,4086
4106,103.64,Pending,2025-05-01 19:17:39,a54472ef-2734-45e4-98d8-174d95e12759,1147
4107,101.51,Pending,2025-03-29 03:09:44,b4012cb0-9031-4fa1-b03f-156206a5427b,7223
4108,113.94,Paid,2025-06-27 01:20:54,d4cabc89-304a-4924-9977-f6b98ea331e2,9197
4109,119.54,Pending,2025-05-03 00:08:41,af04f7a3-f458-4d76-9c42-4904b6e2eb2e,5330
4110,80.02,Paid,2025-09-14 09:49:09,499266b9-1333-4343-8078-cbbff62f9f34,4826
4111,140.77,Paid,2025-01-26 03:26:37,21e6822b-9024-405a-b854-4c89c0a3bd0b,9403
4112,148.22,Refunded,2025-03-22 05:34:34,49e55d3f-7fc6-4356-9cdd-1d5496a154db,6034
4113,125.36,Pending,2025-05-16 13:31:54,a93dbd89-6e31-4fb3-bb04-67c49bc843d6,5788
4114,198.88,Refunded,2025-05-16 11:40:02,b9ee613f-58a3-4c23-8645-6122b071523c,6248
4115,62.36,Pending,2025-05-03 21:41:52,a0541c85-ce82-4a21-8d4d-c281c1bca8ad,7826
4116,200.64,Pending,2025-03-20 11:49:40,04be3b51-3a64-454b-bc73-478fe895b848,5451
4117,45.22,Pending,2025-05-09 13:36:07,fbe4f9a0-2570-42b5-a702-e196b7ccdfe3,2197
4118,109.98,Pending,2025-05-18 01:48:37,78e7b78d-2eba-4980-b9f6-0a900dc216bd,9752
4119,131.06,Paid,2025-05-04 06:41:59,82cdf3fc-d2d1-41a2-9bc0-0805ca2e50e5,5944
4120,108.96,Pending,2025-07-30 01:08:00,9f12e6a1-654e-4f56-b766-690f8df71517,8465
4121,134.4,Refunded,2025-05-21 19:29:44,2c61269f-ad49-420c-a819-8c127e16166f,5830
4122,171.73,Pending,2025-03-25 21:21:31,b29d1bbd-80e6-4f9b-8bd5-afda3cdc3961,8301
4123,112.45,Pending,2025-02-09 15:35:17,14b08bb6-a4a3-4f2a-85ba-a5b14f4968e9,3784
4124,206.61,Paid,2025-01-26 19:19:09,29b2f06f-63c3-40b0-b777-098bb46d0986,4177
4125,36.58,Refunded,2025-09-26 21:00:41,1f7795d7-93b4-4d84-b503-70943470672f,3730
4126,206.72,Refunded,2025-04-05 00:24:06,371656a8-fc43-4e38-9248-ab021da99a26,3197
4127,44.82,Pending,2025-03-16 23:36:17,4fc6efbc-9149-487f-88b8-d9a84a53cf23,6280
4128,89.95,Paid,2025-10-29 21:39:24,c6b9f784-ac1f-49c6-9156-e4b0e36cbf90,2486
4129,185.07,Refunded,2025-01-30 05:36:39,4f57bf0d-c570-4fc8-8b40-4583c8b2a209,7223
4130,158.32,Refunded,2025-08-09 13:15:29,d28d1a14-39ef-42e9-afb6-9239ebf7b270,7921
4131,137.54,Refunded,2025-11-03 14:42:14,24deaed8-efb1-438e-a4dd-b78080d80089,5039
4132,152.92,Paid,2025-10-03 21:21:37,5ff4f055-2767-4fc1-aaa8-0a6e4def19b3,5448
4133,180.4,Pending,2025-04-18 11:24:29,2b61992a-119e-40c5-8914-e1bf2fe28131,8380
4134,98.15,Pending,2025-02-11 01:25:13,02ed384f-c00e-45f8-89b9-a3264f3b2b60,6712
4135,168.15,Paid,2025-05-07 14:30:07,4b536eb7-4af8-4bcc-bfa1-851f7326d781,8047
4136,57.51,Paid,2025-02-21 07:51:49,70c96a50-95e2-45a6-8f1b-0a8e7392cc85,7028
4137,80.1,Paid,2025-11-13 12:34:27,c722aed1-4b0f-4005-afee-4c088f115d79,9005
4138,93.05,Pending,2025-10-06 03:48:52,0e7c4a2f-25cc-4fb2-9730-6c6792181929,8253
4139,166.04,Paid,2025-04-08 17:45:25,aaf5e89d-8b17-4e16-a272-46d99eeda23c,6513
4140,137.4,Paid,2025-08-15 08:25:06,9e54875c-f91c-4fca-8fc9-78c6a49e7c3c,9605
4141,208.07,Refunded,2025-08-29 01:38:30,785186be-d714-4315-b8d9-70f1eb8bee21,1702
4142,179.32,Paid,2025-03-14 17:34:56,2a7908ce-d07a-48e1-9927-f1b1118138c5,1312
4143,119.68,Pending,2025-05-20 16:46:57,2fb4d5a5-31f4-4647-91f5-fadfb24eafe9,7488
4144,71.32,Refunded,2025-08-27 07:21:56,652c5445-4864-431e-a604-a7ef983f181a,9333
4145,113.07,Pending,2025-05-06 09:12:22,8a4d6d18-b2ab-4639-8d17-dab86ea91ac1,84
4146,78.51,Pending,2025-06-28 09:47:32,d950fdb6-c450-4505-95f9-ad8088a5ce6e,3986
4147,77.0,Paid,2025-11-17 09:24:16,a761ca1f-4adb-4369-ac00-ac07d2899b59,4821
4148,201.4,Refunded,2025-08-22 22:47:38,88005af4-f746-4662-ab99-5c5f83cf21ba,3247
4149,143.3,Paid,2025-03-06 02:39:03,804ff73c-5e31-4ab5-a1d1-67c4cc694cb6,8179
4150,147.19,Paid,2025-10-27 08:55:42,a1824648-c59a-43e1-977a-bf1416de959c,6521
4151,139.83,Refunded,2025-07-11 03:54:13,6321d93f-54e9-44a8-9705-b3c09be92a9f,1153
4152,139.78,Refunded,2025-05-06 07:01:57,422469c5-1dfa-491d-99a8-3ce34de41ed1,4591
4153,41.16,Pending,2025-04-30 22:40:46,64cbc2ac-5d8c-496c-b934-f0399c4ccdc8,3610
4154,83.81,Refunded,2025-07-29 10:36:50,b3438cbb-df46-406f-ab59-28edb9342cf6,32
4155,45.47,Pending,2025-05-18 11:30:49,54f4b3b0-ac4b-49ed-a8a1-71db50fb844e,6269
4156,197.92,Refunded,2025-04-03 12:03:22,58de261f-66d5-423a-95a4-5de0ac6a2a58,56
4157,97.31,Refunded,2025-06-21 13:37:34,2ea43f3a-4179-4e2f-be4d-920439a9a179,3931
4158,142.98,Pending,2025-05-08 12:43:06,37621174-1e82-4074-8901-94a48b3754f2,430
4159,75.3,Refunded,2025-11-01 11:54:30,d021af54-0b50-4fa4-ac45-d42e4f0ab6cd,4326
4160,68.09,Refunded,2025-01-16 13:40:26,7fe74281-875e-40f5-b661-c4f764495622,5451
4161,87.74,Refunded,2025-03-31 15:00:36,612ff3a8-cb28-42b4-89ea-5ea9eee0faa6,2474
4162,139.05,Refunded,2025-04-01 15:24:46,7b107d38-2964-49d5-91d2-8a187012cc3f,6583
4163,186.89,Pending,2025-09-11 02:22:59,9c3feb04-a7b2-4b23-b154-eda0674f05f8,2452
4164,134.62,Paid,2025-01-23 22:48:56,89aea242-20d0-4c89-892c-76833555fef9,4446
4165,32.76,Paid,2025-03-17 22:15:11,0e0e079b-1a8f-493c-b17d-2d0c6fb0e49a,1486
4166,200.15,Paid,2025-04-04 05:55:40,75592581-b9eb-4748-969d-b05a555b441b,2179
4167,171.8,Paid,2025-10-24 13:01:12,6e874106-8194-4803-a8eb-9cc1b4c6c048,1001
4168,188.71,Refunded,2025-03-08 22:39:16,8faf7420-e168-4100-97c3-3f15b5cff410,9592
4169,169.86,Refunded,2025-03-07 21:52:25,99d2e706-7c6d-4dd6-b85a-7b2819fcb066,7683
4170,188.23,Pending,2025-10-07 00:18:09,d34a72ba-fa02-4301-8deb-cc119ae3a086,2422
4171,110.89,Refunded,2025-06-07 05:03:51,3938f298-6225-41c3-a649-6b52ac09e6da,542
4172,197.68,Pending,2025-08-15 07:12:34,3cf21c14-4580-434a-a50f-d1ea772948d8,2809
4173,146.27,Pending,2025-04-24 03:50:36,3907e9b2-3287-453b-8f46-f272723f1a91,810
4174,149.97,Refunded,2025-03-24 07:35:07,9f95ba21-b6e1-4440-be9c-d8c1db0635ef,3390
4175,207.56,Refunded,2025-10-10 12:47:57,e61713aa-2205-4c40-8776-235aa2293181,5683
4176,185.07,Pending,2025-09-14 03:10:35,8b52326a-84ae-449c-bb92-c0650a358d76,3197
4177,63.41,Pending,2025-11-07 21:55:35,85ba7da6-3f46-4eb6-bf1b-6cc44aae35af,7600
4178,26.88,Paid,2025-11-25 18:53:06,d38bc640-84f0-439a-8d20-ca0db4147f32,2195
4179,104.3,Pending,2025-05-12 23:36:12,a8f0a73d-cebf-4d80-b012-bcea7b8dd52e,2443
4180,70.88,Paid,2025-09-07 19:00:08,79c9ec97-9d9d-4ca5-ad97-b29dfcf57b7e,3991
4181,38.54,Refunded,2025-11-15 11:39:19,7516c528-a209-4755-88a3-4bfa484802f6,4478
4182,33.89,Paid,2025-07-23 18:02:04,b8b609f6-38fa-4f2d-a507-d9011a98c5d0,194
4183,140.43,Refunded,2025-03-24 07:35:43,724f74f7-3480-412f-84c3-f342ac39ee15,673
4184,39.94,Pending,2025-11-15 00:23:22,fc276a50-c738-4e64-87a7-200269f0deec,9669
4185,103.68,Refunded,2025-09-01 13:44:21,a9297338-679e-46aa-a6a4-bd065fc4c479,355
4186,93.49,Refunded,2025-09-20 16:22:30,808fc971-6748-4792-b49d-89a923a8960e,6147
4187,196.72,Paid,2025-06-01 14:47:15,2be60181-1dd7-48e8-a64e-113321155de4,5317
4188,185.07,Paid,2025-09-06 10:56:19,bb6d6b07-21a6-415c-a30e-c224cadc658d,5923
4189,190.5,Paid,2025-02-08 20:09:31,6dd6205b-635c-4276-8deb-50bbe1a705d1,4686
4190,166.66,Refunded,2025-11-03 05:43:02,8b20da14-2f8a-48dc-bd56-70ddc40cde8a,3895
4191,82.05,Refunded,2025-08-14 10:22:20,b4dcf849-9903-417c-b446-6825c285f351,3213
4192,27.52,Pending,2025-02-10 18:26:29,dd6b79f2-aa21-48d6-9c4c-0bfb973594a8,7405
4193,129.62,Paid,2025-02-16 23:29:51,7b660e36-b890-437d-96b0-79f7cc9bf649,2302
4194,56.84,Refunded,2025-07-01 21:19:03,beb1d8a2-9e06-4d37-919c-87d57540e5ff,4928
4195,94.75,Paid,2025-10-01 20:17:11,c4bc6593-17ea-4037-b8e8-6bab5cae5431,9130
4196,99.71,Paid,2025-05-10 11:51:22,570c6c28-78d2-4284-8c03-f5183b1a3f86,3631
4197,82.76,Paid,2025-01-31 06:08:45,6213b7a8-2caf-4264-a475-f5782c1d03f2,3774
4198,188.16,Pending,2025-09-04 17:57:31,6e0d5843-247b-478c-9382-f8fb24386817,4702
4199,57.16,Refunded,2025-10-23 03:44:01,6d6d9275-82ed-49f4-b0c8-c1c96e4c2d3a,3826
4200,142.21,Refunded,2025-06-27 19:10:10,e57da676-e6b3-4289-a032-b32937e2b8fd,1219
4201,75.8,Paid,2025-01-31 14:42:16,c3e0d0db-0976-4738-b019-89a44e3118f2,3386
4202,103.19,Paid,2025-04-19 03:16:00,2bb08e4b-3104-4f76-a268-420fd7369420,8117
4203,192.28,Refunded,2025-07-30 01:53:42,3c813e5f-84ce-4db1-b365-4da2b8a19289,2578
4204,61.28,Paid,2025-07-03 02:58:20,dc0ad115-26b6-4912-99ae-b6337a0b6ef5,168
4205,63.53,Pending,2025-07-27 01:18:08,0e266c9f-cd3e-49b8-83eb-b75d86e819a1,4778
4206,85.3,Paid,2025-07-23 10:08:59,a5d5ba22-2962-4b07-9ccf-d6e7f4225193,4562
4207,141.31,Paid,2025-02-03 08:07:28,60319a9f-425c-4337-8bfe-f13f9291e51f,7087
4208,125.04,Paid,2025-11-18 13:30:43,9f07ba8d-2fcc-4f43-9e88-bc1b6d93a4d9,1224
4209,30.06,Paid,2025-07-02 04:36:33,3685f908-7a38-4698-bdc9-e47cf99b71f2,3805
4210,35.53,Paid,2025-03-07 13:49:51,36b609cd-b5de-4907-9654-eeebf981cc01,992
4211,86.48,Paid,2025-06-03 00:59:05,cffcdfa7-d215-4f6c-a145-e139afc824ef,8978
4212,81.54,Pending,2025-06-07 18:30:18,fd1d1a8b-7457-40a5-8104-194441d94fa8,8748
4213,49.09,Refunded,2025-10-26 13:19:01,5c8c83a9-4fbc-413b-829e-863d78c9e128,2616
4214,113.12,Paid,2025-01-24 14:09:53,dd3fa135-b442-4813-a94f-492a75aa013a,1403
4215,115.63,Paid,2025-03-13 03:33:41,ad8de0ea-df30-4a99-9d44-6bc690160a0a,9111
4216,146.77,Pending,2025-03-03 15:16:40,7f046186-7d72-4f47-b5da-813c8214b243,2459
4217,138.28,Paid,2025-08-23 01:48:56,2f209278-25a5-4b55-a3ad-3df28457bd8a,8199
4218,55.68,Paid,2025-07-28 09:26:42,855db1b2-76bb-485b-8be0-063c2d9575f3,3866
4219,157.68,Refunded,2025-09-26 15:40:46,1aef3dc2-0395-4df1-92f4-767598dc8d81,7348
4220,51.63,Pending,2025-04-19 20:08:58,99c7aaaa-4912-47d3-9643-937cd4c2d02a,7279
4221,145.78,Refunded,2025-10-16 17:47:40,511b0837-472c-4916-846d-cb030b6db3a7,2873
4222,22.47,Paid,2025-07-03 11:07:57,12a75924-d3cb-46d2-8b16-e916743ee956,5725
4223,190.3,Pending,2025-04-11 17:33:19,5979c445-d1ba-4941-b1ba-41bd23b90899,9757
4224,157.85,Refunded,2025-08-18 08:25:48,d3dc7894-5d3b-4d62-b598-88fe30658b8d,8323
4225,93.48,Pending,2025-01-28 13:55:47,1000d122-b777-4646-a9f6-7b4085ea5adb,7669
4226,106.61,Pending,2025-03-30 12:59:03,fdbd0782-64eb-431f-aa88-9d2fd69e1ab8,425
4227,66.38,Refunded,2025-11-04 02:30:26,12c20952-d938-46be-8991-543aa4231c96,5677
4228,206.2,Refunded,2025-05-23 13:26:01,f47ac49c-a93a-4e4d-9005-05044b9bc551,3608
4229,97.74,Refunded,2025-02-27 16:35:12,867263e7-1202-49bd-99a4-201bd6f17909,8577
4230,26.55,Refunded,2025-01-02 12:32:08,4249347c-26b6-425d-a821-430165fbdf02,5696
4231,156.47,Pending,2025-03-30 04:07:17,63a59ab6-8d5f-455d-a43c-7d17e1f362ad,7978
4232,72.72,Paid,2025-05-15 07:06:41,2c6a1d19-bac5-4dd2-947c-7781b3c49f0e,7222
4233,204.5,Refunded,2025-07-13 13:24:15,1d9f013f-1526-4dd0-bb63-9946fa866aa5,6754
4234,198.39,Pending,2025-08-09 07:28:53,a5a4f034-be01-4091-b55b-84887d44912f,9300
4235,202.27,Pending,2025-03-10 16:30:19,1896cdc5-79c7-4824-adb8-e6e029c2e146,4653
4236,125.72,Paid,2025-04-06 00:48:51,57a9561b-257f-42e3-a7f0-4c62ef1d132f,3758
4237,199.89,Refunded,2025-11-16 20:13:55,2778aa48-643b-408c-9360-56ab6b8fa6ee,326
4238,82.27,Paid,2025-10-28 18:30:17,3d3b57cf-5af8-44a5-b03d-c3969ccbdbfb,7098
4239,122.73,Refunded,2025-04-28 02:05:48,92d44c7f-7853-4e2d-bd36-09b39f25d83e,2466
4240,100.26,Pending,2025-02-25 15:41:07,c56eb059-5c4e-4982-b032-7fa5308c3778,162
4241,92.48,Pending,2025-02-25 10:42:58,4b5d9a1a-ddfd-4d5e-84d8-0f3534863264,4525
4242,102.24,Paid,2025-09-07 03:53:01,4a45760d-c7dc-422d-ac23-bad024759d91,7849
4243,66.36,Refunded,2025-09-27 01:30:02,ddb7e109-3365-4df5-9eeb-5d3830693a60,3578
4244,141.22,Pending,2025-11-18 23:56:04,f117fcd1-bdcc-42fb-9565-1e6f2980ac84,6168
4245,151.09,Paid,2025-01-08 09:44:00,6b9b558a-9f27-44b3-a9c0-b8edaabab307,4941
4246,182.84,Pending,2025-01-24 04:09:29,456df4fe-e7c0-4646-9be4-d8b8d304f300,4295
4247,193.05,Paid,2025-05-24 14:33:06,fb13b2cf-334f-4ec9-af28-7960adb2e038,1503
4248,161.47,Pending,2025-03-08 01:14:42,51f8cb66-c190-4507-867d-53939c4191d4,1538
4249,116.34,Pending,2025-07-25 10:46:03,b9940d2c-6e89-485c-90e3-63bbba5e8487,4306
4250,30.57,Paid,2025-02-02 17:45:39,9aa0386d-5bdc-4a15-9dfc-7eb358f40fb4,4849
4251,54.98,Paid,2025-06-25 19:26:52,67682741-4f7a-43b3-862b-cc72040d182f,7896
4252,67.0,Paid,2025-10-01 09:12:51,c969738a-c780-4e6e-8990-095ee2e02208,1316
4253,20.43,Refunded,2025-11-01 14:23:41,0e0043c3-da87-4be2-9e75-5558d25f741d,8280
4254,191.68,Paid,2025-02-11 05:04:23,5237cf5d-fb4d-4249-9576-faad50dc1d0e,7387
4255,72.1,Refunded,2025-11-20 03:10:13,337b8c81-7494-4dcd-9a27-fc6e07cfc4d0,5800
4256,129.63,Refunded,2025-01-24 21:08:13,9ba399ae-417d-4f21-980a-3ae84be18ab5,9624
4257,116.25,Paid,2025-07-02 12:48:00,9531b931-92b0-4f47-8123-ab22fa32e4a9,9346
4258,92.81,Pending,2025-03-27 10:00:18,b02e2383-f7e5-4cf5-bebe-2cd83a3bf3aa,1602
4259,92.32,Refunded,2025-05-12 09:26:17,4eb1f886-a9e5-43e4-9321-78185c081ec0,2967
4260,82.07,Pending,2025-01-02 04:39:53,e9cd925f-eda4-4374-84b2-92963d4a696c,7989
4261,32.7,Pending,2025-09-29 00:23:02,f2faec3a-c659-47dc-9b60-60a982e11c75,9818
4262,197.81,Pending,2025-04-16 07:30:48,e890ab30-1411-498d-96d3-7de4458072a2,8760
4263,136.03,Refunded,2025-07-17 21:06:38,229d3632-da79-4a4a-9ab5-03bf52424bc0,4563
4264,205.41,Refunded,2025-08-24 01:09:22,35704284-a279-4646-98ee-e3b09ece3b3a,6252
4265,180.6,Pending,2025-06-14 15:34:40,7eb6d5b5-f302-415b-a40a-c9ed28de5556,8613
4266,206.92,Refunded,2025-01-27 07:42:20,0cc4cb74-9fb5-4a58-855f-ce2aa3fb09e7,1533
4267,29.22,Pending,2025-05-28 17:47:02,425e23a2-2d68-49de-8b12-65b41d1b000f,8481
4268,171.17,Pending,2025-05-03 19:19:14,ea61a3df-10af-4387-a76a-61e436e93085,6450
4269,67.74,Paid,2025-10-05 06:38:45,5ae7a41f-3178-4b7f-8f09-7c0870a00690,7024
4270,101.79,Pending,2025-04-22 11:09:53,97305175-5db4-473a-8a53-7d312e16065a,7068
4271,115.09,Pending,2025-01-23 19:13:42,509a6a9d-7e64-46d1-b0c4-601b8ab1ba22,391
4272,21.76,Pending,2025-05-15 20:27:26,ee3861c0-06dc-4668-a374-134244002a47,6295
4273,119.03,Refunded,2025-10-06 21:26:10,aed1cf60-690d-41a2-9930-d682158ec97b,3774
4274,23.01,Pending,2025-02-21 09:25:47,0b856a89-ebbd-414f-98fc-1e184818de1d,1516
4275,179.08,Pending,2025-03-24 01:31:16,e703b213-e1a6-4efe-808c-7f18fb493bc2,9286
4276,83.16,Paid,2025-09-29 06:58:15,ac0a2f97-0b24-4584-a156-a56b201adb58,1040
4277,143.62,Paid,2025-04-26 12:06:03,df5d9932-d885-4bc9-8dc8-204d57a90d3b,8103
4278,102.44,Refunded,2025-02-26 14:51:23,1b5b3d56-95ed-4617-8a01-ef8e04312a4e,9675
4279,96.66,Pending,2025-10-10 07:09:51,e75b2f42-ceee-4161-906d-569d2e3882d6,2099
4280,86.82,Paid,2025-03-25 02:52:55,48bf7435-42b0-4708-9151-e2fdaebb882c,3684
4281,20.3,Paid,2025-03-29 21:48:40,99028e16-a891-4f01-93b9-82c77b388de5,33
4282,99.12,Refunded,2025-06-03 16:34:22,2f2b55b1-eb1c-4e56-8798-41a188ba5e03,6654
4283,129.4,Refunded,2025-05-31 22:01:36,1299c7d9-d757-48e9-b952-487542f450d0,1033
4284,31.29,Refunded,2025-01-19 20:47:49,bae8f7cb-3179-4f7b-9a7c-2b92229403f0,5495
4285,209.6,Pending,2025-08-15 13:50:13,84f0db00-24da-40b8-977c-000927b52818,3326
4286,198.44,Refunded,2025-08-18 02:42:37,dfb1b2db-93d6-45b9-8c97-fb8808f91e1b,1491
4287,110.7,Refunded,2025-08-07 21:40:31,2312ef18-f521-4a58-a62c-a7b6f7b11b72,5753
4288,111.77,Paid,2025-03-16 13:41:10,d83825d2-bc03-463a-9a38-3d3fad2666ec,6433
4289,191.78,Pending,2025-10-11 18:01:10,98ace2c6-11cc-424b-b703-3fc3d040353c,2698
4290,174.43,Paid,2025-03-29 21:25:43,3af084cb-040b-49c1-af41-4dbc1548b8d8,461
4291,143.06,Paid,2025-05-04 03:12:40,af1c723e-b04f-46af-95fc-f818dc43ac6a,280
4292,194.65,Refunded,2025-11-20 21:30:03,3f9e597d-0496-4ae0-a038-74f829f7692c,1255
4293,152.61,Refunded,2025-05-21 14:58:40,0d4b8720-9c0f-4eab-97d6-79327a76d953,9840
4294,173.85,Refunded,2025-08-13 02:03:22,2b86c094-6f79-4af9-8c3d-aa5817cb660d,2681
4295,200.97,Refunded,2025-02-01 02:40:17,5a252d6b-bafb-4f91-8607-d28d2926353d,8400
4296,38.51,Paid,2025-10-13 03:24:27,895e9f5b-ef62-45f4-a4b4-364251b79fa2,5086
4297,110.03,Paid,2025-10-28 16:26:26,e95f0686-cac2-4f30-9820-78e638ab538c,6460
4298,100.96,Paid,2025-11-08 07:07:41,fa7584a2-d62e-4101-8d0c-ad8c89462ff0,2006
4299,42.55,Pending,2025-01-07 11:44:04,804932ac-9e98-4d4f-81fa-09107b730d28,588
4300,111.64,Refunded,2025-03-25 07:37:48,ef6085d4-cfd3-45e8-9f8b-bad473296490,2654
4301,134.36,Refunded,2025-04-02 04:34:40,b6128ad5-2379-49c1-9b72-dda4b70f5e92,341
4302,24.58,Refunded,2025-05-25 22:44:24,635968a5-1626-49a6-96f9-45ef6ba88ade,6706
4303,66.35,Paid,2025-10-28 05:29:37,71d516ed-dbc7-4ed9-ab20-1e8bae3503c2,6366
4304,139.97,Paid,2025-08-26 23:23:25,5d58ad28-1312-4ed7-b8c9-b90e0b6feea4,8117
4305,107.02,Pending,2025-06-11 21:27:30,95a7256a-6842-429e-a1f8-f2cee9a994a0,3209
4306,80.27,Pending,2025-03-28 05:52:29,2761b318-4b21-485d-8f4d-e3bc8c44ccb5,6877
4307,171.18,Refunded,2025-01-15 23:00:19,97ba78c0-2110-4f02-9dc6-9d6dea056ca3,9966
4308,112.0,Refunded,2025-04-15 12:58:04,80abfa1b-9783-42b7-987b-9fe13b6b9ef5,7626
4309,60.18,Pending,2025-07-30 14:36:32,0e9c1cb1-5381-46c2-be41-c1b667a8deb2,7071
4310,59.34,Refunded,2025-08-08 10:34:28,bc94c043-b386-4b2d-83c8-999410cee748,6628
4311,93.13,Refunded,2025-10-10 01:49:37,72ebdd03-db26-4502-ba59-32e6a9ef9b2c,8059
4312,116.87,Pending,2025-02-15 13:55:28,359424f7-c22e-4dc8-b087-9a33d07b231a,6043
4313,202.77,Pending,2025-01-10 22:57:28,fc1cf836-9be9-476c-a38e-e0437f65c19f,7432
4314,62.61,Pending,2025-07-20 22:29:11,09b313d8-0757-46c6-ae72-fe3ef9e20b7c,6853
4315,132.99,Refunded,2025-05-17 07:07:22,6d9f2d7c-cd8d-4b84-ac20-95350e4a65f3,9630
4316,24.73,Refunded,2025-01-24 05:44:59,9c8e311e-6cdb-4835-911f-aea48d48ff04,8449
4317,99.32,Pending,2025-04-04 00:27:47,7b567b84-3833-4eb5-bc0d-a412743a5471,3263
4318,139.64,Paid,2025-09-26 05:32:22,67e80b21-4705-41ca-be45-031ffb74fc46,4212
4319,207.09,Paid,2025-02-09 09:28:51,64d61ff1-6b14-447c-80b6-7d2b7cd0dc79,660
4320,151.34,Refunded,2025-06-23 04:37:28,d31942ce-c1de-43e8-90f4-9dd14152f8c8,8784
4321,78.35,Paid,2025-03-29 23:59:53,34cdfb07-6787-4ffb-9303-58e7a2613d3f,2378
4322,188.94,Pending,2025-08-21 07:32:25,f9ae3d77-dcca-4721-9085-765f2802cf04,8958
4323,126.09,Paid,2025-08-22 06:31:56,3140b260-0161-4544-9918-90e1eba84b35,6739
4324,94.63,Refunded,2025-10-28 11:02:39,7c54a9bb-718d-4dd4-9d11-74c1aac32938,732
4325,126.7,Refunded,2025-06-19 23:34:07,467a2b8e-e614-40ca-89f5-5fd9573a1fb1,64
4326,182.17,Refunded,2025-07-04 21:49:05,c8e4f698-9e88-4faf-9ec1-d42125641a0c,2907
4327,93.12,Paid,2025-02-12 08:28:59,2a3b76bb-d4a7-4786-8528-0d96d54edf6f,1235
4328,66.17,Refunded,2025-06-02 13:09:38,26a08d0f-e81a-452f-9ea4-28596cad71f1,5389
4329,198.27,Pending,2025-05-31 05:58:41,93aa2cc2-ea16-47c9-81e3-89a9bed7cc8a,1211
4330,132.07,Paid,2025-02-01 00:34:58,6e454dd7-9383-4593-9ee0-db2c14d743b7,4685
4331,70.63,Pending,2025-04-15 00:23:45,058db642-82b9-4b0a-bb40-176a67d99588,7693
4332,185.45,Paid,2025-05-08 08:02:11,26025dcd-3092-40dc-be24-1b1e3bdf6539,9528
4333,98.96,Paid,2025-01-14 21:46:58,12f87970-50c0-488c-a119-b148e0d4386f,9916
4334,42.66,Refunded,2025-04-04 03:29:46,5e01e7b6-f228-49b5-a085-b12c5c6b52d8,5554
4335,168.42,Pending,2025-03-25 23:09:40,bbc14482-319f-401c-99cd-5346a25fb752,3361
4336,32.68,Refunded,2025-05-10 04:13:48,77990dd9-a05a-4e79-b36d-e603e6bc2a33,9504
4337,70.34,Paid,2025-01-25 03:29:15,375207f9-9032-4344-9dfe-0dcef57374f7,3673
4338,157.71,Pending,2025-08-03 16:25:42,eeb8b9eb-1690-4638-b9b7-09b137387c88,3737
4339,97.63,Paid,2025-03-09 07:24:29,4fa973a1-1aa1-48b6-aae6-0dcd63b2114f,6258
4340,105.43,Refunded,2025-05-04 11:46:42,6e04c698-aebd-4324-88fc-ebb327dd4dad,1692
4341,189.64,Refunded,2025-03-28 17:54:54,572c1bd2-f63b-40fb-8bc0-8bb38a734d3d,3886
4342,66.13,Paid,2025-11-09 04:39:27,5b6a805e-8b09-46e5-baa8-d1732551a1e2,9053
4343,159.77,Refunded,2025-02-01 13:32:47,9a6d5ddd-be68-4f7b-ae02-8b7015dc1da4,141
4344,64.54,Paid,2025-01-10 13:38:07,480ecc93-f053-4375-ab99-e5955cb67a93,3752
4345,162.5,Pending,2025-06-08 22:26:33,0a400451-1cc2-431c-b053-69a011521317,8566
4346,123.06,Pending,2025-06-03 07:04:47,6938f835-5567-44f0-8e6a-96da09340a5f,4375
4347,107.17,Refunded,2025-11-17 16:57:39,98bda4c3-ff46-4d98-acde-df14743b3d02,546
4348,145.6,Paid,2025-05-05 02:44:42,85458ae6-4e7f-49fb-b7a1-f4952dd9aad6,7833
4349,142.98,Refunded,2025-09-27 20:17:55,ec6ece12-57e6-4029-9f53-5d3564306a7a,659
4350,118.47,Pending,2025-05-26 12:26:01,489ac93e-2632-4082-aee5-66729f523a2a,31
4351,64.99,Paid,2025-06-18 16:40:43,0742eeda-f6e9-4c37-9346-62b656bcae97,3850
4352,45.93,Paid,2025-02-15 04:56:38,be5b6ecf-07e4-492c-9682-6928dbf8d774,4368
4353,97.72,Paid,2025-10-31 15:33:34,097aee04-d26d-46c1-8246-c16173998ac0,4667
4354,31.06,Pending,2025-10-22 12:38:25,3703b404-b2e3-444b-88d7-9a0f623bc7e9,9458
4355,145.23,Paid,2025-10-21 19:58:16,28ce3904-d4f9-4c72-9c61-0ab05761e350,7893
4356,192.64,Refunded,2025-06-29 17:26:56,92331eea-6c96-4a38-a5ec-b458942af943,6159
4357,75.03,Pending,2025-03-06 19:47:45,031921c6-ed49-4d0e-b497-7337e6335d89,960
4358,47.66,Refunded,2025-04-23 23:43:11,a315f3e5-6f55-47d2-83f5-c3871626605e,1198
4359,85.88,Paid,2025-03-11 15:03:12,59100757-7d03-4602-a80b-72ffb77fcf01,461
4360,185.69,Refunded,2025-10-11 09:49:58,f65088af-fe00-4dda-8f00-e4776218143d,6176
4361,191.93,Pending,2025-09-20 00:20:48,c8ea15a7-683b-4881-b746-fea41c4a7f19,5060
4362,99.92,Pending,2025-05-26 02:12:44,ef571208-d47c-45c1-91f3-b40bb6406d30,6597
4363,158.26,Paid,2025-07-28 09:35:26,35b86a69-c330-4d73-9cef-b2ae84977443,3258
4364,161.14,Pending,2025-10-06 02:22:28,ed9fa081-c548-4b9c-a5c2-536bcf1c65f6,9334
4365,165.02,Refunded,2025-03-29 09:01:57,5b8112a5-23f0-4d58-b542-5cf945e4bf6a,7381
4366,106.24,Pending,2025-10-11 09:29:54,cc3b99ae-6eea-42b1-9711-75c171bf6b1c,5489
4367,22.42,Pending,2025-08-07 14:11:55,ad3e6106-3cf4-49cd-8f9e-f7e96d85f15b,6789
4368,59.53,Paid,2025-07-30 16:28:19,202e7632-138a-44d4-82bc-de5b2f024a40,8815
4369,61.71,Refunded,2025-09-23 17:36:19,fac67e90-4a53-4302-883d-5ef791288dad,947
4370,130.38,Pending,2025-03-26 15:21:34,9d7510da-8864-4e41-a395-80a2b9800034,9939
4371,90.28,Paid,2025-09-11 13:03:24,9ed89727-a7a6-4de7-95d8-21ff92538db0,5160
4372,66.08,Pending,2025-05-19 00:20:52,813ed069-3b14-4e0c-8e07-836ba6c72bd9,7609
4373,40.9,Paid,2025-09-16 21:27:36,b20e3bad-d092-4605-b435-443495c881d6,3473
4374,46.57,Pending,2025-03-17 19:37:07,2f18cd81-c6a5-4ff5-8b32-ee0c2595726e,5201
4375,96.6,Paid,2025-07-02 18:47:27,c23e0164-8505-465e-8b9a-81084a22559a,8781
4376,79.09,Pending,2025-05-26 12:15:29,9dd8c6e9-8c75-41c5-8410-2fcd58c6aa11,2303
4377,29.54,Refunded,2025-10-21 11:17:30,d664b79e-046c-4eff-a64a-9830a67f885a,1515
4378,48.39,Pending,2025-02-25 00:38:08,4ecb31e0-adcb-4a03-8d21-f4b9243f0b46,3068
4379,48.69,Paid,2025-04-23 16:28:26,e6f05507-3afc-4138-a8ed-aa711e9ae6cb,8775
4380,163.39,Refunded,2025-07-20 03:48:28,c911461c-ae62-4c70-bdd4-fc35edaeb5cb,8272
4381,139.09,Refunded,2025-03-18 00:42:05,d2c61546-ae07-443f-9127-861eb52cbf45,1358
4382,130.41,Paid,2025-02-08 19:24:45,9afd8aef-6279-41bc-b048-f62bbbd5726b,6513
4383,145.0,Paid,2025-01-23 15:47:35,8a4e6272-b695-4686-810c-a57e95cb99c8,928
4384,90.75,Pending,2025-10-18 18:21:11,f7b8743e-3dd2-4918-895e-da34e69e9391,406
4385,128.18,Refunded,2025-01-27 01:15:01,ff851f03-3f82-40e4-8812-09146a0209a3,1354
4386,23.48,Paid,2025-10-25 11:25:17,3f5021c7-7467-4fb0-b51c-dc1278fe4d4e,2108
4387,78.71,Refunded,2025-05-01 12:46:02,0106a5b2-83ae-4c7d-a716-bc2e44befe1c,3428
4388,66.34,Paid,2025-11-21 16:49:39,7ba0004b-2868-478f-9134-ac9081fa048f,5141
4389,92.7,Paid,2025-06-13 14:44:22,8033423d-cde0-40e1-b449-4be3df138eec,4988
4390,208.68,Refunded,2025-01-09 07:57:58,3e84dc1b-bde8-4f42-bb6d-9fe2b1221b16,6789
4391,69.65,Pending,2025-07-12 17:20:30,008be576-33cd-4914-9010-3d0360d62d2b,9897
4392,63.41,Paid,2025-07-06 02:33:29,7ede723b-5574-4a58-95bd-6f218bd4c62e,4363
4393,198.9,Refunded,2025-02-19 13:16:41,e24b1212-6bc4-49be-994d-81409d4f53a2,3785
4394,60.71,Refunded,2025-05-17 12:48:00,820c9a23-8a3c-4031-adea-6d1541335593,9368
4395,145.91,Refunded,2025-01-23 19:50:10,db925382-ea56-43ae-ae99-9847537cf17f,2430
4396,159.89,Paid,2025-09-11 14:32:58,74cb9e46-3183-410d-94be-1ff5b85b0701,6002
4397,116.31,Pending,2025-05-13 13:58:44,3f29868f-a9be-47b0-8ce8-dbae3ef8deee,7770
4398,122.4,Pending,2025-01-04 13:04:54,2d52d7f8-02ba-45f5-bd1d-ae3d04855642,9947
4399,30.61,Paid,2025-09-25 10:38:14,df8d6805-caa4-4449-b668-c60e06803ad2,85
4400,175.99,Pending,2025-11-16 16:18:24,74b318cc-d587-4ccd-a68d-a92af646262f,5050
4401,195.39,Paid,2025-05-13 01:30:10,55b84521-3129-4c47-a635-7502a723bde4,8335
4402,65.84,Pending,2025-08-14 12:23:21,7586d006-725d-4d5c-843e-b00c7b928869,174
4403,56.34,Pending,2025-09-27 08:10:21,c7198d91-6da9-4ee2-a45e-c17f16e44a7b,2949
4404,102.04,Pending,2025-01-12 12:44:29,607be6df-f9d0-4b63-98f8-f4cd9243a67e,5540
4405,196.2,Pending,2025-09-07 00:58:40,8813919b-c975-4ec1-a408-8b43e2745e38,6847
4406,122.01,Refunded,2025-02-25 09:11:46,21848f13-6b66-4814-9569-99727877a152,3039
4407,62.36,Refunded,2025-10-04 21:06:41,5309790f-0cd8-464e-8f7e-befa09945cd3,9619
4408,54.46,Pending,2025-06-18 01:25:28,5463faef-fa26-42aa-a69c-cabaa6f766e5,4731
4409,208.12,Refunded,2025-03-29 14:28:15,3ffde48d-b2d6-4824-b50b-224161c4759e,7506
4410,91.46,Refunded,2025-06-09 20:14:46,f2afe071-793b-46dc-9371-aabc17d90ce7,7025
4411,136.99,Pending,2025-09-22 14:48:06,5eda9e39-97ff-4afd-b638-95f690502efc,6946
4412,204.94,Paid,2025-08-10 23:56:46,cd88616e-5673-4a55-996e-36787479c3e8,6275
4413,44.57,Paid,2025-11-17 05:53:03,572817a7-3f4a-46c2-8f4c-e25baf0d2c51,8903
4414,94.06,Pending,2025-03-06 16:12:06,89962c5a-f054-47f6-884e-d87914762d27,9734
4415,72.57,Refunded,2025-10-25 22:31:46,a1215530-c679-4d11-b485-bff5169c568b,2542
4416,162.69,Paid,2025-04-03 01:43:25,868416b8-9238-440a-9795-997ab267b49d,9800
4417,170.97,Refunded,2025-11-04 10:13:09,a96f16d1-e4e8-4c29-b3c0-b707738a3d93,1597
4418,140.18,Pending,2025-04-06 18:00:57,80b9698f-dc99-43ab-8ed8-0825c1074118,8364
4419,62.55,Pending,2025-07-09 17:55:24,7d62b76f-3c23-4232-9e28-15fc6f6bcb6a,7228
4420,26.11,Refunded,2025-10-07 02:09:05,98c22d6f-0fa6-4845-b8b0-5ac9a03f5774,3706
4421,79.3,Pending,2025-01-16 04:47:30,231b0dbb-d996-47dd-b14d-74094adc07d2,7678
4422,194.19,Paid,2025-08-18 03:35:17,e0ba81d9-bcd4-463b-9af8-d9cd8731de2f,346
4423,96.71,Pending,2025-08-02 05:30:16,6fcf5918-264b-4db0-8b48-fce4dc5f0de4,1337
4424,44.33,Refunded,2025-03-16 04:47:49,483445b4-bf7e-46a8-a680-630ad7011c61,7824
4425,42.59,Pending,2025-10-15 03:50:13,6e0924c3-42d0-4fde-9064-d24bd5755347,294
4426,104.26,Pending,2025-09-19 07:47:28,387b45ab-6cf8-4f59-8a8b-8824afba2eb9,61
4427,123.46,Refunded,2025-05-13 18:40:19,9e65425d-48f8-4944-b0f8-a67fb498dd93,1105
4428,145.97,Refunded,2025-03-03 13:47:38,7576f046-c332-4c51-a3d1-ec50236be890,5044
4429,64.63,Pending,2025-02-17 11:48:25,4a5bcceb-5735-4e01-b813-f35e72fb0d8d,6862
4430,153.72,Paid,2025-04-05 03:10:03,d1ea1121-4f9f-45d9-a194-7b94669fdbd0,521
4431,98.88,Pending,2025-10-14 22:58:38,af8d836d-0106-4214-b880-2489a73e5f6d,8638
4432,105.5,Paid,2025-05-05 18:35:59,63fb630a-5caa-44e2-9b7b-11af87927243,4428
4433,105.81,Paid,2025-08-05 00:57:59,1cd9ca85-e618-447c-be33-df58043f1e2b,3728
4434,186.39,Paid,2025-06-06 04:53:37,8ac82ce4-bd7d-4b20-a183-c90d1fd1e684,6968
4435,64.6,Refunded,2025-05-07 20:02:19,0242ec1e-f01c-494a-8470-4e6a6ba9bea6,5299
4436,157.34,Refunded,2025-01-10 08:59:42,a307370b-9da1-4a21-998f-69f533fac9f9,9452
4437,86.94,Refunded,2025-07-16 07:33:33,17d368dd-4846-42a8-a940-e39b414fafba,5715
4438,73.54,Refunded,2025-01-09 23:13:44,0bd1a105-ddc7-4b52-ba71-0f353d4f987d,1558
4439,99.55,Refunded,2025-01-12 00:35:07,f25da8f9-ad07-4916-b471-c2cf6f2c3436,2874
4440,53.46,Pending,2025-11-13 10:18:39,76f46212-f12d-4582-b784-286887fb66a8,8595
4441,75.25,Paid,2025-08-08 22:37:15,69075399-7d52-46be-812a-c378cd56b2d2,6332
4442,44.75,Paid,2025-01-11 09:05:04,497cc15e-f82c-4f63-b019-e061a6d3bb07,2246
4443,127.17,Pending,2025-03-22 13:07:56,6c1f84d4-2be1-4bf0-ab44-32f05b74ce60,1148
4444,200.45,Pending,2025-07-06 23:01:25,7488bd12-7ed7-4bb2-92ef-13cc26ae69a7,6678
4445,145.7,Pending,2025-06-04 20:19:46,aab25851-e5b3-46fb-a821-d4e30dc0c513,2914
4446,202.95,Refunded,2025-04-24 13:41:04,0426e215-899d-467f-b123-5a47a47e311c,6547
4447,133.96,Refunded,2025-02-15 18:34:46,551af9c6-6037-4d02-bea2-7af114c12753,74
4448,167.52,Pending,2025-05-20 05:03:13,b02dc645-47bf-4e5a-b5a8-cf45a83681ad,5228
4449,114.95,Pending,2025-05-08 14:37:24,c1e7bfbf-4082-4af6-92df-697c8539d05a,5669
4450,81.43,Paid,2025-05-08 00:18:50,54e9dac9-ae77-42c3-8fde-b80b4713c573,2936
4451,154.22,Refunded,2025-04-09 16:32:34,21603303-bf18-43e3-b171-33968ce3f526,2511
4452,128.44,Paid,2025-06-27 21:26:26,1e21fc8b-fcca-4cfb-ad2e-a1668a17e3de,2436
4453,52.76,Pending,2025-03-25 08:22:22,c306738d-e26a-4100-9f83-dedd30ff5893,8194
4454,172.91,Paid,2025-06-19 01:09:23,b5c64895-216e-4814-853e-1a22ab2ab434,7201
4455,127.81,Refunded,2025-02-21 18:10:51,57da410a-97d0-4532-b2ae-c249a9541f98,2800
4456,42.69,Refunded,2025-07-25 00:09:29,95391719-0504-4a2c-bea0-fe1f8ba30ea1,7694
4457,73.36,Pending,2025-06-19 17:14:29,9b14bb1e-33bb-42c5-9830-87dfca6bbf4c,949
4458,123.4,Refunded,2025-10-26 11:10:59,278849d9-9070-4cb0-bf65-84e40f070d89,6910
4459,159.29,Refunded,2025-07-02 04:21:39,f04697f3-2139-427d-abdc-29772bc715d6,6656
4460,92.17,Refunded,2025-09-15 10:49:03,7c41dca8-7595-404a-b45b-956b9fd0712b,2811
4461,160.6,Refunded,2025-06-11 16:31:34,28eb4b1d-3d89-4bbf-b12e-4bc254eda9d1,5867
4462,75.15,Paid,2025-01-09 19:15:27,288c54e3-c723-4a5d-99a6-94eace85c7a4,2305
4463,85.29,Paid,2025-05-29 18:42:15,04c9b14b-45eb-4286-bf81-1515e4b499a4,2808
4464,82.25,Paid,2025-02-08 09:01:03,e9246a3b-8d1b-467f-9aaa-3d71f8b768ff,1482
4465,162.05,Refunded,2025-05-01 02:53:53,a7813f3d-63b9-41a8-a5a7-7fae2dc0a91e,9530
4466,170.77,Pending,2025-02-15 18:15:22,c3713d7f-a1b0-4cc7-bc10-92f46bb18ce8,6401
4467,46.32,Pending,2025-11-10 12:51:47,6f9d8302-2bc0-466a-a7f9-b087663e77a2,47
4468,184.47,Paid,2025-08-28 16:40:44,ab36b585-4e6e-428e-905d-57684ccd9631,1625
4469,192.78,Pending,2025-04-19 21:25:40,93921c53-f863-4ec3-9983-eea779a0d8d7,2188
4470,71.04,Refunded,2025-03-01 04:39:00,46a72ad8-c1ad-4318-ab27-c45dae986524,3226
4471,54.95,Refunded,2025-10-14 03:50:58,e3152e2c-fc34-4250-b2e3-6def0ececd0e,6596
4472,190.08,Refunded,2025-11-04 04:32:14,f609a483-1fad-44df-9ef8-4bda6b514c57,8210
4473,47.85,Paid,2025-10-29 04:27:39,9e2dfd95-71c8-4420-a9b3-f43b5f84337e,970
4474,99.13,Refunded,2025-04-05 05:18:55,38fa04af-1ac8-4c54-9df0-c462a0472967,7534
4475,190.33,Refunded,2025-10-05 23:17:09,e9c0daa1-bead-4a9b-91a1-639e4652df4e,3994
4476,20.33,Pending,2025-07-27 21:58:56,cf733ac9-2928-41f4-839f-058b59b10c80,2634
4477,198.26,Paid,2025-10-05 20:53:30,cc46e58c-0a41-4d3f-88fd-045163ee2c17,5697
4478,85.51,Pending,2025-02-04 04:22:33,01be381f-2a94-46ec-8e71-86e164203ac4,8347
4479,79.03,Paid,2025-07-30 14:56:11,d90a59e0-2544-4787-b453-3a0cbb89894f,6622
4480,156.27,Pending,2025-01-12 02:12:21,edae7592-5d65-4b0e-ad7a-4c997d61305a,695
4481,22.2,Refunded,2025-05-04 21:19:43,98b24611-a87a-4ab4-914c-a299fc5d9336,6150
4482,90.72,Pending,2025-04-18 01:57:00,413f4eed-695d-4f0b-978f-5e97b82a6b1e,2448
4483,202.23,Pending,2025-06-14 13:06:20,a22c0f26-733f-4d62-b89e-3e11ee23a72c,9487
4484,141.12,Paid,2025-06-17 14:46:27,7861aa7d-0b67-425c-a251-5d540d6cace3,9344
4485,151.39,Pending,2025-04-18 12:41:17,054352c6-5eba-485c-a8f6-c2988655560a,2764
4486,119.38,Paid,2025-09-03 03:44:15,bf1cf226-2d02-4249-a11b-f5ed233a508a,734
4487,73.05,Paid,2025-06-29 00:34:54,9b6de90c-2a56-47c1-beb5-877ea9aaeedf,417
4488,197.73,Paid,2025-05-21 18:04:42,b0df541d-c4b2-4018-9327-0a16aeff8ebc,4881
4489,46.0,Pending,2025-10-25 00:45:42,943ede87-af07-466a-bbf6-d1b50fe19478,8534
4490,91.0,Paid,2025-09-03 03:22:14,cd8d96da-034d-4944-a792-2e8246ea7457,9898
4491,93.43,Refunded,2025-09-28 16:04:21,92e95206-60c7-44d9-85f2-3f2b2ea5f5cd,2872
4492,161.71,Pending,2025-05-26 14:28:59,7425cc1c-8087-416d-8c26-c5a531862c8d,6955
4493,132.94,Paid,2025-01-05 19:15:42,21ae495d-2be1-44ac-b32f-e50212e43441,3186
4494,191.03,Refunded,2025-08-15 07:22:21,08d7124b-3833-403c-aaa3-a8d2f3f61a56,1012
4495,142.13,Refunded,2025-11-20 09:28:46,3ac38d9c-4c8f-40c9-a36b-c1580923d2e6,1922
4496,95.52,Pending,2025-03-29 14:15:43,02311b43-71aa-4856-9103-b60598f1e4b3,1858
4497,105.61,Refunded,2025-09-11 07:35:29,650e4b81-9c71-4f19-9841-80e7fee3f29c,815
4498,21.11,Pending,2025-09-26 09:18:15,66480388-d530-4b6c-8edf-98406f4a94ff,7303
4499,69.59,Refunded,2025-03-23 22:25:05,1c557ae8-6574-4702-be93-77ba4f175c43,5860
4500,204.78,Paid,2025-07-23 17:58:33,0a14af06-fba3-46ec-955c-3a2914b6bfe2,5536
4501,139.14,Paid,2025-02-15 21:27:45,44d1cac2-6c0c-4757-9b85-1060bedb22be,9458
4502,77.66,Pending,2025-08-25 10:39:13,712aa2f1-6b9d-4cc8-bcfe-7dfdfe7df11c,4578
4503,185.33,Refunded,2025-08-06 06:41:45,4a0ebd07-0d74-4939-a989-736c2592eade,6508
4504,106.71,Paid,2025-01-29 03:31:11,b0ec0bbf-6e20-447b-adac-1d4dd9c67b77,8389
4505,191.71,Paid,2025-04-24 19:52:58,c89c3682-d941-48b9-a9b9-edd648ff8dd6,813
4506,57.93,Paid,2025-04-07 02:42:57,973713d2-4704-4f99-8953-e731b611c7df,698
4507,129.85,Refunded,2025-04-16 08:24:37,7037faa8-f041-411b-9e3b-c8dab6e01b23,4777
4508,175.39,Refunded,2025-02-04 15:35:57,acd6fe21-4ddf-411e-a722-2ee044edb51f,1500
4509,55.64,Refunded,2025-11-21 02:09:58,29353295-188f-4a74-9626-15476c67415e,4129
4510,158.88,Pending,2025-07-24 02:39:02,580ce375-8368-4585-b99c-7abb370924af,8105
4511,199.37,Refunded,2025-06-16 19:39:31,c2170cbc-d29c-4612-891d-73ea00342631,3706
4512,122.55,Pending,2025-06-22 04:18:49,2e6de190-7c57-4446-abc4-bcb40f5456c3,7006
4513,191.18,Paid,2025-01-22 04:34:53,b8807779-554a-466d-894b-8fbec9585343,9651
4514,109.33,Pending,2025-08-24 08:15:57,bf7db3e7-2029-4808-9419-080610c3c83d,6634
4515,148.38,Pending,2025-11-10 17:36:58,75b29966-5e29-4394-b350-d6a6f70ca21c,5208
4516,168.27,Refunded,2025-09-25 09:47:11,7ecbc6bb-574d-4d62-8b1b-2b22d5bea5cc,7290
4517,31.25,Pending,2025-04-15 00:54:21,96797204-2184-4392-aaad-66fb18ca27f9,440
4518,75.78,Refunded,2025-02-09 12:57:00,f1eb194d-91b1-40dd-a82b-8861de243373,8275
4519,170.52,Paid,2025-10-17 12:12:54,fb305dc4-7625-4ac5-b6fd-7687f4a48c46,9608
4520,208.12,Pending,2025-08-27 09:04:55,77b95220-dfa9-4857-a50c-91b08f2312d8,479
4521,173.13,Paid,2025-07-10 22:56:23,6802a0b9-5e68-4624-a643-cb0f6be70c23,7302
4522,128.68,Refunded,2025-02-23 02:18:52,78ac4174-8474-4f51-9a56-2ae009f8a6e8,6741
4523,134.51,Paid,2025-05-31 13:37:24,0b0c9613-e24c-47e1-b28b-47a1abccf987,3279
4524,110.64,Pending,2025-07-26 23:54:41,94ea3b45-e300-4749-b941-1e2168b69426,967
4525,123.74,Refunded,2025-03-18 03:43:56,97bc7bd2-82e9-47be-b159-e45c9dcb6917,2615
4526,32.91,Refunded,2025-03-09 23:11:34,4313a4eb-72c3-48e8-a732-113cc41f1e71,5404
4527,185.44,Refunded,2025-08-28 23:00:30,afa90c53-0dc1-4868-a45b-55b215bba432,8236
4528,174.23,Refunded,2025-11-18 09:25:55,739e3377-aef4-41a3-a4f4-5e269529a809,5523
4529,129.65,Pending,2025-07-01 16:08:48,f28251e7-8f46-4da4-901b-0f0fac9def23,4078
4530,71.27,Refunded,2025-07-11 20:06:12,e0430ab0-2a9b-4c98-abd7-36cb203964ee,7594
4531,120.6,Refunded,2025-05-21 02:30:05,cdf7239a-6a33-4259-b52e-186254227884,553
4532,201.73,Pending,2025-10-06 10:42:38,0c5a9301-5322-44c6-b050-81831c6e78f5,8509
4533,21.6,Pending,2025-07-26 21:28:41,4dd2ef4e-8e8e-4b98-b250-e6dbfadc7e36,1914
4534,198.04,Pending,2025-06-30 10:26:52,11e093c1-ac05-4bc8-944f-3a739b61ac91,4872
4535,22.83,Refunded,2025-01-12 20:06:54,451c7f66-2a48-4356-99e8-e51208aeecc7,5410
4536,72.47,Refunded,2025-08-07 16:32:39,0d72b2df-36b6-49f3-8932-ce3f35fe18a2,1915
4537,171.93,Paid,2025-01-26 15:52:21,ae36a7b9-f45a-4276-ab36-c4f1b39bdb99,4711
4538,126.78,Paid,2025-10-09 00:39:02,ad11828b-98b3-4dfb-bf6a-37250c54e9b5,525
4539,70.65,Pending,2025-11-08 19:43:14,145b9f9f-dfff-413b-84b9-9320cb038427,104
4540,35.16,Refunded,2025-08-25 06:40:28,6508c6d5-3dc0-460b-8ef2-b820bd845ee8,8227
4541,111.69,Pending,2025-10-24 18:47:38,00df9188-1610-4e28-8190-1a016a93a8d4,7014
4542,84.63,Refunded,2025-07-30 04:14:20,f83f57e7-00e8-4f0c-86fe-0f6ec732e237,1488
4543,75.05,Paid,2025-02-27 13:40:09,c0083f87-53d8-454d-ba14-6c2c79efc868,8858
4544,148.94,Refunded,2025-05-03 13:37:18,e0d5140f-0e3d-4998-aa51-d198a187efa9,1645
4545,111.73,Pending,2025-08-11 08:44:34,6ae4c896-ba00-4105-8e05-59fcd9b95cbe,2069
4546,35.15,Refunded,2025-06-03 03:16:21,d7407b3d-1bfe-4c5b-bad8-3be8e7aa135b,9446
4547,125.01,Pending,2025-07-14 01:26:21,49db757a-5818-4662-8646-c4c05e50d47a,130
4548,166.4,Paid,2025-05-21 01:16:32,f15e8cc0-9f6e-48c5-943d-010f373adf2b,3650
4549,114.47,Refunded,2025-08-06 05:54:28,8140f4c8-9286-4939-8a98-a4667be0ac5a,208
4550,193.95,Paid,2025-10-12 08:25:18,aab31e68-5a9e-46ff-84e5-5433a589e9eb,8671
4551,110.1,Refunded,2025-02-15 04:05:06,68504aff-6496-4366-ae21-89e7d3923fe9,5648
4552,147.9,Pending,2025-02-01 05:56:07,14f62139-9618-4c31-bf1b-ce5a04ea23d7,5684
4553,192.12,Pending,2025-07-26 00:13:21,54124c94-f59f-448a-b692-b7bef34af42a,3005
4554,20.2,Refunded,2025-02-24 02:06:18,98c69e40-8228-4e1f-a5bb-ebc74c9d8d3f,3163
4555,161.3,Refunded,2025-10-15 16:53:19,57567194-40f5-4ab4-affd-5ff6ef8c4e9a,4480
4556,169.32,Refunded,2025-06-20 03:28:47,5dafd582-e088-4c2a-935c-611f4f2a7420,4202
4557,114.35,Paid,2025-04-15 00:22:05,87947bff-1f16-4b3f-ae36-34ef25d0cece,7113
4558,203.59,Paid,2025-01-26 20:28:28,f8502598-9f63-4804-be68-ddffe83178e5,4937
4559,151.05,Pending,2025-08-17 19:49:08,3d3d8698-08f8-417e-97e5-1cd8acf8bf7c,143
4560,190.26,Refunded,2025-04-03 09:59:58,f9ad5c4b-6963-4d1e-85ab-0ebacec5fbe3,5472
4561,34.79,Paid,2025-01-08 17:45:48,f5031c28-939b-49f8-b033-e49d1f466f44,3028
4562,152.16,Pending,2025-02-12 17:54:51,c82267d3-4f82-4bce-ac44-dbea6923990b,4038
4563,28.32,Pending,2025-03-14 02:45:40,93243891-b657-416e-9d1f-20db0572b619,3850
4564,162.38,Refunded,2025-11-10 13:58:46,7d80a63b-089e-4cf0-a10c-46e0c7cfe97f,2189
4565,62.98,Refunded,2025-08-13 00:51:20,d733c957-7998-46e8-938a-c1b83ea04b6a,251
4566,93.54,Paid,2025-01-20 15:44:45,00b70e8b-3928-4900-94e1-40c47c796abd,979
4567,173.89,Pending,2025-03-25 01:55:57,bf3859b6-02e4-4bdd-9018-be8352a8280c,7824
4568,63.55,Pending,2025-11-07 11:23:57,686830ce-db43-4059-b8c4-2614085666d6,1911
4569,191.81,Pending,2025-07-27 06:13:07,ce6a9a48-1637-4efe-b5ed-33e39b12114d,7952
4570,130.6,Refunded,2025-10-03 09:07:42,e8bebf3d-8ac7-4cae-ac92-78ab8e50ca0a,4543
4571,64.37,Pending,2025-03-09 15:17:03,3d5cdb00-06f9-4f96-9d45-14bcd14eee5d,6136
4572,165.48,Paid,2025-02-09 08:16:21,b518cb79-edb0-42ed-b731-450ee6a1a99a,2124
4573,163.25,Refunded,2025-08-15 16:12:14,8fbb0efc-ce06-4b4d-8dc8-ead8d062c63b,6122
4574,23.37,Paid,2025-09-08 08:49:48,a4222caa-c140-4150-950f-bae797f5c21d,1596
4575,150.65,Pending,2025-07-02 15:20:51,d631dc34-5ec9-4e98-9389-35e203377cee,8994
4576,204.85,Pending,2025-09-01 20:43:43,b31360ef-0ca7-45d9-be29-8e2209ebeb8e,1806
4577,36.75,Pending,2025-10-06 10:36:49,623261ce-8866-4025-80a6-1238ec43abdc,9646
4578,112.44,Refunded,2025-08-17 02:07:30,6d76ba58-3d1c-4c20-8d96-52b080cf485f,5415
4579,108.35,Pending,2025-09-28 13:38:57,d29ddbce-4497-47ca-ae38-15956398a6d8,6839
4580,125.67,Paid,2025-01-29 03:52:57,445f8a40-c734-4417-b7df-34173084aa87,3353
4581,72.16,Pending,2025-10-04 05:14:34,f4e03bd9-ee94-43f6-acd1-10771e19ecc8,4453
4582,186.88,Refunded,2025-02-24 15:49:28,03d3d701-64ea-4e70-a2ec-7ffe424d9c96,7592
4583,92.01,Paid,2025-06-14 04:26:44,d4fac4d4-3678-46f7-a5b8-8d66e4a0f2b0,4199
4584,153.87,Paid,2025-08-05 11:08:54,a7bb779e-a14d-4031-9959-947cdb3cc107,2320
4585,166.61,Pending,2025-07-11 00:11:04,578e020a-af17-404e-860f-100191c2c1e5,4925
4586,117.47,Paid,2025-04-23 02:29:41,701fb671-1219-49ba-8d98-4e76f2c69ff2,7120
4587,106.18,Paid,2025-10-20 11:46:18,de76a075-45c9-4c9e-93ec-b7455f60b87a,6811
4588,139.84,Pending,2025-06-04 02:21:28,d24d7fb9-245f-4818-b266-c37c3c6b5ce0,6541
4589,161.99,Refunded,2025-01-06 02:29:42,bfa943d2-dc95-4e6b-863a-5e87e07ba250,8176
4590,22.5,Pending,2025-01-22 22:37:03,cb7f2632-081e-44f3-ad25-031d555a124d,444
4591,52.22,Refunded,2025-06-07 10:56:02,8cb62559-9cf4-449e-8463-95e8af81ea8b,5326
4592,135.93,Pending,2025-09-04 19:15:21,5423bfae-5b76-4e85-b655-ec97c8f7abcf,7378
4593,108.61,Refunded,2025-05-08 16:59:48,d972b927-4c4d-4a11-a52c-d1ba2bdbbd17,6601
4594,183.82,Pending,2025-01-08 11:03:32,a3c185f8-f58b-4c81-8e0e-e07a39336d65,5220
4595,163.58,Paid,2025-10-31 21:26:17,a38ee760-8adc-4d81-9568-4a496f99d4f7,3772
4596,115.7,Refunded,2025-03-07 10:20:22,977c6057-395c-4c71-817c-2dc46b2174c8,7704
4597,74.36,Paid,2025-02-27 20:44:54,5aee0840-726e-4b14-b566-c0ba9d7b4c0f,8763
4598,136.57,Refunded,2025-05-24 14:28:22,35ecbfe0-6e5f-4e47-ad5b-f0e93d4b1074,1306
4599,84.16,Paid,2025-02-28 19:19:34,a52ca46e-479d-4aab-a29d-e88b40458e8f,4530
4600,98.03,Pending,2025-03-25 04:37:13,9ce845b5-6664-4859-9d03-7f90c36a603e,4763
4601,88.06,Pending,2025-07-08 20:53:37,169672ac-f496-4ca5-b0ba-45decd77c8b2,6090
4602,137.64,Pending,2025-01-29 23:43:42,b5c906b4-e53f-48fe-be5e-17fc0f11fb34,8744
4603,68.07,Paid,2025-03-06 13:21:00,d0ad826d-fd47-4a98-9e69-b083854f97a4,5340
4604,125.47,Pending,2025-10-19 18:35:07,73db0828-6a1a-4753-a25a-800d5591e250,8229
4605,139.8,Refunded,2025-08-19 22:24:59,ad90f35e-30c5-4bce-b0c3-361e2f2430bb,92
4606,197.43,Paid,2025-05-17 13:56:36,f769ee5b-ef49-490d-bebb-821ea0b04a59,9234
4607,151.54,Refunded,2025-01-28 10:20:17,e26babbc-df36-42fd-856c-6219f83a7b0f,2583
4608,34.46,Paid,2025-05-03 17:23:29,f1a5a117-3d52-4008-9107-3f5b897b6888,4463
4609,176.0,Refunded,2025-01-07 05:33:30,d3ddeb30-a1d1-475e-b66a-6300f32c2518,79
4610,204.01,Refunded,2025-09-18 00:57:41,7f46a87c-2e28-4ef3-b8b2-d52f2ef75e66,3986
4611,125.65,Refunded,2025-04-12 13:42:41,dfb297b5-17a1-48cf-af56-0408c6ded5da,796
4612,190.81,Refunded,2025-06-12 21:41:09,a1b1b743-e8c1-450a-b8bb-b6d20e2e0e85,5265
4613,193.6,Paid,2025-05-23 06:31:38,d8e05f61-397f-412a-945c-16e25923623c,9552
4614,162.23,Pending,2025-06-08 17:45:21,0c87c6c5-65e7-4937-9a27-a0bbc7d416b7,8592
4615,34.05,Pending,2025-06-17 16:34:50,f02ef118-6d03-42c8-bec9-8da689ad708e,9973
4616,92.87,Refunded,2025-07-15 20:05:31,c81a40b4-70f4-436c-88f8-dca16596548c,8885
4617,39.51,Paid,2025-07-27 06:26:07,3e5b1e03-8a4b-4328-b18a-2ca53b32dc94,6581
4618,99.24,Refunded,2025-03-12 12:27:27,6568cd41-4540-4d7f-926d-5fc2d0a703b6,8870
4619,193.26,Pending,2025-01-07 15:15:02,cbd60643-eb2c-40cd-8993-3ce8aa884764,5152
4620,106.57,Refunded,2025-01-12 17:04:31,04185bab-8b78-4766-b4c4-9cd2760ab649,3829
4621,204.74,Pending,2025-05-24 05:55:04,92a74279-ebde-4df9-8e30-fffefea13464,1863
4622,156.87,Refunded,2025-06-03 16:43:45,f7c0a1b7-5dde-49de-a3d8-5d459cae4160,3355
4623,208.24,Paid,2025-03-17 04:36:04,6e58410b-856a-4ac2-9b0b-16ef3ca96503,3365
4624,131.0,Refunded,2025-03-04 06:56:49,0baa0e09-612d-4778-8490-5a06d27d3449,595
4625,32.0,Refunded,2025-10-02 10:36:09,23fa3140-f02f-453c-af76-eb815691723a,4108
4626,172.98,Pending,2025-06-21 06:52:34,8a6f9f1a-16f5-4058-99d6-80e623048db8,4395
4627,205.24,Paid,2025-06-12 08:40:44,305b6259-4899-4da1-a52b-1c3c9bb885bb,2721
4628,142.66,Refunded,2025-05-10 05:59:49,469579f6-967d-4894-a4df-c0866faf7adb,8374
4629,91.22,Paid,2025-02-23 08:17:54,f46d9042-906e-49e2-b558-5d92eace806d,8630
4630,23.53,Refunded,2025-01-08 16:31:32,14e37f13-1a17-42a9-8399-6a6a2c19f119,6231
4631,137.71,Refunded,2025-05-22 02:59:22,63a7ef4d-9fdf-41c3-88d2-c970cc34e0ae,6116
4632,112.19,Paid,2025-04-05 00:53:04,247bcd5b-429c-4124-8204-e3449cb816b6,2980
4633,105.89,Paid,2025-08-01 07:34:17,9138a435-fcdb-4e94-895a-190090d2dcc5,2995
4634,122.92,Pending,2025-04-02 06:46:10,ba476c46-0286-4449-a141-e8852cc307e2,1583
4635,33.46,Refunded,2025-11-15 08:04:04,237ed4d5-b78f-4912-b2a5-b88570bdc166,9487
4636,112.57,Pending,2025-03-23 18:47:04,51478d81-f573-4e77-b4f6-d57d206b2cea,3133
4637,140.93,Paid,2025-07-12 08:08:26,b647dea5-a522-497e-8446-dc63b0f38bac,7823
4638,184.43,Pending,2025-10-02 05:16:59,99f9b71b-25e9-4b29-a977-c5a68b7cd59a,9638
4639,144.31,Pending,2025-04-25 01:05:23,e51347ab-670e-47c4-9dc7-eae16308864d,366
4640,96.18,Pending,2025-01-07 10:16:07,cb0e5793-02cb-435d-9e38-8a7f972395a3,8776
4641,72.65,Paid,2025-05-27 09:00:09,1e941fde-4afe-4811-b82f-8cdbc705ede4,9099
4642,70.34,Pending,2025-05-05 10:43:59,1721b38c-2d46-44ee-be4a-a20bd668c48f,5956
4643,141.57,Paid,2025-09-07 15:29:08,66c5fd41-a390-4889-bfed-9cee22ca436d,4081
4644,112.31,Pending,2025-04-19 10:03:58,5658ff3f-4a59-44e0-b006-ae1c8dded7eb,9339
4645,204.45,Refunded,2025-04-10 10:52:09,4faedc4f-6a4f-494d-bb50-48ef93a13b82,5138
4646,124.53,Refunded,2025-06-09 17:51:41,5b0ee1b6-77d8-4ad9-a02c-5b056536d9c5,6967
4647,143.71,Refunded,2025-07-09 05:12:05,fc5d56cd-9fb9-4bab-8f78-fedcaa3719d4,9537
4648,96.33,Refunded,2025-04-20 18:29:26,3dce4322-9824-4491-87b4-0f1784e020c4,8022
4649,89.63,Refunded,2025-05-16 11:06:36,0813750d-9a5a-44ad-b5bc-d4435e621a31,8575
4650,161.53,Refunded,2025-01-29 01:54:06,bdf94260-e165-4919-ab8d-2923811c94fd,1584
4651,136.38,Pending,2025-10-31 03:48:58,6da5419a-8568-4928-b64a-ead73fa69544,4546
4652,205.98,Paid,2025-11-22 02:24:27,b541d268-54cb-4cd4-99d5-da8c463d1dd8,5386
4653,42.82,Refunded,2025-02-22 14:17:42,acf907fc-837e-4a3b-9b44-d1cb020d4e07,3749
4654,33.97,Paid,2025-08-19 02:45:49,8f3e1cba-1397-4e56-a354-475c5a8d746a,5684
4655,140.2,Refunded,2025-07-21 16:27:45,b6763f86-e8ec-4d32-91ed-db0d11321cbe,3913
4656,156.82,Refunded,2025-08-19 03:45:20,c2e3707b-392e-45b9-8f2e-bcd4a23f880f,7580
4657,159.98,Pending,2025-08-18 16:25:42,4d7d84d2-6163-4703-be74-7b74404b4a88,7277
4658,74.11,Paid,2025-05-03 15:55:47,14872d57-6c98-4944-9fc1-0bd3a1183c18,4558
4659,81.72,Refunded,2025-09-06 06:02:00,cae93911-3cef-4f55-b1e5-e10183f1d9ac,601
4660,65.05,Refunded,2025-06-01 03:29:36,147eb4f3-92a1-40b9-94e9-db10ff4da75a,3715
4661,133.92,Paid,2025-04-16 09:12:14,98fde6e4-f54e-4c11-9b7e-3268663930cc,3101
4662,127.59,Pending,2025-07-10 12:37:15,469c886a-bfa4-4031-93b2-483e3f447a78,1819
4663,75.92,Paid,2025-10-19 14:51:52,225417b0-e7b5-48c5-af11-0489856429e5,4745
4664,142.53,Paid,2025-08-10 14:06:56,9ec52068-dca4-4890-a2ac-b319339e462b,8121
4665,46.25,Pending,2025-02-23 03:45:32,564b4e17-a555-4e05-93ee-ef102dd1f444,6179
4666,101.13,Pending,2025-05-12 18:54:25,eb1613da-9026-48c8-a1f9-8679c947e660,4446
4667,188.57,Paid,2025-06-18 20:11:43,e8d06dc5-2ad0-4399-9f6b-850cf80b1cf9,4877
4668,43.9,Pending,2025-09-02 19:16:09,618b7f19-d38b-4e72-bb5a-ff6105405177,4432
4669,143.79,Paid,2025-06-15 05:05:10,eb8a412c-a02d-4ab4-93b1-b6d925346c5a,1943
4670,179.22,Pending,2025-06-16 03:35:26,3f1092bb-f2e4-4c33-a729-877eaff092bb,5142
4671,36.82,Paid,2025-07-27 22:22:26,2fc77ab7-09ba-4d94-b56b-a03833a5abdf,3083
4672,130.7,Pending,2025-08-24 09:19:03,ae409142-7ef7-47b1-9315-f6e48612ac88,174
4673,100.98,Refunded,2025-05-09 05:18:24,24f8492f-e9be-43f1-b653-bd87e3dbd74b,705
4674,179.93,Refunded,2025-02-23 00:18:11,437a2ca9-9cda-4a62-9b45-6f49cb43ec3e,2870
4675,187.71,Refunded,2025-08-25 04:53:37,3832d0fb-84c3-4d65-8003-f2b6e79eeb88,2191
4676,124.75,Pending,2025-03-09 06:31:16,20df31ea-94d8-4850-9f0f-5668d1944eec,6622
4677,120.81,Refunded,2025-04-12 17:01:51,2f0afd34-6602-44e7-b2d8-fbc45bde4257,1693
4678,105.0,Refunded,2025-01-18 10:11:49,efc13b63-a456-41d0-97c2-e120e15cb9b2,628
4679,187.41,Refunded,2025-09-29 04:34:08,d0b57e16-8239-4fa4-9b08-c1dad8fc1ff5,1201
4680,135.03,Refunded,2025-11-14 09:58:12,72bf4adf-c35e-40e4-a1e7-9ee36846930f,2486
4681,161.1,Pending,2025-03-13 17:12:00,7c749d90-9f96-49ea-ad82-a80d78e53692,3180
4682,49.23,Pending,2025-11-12 16:00:54,bde35bc2-7f6a-49cd-9308-80afb691e68a,2919
4683,42.98,Paid,2025-05-25 06:21:00,2adc06ba-7c53-483d-9fd8-8f92f3582636,7664
4684,198.55,Pending,2025-08-16 02:00:48,e75164d2-d5db-4eb3-b6b4-10fa48c24651,8145
4685,75.94,Refunded,2025-08-02 08:42:50,5395fc02-3cb2-4062-8bb8-ec3fe68f0706,2677
4686,46.54,Refunded,2025-01-10 20:08:32,140e2d41-feb1-460d-b462-d8140963a23b,5608
4687,67.15,Refunded,2025-11-19 22:57:16,69ce2721-be8e-4a82-a897-fa0b6cef44eb,2468
4688,147.83,Pending,2025-05-07 11:38:24,bd87bb41-324d-4f15-b4c4-be298d377a6a,4364
4689,164.59,Refunded,2025-04-29 11:49:22,98fe154c-fdcb-49d8-9c58-81380cdb62c7,6568
4690,65.14,Pending,2025-06-12 08:03:58,9509201f-a926-4dc4-9ecb-ecb9063c0550,261
4691,26.87,Refunded,2025-01-25 16:45:21,c8fabaf6-456c-40ed-927f-558ed1bef287,8616
4692,61.3,Pending,2025-09-09 08:46:19,a8c20ce8-2afb-419a-8eca-6108fb3fd2af,5648
4693,85.95,Refunded,2025-08-23 17:39:20,c10bd6ac-eb5c-496a-bf01-3b4039a487b5,135
4694,86.21,Paid,2025-02-16 10:09:44,2f134a50-32f9-4878-9da0-9cf442c1912b,8486
4695,78.01,Pending,2025-01-23 06:14:14,e1575293-ba88-4200-9552-15acfeabf94c,5675
4696,111.88,Refunded,2025-08-27 10:48:36,db94ca26-894e-4202-93c3-e5128bdab853,4957
4697,198.06,Pending,2025-11-18 02:26:08,566b521f-3270-4165-a2d1-f315798e0c1a,4676
4698,51.32,Paid,2025-07-29 18:44:00,d6d14d14-c6d3-47af-8bf0-a2e4bff2b36d,153
4699,176.03,Paid,2025-08-12 23:48:16,62a74252-83eb-4e7c-8fda-71c142d48819,369
4700,78.09,Refunded,2025-10-20 05:34:32,8c5ebcfc-3128-4781-88b5-612b45296030,8916
4701,113.83,Paid,2025-11-21 20:22:33,5e144c76-0fc2-4e35-b4d8-8a93a283f695,5234
4702,95.88,Pending,2025-02-26 05:46:58,ba33ae97-0612-4b27-9eae-8d4ba4f84baa,2166
4703,152.25,Pending,2025-03-09 20:24:21,4a21b653-ba1c-4642-9011-b4aa711d4de8,5454
4704,203.0,Pending,2025-08-31 00:29:37,16e54a8a-1f8b-4522-9f25-8af965a883d6,3175
4705,171.3,Paid,2025-08-11 23:24:48,ea231c95-f171-4ed0-949d-f8f4fdaddcea,863
4706,28.99,Pending,2025-03-23 23:34:35,0513140a-978e-4754-add1-3d78b337d274,9184
4707,205.58,Paid,2025-05-07 20:11:13,f0354535-7061-4a48-a1f7-2b0719c89d42,3081
4708,75.47,Paid,2025-04-01 06:00:40,a8723457-a1a5-4a4c-85fc-ded0f5651432,5176
4709,117.76,Refunded,2025-08-03 17:27:13,642bdcda-361a-46e2-bd51-025daddc2f36,6330
4710,129.57,Refunded,2025-08-06 10:52:32,8b28408c-bac2-4cc0-958c-120785145c39,6574
4711,80.9,Pending,2025-01-21 05:22:33,337a7705-2a80-4024-b35d-c77e0c7d844a,232
4712,85.21,Paid,2025-11-11 14:22:06,bada61a2-192d-429b-8dae-5c3c934edb0b,5249
4713,150.05,Refunded,2025-02-09 21:25:56,10255c19-5340-4c4a-bfee-803466327642,2696
4714,183.17,Pending,2025-09-28 17:38:58,4ce0a7aa-52d2-4f4f-a2d9-180d68b2b124,7005
4715,160.47,Refunded,2025-06-21 20:20:01,9810eea7-264d-4a9d-b29b-7947a8062163,2990
4716,95.68,Refunded,2025-01-25 07:40:06,9d51108c-d3d6-4ce3-89af-b7bdd8c59e1d,3507
4717,208.55,Refunded,2025-08-01 07:04:24,f784eba9-d2ca-471c-9ea2-1f5b1aec65d6,5101
4718,115.54,Refunded,2025-02-13 07:28:10,f568dc06-17f8-45f8-8483-481b482ad2be,295
4719,153.91,Pending,2025-05-05 10:10:43,32aed1cf-1fc4-4c71-9ecc-80e6d89035d5,5800
4720,130.03,Paid,2025-08-16 08:00:34,309da842-0596-430c-a77f-a0e18726ee4c,6318
4721,192.53,Paid,2025-06-25 14:15:30,0c5b537c-3d8c-469c-a69a-b88ffcf818d2,6205
4722,60.08,Refunded,2025-06-11 05:26:55,e4cbc211-9234-47ec-b204-ca4c14c2d0ca,2426
4723,25.85,Paid,2025-05-30 04:38:21,c8d88ca5-c048-4cb3-a08a-48a932371136,1572
4724,156.48,Pending,2025-07-14 13:54:55,45eca66c-79fc-4c7f-8236-70c653ff3d8a,9127
4725,170.66,Paid,2025-09-28 17:25:50,52d74925-02be-4b11-a7a4-75be57a33351,6070
4726,39.0,Paid,2025-06-30 04:38:06,a261257a-09e1-414b-99d6-5659a233e028,9882
4727,48.37,Refunded,2025-06-27 21:59:14,a46a7063-cd19-4ae9-b9b4-6249e69bc498,8262
4728,32.19,Pending,2025-09-14 05:08:41,d3e9dc28-de3e-47e9-aaf8-67645f967cc4,4942
4729,171.23,Paid,2025-01-28 10:26:02,87c7550a-0685-4222-91bf-76141e0d6771,8108
4730,24.48,Pending,2025-07-16 22:57:43,ace6aab4-73c8-4fc6-8f88-3ff019df24a4,9173
4731,91.39,Refunded,2025-08-17 05:56:10,bdd6c34a-f785-42fd-bbd0-970f3a656f92,5817
4732,159.29,Refunded,2025-08-15 16:41:57,e41b2cd5-8c49-47ae-986d-89e8b99cd117,1883
4733,31.72,Pending,2025-04-27 08:46:36,34cba829-0e66-40be-8967-231abc32db58,2234
4734,136.47,Pending,2025-08-11 14:01:45,dfa8535f-a743-4fc5-bfb8-85360d96a6d5,240
4735,106.63,Refunded,2025-02-19 03:59:59,02576fa2-c673-43e3-8995-119ad46cd0ce,3365
4736,142.09,Pending,2025-06-16 21:13:03,5d88871d-de96-4846-b533-bc453c8d7497,1985
4737,81.42,Pending,2025-04-10 22:32:17,346e9825-8e27-4e61-b5f5-3d25a843f16e,8953
4738,132.1,Paid,2025-08-13 05:09:31,0ad16214-fc8b-40b3-bb96-aa418721bbc3,190
4739,197.67,Paid,2025-08-25 18:11:56,4e6f5c46-6a76-4fa4-b38d-556d909e9f5e,7035
4740,109.46,Paid,2025-04-05 09:03:17,d2b1bd2c-d027-413e-9358-7fe5b9adb90f,2688
4741,187.09,Paid,2025-01-31 22:04:08,e4b5a621-0afd-457e-ac48-9761def80dbd,7876
4742,69.71,Paid,2025-01-07 09:11:57,a6f00f34-9966-48eb-b657-f126d1f82dee,373
4743,109.37,Refunded,2025-10-17 02:16:56,1380c4d3-cc45-434e-aea4-f28ba4e198bb,6265
4744,104.65,Paid,2025-03-15 08:08:29,485f3bc4-a618-4778-8912-4c16ec984955,127
4745,69.02,Paid,2025-08-10 15:43:46,4d4def47-3fde-4165-86d5-1c9c3a2b3def,4006
4746,55.73,Refunded,2025-01-11 06:08:12,d4a567cc-d2e9-4223-a945-6be916881874,5142
4747,36.01,Pending,2025-04-16 11:01:18,2a293753-e353-4164-9d79-78ce426a48d9,9856
4748,181.29,Paid,2025-08-03 04:40:24,21028236-8e24-4ab4-9c76-0a9f5ecae527,2742
4749,71.07,Refunded,2025-02-22 00:16:44,1a372d19-15fd-43ef-b295-010a17e501f8,6471
4750,189.21,Paid,2025-01-10 15:08:27,c576d99c-8732-452d-af25-cbaa764e5d18,8565
4751,161.33,Paid,2025-08-02 19:26:43,91daa3d8-bf76-4e14-b08a-4f639bfaf0ed,3130
4752,103.88,Refunded,2025-07-09 22:12:12,a7ccccab-9eb6-4bc7-9674-6e52004de4d4,3734
4753,21.66,Paid,2025-07-31 12:21:52,e0f0c065-9336-41d2-a85f-663b28862ce1,9411
4754,94.73,Paid,2025-10-23 02:05:26,c02e30b4-c909-4bf3-8eb3-af49f1d9788d,6663
4755,188.3,Pending,2025-09-05 14:30:19,ca74c718-d56f-462c-81cf-71d3006975a5,1226
4756,82.76,Refunded,2025-10-26 01:13:11,5504b040-db33-4b3a-90df-cc31d09185a7,4099
4757,196.55,Refunded,2025-02-15 17:25:16,0e6a9588-29b4-49eb-882d-83e1ea90ce70,2010
4758,118.49,Paid,2025-04-01 07:52:28,90f59f60-5939-4b83-9a61-0cf8f35eac7b,7783
4759,28.83,Pending,2025-03-09 01:19:41,efcbe206-0d42-4220-83e5-8d91a5224b6f,7223
4760,48.7,Paid,2025-09-14 18:59:40,85d88a42-3390-4a51-8ef1-218c61be30bd,8226
4761,79.49,Pending,2025-01-21 01:49:48,d03ff02b-3cd1-444a-b48c-673a992065ff,8484
4762,74.14,Paid,2025-03-16 08:23:27,dc2ab9fd-14c0-462c-bdaa-40d5ba07351e,7136
4763,149.16,Pending,2025-02-11 08:47:40,14f9e44c-c7ab-489b-9650-340f035e28ee,2187
4764,145.51,Refunded,2025-09-19 23:44:41,a1e70627-3ed8-489b-b768-389cca1402b4,2410
4765,65.22,Pending,2025-05-04 09:54:35,5d2c3c8f-5534-40c8-b677-2bd4e2d20f9e,4099
4766,161.76,Paid,2025-07-20 01:26:40,6adac54e-f474-4073-af0d-9a9cd784249f,8441
4767,197.82,Pending,2025-10-11 17:50:57,f0b4422d-7c9e-40ef-b06f-a08f90ce2de4,4357
4768,22.12,Refunded,2025-08-17 15:04:59,83c2e7d1-6cb6-4a14-a0fb-e0143d8cff54,8020
4769,166.35,Refunded,2025-08-08 08:30:55,0180d547-8833-4cac-b654-fc0f230a427d,3125
4770,184.8,Paid,2025-02-28 06:04:26,8c6aba07-43ad-45cf-9d67-2b324f223e97,4905
4771,28.78,Refunded,2025-04-29 00:05:17,a744ab67-9130-4bbe-81e5-bccb6ea87850,9388
4772,110.27,Pending,2025-05-26 15:56:38,39474b06-6eaa-4958-8774-2c78691caa6c,7150
4773,115.34,Paid,2025-06-26 00:53:15,ad0a7ab0-37d1-411a-ba5b-d70e54c014fe,6485
4774,127.34,Paid,2025-01-30 07:18:54,4d8cc91a-88f0-4ece-b231-ed7e3fc39b28,8732
4775,148.63,Refunded,2025-06-19 23:44:19,9ba6acc0-382c-4fc5-a30d-78f82208d547,1376
4776,135.56,Refunded,2025-10-27 03:51:53,fae4c057-5fd5-4a27-8813-f13bbffbcba4,2452
4777,149.81,Refunded,2025-01-01 04:59:11,d073bf45-e38c-4de7-856e-acd620799d69,44
4778,173.48,Pending,2025-09-14 20:59:14,7b12535f-6c02-40fa-b45e-46de51b754ae,5790
4779,208.94,Refunded,2025-10-31 22:47:31,6d46927a-bc43-4c6e-b898-1e504f9f4eea,6153
4780,79.79,Refunded,2025-11-11 17:11:43,7d795fb8-0b9e-42b1-92e2-e382df3c26ff,8454
4781,202.96,Paid,2025-08-17 17:27:51,38ca17ef-380d-454f-babc-03d762933bdd,3464
4782,48.08,Pending,2025-08-05 07:38:20,298fb0da-eac5-4614-85a5-9e20f3e5b726,7483
4783,79.62,Paid,2025-02-13 12:09:06,adb731b5-e81b-4dbb-8ffe-b42d74bbf0c8,7528
4784,173.32,Paid,2025-09-05 00:34:07,ffd8551f-be0b-4bfd-906b-ef592f49e540,9833
4785,102.92,Pending,2025-10-08 22:04:20,9eb4d2e2-ec5d-4e4e-a803-a7fc25c6eb88,6513
4786,134.15,Pending,2025-05-10 16:01:58,97cae21e-fc86-4d8f-ab50-5b6967895c8a,4281
4787,146.28,Paid,2025-10-05 04:25:33,524904c9-5b8e-4229-b549-b248bb77acfc,5508
4788,126.78,Refunded,2025-04-16 05:25:49,c4730296-aef8-494b-9096-c593a1593220,9373
4789,129.1,Paid,2025-08-02 18:03:32,215269ce-75db-432a-8bce-a1118c9cc6db,3954
4790,88.6,Pending,2025-02-26 11:55:10,5404b8a3-d3c4-421b-adf6-bea7215a04bb,3092
4791,121.9,Refunded,2025-03-22 09:40:07,f2e497bf-bb6e-4823-a2c5-0d2cb886bea5,1963
4792,147.4,Paid,2025-06-23 03:02:03,084f2dcf-08ed-45e4-b140-ed365897a8ba,644
4793,106.02,Pending,2025-11-08 01:13:21,7c9cbc4c-8f29-42ae-a8d0-e9e9080dff1a,1580
4794,123.86,Refunded,2025-01-10 03:15:39,aea3fa25-4b25-4292-a333-ce330fe1420a,6095
4795,176.19,Paid,2025-01-31 21:53:11,ced3f1df-95c1-410f-8b13-a14612b36809,3285
4796,102.91,Paid,2025-11-09 13:49:25,2f5c5bf7-a212-47ae-b6b9-b2c196185bfa,6730
4797,85.52,Paid,2025-08-02 17:45:33,b5e08804-deae-4236-946c-5ac26d8b6b7c,1083
4798,53.59,Pending,2025-09-01 18:05:57,f7684182-4086-410a-9b77-48f1f5f2f9ef,4739
4799,96.37,Paid,2025-08-05 04:59:57,f1cf2e4a-f970-4f73-80f8-37f5d7558559,4555
4800,32.05,Paid,2025-08-28 04:28:28,0ace01ee-7db4-422c-adca-4f27d9885e23,1451
4801,139.37,Refunded,2025-08-27 22:48:01,18246d19-6139-44e5-a77c-0f4ca82683fe,3130
4802,61.66,Pending,2025-06-30 11:03:54,872aea4e-739d-4649-bb0f-71a4b6839c53,46
4803,119.04,Pending,2025-06-26 09:47:32,12abecc5-768f-4dbd-9e0a-fab138e8c24a,6977
4804,116.81,Pending,2025-08-27 18:44:56,067e2d4a-c58b-4641-a58a-6b818b35da14,8413
4805,46.3,Pending,2025-02-12 15:39:16,2e6c8bcd-da51-44d9-8ff8-8da9c8e2307e,2598
4806,199.22,Paid,2025-02-18 11:43:41,ac3aedff-5137-43dc-9079-7fac4f36d46d,3528
4807,118.23,Pending,2025-07-03 06:21:49,e94ea021-afe4-4098-a1b3-ad51db27ebcc,8082
4808,141.56,Pending,2025-10-07 21:54:56,86571dfe-190e-4404-8fd4-70c5d3eff004,6093
4809,171.03,Paid,2025-03-25 14:41:05,f1cd3311-f6e9-420e-9aee-3c8306adb268,5278
4810,141.84,Refunded,2025-10-14 10:22:05,e3d58f18-b1c9-4209-ab71-75a5ed1981e5,5304
4811,62.23,Paid,2025-06-01 20:12:38,8336e909-ab10-4a54-8560-2e001a62ec0a,9517
4812,27.31,Paid,2025-11-24 01:42:15,8ae7b267-4e17-4909-8b43-06c57eee214d,3502
4813,44.69,Paid,2025-06-30 10:57:27,c629136f-ad56-4731-bea4-c8f684b52fe9,4541
4814,96.51,Refunded,2025-04-05 17:35:27,e8ce1ddb-1c74-485e-96b5-dd1a4fb3c819,8566
4815,152.71,Paid,2025-06-24 03:38:56,489858ac-6083-4a21-b24b-35cc183b4d94,539
4816,60.26,Paid,2025-07-28 21:09:51,4f9b2a87-d319-43cf-8a71-4577cad065d6,5094
4817,74.26,Pending,2025-02-24 19:56:05,d11606b6-1b84-4c38-9db7-e15239922bcf,7494
4818,155.24,Refunded,2025-06-15 02:47:49,49d1d585-f437-4c45-b515-84b669d83a5f,4328
4819,169.61,Pending,2025-06-27 03:31:30,9cf053d5-e8d6-40c7-83cf-0ab6e3270104,9959
4820,191.06,Paid,2025-08-05 20:56:05,d77ef8c0-3fc8-4477-9486-cc6dd72747c0,2361
4821,206.28,Pending,2025-05-05 03:01:00,410f3bcc-8ec5-451b-9e2a-8899882aaa33,4309
4822,207.85,Paid,2025-02-22 19:04:12,3dcb94d2-65d9-4af1-98dc-7f32f2fd9652,5267
4823,108.32,Pending,2025-05-18 07:06:19,d3276983-4e9f-4c87-b2ae-5484926dea61,1542
4824,51.57,Refunded,2025-02-09 23:14:22,ee42430b-a288-48dc-ad4c-4d376ff6247b,2310
4825,103.58,Paid,2025-02-01 05:42:08,3cbc4bed-23d7-464b-b231-995eedb465ff,6624
4826,39.8,Paid,2025-03-10 13:54:15,f889a0cc-cd91-4fa9-9d3e-a40f51c1009b,785
4827,117.36,Paid,2025-10-18 20:02:52,5d95fe46-eef4-405d-92a9-f930c6e35e7b,6549
4828,146.66,Paid,2025-09-22 04:36:40,270922c9-3f49-44a4-9923-49fbb9e1956a,4432
4829,179.91,Refunded,2025-07-22 16:18:53,1053f343-20f6-4769-86bc-4f6e6de67647,8859
4830,147.5,Pending,2025-06-23 06:59:35,f5ff6cc0-a819-46ed-99fd-bc11c7a1f246,8494
4831,178.73,Refunded,2025-10-27 19:02:39,c3649708-f9fd-4f6f-b9a6-835b61645b23,44
4832,135.18,Refunded,2025-11-14 04:07:00,794c79db-a9aa-4945-b173-d7cd6a75fedf,716
4833,171.67,Paid,2025-05-27 21:33:53,b4a7db74-6563-4752-896d-1dab70e8b46b,5544
4834,98.62,Pending,2025-06-23 04:08:24,d713d762-c3be-4b75-a8a4-1169660936b0,9509
4835,46.06,Paid,2025-01-06 19:00:09,90bf5740-1f68-4650-89d1-1bee54fa6c2a,8226
4836,184.45,Refunded,2025-03-17 18:51:54,fe8a0ae6-110e-47d5-afb7-b13a2d1707be,1853
4837,82.17,Pending,2025-11-24 12:04:53,b5b24a74-5261-4553-bdff-9f33ee3faa0c,6653
4838,96.77,Paid,2025-09-10 06:42:07,94ebc880-89f7-4703-bcba-887a9256d635,6895
4839,169.25,Paid,2025-06-23 04:31:09,147a9eff-954e-4ea6-baa8-73a145bbc652,441
4840,143.83,Paid,2025-06-28 10:27:40,22358f6d-756d-447e-be74-a0339578bf88,7535
4841,126.35,Refunded,2025-05-29 08:17:39,409fde67-83b5-4a1c-ab75-2b1807b57656,2957
4842,189.28,Refunded,2025-11-05 03:10:47,da56b5ee-65af-4791-8c5e-195ff93b67e0,9322
4843,25.14,Paid,2025-06-03 06:18:12,18007fa6-8029-4f0b-b096-aa551c3c1b8c,4971
4844,43.15,Refunded,2025-02-18 23:23:47,38637371-30b8-4a67-93dc-9c0335eee6ba,4159
4845,54.16,Paid,2025-06-26 08:30:34,33b993f5-c767-46e0-8ad5-491d83d99602,2493
4846,89.09,Pending,2025-05-29 03:16:56,30a27996-eee4-4739-8965-610d250993c6,9958
4847,121.29,Pending,2025-09-21 12:49:11,ee033f57-8798-4204-8fb9-9383eb9b1049,8477
4848,81.0,Paid,2025-10-19 04:25:34,5234d20f-229e-4f23-90f7-d1bb2f89ce13,3607
4849,76.53,Pending,2025-09-16 17:29:59,69dc0a82-78ac-472c-be03-23f59e98f83b,3059
4850,170.77,Refunded,2025-07-27 03:44:28,1554ec12-295a-4142-8406-2b5adeb54c60,4492
4851,118.01,Pending,2025-03-02 13:22:01,66d5efbc-6845-4f6c-a505-bded01e88626,2824
4852,205.47,Paid,2025-07-16 07:31:17,1d7bbc1b-e83e-4331-9308-046c0beaee88,696
4853,132.63,Pending,2025-02-05 23:20:54,e0f451ac-cb1e-4f9d-a6b2-18c50bad896d,280
4854,80.3,Refunded,2025-09-12 22:16:00,75665247-9a18-4ff4-9a1e-e46fc6d64360,8029
4855,201.37,Refunded,2025-01-01 06:54:21,2addb991-9eaa-4522-bebe-3bd7552a703a,5895
4856,29.99,Refunded,2025-04-16 04:43:16,460e158d-1961-4ced-9e22-352d0a694bde,2023
4857,65.78,Paid,2025-09-04 03:44:37,a482a7fc-f246-49d7-83cb-896d40100df4,3065
4858,20.09,Paid,2025-06-04 02:45:17,b2c9ab30-56e5-4b23-9374-146e8bd45d07,2788
4859,182.21,Pending,2025-01-29 05:23:58,bee592c0-185e-40c6-9fa0-c8693563de13,4482
4860,191.85,Paid,2025-08-17 07:01:11,8b22a9bc-244b-4660-a6a8-b0bf395a2271,2480
4861,82.11,Paid,2025-08-18 06:40:22,0f7a6e80-8b76-4864-8c2a-c66daf55b162,4179
4862,163.54,Pending,2025-04-16 07:07:54,6735fe48-046f-4542-a971-8de620fc9bea,1583
4863,134.05,Pending,2025-04-26 16:48:39,ff352669-966d-4d3f-9fa0-fe30144f2c76,9878
4864,40.46,Pending,2025-09-03 01:44:45,fb439b4b-b13c-4cab-9ebe-8ad272b378b5,6024
4865,133.75,Refunded,2025-09-13 00:26:21,abab78e2-b78b-4926-bc4f-b2df51960eba,9335
4866,95.31,Refunded,2025-09-29 12:44:33,45f0b71f-003d-4ed6-8fc8-d2edbc28e1bb,4504
4867,87.09,Paid,2025-04-13 08:44:45,5a7dc841-e5af-424a-8c07-91757e759f95,2349
4868,187.88,Paid,2025-01-13 09:08:58,eff48af3-f3a6-4db8-819d-457f7e66d643,2560
4869,98.59,Paid,2025-07-23 07:08:53,1227c800-0883-4beb-9f15-9b3d354463b0,2307
4870,80.85,Refunded,2025-08-28 07:58:54,fb49f5a2-be8d-444a-928a-675f73050fc2,3129
4871,149.97,Refunded,2025-03-20 04:37:48,c0f55c5d-a24f-4109-b763-1ba2636baccd,3615
4872,56.93,Pending,2025-09-07 23:35:12,ecb3a603-1bbb-43db-94fc-18014f53991a,707
4873,125.03,Pending,2025-01-08 06:13:11,02b891c1-6fcf-454e-a4ab-7c6be35d2c27,9279
4874,58.69,Refunded,2025-08-21 00:58:33,aff061ae-eff5-42ec-af28-5fab01d0adc5,6376
4875,78.09,Pending,2025-06-16 05:23:24,4f9bb181-2c50-4196-a773-27cf3aa15f1a,7793
4876,67.5,Refunded,2025-02-23 01:31:32,c43e8b74-6695-42c8-9a5d-19cb13387b2a,134
4877,93.85,Paid,2025-02-27 09:11:19,1709df60-21d4-4749-a039-b95c6e734178,2926
4878,22.39,Pending,2025-04-17 16:06:42,3a17b7e5-309e-4fa1-93bf-baba392c5362,3764
4879,136.48,Pending,2025-11-22 09:13:19,001059b8-dca2-4173-966f-4cc415f3109c,6798
4880,137.87,Pending,2025-01-07 14:20:36,93ac4f8c-a8f1-431c-a3c9-52ac959a4d8b,7961
4881,96.16,Paid,2025-03-15 05:26:49,992e610b-d324-4a85-ac5a-01aaa70cd738,7807
4882,97.89,Refunded,2025-10-28 00:57:27,f3b09243-5644-4de8-83f2-6933091817cd,7060
4883,114.16,Paid,2025-06-17 18:00:45,33d069d3-0e1e-4fbe-a66a-c35a540b14be,306
4884,183.52,Paid,2025-01-07 19:44:21,24fe48f2-ad3a-4120-bcbc-23becc825bd7,4756
4885,29.62,Refunded,2025-09-20 16:46:21,97c4d514-52a9-44d9-bcbc-5287532328d3,9334
4886,146.14,Refunded,2025-04-15 10:27:17,8e98423f-10f1-43ab-8b1d-04ff667d8e85,6014
4887,40.06,Paid,2025-10-23 19:58:29,25c8c34b-bdde-4d73-ba39-7bacfd5f54ca,4103
4888,100.05,Paid,2025-10-16 06:59:47,fa47c236-c621-45de-9049-54b4a74ccc80,7612
4889,95.36,Pending,2025-09-17 21:32:26,6691438a-8443-45a4-b82c-56e6af1c4dc4,1577
4890,33.97,Pending,2025-02-15 23:49:12,0b9a49a3-03f9-4680-8283-a16db964682d,2982
4891,159.88,Refunded,2025-03-25 09:20:27,a900a947-e18f-4e80-8295-308bd8ef24a1,3059
4892,201.03,Pending,2025-07-23 13:44:31,376f6dec-e876-4804-889d-dd13ae7a0bb7,8584
4893,119.12,Paid,2025-01-28 17:18:15,5e0f2d03-c68e-4113-a439-0054f765c091,2137
4894,76.14,Pending,2025-05-16 22:36:38,e136bc26-019b-472e-b21d-a0b16983826c,5723
4895,193.24,Pending,2025-08-13 12:19:39,84ded2c3-ed2e-4e9f-b5f4-4431a126fe8d,2894
4896,195.43,Refunded,2025-08-01 01:11:47,ee8e0084-c87f-41a1-a91c-1926802ebd90,8857
4897,152.45,Pending,2025-09-20 16:19:27,d4928837-efb7-4153-811c-fe9215f1b15b,2140
4898,77.57,Pending,2025-06-14 00:41:12,9bb80706-5e44-4792-8ea8-a5a8575b15d2,7415
4899,51.91,Paid,2025-09-07 18:29:34,e02b49fb-404f-4c83-8800-08d514a85a09,9800
4900,162.16,Paid,2025-08-17 21:59:13,f7dfae8b-edf1-4d91-b4c4-50910ee380e2,5982
4901,59.3,Paid,2025-08-09 17:13:31,7aafe10f-1640-4611-81db-39b857a66f4b,4444
4902,24.89,Refunded,2025-09-24 06:54:08,ba0e44a4-8b2a-47f6-b4ea-bdd1c97373b5,7471
4903,208.63,Refunded,2025-07-18 19:57:12,968424b2-2223-445a-85ad-c43aac2bbb5b,9892
4904,54.62,Pending,2025-10-29 19:05:18,ecf17fa5-4b08-4297-85bc-39e51ca3302f,8865
4905,195.52,Refunded,2025-03-02 07:52:06,12908d87-815d-41eb-b170-e9d581aa5067,6939
4906,117.32,Refunded,2025-01-22 19:59:25,3a9f31ea-e237-4d05-95f4-a227e9ff5ef7,183
4907,172.56,Paid,2025-05-25 23:06:39,54a8615f-ff7a-4282-9e7a-90546424c8bf,8874
4908,24.96,Refunded,2025-06-19 18:27:47,c329f24a-bedb-4124-8470-e7a6f174a8b7,916
4909,178.65,Paid,2025-04-02 17:10:06,6a7ab874-c207-405d-aef2-f0b02641a421,3400
4910,142.23,Refunded,2025-11-13 04:38:01,592cd343-3bad-4c24-b634-7fc487065de4,5296
4911,83.46,Paid,2025-03-18 10:30:21,9e9a6519-b6fa-4f02-a667-aaa4bfb3faf1,9528
4912,88.2,Paid,2025-10-26 07:50:59,3fbc5f2b-46c9-46e1-9be8-747450dc3ff5,1806
4913,62.93,Pending,2025-01-25 06:30:25,a64af3e9-6054-42b2-8987-a4baadbb3b9e,5051
4914,178.44,Paid,2025-05-11 14:33:14,0be26f1a-281e-4727-9f7b-fc114734b0e6,7045
4915,58.77,Paid,2025-04-21 11:13:38,5c377f9f-3bef-4181-a171-a34b1d059bd3,7148
4916,205.85,Pending,2025-10-11 10:28:29,593aa365-4a6e-4bb1-81ab-00ca8e09e8b1,6210
4917,126.49,Refunded,2025-06-23 02:00:05,fce048fe-2690-4edd-b975-a3201f605ae4,2003
4918,122.49,Refunded,2025-07-08 19:00:01,3b53502a-f47b-4920-8e46-93c6bba951bb,3517
4919,70.31,Pending,2025-04-08 13:05:45,f2b090ce-bd1b-463f-8167-458b8aa747a6,7264
4920,138.17,Pending,2025-09-28 15:51:16,28e41a88-7e18-421a-8d73-80cac7a2798f,2243
4921,21.44,Pending,2025-01-14 03:53:29,4851b911-4e03-4203-8d1b-2113be9fb713,7862
4922,189.39,Pending,2025-01-28 17:10:24,a3dc0149-bb31-437a-9d32-7ea728ed7609,1251
4923,173.06,Refunded,2025-08-02 20:01:20,2c7c6f25-738d-454c-8bc2-7d4a5b58d1b8,8129
4924,59.64,Paid,2025-03-03 14:59:39,25e6b6cd-823f-43e3-83c1-4884e28a6706,557
4925,118.72,Pending,2025-01-11 22:12:35,7f4d82e7-68c1-40db-8ec9-dd84e57b992b,1728
4926,34.79,Refunded,2025-11-12 00:13:57,c409125a-5220-4ec1-aeac-4c356be4619b,6628
4927,65.55,Paid,2025-01-11 23:21:22,d6036791-9dbe-4c25-97c0-abf31ff9f8e8,5811
4928,209.52,Pending,2025-02-18 03:42:26,9660069a-fe7b-4e75-b269-ee19b920e5bf,8779
4929,184.52,Pending,2025-06-10 05:30:06,4499323a-f40a-4fac-ba7b-4b88b0ed75ec,3533
4930,179.4,Paid,2025-07-10 21:31:29,fe36e8b4-dac3-4206-acbf-3c404cd5b2d3,7745
4931,115.26,Paid,2025-10-10 00:51:36,50b18548-e263-444f-8216-753d1cc538f9,8900
4932,49.36,Paid,2025-06-20 14:52:23,94616a8c-d2ec-4ace-a460-91647c6412de,6935
4933,193.02,Paid,2025-09-26 16:27:12,aee3997d-7a8e-4472-9980-dc6b7fa3d684,1247
4934,62.46,Refunded,2025-11-19 12:54:44,8ee58e7d-128e-4bf8-b6a2-c72be400bcc6,611
4935,160.68,Refunded,2025-06-04 11:56:05,f49e2384-7e30-4b6a-8158-7620e044619c,7282
4936,25.78,Paid,2025-09-09 13:08:38,fcfe246e-a4d3-4a8b-a119-9c3a3e996c20,9501
4937,161.33,Pending,2025-05-13 02:06:28,e49298da-2736-49f5-bbb1-c9fd8f227700,1264
4938,169.82,Pending,2025-09-02 02:04:52,24076987-0c60-4a3f-a13b-2dc88d93072e,6887
4939,202.13,Refunded,2025-02-25 01:35:14,c11b4d88-2449-4f39-9c72-d238db5d434e,442
4940,200.15,Refunded,2025-05-23 11:15:53,3c1687b1-0ccd-45e1-8d6c-302b35a3c3c0,6439
4941,78.05,Paid,2025-03-11 01:11:15,dfe661a7-6984-4270-b667-ca7c732dee8f,573
4942,27.17,Paid,2025-07-25 18:45:32,a64f9125-d03b-4d9a-8cbd-3de1d372f956,2845
4943,171.45,Refunded,2025-08-14 19:16:49,2f9f8a38-3dd1-453c-8c7a-f65ea2ea138b,3883
4944,50.9,Paid,2025-09-02 20:36:07,867077f5-752e-44dd-b93a-ab93aa3266c2,2350
4945,191.73,Paid,2025-01-25 12:30:59,5c4a5dbd-291f-4bcd-bedf-d1af0d44cfbb,5689
4946,154.13,Refunded,2025-01-25 00:21:52,16fd53a3-5137-47cb-8ab7-30a925b0b134,2421
4947,82.72,Paid,2025-10-02 17:54:32,950d4c43-97c4-4d19-a402-4f9e2c8d8625,8205
4948,38.19,Refunded,2025-05-30 02:50:36,f86af3d5-6e70-4ca0-b31f-ec42b712b5de,2210
4949,134.1,Pending,2025-03-18 02:51:11,5dbc4c8d-6b76-487a-903f-9cb073d52373,9316
4950,34.45,Pending,2025-01-09 16:47:43,5d6a4384-7c95-49d0-acc8-8417ac9eff1a,515
4951,79.88,Refunded,2025-06-02 13:54:02,d80d3554-fadb-4f68-9e3d-df9200463ded,7660
4952,123.73,Refunded,2025-01-17 07:32:21,28ff0bcb-e0cf-43e8-9e7d-64021612da5f,5700
4953,91.82,Pending,2025-07-24 17:51:05,102a0e3e-2e6b-4561-94f4-729c42dacbb7,1437
4954,205.71,Paid,2025-05-24 11:28:15,9f272aa1-3aa2-4ec9-88a7-9e93c20e505c,4661
4955,112.65,Paid,2025-09-21 19:05:13,8abeb0c3-7ab7-4c8b-9cc6-bbb3ff1a1682,9868
4956,108.85,Paid,2025-07-13 17:22:07,5d531ecc-e719-469b-8300-ad88ec2445a5,3919
4957,140.31,Pending,2025-04-24 22:08:37,6b00a49e-cf7d-4f74-8016-1f57c2cc0476,1429
4958,195.54,Refunded,2025-11-01 20:48:42,56969769-5cb2-4bfd-b4f7-26cab5736875,7232
4959,43.93,Pending,2025-08-03 01:10:50,0bc737b8-9c8a-4c5e-a2b6-cce6e4f6e1a4,4817
4960,89.33,Pending,2025-02-26 06:15:22,d6231ef1-234b-4de2-9d23-20b700c68e96,234
4961,78.4,Pending,2025-09-13 01:48:19,b413e7e8-749c-4f11-b536-9cfc553e5b56,2567
4962,47.32,Pending,2025-02-24 22:01:52,85d7b3cc-e69e-4b36-8a97-08297917a151,6029
4963,198.34,Paid,2025-10-26 05:52:59,5dab9c89-5bb8-43d8-91e1-fcb39b91abce,2936
4964,26.04,Pending,2025-06-03 23:45:27,1a156444-2a6b-4064-ab62-8e45a00c2882,8235
4965,195.34,Paid,2025-10-02 13:01:20,3f4e8f44-9b82-4262-927d-fca34b965457,7333
4966,109.14,Refunded,2025-07-09 05:22:48,db72e5d1-2286-4339-8bf2-15059f2835d4,5350
4967,178.86,Pending,2025-01-30 05:59:03,05031970-b6e4-45e4-b8a6-afdd18bc9438,3376
4968,34.61,Pending,2025-05-12 04:42:09,7f8cfc31-b00e-4406-a034-087ce3712bb4,2053
4969,20.18,Refunded,2025-11-05 13:39:01,7c8c862a-da54-4262-bbef-932f0354cd7e,5248
4970,70.34,Refunded,2025-06-24 23:35:14,505f4d86-1d05-46b0-a696-785500790eb8,1072
4971,142.61,Paid,2025-09-14 18:18:44,dffd9c5b-d852-4865-9b12-43f5ccf1223b,4965
4972,136.71,Paid,2025-10-18 01:24:56,4fb216b9-b48e-4047-9127-10ba536d7c31,8491
4973,138.19,Refunded,2025-10-31 11:37:19,1a9cf9fa-a0a4-4808-9b2a-6e6c86951372,1769
4974,172.43,Pending,2025-07-08 18:38:00,7e0748d9-717c-4c23-9ae1-77b15602c21c,6059
4975,85.0,Refunded,2025-07-19 14:00:12,c2af7fa9-0691-40ca-9733-2524a2cfa612,655
4976,200.37,Refunded,2025-08-17 07:50:08,6093eff1-c1a9-4dad-bd2c-304e27265acd,6865
4977,109.43,Pending,2025-10-10 18:04:41,6b6b2366-a8f4-42a0-8612-fa62e16ab702,5595
4978,76.15,Refunded,2025-10-14 09:52:09,78946c23-5e65-4d72-b6ab-41d403d15f72,8057
4979,39.39,Paid,2025-09-03 08:00:00,917b1d7e-28de-4d9f-b8d9-8f1c43c1333a,932
4980,144.61,Refunded,2025-08-26 16:17:42,8f618e5b-5c42-457e-9f78-dd12a77c4ce0,4575
4981,96.07,Pending,2025-01-17 09:05:49,9b32efe9-6834-4843-a842-3e2318e40e4b,5711
4982,127.53,Refunded,2025-07-27 04:48:33,72d37c17-5e39-4eca-9983-bf5b3eda532f,681
4983,111.78,Pending,2025-11-04 22:02:50,0d8433a5-7360-4e86-aef9-6cdbe4d0fa69,6697
4984,84.0,Paid,2025-03-19 01:57:41,2ec57e93-e462-4788-ab35-f21201dec76c,7757
4985,115.13,Refunded,2025-10-04 12:01:32,1cfeb475-5487-40f6-b81b-e3233a0225fa,4230
4986,56.01,Paid,2025-04-09 01:36:13,f4c509c0-e237-4d7a-adcd-f7dc1fdfb6f7,7816
4987,121.58,Pending,2025-03-12 12:48:04,82ce954a-f3a6-4b2c-a728-b4d0d7375143,263
4988,21.89,Paid,2025-09-27 00:47:43,2e314e69-6c5c-4412-aab4-084c166a555a,8795
4989,148.39,Paid,2025-04-06 15:13:07,3c129c49-f3e4-4a45-b1a7-2550e2dc7b5f,7084
4990,191.1,Pending,2025-07-30 19:49:07,94da40a9-b331-41fb-8ddb-3120b9ac3320,8306
4991,164.45,Paid,2025-06-21 20:30:03,72b876ba-1e45-4125-bca1-0e616b84b3d5,7961
4992,48.98,Pending,2025-07-04 21:47:35,5125e9e6-55df-4fbc-b298-d38078768be6,5042
4993,69.35,Pending,2025-04-27 21:05:24,5337e0c4-cc18-4a0a-b179-a9dfaff0f912,8890
4994,39.38,Refunded,2025-03-02 08:24:54,ffce34d2-b9dc-4b87-8de8-915600ec6ca2,5005
4995,72.62,Paid,2025-11-18 16:26:22,c3380820-cdd0-4394-84dd-8ddc9a8abe2e,6349
4996,89.27,Refunded,2025-09-15 09:00:10,23a1ba5f-04a3-43d6-91b0-2033693e356b,4597
4997,72.25,Refunded,2025-01-25 05:59:54,6b130f32-5a07-41f5-a164-02926af9fa7f,7701
4998,113.33,Pending,2025-02-17 18:00:34,1eda3b6b-8803-4a9a-84d4-b93ca9aea9b3,3349
4999,90.14,Pending,2025-02-27 13:07:28,840e244e-c75f-4896-aaa7-6bf3346cd8e2,5058
5000,161.06,Paid,2025-06-25 18:26:40,f88b630b-81de-4871-9123-e0ba62fdd10f,8406
5001,67.4,Paid,2025-03-13 10:56:09,357f6119-7b1a-45ae-9e1e-18bc11464d60,8392
5002,160.28,Pending,2025-05-17 08:04:16,9f45e802-dfe9-41db-a706-ad45a6396702,9054
5003,165.69,Refunded,2025-08-07 15:42:03,adcc9992-bb2d-44ce-9329-a081096a65de,5817
5004,65.0,Refunded,2025-01-14 04:30:16,b7f2f0ef-3cc0-49d9-8eac-7bb80cbb1a72,3545
5005,39.73,Refunded,2025-09-26 17:20:17,1c4ab279-8f27-436e-a9e8-3a7fe0216ad0,7335
5006,53.15,Paid,2025-10-04 06:01:26,4581a5f0-47ba-4051-b605-4debe91e23df,6156
5007,161.87,Refunded,2025-03-16 21:21:26,56c95df1-3906-4506-9671-504cd7bed391,841
5008,138.85,Refunded,2025-11-25 08:34:02,c5ed57cf-4214-4ad6-84cc-ead174a67f2f,2630
5009,120.18,Pending,2025-05-08 18:29:53,5a895f4f-80bf-49ac-83e9-0d1814affbf2,9951
5010,122.99,Pending,2025-08-15 16:26:35,bcfc62e7-d2e6-43a5-9287-197dd2ce7a20,4105
5011,57.24,Refunded,2025-03-21 03:58:59,b556dd77-8eff-44c3-9d95-d3c736b72d41,910
5012,134.64,Paid,2025-10-21 16:28:14,6acedb10-8b0c-49c1-b0b5-266bcbff0659,398
5013,87.68,Paid,2025-04-16 18:44:18,b5578035-5164-4440-aa49-e3f7752881a7,7431
5014,204.37,Pending,2025-01-21 19:56:19,b9e3605a-ec33-42a8-974b-4c007d36afce,2334
5015,131.16,Refunded,2025-03-28 18:29:11,49a930df-3e9f-4cb2-839a-eb73df677575,8339
5016,115.43,Pending,2025-11-07 06:35:23,26df9746-9d78-44e8-9dda-3bca9ab920b0,9133
5017,69.86,Paid,2025-01-20 16:14:10,353968b0-5b45-4356-beaf-e826044fca59,5164
5018,68.8,Refunded,2025-04-25 15:26:18,3ac5bdb6-9675-4958-97a7-9ba4b4721616,7962
5019,73.73,Paid,2025-05-23 18:24:42,22a3a775-b697-43a8-81b2-d3578f78df10,3059
5020,66.62,Refunded,2025-08-15 08:28:53,80f1cf28-ea9d-4ce1-be9f-74e96dc7db1c,2878
5021,151.32,Refunded,2025-02-04 07:12:03,6c6a3475-b365-4a64-814c-bdad7b048276,6346
5022,133.76,Pending,2025-04-02 19:34:12,dc6d5ec5-e3ca-458b-8aba-4bdcb0a12032,8497
5023,31.28,Refunded,2025-02-14 13:26:26,cc41bca9-d0d4-49dc-9057-f3931fe08303,8286
5024,47.21,Pending,2025-04-22 22:07:19,0eadb2fb-3a5a-4366-9a5a-51a682e2687a,895
5025,89.21,Pending,2025-04-06 08:22:53,4ce002c0-c9bb-4a4b-aed3-1b13c72f7e59,9500
5026,118.85,Refunded,2025-05-27 20:28:07,3be3b49e-6908-49a4-9b27-b7ae862f8475,4035
5027,47.42,Refunded,2025-04-18 19:45:01,c0b8e3f5-a3be-447a-9df3-48fcdbc68e59,4436
5028,43.08,Refunded,2025-06-19 04:54:53,0443b316-1619-4e42-9d76-5640ad3431f6,7432
5029,23.2,Pending,2025-01-27 22:41:02,54b96745-d838-4777-919d-fa1edafee0ff,9791
5030,86.86,Pending,2025-09-17 17:35:14,333ee9b5-e9c6-4a89-9623-c6ffd4b18e5e,2996
5031,163.66,Refunded,2025-09-20 13:16:26,d379bf2b-b22b-4086-a8b7-95cf78eab7a6,57
5032,96.94,Pending,2025-01-15 05:39:23,9f28aba9-b49f-4a46-abcb-b550d539db82,430
5033,70.76,Pending,2025-10-10 13:53:28,0240d74e-bae2-49ab-ba62-ecfaa5445aef,2562
5034,168.84,Refunded,2025-11-12 05:29:38,664a108b-085f-426f-b518-ec22992093f2,6689
5035,20.73,Paid,2025-08-23 23:02:08,eab94c42-05e5-4343-ad26-a7269cbf864c,4173
5036,200.37,Pending,2025-10-29 22:23:11,f74869dc-6ba5-45a1-981e-d126458fd372,7473
5037,129.97,Refunded,2025-10-24 04:28:53,e9133570-df2e-4f22-bd8a-3417a97a4e7d,8553
5038,101.57,Refunded,2025-06-03 12:21:13,011b0a13-f9c7-442d-b32d-f7d9bde48bff,2539
5039,43.69,Refunded,2025-08-06 03:12:34,41f41055-0366-496d-83ec-f4378a83d603,8013
5040,20.43,Pending,2025-08-23 07:00:55,e41cbe8f-bc3b-4bac-a9f4-dcb20d118e78,6618
5041,49.6,Paid,2025-09-24 14:40:11,1b08dd96-e8b0-466e-91b4-8a46e9cae284,1507
5042,197.69,Pending,2025-10-05 17:38:08,c4860861-d628-45f3-bfb4-0b4ef4cf9fcc,5974
5043,42.51,Refunded,2025-09-06 01:10:48,3f29b497-8ddf-46f9-bad5-459c8f4d8c27,2635
5044,144.03,Pending,2025-04-02 19:35:24,9938e578-b986-4f4e-ab04-bc8eaec1e870,7432
5045,78.34,Pending,2025-02-05 15:57:56,70778a8a-0df9-46c0-b4d7-356bc3f6d8a0,7044
5046,175.32,Paid,2025-08-22 04:27:08,db2571b6-6f8c-4fc3-b21f-078aec234970,4181
5047,84.41,Paid,2025-03-14 14:59:03,ad680882-9243-4939-8332-aa0a2c8380f8,2024
5048,113.1,Refunded,2025-02-03 10:14:16,d2472b72-2fac-4147-bbef-d29ee329afbe,1479
5049,189.02,Refunded,2025-06-13 21:55:01,00a693ed-4ed9-4a54-9e89-a990f330ecaf,5825
5050,197.36,Refunded,2025-02-21 11:10:46,1b0d3f85-f4c8-4c5a-95ab-840bdf96d67d,6888
5051,93.63,Paid,2025-04-25 13:35:23,29033b42-5628-474b-84de-cef048f73aa8,5025
5052,162.48,Paid,2025-03-16 00:19:18,b983ed79-ba46-4a33-8d4e-70130a76c764,6606
5053,189.15,Pending,2025-02-04 11:08:37,becef910-5eeb-435c-84b7-611242d1625d,274
5054,117.67,Paid,2025-02-14 10:32:37,03919bf9-8f37-4aaa-8d4a-5b41d81df8da,5524
5055,202.64,Paid,2025-08-22 22:03:03,6fb5c382-faa1-4c26-bf39-dd42e15c3dd4,7347
5056,130.62,Refunded,2025-06-30 20:43:09,009af685-fa27-4c1e-b639-cce53332bcbc,6781
5057,67.39,Paid,2025-03-01 19:30:52,69286ab8-24e2-4fd4-b684-98284d274438,4892
5058,178.35,Paid,2025-07-19 16:00:04,98a5a1a0-2c0c-432e-8b94-b86411d74631,3304
5059,92.53,Refunded,2025-10-24 16:53:11,cc1eefa1-ac4a-4306-8f8f-57d4bf7e2d43,8060
5060,20.51,Refunded,2025-07-02 01:50:10,f1d3602c-3658-4807-a5fd-78e9fbf4bd56,637
5061,72.22,Paid,2025-08-30 11:09:14,929d4503-5b5f-452c-93c9-c40e3b91ce73,81
5062,84.19,Pending,2025-08-27 01:01:57,2d7ed02c-3b4d-45e6-b6b4-0731cda4605f,2503
5063,43.05,Paid,2025-03-13 12:42:36,e13d9acb-7ae2-4032-b2d9-f82662f3dcd2,6087
5064,133.94,Refunded,2025-11-06 09:25:52,23fe396c-a08e-4bcd-aa65-a1dab8b08ed2,6786
5065,21.67,Refunded,2025-03-06 04:16:04,aed966e7-dd95-45e5-9f37-fa4cad9119a5,7833
5066,100.27,Paid,2025-01-01 19:40:04,0928ebbd-8d86-4e36-bf12-cda6507e4ac0,5841
5067,21.38,Pending,2025-09-16 15:57:55,3b0f4b0b-c31c-414a-a020-0ad445a8197c,333
5068,45.38,Pending,2025-09-21 10:22:38,548dfd4d-b3f1-44f0-841f-c21d67c8d9bf,490
5069,149.7,Pending,2025-04-28 01:48:42,1c47af55-f8fe-46c5-ac43-fef15b2edd9d,5339
5070,147.25,Refunded,2025-01-08 05:09:59,13c6e679-90a4-4a99-840e-29ef6b394219,5926
5071,197.04,Refunded,2025-01-13 05:10:53,9ad96c06-8d0f-48ad-bb70-3e9cdbcbb870,3356
5072,96.86,Paid,2025-08-23 13:26:21,2a06d0cb-96d3-4add-a420-5382847df6b5,1791
5073,185.53,Paid,2025-04-21 12:52:52,5db07668-d4f7-4b32-8530-920a59a446d7,9634
5074,195.72,Refunded,2025-03-09 10:22:25,b0d48035-1c14-4440-b8dd-38f0a41baf27,2912
5075,149.24,Pending,2025-01-21 03:12:50,be363a68-53ec-4894-b427-63c58ba60438,481
5076,52.08,Paid,2025-01-21 05:00:08,72eaf29c-31bb-4ee4-a19a-4c964ab9de47,9022
5077,205.6,Paid,2025-04-16 04:09:14,0cc4a97f-8534-4807-8bcb-2fc207df1d09,6846
5078,187.77,Pending,2025-04-01 08:39:16,1b73c511-3226-4706-be60-711aefe420d6,3029
5079,88.07,Refunded,2025-04-11 00:35:08,b823afd2-4954-4cb5-990e-6ea6a06b015a,159
5080,195.37,Refunded,2025-08-01 06:07:22,4c72fa17-75e0-47e5-a11f-b51b6b6d071e,3955
5081,33.12,Refunded,2025-07-30 11:09:10,22040b2d-e03f-43aa-8d19-8de7a2fda560,4372
5082,172.21,Pending,2025-10-31 15:50:14,b3eb8ae9-9374-4142-ae2a-d437ed6643a9,1487
5083,144.46,Refunded,2025-09-06 15:55:58,5356e858-9253-467c-a9a3-b1f2f07bd8e8,7573
5084,56.32,Pending,2025-05-11 02:20:14,40bf15e0-bb15-4a67-9065-1a712091cd60,3743
5085,146.31,Refunded,2025-07-30 13:22:10,35013f0a-b200-4a52-8245-bd0325f870a8,3590
5086,65.55,Paid,2025-08-26 14:10:34,ba448d24-9ef1-4b4a-a35b-89b1d43a0733,3091
5087,116.5,Paid,2025-07-31 10:25:03,ca707972-b86b-4216-9d93-da32055da665,3663
5088,138.91,Refunded,2025-10-23 00:16:11,7aa134af-8ba9-4738-9532-88f69159b2c7,1086
5089,144.05,Refunded,2025-02-11 01:06:32,9388c4d6-3f09-4469-ae10-b354e7e30185,5453
5090,144.86,Refunded,2025-07-28 11:46:57,7f55d11b-9454-4aaf-821c-8c47f3576269,8522
5091,62.77,Refunded,2025-05-09 02:29:39,80fa8077-066a-4570-a862-2c6cf61a5ed6,2920
5092,123.76,Paid,2025-06-12 22:19:49,5ed393a1-3dac-4ab2-9556-7b48eb7aea83,9574
5093,159.28,Pending,2025-11-12 17:08:02,5aff955e-a117-448d-a053-72ba564051d1,8923
5094,21.21,Paid,2025-02-22 11:52:37,d892f0ce-a4ec-4024-bfd3-66516b8520fe,5053
5095,172.78,Refunded,2025-08-29 06:23:43,e97295bd-7b3a-4e47-beef-714bcc496eba,2162
5096,84.89,Pending,2025-11-19 18:29:57,314bafbc-6a92-40ac-ba7e-77b534f3a607,1686
5097,43.36,Refunded,2025-02-16 11:42:14,dd7451d5-7976-4e2c-83fa-61cfec1b5d9c,8923
5098,21.73,Paid,2025-05-10 12:17:27,1f57a09c-2824-4bed-b922-8bee6700b9eb,7443
5099,112.71,Paid,2025-05-24 13:20:55,ab2506d3-0d96-457b-91d6-d52d14c755ee,6319
5100,209.75,Refunded,2025-02-28 09:06:19,2e606b3a-3178-4337-9311-7c808ac9cd9d,2828
5101,52.07,Refunded,2025-05-25 18:41:03,d31249e4-9899-406d-b471-be4c5d13588c,986
5102,31.27,Refunded,2025-09-09 07:48:55,223b1efc-16c1-4471-81a3-ea3986941963,3894
5103,32.35,Pending,2025-06-21 09:26:29,7a276a4e-40bf-4577-a37a-18537600bc72,9556
5104,112.8,Pending,2025-07-23 05:25:35,fba7aa93-5b86-4b59-b8cb-ac6bf20a2df5,7063
5105,136.29,Refunded,2025-08-14 09:11:47,63ae3078-98e1-4fcb-9903-c8cfbef11395,8718
5106,190.9,Pending,2025-01-26 16:44:17,2b3498d3-dc0b-4243-acff-cda52fa057a0,7473
5107,77.64,Paid,2025-11-19 09:51:04,c14c824b-66f4-4363-b9f0-ad5f5aad47cd,5653
5108,97.58,Pending,2025-11-17 17:02:07,470652ce-2cd0-4168-9671-91e920da312a,1881
5109,23.25,Refunded,2025-11-12 01:19:36,a1ff0ad3-2339-4c7b-8a96-9ea24eb795db,3388
5110,51.78,Refunded,2025-01-10 09:37:38,377af4ea-a328-4b58-8ec3-7790c352eedb,9149
5111,154.04,Paid,2025-04-19 02:40:07,f27a309b-a7b0-4c27-8551-52026c7f3b71,1128
5112,84.68,Pending,2025-11-05 04:52:10,0d6d9e8f-2adf-423c-9add-818422f2bdaa,6066
5113,23.28,Paid,2025-04-01 11:30:53,2e985ee6-f424-4179-bbee-1514994e2cb3,3376
5114,140.81,Pending,2025-01-10 02:52:59,fc2115c8-2023-4553-a6a6-64af985b7dbf,1187
5115,33.94,Paid,2025-09-15 01:26:07,c5359ab1-6fc1-463f-82a3-c1f9f0a8a132,3133
5116,126.47,Pending,2025-10-03 21:21:08,c861e2ad-f6e8-4359-845f-74c0b08ada1a,1179
5117,154.1,Refunded,2025-07-23 08:31:29,f91e9969-9ad3-453c-931a-bb0cb2c74a35,4085
5118,59.96,Pending,2025-01-26 16:19:18,ec3f8845-f666-485f-b1a8-9e8b971be0e2,4104
5119,120.26,Pending,2025-07-01 02:06:17,37498b0c-3c25-47fb-b98f-616adf507894,3512
5120,177.28,Pending,2025-05-10 14:20:24,d63bfd65-90a8-49c7-b094-65922d127529,5489
5121,201.52,Refunded,2025-09-22 23:02:10,767772cc-47d2-4952-919c-f1b53d61ba7c,1076
5122,92.68,Pending,2025-05-18 03:51:01,5b078657-f677-4101-b3ce-e1f1d794044b,9781
5123,190.72,Refunded,2025-06-11 11:04:15,d526b04c-e597-4b39-94aa-e6925efa3091,4501
5124,106.88,Refunded,2025-08-01 02:37:59,88c5c61a-34c4-41e5-beaf-4be7605ee083,3534
5125,61.77,Pending,2025-09-02 13:24:22,0f64f189-ae69-4f26-bf76-6232417811df,3846
5126,133.6,Refunded,2025-07-30 12:00:20,cbe14492-331a-46f4-9c33-9799bef6c6d0,7896
5127,79.15,Pending,2025-06-27 05:41:54,ba743500-2dbe-4b5d-87ed-8556d17a067c,8796
5128,139.57,Refunded,2025-07-12 09:28:30,cd5e648d-b642-4519-b9ad-ab0625d271ea,6152
5129,140.02,Pending,2025-06-03 07:04:01,047b032a-c336-4b9e-843a-2baecacee360,8090
5130,113.38,Refunded,2025-09-23 07:57:41,6aefde56-ebb3-4a2c-9705-7dd8c57eeacb,9679
5131,139.8,Pending,2025-04-06 21:10:59,839f5988-a52e-4ec3-bbca-d4bded2fdf73,9577
5132,139.54,Paid,2025-03-14 23:03:09,d6a10b01-a167-4c5b-ad26-ef31b1915f74,2471
5133,35.14,Refunded,2025-09-11 19:39:39,09517a2a-0b5a-4185-a0ef-03271c88ddb8,7181
5134,154.74,Pending,2025-10-12 08:28:52,0246cc0c-1183-4827-b53b-9ce9f83f6385,5556
5135,83.57,Pending,2025-10-03 16:55:24,99f68873-8da1-4411-b2dd-e5f42a1e7885,5167
5136,146.86,Paid,2025-01-14 06:59:35,f3e1d107-39a9-4d76-8948-b0e36b392ba9,5183
5137,76.11,Paid,2025-07-31 13:39:23,aad4768d-fe89-410b-a7d5-b7c8ddb398af,3313
5138,133.77,Paid,2025-04-05 08:10:06,0af088e9-e889-44a1-ab42-86b6a27b2ff0,9331
5139,27.58,Pending,2025-01-01 17:19:19,fd41cf18-2024-420e-b03d-6c8801d518f7,8762
5140,194.27,Refunded,2025-11-19 11:49:56,4381e70f-7b64-430c-a10d-e5f50a6659bf,2444
5141,124.63,Refunded,2025-02-11 06:43:56,ecece010-4cf2-48fd-be99-acc919c03821,4069
5142,76.05,Paid,2025-10-31 18:22:26,28c524b6-714b-4d57-a903-adc6daee5e11,9896
5143,108.46,Pending,2025-03-06 02:14:40,32a22709-f95d-421f-8a1a-ce8c2d444b89,9290
5144,156.85,Paid,2025-03-25 10:32:27,69815a68-96ff-4e4d-ac4c-c361db86ac70,6477
5145,145.37,Paid,2025-03-13 05:51:18,50eb0428-9edb-42c4-b5c1-421bbe697b66,7235
5146,65.81,Pending,2025-09-16 01:31:22,e5263264-4bb7-4a98-9a9d-e869bfc48c8a,1016
5147,94.24,Pending,2025-09-30 22:14:24,19f09fcc-2d91-4a3e-b8f5-e9aa4d61d6fb,9904
5148,100.57,Pending,2025-04-03 04:10:52,a4255526-3d66-4f1f-a6e3-2c4ba4a9bb6a,6076
5149,179.03,Pending,2025-07-18 13:33:42,3760f6a4-dca0-4dce-aecb-1ec8e3511806,7074
5150,115.57,Pending,2025-08-29 05:46:28,181ecfdb-63b7-4383-8dee-242c5ffa42b7,7498
5151,183.37,Pending,2025-01-24 17:44:15,223c4f62-4237-4d57-81ec-f07b4e631f20,5522
5152,28.79,Refunded,2025-05-01 10:49:59,b2dab4af-7430-4dec-8058-d7e1801f4e04,925
5153,183.31,Pending,2025-05-15 10:10:57,0f619052-5ca6-4a85-859a-b87b3a6ba3d9,9432
5154,127.49,Pending,2025-04-14 00:23:26,567bba89-ad71-4ceb-9a04-209636ef10ee,63
5155,151.4,Pending,2025-09-26 15:42:31,c6dd2e34-9e3c-4d31-af5a-7922217033de,7730
5156,111.69,Paid,2025-02-22 08:27:54,c13b207f-edd4-4ecf-9967-d5172ebdddea,458
5157,196.2,Pending,2025-07-27 10:24:50,cff01b96-47d2-4ea3-8509-5bd170ae7926,9195
5158,36.26,Paid,2025-02-08 15:14:46,f554bf62-7931-41c5-a5db-6c99b133b6e6,1860
5159,169.48,Pending,2025-03-03 01:45:58,da63e4a1-6cb2-43c3-92cc-61544d5865f7,7905
5160,69.76,Paid,2025-05-24 13:34:05,1f6f068a-15b1-40f4-86f8-d146f2e01a80,8829
5161,144.98,Refunded,2025-02-13 08:59:34,f1a1ebdd-d2d0-4a57-8a1c-026f12f70ad6,1590
5162,118.91,Refunded,2025-06-18 17:15:44,19a9978f-f38d-4f13-8380-6500cc308f23,1523
5163,162.5,Refunded,2025-05-31 16:47:05,5e012141-dc21-4036-a29d-6043002cc7ec,7078
5164,123.15,Pending,2025-09-12 10:24:39,cf0b70bd-cef0-4f70-9322-cb258a7d6733,3803
5165,171.5,Pending,2025-05-15 19:52:56,8ef51b05-d3f2-4e91-b11c-b58892fdfaaf,6677
5166,30.25,Refunded,2025-09-21 04:07:29,9024d5d7-f7d0-4c8e-93db-899e9c8ef117,2718
5167,180.68,Refunded,2025-02-23 07:14:05,ab95d84a-1660-420c-ab71-92ba62a49df6,9117
5168,69.04,Pending,2025-07-05 11:19:57,1a1782bc-f30f-432f-845f-fb84b50d46a6,7914
5169,182.03,Paid,2025-11-01 20:02:55,a6c1ec9c-412e-48a3-81d8-34928a313d77,1761
5170,55.22,Refunded,2025-07-15 07:47:43,ed310eeb-e72c-4816-a72a-720818bb682e,8051
5171,60.98,Refunded,2025-11-20 03:27:02,22ea9bd1-b746-4263-8da0-f0c353582e6b,2780
5172,69.63,Pending,2025-08-31 18:08:35,840184ae-daf5-48e0-98a4-31766899e87e,2306
5173,147.47,Paid,2025-03-09 01:17:38,00270f8f-dafb-40b5-b25b-b87aa4ba198e,2252
5174,133.18,Pending,2025-02-18 16:17:01,9f3e04a9-07b6-4248-9681-138432f2dc6b,7332
5175,193.67,Pending,2025-07-13 18:21:16,02fb4f2d-9caa-4a7d-b392-72e8157b1ae6,9059
5176,64.09,Refunded,2025-05-19 17:07:14,820dee46-3529-4152-b560-7fcfe7bb8e07,8157
5177,134.83,Paid,2025-10-21 09:47:13,c6923906-b2b4-41b8-85c4-e3a3ee80f10c,8557
5178,24.26,Refunded,2025-03-12 10:24:04,c4dbb739-ce89-4bab-b283-8056446dcf15,6320
5179,120.91,Pending,2025-11-04 16:27:58,c75553f9-1e65-4cdc-a88c-610670c213ed,2652
5180,38.76,Paid,2025-02-11 09:04:27,7a8a21cc-c700-4941-a634-6f1a9f671818,4142
5181,26.05,Paid,2025-04-13 02:09:43,660e2ec2-a2b9-44d8-ab06-1073ee6be7e1,1715
5182,71.72,Paid,2025-09-11 13:36:16,b38590ee-6422-4b26-a66c-200bd174c6de,6537
5183,80.54,Paid,2025-02-12 08:07:47,e235dfb4-ebe2-4a57-b24f-aca7e73dd62c,3733
5184,109.51,Pending,2025-03-29 15:23:26,ea39b352-d093-4a5b-8a8e-d0a5cd1da468,6413
5185,166.97,Paid,2025-10-24 13:28:33,fafe8e15-33e0-4626-aa08-3e7cf23fdd93,6543
5186,157.95,Refunded,2025-09-27 13:24:38,76fcdd3c-7eb1-410d-83e2-8c90225ada45,8520
5187,59.94,Refunded,2025-05-28 20:19:46,b086356f-70e9-453d-9581-14def633cce2,9351
5188,167.19,Paid,2025-03-19 10:00:31,c3d9a6b0-1262-4313-b071-53ef80d873c2,744
5189,149.92,Refunded,2025-03-19 09:04:19,0897f40f-4475-4b00-ba1d-3699df0d5f4c,643
5190,82.02,Paid,2025-04-16 11:36:00,5890eb38-0a3d-4ec9-b3ec-3dc8773f20bb,4339
5191,118.46,Pending,2025-08-12 08:48:40,468482ac-5fe3-4367-8c8b-47e0adcfd216,863
5192,94.84,Pending,2025-11-07 10:52:21,04d47539-6946-4a81-9298-b41b0109e795,2100
5193,110.56,Paid,2025-07-29 03:24:20,9cf893a8-748a-49dd-a09a-086a31985d36,3751
5194,177.3,Pending,2025-11-12 07:23:35,e1a67fd3-f5c8-4134-aae0-14c0dbb235a5,3328
5195,178.82,Paid,2025-05-10 17:58:47,86caad6e-95ee-43dc-8948-60ff68d1453e,9899
5196,143.37,Pending,2025-06-08 23:36:29,40b942af-c4bf-4779-94d3-e890b0993cb6,2580
5197,53.1,Paid,2025-08-07 09:09:28,f3571e41-7b94-49cb-9a6a-b68aad62c2bc,2709
5198,45.38,Refunded,2025-08-12 04:57:23,244e2185-9d56-46bc-90bb-57d676b0f9b7,4005
5199,42.35,Refunded,2025-05-12 09:59:57,5844b2a8-8366-4b43-bd5d-9f9ab5dbe68f,2132
5200,139.63,Refunded,2025-06-29 13:51:31,4546d580-6923-480a-946a-eb51453dda76,802
5201,87.41,Paid,2025-04-03 14:26:32,b6f76e39-d8a5-4125-82ad-0c7dc7a578a5,2725
5202,67.56,Paid,2025-11-14 18:55:14,df85248c-303a-416d-821f-6fb458ccd8a2,8606
5203,169.34,Paid,2025-11-18 06:56:41,f052907e-7b60-477f-a4d3-991c195b3d2c,2551
5204,109.2,Refunded,2025-04-09 05:54:30,28096726-685e-4f08-b6ff-835c0f5346d9,7965
5205,137.51,Refunded,2025-04-24 08:00:54,acde6a94-4f37-4403-bf44-c953ae8c4df2,4327
5206,88.07,Refunded,2025-01-18 20:52:10,a3f5a318-4288-455e-97a7-008f3efd6979,8291
5207,89.74,Paid,2025-07-05 03:09:38,ac16267a-4db5-404c-a1e8-76a3fbd84df7,9833
5208,116.98,Paid,2025-05-27 02:20:57,95090db9-8633-4f09-be76-def22aa0ebfb,5207
5209,142.04,Refunded,2025-01-02 15:25:42,43698da0-13fa-49a1-8504-924b05995341,2975
5210,21.58,Pending,2025-08-16 10:07:19,bc416bc2-082e-44cb-84f0-f4a6ee81860a,73
5211,199.72,Paid,2025-09-03 20:23:00,1161f150-c7bc-41a2-b4ef-cb0b638cbbad,7274
5212,126.1,Refunded,2025-04-16 22:21:23,6377f02e-82b2-4c8c-879e-86b74f47ffd2,3823
5213,173.8,Pending,2025-04-10 03:25:48,c4bcaac1-bd36-4c74-95ab-32ac413e0a12,1977
5214,58.25,Pending,2025-05-03 00:32:26,c1add0d7-8167-4b90-a893-3a9a3db39f4b,3804
5215,40.6,Paid,2025-01-04 03:18:18,2b7d1866-e444-4931-83a0-16d219be97c5,8132
5216,108.83,Refunded,2025-05-24 11:28:55,abed58ee-dee0-4a29-bafa-e1c18335b48c,6599
5217,176.26,Paid,2025-09-03 11:29:18,0d9d1fbf-0342-4e3e-817f-f775ea23669a,3109
5218,160.43,Pending,2025-07-15 07:51:43,738a8ebe-cdc5-4182-8640-b38a0a316e2f,349
5219,98.79,Pending,2025-07-29 05:12:02,e9a7c550-a7fe-4b7c-afbf-10ac81454c2a,3441
5220,75.07,Pending,2025-09-26 20:24:08,457e0c79-80f7-4fc5-8b32-5485f745955c,1221
5221,154.19,Paid,2025-06-18 05:21:45,aad384f4-1a8e-4087-b302-f73cd044f3a4,6539
5222,187.99,Refunded,2025-10-25 08:45:36,3f5c8bde-caf8-4272-b537-f1356859f38a,3368
5223,126.14,Paid,2025-08-18 04:20:05,cfd4c899-3d2d-4766-9350-eb64fb4ca7cc,8127
5224,123.06,Pending,2025-08-04 21:41:56,a81ae818-bcf5-469c-926e-d41d3a19dff7,9718
5225,134.23,Paid,2025-08-17 11:59:19,c77f6dac-0d6a-4d9f-9503-856a4b1257d9,4565
5226,89.04,Paid,2025-06-28 06:58:35,b6160815-3286-463d-bca8-e058c17d2c1d,4268
5227,170.54,Pending,2025-05-03 01:53:01,450cd162-31dd-42d6-8e5e-55aed7cf00bd,947
5228,200.79,Paid,2025-11-09 17:00:16,349f6fb8-eb62-4b26-a048-4915ca4918e8,4426
5229,134.1,Refunded,2025-10-21 04:53:32,aea94eea-6c5e-4ae5-859e-586264649291,9139
5230,95.66,Paid,2025-09-15 17:08:49,a9feb570-3147-43e1-b458-b80b80b6fa68,8982
5231,92.31,Pending,2025-09-17 22:48:50,3a2ad7a0-259a-46bc-a764-fcf6b781590e,4554
5232,168.12,Paid,2025-01-01 07:04:33,5fb85e94-ece4-4b15-ac88-2edbb3c1fd99,7689
5233,145.6,Paid,2025-05-03 17:56:59,298c1bcc-97c3-44ef-8561-6c91a29fb015,6856
5234,209.09,Paid,2025-04-22 01:06:48,5733e3eb-9483-4f3d-beff-9d9b0746dc9e,9968
5235,66.86,Paid,2025-02-13 02:42:09,f6a5509e-818f-4f35-b0a2-15faf86d9d08,7651
5236,88.82,Paid,2025-11-09 09:31:05,5b217fe6-9527-4163-9e89-f29ce86e911c,8272
5237,74.81,Refunded,2025-07-22 02:49:31,8166806b-7ce2-4c85-8403-43b25369c37b,876
5238,53.31,Paid,2025-01-09 21:23:46,4fdc0aa9-ff31-467f-87af-821874405bad,3831
5239,46.4,Paid,2025-11-18 01:33:44,fa2ee8a4-4b45-4f66-a37a-3e54caf45569,7691
5240,141.02,Refunded,2025-05-27 21:57:28,fefd87d6-4b89-4181-8478-da62287a0d4c,1417
5241,34.84,Paid,2025-04-11 08:59:35,238a6bf9-c159-4b81-86b3-755b16707abd,7751
5242,85.06,Refunded,2025-10-30 05:43:12,302d208a-a837-4418-ab51-7e9b9fdce8f8,7179
5243,150.54,Pending,2025-07-01 10:28:01,6ff0d602-8fb5-46d5-8962-bed0c588aa7d,818
5244,121.8,Paid,2025-07-13 08:00:53,a1df00b7-2f63-4ccf-8b19-7e7e4ee8cd54,2495
5245,99.89,Paid,2025-08-09 15:25:13,40b2dfd9-0caf-4528-a34f-efbc5ec42f89,3902
5246,110.87,Refunded,2025-04-30 18:42:19,99c6530d-7e0e-48d1-98fd-37f09b3abca2,8690
5247,186.79,Paid,2025-10-17 14:14:10,9e682e0e-71ab-4978-bcb8-579c44717f3c,5623
5248,126.59,Paid,2025-11-10 21:37:15,64f411d3-fe24-4ab5-93f8-099a054fd450,9755
5249,28.43,Paid,2025-10-05 13:38:22,ad5a60c0-ebe3-4c6c-8bf4-d391537ccc7c,4637
5250,55.84,Refunded,2025-02-07 13:25:24,15c3d203-f6b5-4d74-b248-2189e8a71686,3761
5251,114.69,Refunded,2025-01-27 13:06:29,3ec63459-3f6f-4cdb-9463-7b10776ccb4e,316
5252,181.62,Paid,2025-04-11 22:45:51,35e5e7b0-6705-444d-829b-10aef7e74d38,20
5253,110.43,Pending,2025-06-03 16:21:01,0be69641-ce8c-4c84-b20e-6e14cb2beffc,9114
5254,29.39,Refunded,2025-07-18 18:44:11,44b40c74-e13e-4f1e-beb6-eac03b57c57c,1454
5255,28.8,Paid,2025-10-19 20:37:57,a129cd42-0f41-4d01-bad4-1e9d57679644,5053
5256,118.17,Refunded,2025-03-14 21:24:28,21013328-fcf1-4cc0-b7cc-3a18d0422ce5,512
5257,128.37,Paid,2025-07-10 00:55:28,f72db115-cd1f-4191-ac43-29739dc0d57e,1211
5258,120.37,Refunded,2025-04-23 17:08:48,8a09ca30-d5c4-4c95-a95c-ba14506d4bdb,1096
5259,100.81,Pending,2025-03-25 03:54:20,17e20e65-acce-4326-9e2a-6dd6c09cceae,2622
5260,41.93,Refunded,2025-05-21 15:39:15,ec7d43d4-b6ee-445f-8678-ebd936626549,5278
5261,102.6,Paid,2025-08-07 12:01:05,54eb7947-a334-429c-82d9-209b9f8450e8,1013
5262,124.32,Refunded,2025-03-07 15:07:05,27ad3f4e-4d33-41cb-803c-fb5050ae55f0,4122
5263,143.05,Pending,2025-09-12 20:33:49,4df01a36-1075-4fef-9333-d406f151251b,9807
5264,185.66,Paid,2025-04-25 14:27:08,2d093943-6a95-4584-af66-58fc21d031e5,394
5265,207.5,Refunded,2025-11-13 01:01:31,bd4d3c24-cf63-4be1-90e7-4845b74fe87f,5603
5266,87.18,Pending,2025-10-01 13:24:14,225437ec-6042-4e01-9315-b704137ea2af,2306
5267,61.84,Pending,2025-08-30 17:09:19,29270f2c-c265-4ddf-bb36-ac52c366bc89,5768
5268,164.92,Pending,2025-06-20 23:47:22,348496c7-9903-4313-bb9c-d9bc047244a7,4187
5269,168.92,Pending,2025-06-20 22:54:33,2246a904-05c2-4009-872c-af60f3f17459,1902
5270,55.59,Pending,2025-07-06 09:13:50,750bc8ad-c371-4a19-a773-e9dab3d16a73,4968
5271,79.92,Pending,2025-10-11 15:06:03,06814da4-298f-47e9-b8c8-dd7901c8409b,1279
5272,105.87,Paid,2025-01-06 10:12:57,60478e23-369b-4b95-8160-88c1d94bc76c,7021
5273,150.95,Pending,2025-04-07 07:47:28,a7848720-6517-45dd-bfab-608a75fa7a3e,3942
5274,128.83,Refunded,2025-06-27 00:53:06,24ea3b92-faed-4fc2-bb08-41735769c871,9480
5275,109.41,Paid,2025-08-23 05:10:02,f2b869ae-6db9-434a-af2a-30f65b9ca08c,5529
5276,74.38,Refunded,2025-01-17 02:57:11,1d6c19df-f85d-4c67-b7ea-cd7da1937fd7,9252
5277,55.1,Paid,2025-09-30 21:56:47,6f726b74-26d2-4b63-a461-ea2dc3c0abe2,498
5278,150.6,Pending,2025-07-21 19:14:44,0da3c9a5-30bd-4713-8110-35235aec528a,6579
5279,75.97,Paid,2025-03-15 08:45:44,4c1c97ca-755e-44b2-825b-a95c9c67d6b6,3894
5280,145.15,Paid,2025-02-14 04:46:08,8ed0e13d-6e96-4c4b-8d6c-6c04edbbe1d9,1900
5281,204.73,Refunded,2025-02-17 19:39:07,afa1dbc3-066b-43cf-8087-0bfd438f2c9d,7620
5282,21.89,Pending,2025-11-17 03:22:55,344ed373-9039-4540-b381-f3e3427dfcfc,9490
5283,45.89,Pending,2025-02-26 09:41:26,19b7479b-dea7-4149-94b2-c1d127594040,757
5284,167.49,Refunded,2025-02-22 18:08:03,df9692eb-6b58-4ed7-8b7f-ef8bab981ffd,9135
5285,170.41,Paid,2025-06-20 07:51:20,b3f88c05-b90b-487b-80fe-73fc9017b4e1,6077
5286,140.63,Paid,2025-09-06 00:44:43,1baf0775-b753-43de-aa5c-c6f12377fc32,9593
5287,36.29,Refunded,2025-05-02 20:03:26,180658f2-29b9-4745-8ba7-33d29eb774e7,9855
5288,83.28,Paid,2025-02-03 14:17:18,ccea8b7f-4e38-4358-8704-c4b24edb8687,1817
5289,96.16,Refunded,2025-11-19 15:33:29,79dcf32f-408e-4120-945e-2a9d2365c64d,3729
5290,163.5,Pending,2025-10-14 00:10:24,6ceffc9d-db1b-40c8-bfef-feddcc84312c,1577
5291,82.04,Pending,2025-10-24 21:23:30,7f52d9d5-bd03-4a5c-940e-2e4213bc9072,4259
5292,203.02,Paid,2025-04-12 06:40:38,d0a1c061-420a-43f6-88cf-fe25ef61ddab,2214
5293,119.21,Paid,2025-07-30 12:33:51,6c25e383-9f3e-4184-afe4-507c958f42c9,6665
5294,167.2,Pending,2025-09-15 07:40:58,0655d70f-caed-4465-b21b-e35f6ab0dbba,6141
5295,141.48,Pending,2025-09-09 17:59:36,990565d3-132a-48d0-8c5f-6d60c48dbd12,1543
5296,155.64,Pending,2025-08-08 08:32:47,ce87b546-9d5e-4410-a373-4e88a78566bc,7822
5297,51.1,Paid,2025-07-22 10:02:57,a489b940-ce54-48c0-8b76-5c5f08b9c7c5,3393
5298,100.85,Pending,2025-04-05 15:40:32,c3f3be5b-62f1-46fc-b24b-6dd0472e8cda,8298
5299,169.33,Pending,2025-11-20 22:02:05,3d2df9e4-c57e-43fa-8a57-e4674c477774,8331
5300,184.74,Paid,2025-09-05 04:50:27,d049f286-37e7-4a5f-b01b-39360d5aa750,3963
5301,40.29,Refunded,2025-01-03 21:58:42,a12a01a1-8c18-47ce-b637-ee5de4e8638e,7259
5302,202.53,Paid,2025-08-03 09:23:16,2af9238c-0939-4176-b661-b6f227892bd1,2976
5303,79.6,Refunded,2025-10-21 08:00:29,15199e79-f881-4666-8374-54a758e08b53,5666
5304,29.98,Refunded,2025-05-11 17:34:33,5c30dd79-2bf7-4933-8195-920867b9419d,5765
5305,101.04,Paid,2025-07-16 21:37:08,3cbec123-38cb-4e7a-8c8e-8dd9f5881ba1,6370
5306,32.6,Pending,2025-08-11 08:09:40,d06bbfb1-000d-46c8-a69e-f6781d89bba1,7461
5307,143.08,Refunded,2025-03-01 04:07:13,650a5c6d-96fe-452e-bc55-c572016759a3,3307
5308,75.25,Refunded,2025-09-12 17:21:14,28231ef6-4ada-4bea-9e95-4d609cc31bef,5935
5309,197.98,Refunded,2025-05-31 09:08:53,b45de751-c03a-4f8e-824f-f1ab96dc2e6c,889
5310,126.99,Paid,2025-03-05 19:25:13,ace10ac2-ce8d-43fe-959b-5ad75509cdb5,1323
5311,186.85,Paid,2025-11-09 08:48:00,71bd8aa3-47a6-4c7a-80e0-9270b2928996,4891
5312,68.84,Paid,2025-08-16 14:19:18,fb9686d1-a41d-4af1-b11d-668a48b6ffd0,9283
5313,35.58,Paid,2025-08-01 21:21:15,011da6ad-91b7-40ad-86cd-c74bbdd20c0c,960
5314,21.4,Paid,2025-02-23 05:00:26,e55735e1-b7f0-44b0-8944-2c535382bc53,3432
5315,144.09,Paid,2025-07-10 14:52:50,46bc488e-af60-4125-8f69-177d5475cbce,2827
5316,139.87,Pending,2025-10-12 19:27:52,56e843f9-6c2e-4c12-a222-23616583b83b,441
5317,155.27,Refunded,2025-10-29 02:38:53,f654353e-519e-4a27-80dc-012d413ad4e7,1859
5318,117.89,Refunded,2025-10-11 06:36:05,9d063b2a-e177-41bc-bf09-e1bb688235a0,6815
5319,204.91,Refunded,2025-02-25 01:49:11,a6443371-fbdb-4c1f-8ed7-05ee3b8c3cfe,7550
5320,123.04,Pending,2025-11-03 01:46:47,6be1c060-ff2a-432c-8c4a-3e36b4806c4f,6539
5321,54.67,Refunded,2025-07-15 23:06:16,8284f299-5b01-41fa-8460-396b0bbff00c,2858
5322,66.77,Paid,2025-10-10 15:59:55,cccd0b07-f5d4-4736-b43e-a9fc9765ac4b,5649
5323,135.41,Pending,2025-08-08 00:51:07,c9354a95-c344-40eb-a123-cc585d8b094a,1944
5324,80.31,Refunded,2025-05-13 09:02:16,08be4607-2909-4cb2-8378-a4dc07f1c398,7321
5325,153.15,Refunded,2025-06-25 01:24:03,babe4edb-d4a3-46a9-9407-23a481475579,5599
5326,33.65,Paid,2025-09-20 20:20:33,1c2e44a6-3a52-4624-9b7d-47e432da9897,3273
5327,58.24,Pending,2025-03-24 10:01:37,0df2a79f-af67-46bd-98a0-d30c5bd8ae21,1149
5328,67.77,Paid,2025-07-26 20:35:00,62571293-f0a3-4a03-8edd-2235ca0488fd,9645
5329,57.79,Paid,2025-07-23 15:30:51,15d63b07-2283-4697-bc1a-9ca9cf9c9291,8559
5330,73.08,Refunded,2025-08-22 10:49:10,9b169eea-3386-42ba-a6c2-6379ad9d2f7f,1505
5331,194.2,Refunded,2025-05-03 10:32:39,1d8a9b16-0fe3-442a-b3a7-e98ae77be4b1,395
5332,91.66,Paid,2025-04-25 18:44:40,4c920232-de13-4d3a-8dbb-3270db71261f,8598
5333,202.31,Refunded,2025-08-27 11:40:41,2ff50147-f533-4a7f-9509-488f1cc5c965,477
5334,66.87,Pending,2025-02-04 16:24:01,ad3568d2-66ea-4ceb-843c-db979e3487dd,4872
5335,152.68,Refunded,2025-10-31 21:16:50,f529dde5-47f8-4d74-a28d-c48a7eb07c9d,7516
5336,94.77,Refunded,2025-05-14 03:50:48,f23fc0d2-f960-4083-806c-963dc14f3e9f,9101
5337,130.69,Paid,2025-07-01 12:01:01,c56eb8d0-4126-4458-8b74-d93dd483aa84,571
5338,83.26,Pending,2025-08-24 03:02:56,3e18f280-596b-4257-b748-56a8585b12a5,3968
5339,83.88,Refunded,2025-01-01 20:14:36,2c5988b8-24e7-4217-b6ed-cda47cc3ea87,1792
5340,148.09,Refunded,2025-09-21 23:13:14,abff1cbe-196f-4478-a8f0-e6bd2a28cd99,8028
5341,73.86,Refunded,2025-09-09 20:04:50,6df45bfb-80a9-4534-98cd-a4cb1c3c387a,1384
5342,110.86,Refunded,2025-07-10 11:31:27,5045ced6-6446-41a9-87e5-6bc8328af163,3074
5343,122.86,Paid,2025-05-11 21:38:16,753843ed-528a-412a-85d1-1755b5e85f9c,6686
5344,107.5,Refunded,2025-08-09 02:08:40,6858ec01-4a76-4ae2-8b83-92506d4eb75f,2032
5345,50.44,Paid,2025-02-22 16:01:03,24836f6f-25bb-446d-a110-067f3d9c8aa9,8634
5346,204.46,Paid,2025-01-04 11:37:23,4e9d066c-f600-4731-9cbc-c1825cc36255,2643
5347,137.17,Pending,2025-03-15 14:26:26,a6cd73a7-71de-4c2c-9b74-abb6ac0d327f,4790
5348,28.79,Pending,2025-01-26 23:52:38,b6f7266d-822f-4d73-9f1c-ab908bd53eda,8700
5349,119.42,Paid,2025-07-17 22:52:47,957cc59a-0a7f-4783-ae41-34b5d379a215,6916
5350,202.9,Pending,2025-04-30 18:23:28,1af5dc14-96d3-4266-bccd-51504b74e843,2943
5351,165.83,Refunded,2025-05-25 01:14:18,c5fbbe94-d6d1-43cc-b6c0-0b9f8a64f522,2131
5352,68.11,Pending,2025-01-15 17:15:11,fa2b432a-c143-4a12-ba12-872ca81758f3,6327
5353,209.65,Pending,2025-01-13 10:51:54,04613e11-58b8-470a-83de-0116e37a6b73,6604
5354,94.4,Refunded,2025-11-07 10:16:08,ea17e331-9ecc-4ab5-834c-b54cb2197e67,7962
5355,65.72,Pending,2025-01-07 01:45:15,773aac60-8801-4ffa-81a2-3769000a73da,1875
5356,116.46,Refunded,2025-02-18 20:41:46,5a247260-454e-4a94-905e-e242e80f822c,5914
5357,111.7,Refunded,2025-02-26 03:17:35,ae560ca8-e9c5-4621-a7fe-89dec163694f,5634
5358,35.07,Refunded,2025-07-16 01:11:46,d7166c21-e9e3-460d-9cce-f2665768b105,5860
5359,168.71,Pending,2025-02-26 04:02:36,91619e62-7b25-4ff1-9d36-750028723c16,1735
5360,61.18,Refunded,2025-03-06 23:23:11,2bc3288b-ce25-442e-b444-8498925b6aeb,4627
5361,27.69,Refunded,2025-08-14 12:20:06,238fe063-583a-4ff5-9c71-b49f42f5b171,9305
5362,110.18,Paid,2025-03-08 23:07:10,11b2c24d-119e-4e61-ad13-2633b3843e97,220
5363,126.52,Paid,2025-05-15 20:35:59,8fb2af90-2567-48bd-8e64-0d8dc3db014e,5383
5364,41.83,Pending,2025-07-23 14:20:42,96916043-0043-40d4-bc82-607842e3fe5a,6914
5365,152.96,Paid,2025-08-14 13:12:33,5b7bcb15-d1c2-443f-af65-ccffe9294799,969
5366,183.94,Refunded,2025-09-07 03:38:06,52993a1b-b445-414b-8c75-58215d6dc9ce,8392
5367,175.85,Refunded,2025-01-15 05:42:53,993df1b5-4f3c-4c42-ae6d-b85408931214,1958
5368,114.92,Refunded,2025-09-23 06:20:29,53b953a0-9c22-47a3-b318-a43ff642b14b,2565
5369,84.85,Paid,2025-02-26 00:53:20,cd36c3fd-c87c-407f-bd28-b7805f84dbfe,173
5370,38.66,Pending,2025-01-18 01:20:08,e54d4373-4ef7-41b4-a7e4-076dc1fbe6d1,4891
5371,186.39,Refunded,2025-04-14 06:20:16,60768e9b-9838-4731-b4a9-379469f729e7,8214
5372,90.92,Paid,2025-06-10 20:58:56,1ed7041e-5940-4a4f-8fab-b9a3a619933d,2543
5373,84.33,Paid,2025-02-15 21:12:25,a6ab71a2-5838-404c-8760-739282074bf7,7207
5374,163.45,Paid,2025-05-21 06:56:18,d8867f4c-1d96-4f92-bf67-6c75cb8e9392,3498
5375,32.75,Pending,2025-10-20 15:05:12,7f3b5f1f-9345-4293-a985-ab19e8670ba0,9215
5376,170.65,Pending,2025-09-04 21:44:12,0c7b189e-ddc9-41ab-bea5-d0e0186b0b66,1824
5377,89.17,Refunded,2025-08-10 04:30:06,9233cadd-e44a-4bf3-8a29-e8ef4f794770,4922
5378,74.41,Paid,2025-03-12 17:46:26,9fa2cdee-1541-45a3-804c-0fd5a14d12c0,5675
5379,41.4,Refunded,2025-11-22 01:23:54,f0856267-f893-4268-8f0d-c5d629a83b4d,5156
5380,133.01,Pending,2025-09-09 19:22:38,3d95e0e1-662a-42e4-b2d4-1f123cb1c134,338
5381,52.05,Refunded,2025-08-04 05:43:49,c30b4a76-9404-42de-8b30-c6c40e351cf1,2874
5382,152.6,Refunded,2025-10-02 23:52:29,20d7015d-2480-4708-b75f-c90814f3fa34,2243
5383,53.48,Refunded,2025-07-07 07:36:00,97933b8b-7e5f-4f8f-a007-56924a487d02,722
5384,131.08,Refunded,2025-03-15 23:57:54,503a0c00-bed3-41d0-827f-f64294d75e70,5615
5385,106.0,Refunded,2025-09-09 09:20:18,3b6b5fcb-a055-414b-a3e6-2ec137ca37e3,1409
5386,36.68,Refunded,2025-11-18 02:54:52,62f016e8-50d5-4f90-a22a-dad076784a6d,6389
5387,181.46,Refunded,2025-11-24 08:56:00,d9a2f317-122f-4b10-96dd-3b7d3f0ec03b,2174
5388,92.56,Paid,2025-03-24 07:25:45,e3f68fbc-8b11-40ee-90f1-87a264265ab1,1052
5389,163.62,Refunded,2025-01-07 15:04:41,404693b1-5e4f-4fc9-a0d7-61aa5011bac6,4620
5390,189.21,Pending,2025-02-18 19:00:35,ea0a0267-662c-495b-a294-032f35e71de1,740
5391,204.43,Pending,2025-09-27 13:19:20,fb7888b1-1cd9-40c6-b48a-833913738a13,1512
5392,48.08,Pending,2025-09-28 10:30:00,2244d353-6ab3-4a3f-b7dd-7b7b068d5ccd,9381
5393,132.5,Paid,2025-06-17 13:16:23,87a2a774-bc07-4341-806f-6d18e59d75d4,4494
5394,116.66,Refunded,2025-08-29 16:18:44,1ef4ef14-eb26-4af3-a3cc-a4ffe3ab0877,3141
5395,200.07,Paid,2025-04-12 04:10:47,84ceeea6-2b3b-45da-9de7-f5dc947ed9c8,6959
5396,156.56,Paid,2025-04-10 07:48:11,9fd4588d-410b-4dac-b1eb-fa8214127e39,8145
5397,164.42,Paid,2025-07-09 04:04:22,d734559b-02d1-4968-97c2-996630adeaa2,3014
5398,21.17,Pending,2025-06-10 23:01:16,60ec9c42-7047-4fd1-afd8-22af2f0c2491,4745
5399,83.36,Paid,2025-11-13 20:59:28,060060db-d42e-4fe0-9c23-a503be2d8bc8,8339
5400,121.18,Refunded,2025-08-04 01:17:09,1ac035de-3698-4aa1-8cfe-7ffac26f2444,2471
5401,196.86,Refunded,2025-07-18 06:25:43,cd462a6e-2c9c-4f16-9ba4-194fa2bbd356,1722
5402,110.11,Pending,2025-10-17 14:00:22,2bb88ce6-ea53-49fe-86d8-b8fdbacd524c,1171
5403,65.59,Pending,2025-05-04 19:45:14,10a8f121-040e-43d0-918c-6bf6b810a1b4,5387
5404,110.36,Refunded,2025-03-02 14:47:51,c32110d4-861c-4947-9b10-6c3825fde0bc,9757
5405,42.04,Paid,2025-11-16 10:59:17,a7185e8c-7690-444b-b5b1-7e9e18a5014b,6143
5406,170.71,Paid,2025-05-24 10:40:51,c96134d3-bafa-469a-a2da-c9549f37d65c,562
5407,88.2,Refunded,2025-03-29 10:46:47,4548f26d-2cba-436a-80e0-b990a05d40a0,3988
5408,83.34,Refunded,2025-02-21 00:08:12,a8e86d76-1720-4259-a070-dde45b536bd2,5703
5409,165.97,Pending,2025-07-26 15:45:31,e889f377-b8da-4237-80bd-dc169334efa4,136
5410,182.62,Pending,2025-03-23 23:16:14,b74a4a90-d3d4-4e60-832d-baa831360a15,4646
5411,112.06,Refunded,2025-04-18 14:32:50,a9591b3e-cc11-48bd-8746-5a8406461905,3395
5412,138.63,Refunded,2025-06-02 08:28:19,eeecd5ae-1e63-44aa-b940-43fd0e980f44,5482
5413,151.89,Refunded,2025-01-26 10:30:08,2e9fcbce-726e-46a4-87c9-129aa4f7a50f,2385
5414,175.63,Pending,2025-09-01 22:02:15,2472e8ac-177f-4b5a-8a6e-865405f39590,7019
5415,102.48,Refunded,2025-11-13 20:02:17,8d29f4dc-fb7a-4c3c-8582-2822844f779e,3379
5416,190.75,Pending,2025-02-23 16:51:44,08ac78d4-c480-4262-b391-1f2cbcfb9042,9082
5417,88.7,Pending,2025-03-07 07:16:07,98982235-be87-4718-b1ba-a78f2eaea369,8326
5418,56.77,Paid,2025-01-23 05:33:04,a8eee12e-bebc-4851-b3c4-9b26140d6bc7,3113
5419,144.11,Refunded,2025-02-26 13:19:08,f7014c75-8782-4535-bc2c-13285680f3e0,6870
5420,51.23,Paid,2025-07-14 07:01:04,b5ca67dd-e1e0-48eb-8c87-7e3b28e2d1dc,483
5421,62.97,Paid,2025-11-06 11:38:50,7101cb3b-fea2-4435-b3ba-79a6ab7926d1,6978
5422,201.62,Paid,2025-05-14 02:29:57,35903f7b-3ef1-42d3-851e-b3b4864a7391,7266
5423,164.92,Paid,2025-11-11 01:32:51,5a76e884-b92f-4aed-987c-1bfe0335d2d6,204
5424,116.83,Pending,2025-11-15 20:02:28,211af48e-caa2-4556-9f28-6cc322b83636,8582
5425,143.8,Paid,2025-09-04 14:53:28,b1d3a54c-b478-44e5-af76-b16f16a9aa5f,6785
5426,148.77,Paid,2025-06-22 18:29:05,903b0a8a-ec20-4f75-bace-733e7d5004ed,7731
5427,205.17,Pending,2025-03-31 02:24:10,4f2c5a27-0384-4ee7-8e53-84460a967c8f,2387
5428,45.27,Refunded,2025-10-10 13:25:36,ba0f66fb-8fa8-4f38-959d-9a14073103e2,2723
5429,116.93,Pending,2025-01-09 00:12:57,af3e8e7d-e1ca-4eec-bcea-78d795c24e4c,1768
5430,123.67,Pending,2025-03-13 15:49:05,3f8738c3-55f4-4754-9709-f64077ced978,1942
5431,98.38,Refunded,2025-02-28 05:21:40,7e27fcec-8c77-43a9-bb7f-bf55f0c167a5,1927
5432,25.49,Paid,2025-09-14 04:19:22,c6e2f7c1-1725-4f65-af04-31160d1a4ca9,7622
5433,137.65,Paid,2025-03-11 05:09:27,7006cae7-cf0b-4d74-8d73-72e215a41811,2252
5434,49.17,Refunded,2025-04-06 10:02:55,0fdf9e81-327c-4094-bf7f-a2972aa154de,1768
5435,28.01,Pending,2025-09-04 12:38:52,157ed291-c3c0-4831-a11f-4d2170690e12,5518
5436,158.55,Pending,2025-06-17 02:13:38,90b73e3b-aaf9-44cf-a927-3603e3cbb8fb,163
5437,152.64,Refunded,2025-01-09 07:13:06,30edc212-60d2-4c73-8090-1683271afad1,786
5438,172.15,Refunded,2025-07-07 23:39:21,2d2767c3-226e-4feb-ae50-7cc9bd94052e,1049
5439,32.02,Refunded,2025-02-08 22:56:48,b3f95797-cc58-465e-bd32-1a9ce0a4c248,5183
5440,163.71,Pending,2025-09-02 15:04:47,c5b5b066-83bc-4440-9ee7-96707a1e07b0,5132
5441,102.68,Refunded,2025-05-24 04:26:52,fc3b5628-72aa-4b92-be0c-11e2f2a2324f,6513
5442,160.42,Pending,2025-05-08 15:40:39,ae0b6c62-3c77-454f-9dd0-5a80044a0458,9160
5443,77.02,Pending,2025-09-28 13:21:51,380e5200-6cf5-4d23-87f1-017fda8523c2,1236
5444,178.89,Paid,2025-06-07 08:59:13,1eaf6a9d-83b5-43e0-b131-25e83d6a9b5c,7608
5445,30.49,Refunded,2025-04-23 08:23:51,aa5dcf26-e00e-45b7-b017-d020759895c3,3788
5446,204.36,Pending,2025-04-13 11:19:37,f4e81960-373f-456d-b13e-6af568bd1ab3,9077
5447,130.75,Pending,2025-07-15 15:15:35,68bfd4de-cae1-4039-9340-1f38b05b0d3e,3501
5448,129.73,Refunded,2025-01-05 03:50:57,e0cb0cc8-9ebe-4ae5-9cbc-908b0066fe17,6488
5449,196.73,Paid,2025-10-25 11:10:48,c00a24c7-88ed-4a30-86bf-a454c25fe9fc,188
5450,131.21,Pending,2025-01-01 19:20:41,9e8b7244-eccb-495c-a05a-97f55de86678,3896
5451,199.69,Pending,2025-05-19 12:31:33,92889e57-99cd-4fc0-9d3b-bd54b8c874f5,5869
5452,106.6,Pending,2025-09-16 01:21:22,19d73678-9a41-407e-a050-362431fd69d3,309
5453,144.54,Refunded,2025-02-23 19:06:17,ff2f8836-70db-49e1-b6c8-7811577dc064,9546
5454,140.44,Refunded,2025-08-07 17:52:20,85d9c321-a3d9-44f9-8791-b9fd74ecb512,8764
5455,173.2,Refunded,2025-08-09 05:54:18,acea1c04-eb3b-499b-b583-cc63dbd7158d,6266
5456,131.85,Refunded,2025-07-16 17:22:38,713e5488-fb73-44d8-97f8-833df2463bde,3421
5457,172.3,Refunded,2025-02-18 09:00:06,bac1b509-f04d-48c7-82b4-37c02577466e,302
5458,88.32,Paid,2025-02-11 07:30:00,5a599574-cded-4351-9686-7b24a4c7269b,1250
5459,203.09,Refunded,2025-04-13 15:43:21,b3fe8457-29bc-4cc2-840c-07a452c61127,8309
5460,149.66,Pending,2025-05-17 09:47:31,12299ea8-1f8f-482e-ad71-376322ad10ae,6325
5461,23.56,Paid,2025-11-18 08:54:02,81b54b19-5b07-4d10-91cc-cbdbdad8c94c,2484
5462,114.97,Paid,2025-03-26 14:23:08,bb5de02c-60f2-41f1-95b7-3177607bd3f8,6311
5463,192.16,Pending,2025-01-09 01:00:16,f2c62f60-22b9-4ffc-8fd0-d2bf1a0d2030,1780
5464,54.25,Paid,2025-06-07 13:05:40,0aad304d-826e-4ad5-b6df-b8336fc2b771,1127
5465,81.57,Pending,2025-02-17 16:37:14,5e387f58-90d3-4266-95fa-386bfbe92a73,5762
5466,23.74,Pending,2025-03-20 23:17:11,9e5a143d-c90d-47a8-b13e-a2b96551a835,4733
5467,30.39,Pending,2025-03-15 07:04:33,d8cd8c75-e9ea-4043-a682-a5bd455aed8a,2732
5468,88.84,Pending,2025-10-05 14:36:58,88460cc8-cd94-4e57-9035-134bbf71ddf8,2227
5469,158.75,Paid,2025-07-06 07:35:42,62a6a030-96e5-4169-9b59-a08e33b10852,59
5470,146.06,Pending,2025-04-11 07:40:31,0e629e9d-c767-4da7-90dc-c3e5aa8a1b60,4729
5471,114.44,Refunded,2025-10-18 15:09:12,62d3b1c7-7206-4f26-aa40-690c61ddadf6,6282
5472,208.45,Paid,2025-03-03 17:28:09,219f376b-443a-431a-ad59-f5b5ca87ac1c,4375
5473,125.06,Refunded,2025-10-07 03:22:00,b79760e7-8678-426d-be34-ab0c6aba0463,8812
5474,173.36,Pending,2025-07-07 03:54:35,45464d43-f2ac-4801-9911-45b32c17ee19,8097
5475,104.43,Pending,2025-11-17 07:11:24,b02e7f62-3c0f-4f9b-ad68-3daeae903a21,5538
5476,75.42,Refunded,2025-05-26 19:11:25,1fb8afd6-73df-4869-a134-19a3ae4d2ae9,639
5477,153.86,Pending,2025-04-17 09:39:59,140ea646-9fb6-440c-ab11-256a2d3d70d8,2470
5478,205.9,Refunded,2025-05-29 02:33:58,d6d056e6-2145-4dbf-9079-bfb42db48e4f,7356
5479,201.03,Paid,2025-03-28 10:28:42,1ed4efb0-d9d1-4c81-9412-5679ddade1aa,5727
5480,151.23,Paid,2025-04-16 02:05:45,42916bf9-fa35-4682-85fb-b63ffa824370,1927
5481,35.75,Paid,2025-05-27 15:02:36,858cec23-ff38-4bc5-bcdf-7cd11240d041,7576
5482,193.5,Paid,2025-07-11 02:49:53,54a8b4f1-d6c3-472b-996d-51197163fd54,2697
5483,65.47,Pending,2025-01-07 09:00:38,46e21131-7df5-4093-8f98-0df106c73e3c,7719
5484,130.09,Paid,2025-05-13 21:44:32,12790505-9546-4317-b37a-557de3571474,623
5485,82.43,Paid,2025-05-31 18:25:12,5b7dbd29-d2aa-4940-81fe-8414ccb7d0fc,40
5486,87.35,Pending,2025-01-28 04:10:31,769703f4-becb-47a9-aa8b-9f134a0d4d57,134
5487,40.39,Refunded,2025-05-26 02:27:22,6bb2eaaf-3252-4d34-83c3-daee672fcff9,5377
5488,86.43,Refunded,2025-08-04 02:59:33,52f0b2c2-abae-435d-b539-d69fa7155347,5825
5489,106.31,Pending,2025-06-06 16:41:22,d91ce8a9-b730-428c-a2b6-ff06ad34afa8,2010
5490,70.03,Pending,2025-11-08 09:52:30,378f73b6-f255-4b04-ba9b-dc0af501f36b,100
5491,150.71,Refunded,2025-08-23 16:15:19,35891d20-295c-4dde-8d6a-2ce8c2457e40,9436
5492,76.62,Refunded,2025-10-03 17:21:13,f912e770-1bf9-42a9-90e7-1f44ef3817c1,8537
5493,124.97,Refunded,2025-05-02 08:42:28,63db345d-5687-446e-9a2d-658416a349d8,3567
5494,128.01,Paid,2025-01-04 20:31:00,c148d751-616e-4d1a-b021-5ec4402cb37d,4145
5495,160.9,Paid,2025-03-20 22:48:43,2e0ce385-76b6-4721-91fd-6006a8f242ab,2101
5496,115.27,Pending,2025-06-12 06:25:01,359c5ad5-5ab0-4ceb-a5cf-3776d5af677d,8159
5497,126.37,Paid,2025-04-20 08:53:04,1b6627e6-abc3-4a86-b5ae-710080390bf0,8110
5498,114.66,Pending,2025-09-23 03:26:40,d9367684-258c-4beb-89ec-0047f0d797b8,8897
5499,118.65,Pending,2025-10-15 13:32:50,6ec07715-81f8-457c-b2e6-75fde8f0a918,6989
5500,53.2,Refunded,2025-10-14 00:58:47,17bedc1e-7082-419b-b3a2-f1758d827f21,2101
5501,139.01,Refunded,2025-06-18 10:20:17,0ce59cc9-796c-4ad6-8c69-c2a7a6c72a92,9122
5502,160.4,Refunded,2025-11-01 14:42:41,423606a3-c737-46b9-afbc-9aeba926a5e7,2901
5503,45.86,Paid,2025-01-11 07:40:13,e4901ecc-086e-427c-b453-ae030c973830,5195
5504,113.62,Refunded,2025-09-17 21:35:48,806862f6-057d-48a0-884c-254bf4da3c98,6339
5505,148.85,Paid,2025-02-08 15:56:28,be84881d-e872-40e2-8024-0df4203c1bf4,3871
5506,43.54,Refunded,2025-01-05 18:00:14,552ac99b-ee9b-4ef9-975e-4c60d9a45fff,1491
5507,91.71,Refunded,2025-10-16 04:53:09,be887237-de32-4a72-bfd1-f54399da7b13,3379
5508,128.82,Refunded,2025-04-26 23:17:57,c788af4b-ae46-494a-ae4c-f7d21496600d,7038
5509,179.5,Pending,2025-07-28 18:51:14,13a49530-6981-4bd3-8bc3-f92a79aa2103,8473
5510,33.01,Refunded,2025-09-30 16:05:59,d8df8cbd-2535-49e3-af71-39668d080728,9474
5511,101.93,Pending,2025-06-08 08:21:33,74b50893-9951-47a0-a7f8-7344bc9f9bc8,8426
5512,142.67,Refunded,2025-02-12 19:57:14,efdbd1a6-0e53-44e0-92b7-319543af2a41,51
5513,39.35,Pending,2025-03-07 12:17:58,92a8ef5a-4a87-4579-957e-dcd7d0637521,9678
5514,193.78,Paid,2025-05-14 15:00:03,0f07eba6-3b1d-4f5f-aba2-d990feac6577,2834
5515,109.93,Pending,2025-10-09 00:27:12,187ea3c3-942b-4ef3-ba8b-92c625bd77a8,2076
5516,112.49,Pending,2025-07-16 04:44:59,c177dcde-b9c1-4e0b-814b-153ad9dfb84a,3577
5517,78.95,Pending,2025-01-04 17:36:50,bab768f5-fdc4-4757-9a13-86cb6a4e2ba6,5040
5518,207.38,Pending,2025-01-10 21:36:23,18e60cef-dcba-4539-9f7a-5f67b20019f0,383
5519,77.75,Pending,2025-03-23 15:45:04,8f3405a7-36dc-4c0b-b63a-9b86b1e61170,4612
5520,176.75,Paid,2025-02-10 06:08:01,77f8fa03-f4cc-40b3-b561-1cb82cb6a5c9,3655
5521,23.96,Paid,2025-08-08 07:57:39,b7288c3b-1fe6-4808-b055-8be292c4f80e,8213
5522,134.06,Pending,2025-09-09 08:04:47,c2cb9271-c02c-405d-850b-68d019f044fa,4397
5523,117.43,Pending,2025-09-06 03:28:45,b5299f96-90a6-445e-a6b2-7e6a34c7dc1c,2741
5524,141.56,Refunded,2025-07-01 19:21:18,3cd54eea-bbbb-4cc7-8f3e-60ec9a910a8a,4510
5525,103.67,Pending,2025-02-09 08:21:42,1f2f5b55-4eff-4b84-83a7-dd9958225932,1234
5526,131.46,Refunded,2025-07-29 05:58:33,5b7c9a3a-866e-4552-9d66-d5b33f6af410,6156
5527,154.14,Refunded,2025-08-11 14:53:07,de5ade1d-ada3-4b8a-ab00-f4b301c997fe,8031
5528,59.86,Paid,2025-02-07 03:12:29,b34eb54c-114f-44e8-a698-92e423c55ee2,1095
5529,185.47,Pending,2025-04-26 00:35:38,bc9c8dba-1b70-49bb-9882-3804b22d0474,3166
5530,40.74,Pending,2025-02-05 02:58:08,7ec039ad-3658-4f97-984c-a28357725387,8545
5531,124.98,Paid,2025-06-07 14:08:43,2f07eee1-176c-46c2-90fd-682ddb3baa58,2896
5532,54.46,Pending,2025-09-23 20:16:43,242b3438-fa71-4947-a684-de4285a2f746,2970
5533,110.94,Refunded,2025-08-18 14:45:17,033461b2-75f3-4ca6-8702-07e43c369e12,4299
5534,156.62,Pending,2025-07-06 00:03:25,30c8fad3-a16b-48a7-b468-82387404ecdc,2601
5535,170.89,Refunded,2025-01-08 10:07:13,6596099f-fa35-474e-aa78-03022b8e3875,1096
5536,175.77,Paid,2025-09-08 08:57:54,6b47bbe7-9fa0-4006-8159-210e3041105f,3298
5537,109.81,Pending,2025-11-17 20:37:30,6f5e65f4-b80c-4aad-8c6e-dcb830057d77,4256
5538,192.15,Pending,2025-10-10 13:52:39,7360e3f4-a6fa-45e3-ae8d-0cfacbbbdd5c,5832
5539,127.33,Paid,2025-04-07 00:29:48,b5bffb1d-b1b2-416f-b6a2-c216bbcfc101,2319
5540,92.55,Refunded,2025-02-09 00:49:16,261d6a8c-d28a-4913-bfeb-3135fd496622,8034
5541,192.85,Pending,2025-04-21 10:59:59,b03c8540-7e18-4730-9eaf-702eb3328e80,2940
5542,190.69,Refunded,2025-10-13 09:19:12,70cafe92-fe01-4418-98f2-09c88799aa46,2635
5543,126.3,Pending,2025-08-11 13:01:26,bfad052c-8d14-4b3a-bcc8-c9e3d1ba0a56,5791
5544,119.14,Pending,2025-07-12 16:12:37,2c87acec-d29e-44ba-8ea5-8de795376809,2019
5545,72.25,Paid,2025-05-27 11:16:52,c38c8cfa-efeb-4308-b732-dd54875fe409,2452
5546,152.14,Paid,2025-11-14 15:40:10,85b6ad4f-ed9b-4c68-965d-445c2d508d95,6783
5547,117.74,Refunded,2025-10-10 16:46:18,5dd78463-6afc-4e9e-b40b-b43b15fd1386,2483
5548,150.13,Pending,2025-03-27 13:25:23,45727d6d-797f-4c5d-824a-6bf74181d67e,6703
5549,73.48,Refunded,2025-09-13 08:07:41,d9c89725-c0fe-4e44-89a5-c776ac472ad8,9159
5550,52.18,Paid,2025-06-22 21:33:39,815d8dec-328e-4e9e-a1cd-b58c4ff1b540,1193
5551,86.64,Paid,2025-07-05 15:25:57,cd1169bb-7134-4b74-bead-58942d671ddd,2589
5552,21.6,Refunded,2025-02-23 20:12:57,71c60f73-54dd-41db-9488-690dbf4539e6,377
5553,169.51,Refunded,2025-10-17 23:44:46,d9c63553-ed64-4747-bd90-6cfc5f7b08e9,1762
5554,138.43,Refunded,2025-09-06 13:13:38,6fa3163c-a4a6-40a0-ab3c-e26d4bd305ba,6766
5555,208.06,Refunded,2025-10-29 13:51:56,e29621e0-1d71-4188-a1fa-d2902574b7ce,5014
5556,87.1,Refunded,2025-02-09 03:54:11,b607d9ba-2f57-48ce-839c-b8dc6df36219,4913
5557,70.98,Pending,2025-09-27 03:43:55,2796606c-2281-4492-8785-0bef392bea4f,7880
5558,163.35,Refunded,2025-05-27 06:39:58,521ecdad-6187-4dea-96f1-8f17e279ff9e,671
5559,81.83,Pending,2025-01-25 13:19:04,bd765f39-4260-4d32-b830-0e67c5aef5ec,4361
5560,61.24,Pending,2025-01-09 13:50:00,274281c5-f49f-438e-9b6a-383e5d5a302f,937
5561,195.4,Paid,2025-07-04 18:45:18,6b84bd42-1e40-4190-a0e5-94e08dd60fce,4288
5562,206.96,Pending,2025-09-10 09:57:28,85d9ba68-fd23-4c80-b14b-8ab3ef1b6c1c,5478
5563,111.52,Pending,2025-04-01 03:41:32,e3a9b85c-dfed-4c2c-b0fd-15e5fbff865f,5516
5564,158.75,Pending,2025-04-19 02:00:42,4269a7f4-5404-4b1f-bf58-0f79a5948cbe,3952
5565,170.05,Pending,2025-02-27 19:43:28,0c5f9275-a0e8-4a76-b9c4-7d14051adeb0,9
5566,71.06,Paid,2025-09-18 18:29:38,3d7680b1-2d7a-421f-bd18-d64f67cc69d7,7313
5567,146.97,Paid,2025-09-17 16:03:02,2420bd1c-fb6c-4cc4-b21e-234006466dd7,5375
5568,103.66,Paid,2025-09-08 20:35:10,da0c07e3-1b18-41cc-bf94-4fdd850a78d5,67
5569,121.8,Refunded,2025-05-06 15:57:28,27e46505-f882-462d-9c79-c957b7bbd0ce,7268
5570,39.12,Paid,2025-03-15 09:47:20,337cfe4c-cd7c-486b-b262-e6c3681acbe8,439
5571,83.48,Refunded,2025-06-19 00:05:01,5f1303de-c6b0-44eb-a389-8edaa37a1738,8176
5572,57.58,Paid,2025-03-19 20:20:44,1f74e1b5-2ffe-4a1d-8990-e227bc5c3036,5435
5573,141.24,Paid,2025-06-20 06:55:15,7d3eaed4-ebf0-44a5-86db-d4867a1578f3,6027
5574,42.58,Paid,2025-08-15 23:43:27,66557d64-8e14-4c45-8e56-463526766a88,442
5575,131.22,Refunded,2025-07-12 02:27:48,ae770c94-3588-4f4e-be16-ff4d6afd8df8,2397
5576,39.69,Paid,2025-09-20 01:46:56,017d93aa-8750-4157-a240-d482a29794a7,8864
5577,50.06,Paid,2025-10-14 06:16:05,be0e7ca8-f8d1-4a4d-8c84-0f9ef17074f0,9692
5578,180.15,Refunded,2025-02-13 02:16:02,cf648a3e-aada-4963-931f-1fc865104c99,8171
5579,191.41,Paid,2025-07-02 06:16:00,1faeb605-5553-4155-9121-6b866104a94c,173
5580,53.91,Paid,2025-08-13 02:20:55,af5977e8-6104-4b91-939e-bca8ed1d1679,9883
5581,30.13,Paid,2025-04-28 00:39:42,f711cf84-e402-4ee0-ac4f-61eca3a441d6,5438
5582,85.6,Refunded,2025-06-15 13:23:54,314573bb-5bea-4318-93aa-2c7d314ff3c4,8260
5583,187.92,Paid,2025-01-28 16:52:50,e2df859e-975b-4ea3-b185-29b64d45a0b1,3634
5584,170.02,Refunded,2025-09-01 05:39:52,09087098-b4d4-4b5b-8b30-9260473a7ad7,2923
5585,43.47,Refunded,2025-04-11 05:52:31,6053a7d0-8234-4d4c-85d9-f02dfa8ff958,3798
5586,208.61,Paid,2025-03-05 03:45:34,7119089a-e23c-4a4b-ae4c-6ee59c078eb6,394
5587,68.76,Pending,2025-09-05 10:40:21,d11bc777-f09e-4539-ba6c-a9fcd61ff5c4,1364
5588,77.19,Pending,2025-08-18 18:42:37,3da96add-b954-40a5-a548-cee912b6b46e,6866
5589,192.03,Paid,2025-01-16 14:31:41,75f567a6-6386-4564-a809-90769872b7b4,7930
5590,204.02,Refunded,2025-06-29 19:03:37,bc2467c4-a3df-46d1-ac36-873ff406f8f6,7856
5591,76.12,Paid,2025-08-04 03:39:16,3c6ae9e9-02a1-4756-8ddf-cd7f8fbcbf3b,5466
5592,143.41,Pending,2025-07-23 02:15:04,3a2f337e-9bd2-45a3-979f-10f37f1662cb,6488
5593,162.11,Paid,2025-05-18 06:56:06,328773f2-25a8-48ea-9a30-b33f5b59dbe8,7742
5594,204.76,Pending,2025-02-12 16:20:51,a3057b3b-45b5-482e-9fcc-094e64a28662,3949
5595,206.79,Paid,2025-07-13 08:38:06,00f4e4f0-24a1-41fa-837d-6584e20e190a,2593
5596,70.66,Pending,2025-10-25 18:41:13,a5bd63fd-0a97-40ec-bbee-50211a755fa3,1708
5597,40.37,Pending,2025-06-21 08:53:20,1d70e1ff-785f-4782-9e8e-c510dd0ae88e,8687
5598,88.18,Pending,2025-07-07 02:32:56,a0061f98-1d69-4e25-bc62-e07bc63c1041,8676
5599,176.29,Refunded,2025-07-18 05:14:07,a02c3108-8a6e-4367-b312-6c3f1b7bc40d,7984
5600,180.12,Paid,2025-01-29 18:59:11,260fad37-a3e5-4efc-8707-cd80ac2e8a64,7031
5601,28.74,Pending,2025-08-10 23:51:01,37c089ed-6f67-449b-8e18-22c23f7fb720,8222
5602,179.69,Pending,2025-01-18 00:24:45,1a604dc2-ccf3-4c5d-94f0-dbd1171d0414,1819
5603,99.28,Paid,2025-09-22 18:06:36,bfb4a4e6-18a7-41d6-96d0-3f0ce46b99ee,9030
5604,84.32,Paid,2025-01-20 12:43:54,def2ed2d-83cf-4886-bcea-e9160c198a15,8236
5605,187.46,Paid,2025-03-27 10:44:33,36042df7-1e37-49c1-9882-36592432843c,5006
5606,33.18,Refunded,2025-10-02 00:01:47,7e07029f-a85c-4910-b5e3-cc2d5994495c,7177
5607,180.56,Pending,2025-06-26 04:26:49,00eb2ca2-b32c-4b8e-b44d-415d7c742707,267
5608,143.23,Refunded,2025-01-14 19:08:55,6b9add73-6aed-421e-804f-7063088986e6,2413
5609,58.37,Pending,2025-07-02 00:38:23,c96b6c91-6e84-41ef-9744-5498db9d2986,1503
5610,23.26,Refunded,2025-02-04 00:43:11,a94eb117-54c2-41d7-bb2a-a9b784aa18d6,2822
5611,28.87,Refunded,2025-01-11 02:46:32,d963d753-14fd-47a7-82cf-8f0bcb5bab75,7519
5612,171.57,Refunded,2025-08-13 05:09:11,96bc713d-efd2-4592-95be-d528b8d8e432,2858
5613,91.92,Pending,2025-08-30 06:34:19,32dc90ae-bea7-4491-a6eb-4fa6dd2cb269,1479
5614,47.15,Pending,2025-07-04 23:09:31,c5b865da-dc8d-4ae7-95b4-a3b8478694a9,5340
5615,164.94,Pending,2025-08-23 10:46:16,197b568c-726d-4c52-a320-4831d8536058,7425
5616,142.72,Refunded,2025-05-30 21:38:32,8b7b39f7-07d3-4cef-9e69-f707d99d5ffa,3127
5617,94.64,Pending,2025-06-24 23:53:28,b0dae62d-63ad-4614-8655-72a437d1a30d,3611
5618,112.6,Pending,2025-10-06 16:36:09,2cc3777c-e63a-4f87-86ae-99fe6492eb83,6992
5619,87.28,Pending,2025-03-11 07:15:49,86f324ff-ce2c-427e-b117-ca961c23b0a5,6808
5620,143.2,Paid,2025-09-11 04:38:11,1bfa9522-db11-409d-a806-6776956540e3,8738
5621,122.34,Refunded,2025-08-06 17:44:05,36b4c314-e2f0-4c30-9903-40ae86b293a9,7659
5622,28.47,Refunded,2025-01-15 19:41:27,a1389b02-16de-43f6-913d-29275ee11544,8120
5623,28.63,Paid,2025-07-05 22:28:29,5c0597ec-c2bb-4936-b4aa-9014179ce8cc,8557
5624,90.49,Paid,2025-04-27 10:20:33,8b9907fa-92c9-4b3c-b8c4-a6768bd74f0c,4692
5625,22.39,Pending,2025-05-06 21:22:17,30d860ab-a8c2-4eaf-bb96-c66496781547,2202
5626,76.64,Paid,2025-07-11 02:22:56,229987d1-c90a-49e2-9d06-fc60404443f9,7677
5627,156.26,Pending,2025-10-23 13:46:08,be117436-f2ed-4080-9c0a-de2ac6cdf480,2674
5628,78.25,Pending,2025-09-16 17:08:59,c05b79b1-cafe-4656-810a-4a80039c5c52,2180
5629,140.7,Paid,2025-07-03 23:07:18,bd21cc5c-3f79-4896-a070-a943fb157243,1412
5630,38.97,Refunded,2025-05-09 04:45:50,0125537c-c3a1-4622-9ab9-d990fd49b6b0,7952
5631,53.2,Refunded,2025-09-13 03:51:27,c5c27aa9-a340-4ac9-b1ad-7e8651bb5595,872
5632,180.94,Pending,2025-06-03 02:10:54,6bb664a6-6e1c-4fdd-9ff3-4bb394144950,1679
5633,43.83,Refunded,2025-09-12 22:20:55,4db59e01-a49d-4e0f-a693-4da4c26cbf53,2144
5634,150.85,Paid,2025-01-13 02:03:00,10866b02-a9db-48a5-884f-bc5a5834a810,6098
5635,45.27,Paid,2025-10-07 05:45:28,00031072-0335-4bce-aa65-eb6cce7b905d,9075
5636,94.79,Paid,2025-02-27 14:25:21,605d9391-ae01-4e39-b9e8-a4a32f438514,1517
5637,207.27,Refunded,2025-09-11 15:36:40,772ff89b-9cf1-4549-8e9c-a956e787f1e3,9693
5638,201.46,Pending,2025-10-28 17:17:29,911b7bcb-3ea7-4cea-824e-2eb7b900d407,6686
5639,34.94,Paid,2025-01-18 01:17:53,2803a8c9-e881-4420-be7c-0ba2a0691eba,3780
5640,117.0,Refunded,2025-08-03 20:17:40,349ade52-9b8b-4140-884d-0bf394a214fe,3074
5641,125.12,Paid,2025-11-13 06:51:45,e66c1fb8-543b-4f1c-ba1b-086ca4c6c067,6180
5642,93.42,Paid,2025-09-09 21:06:13,65a8ae9b-0121-40fb-a3ab-7043b42ce802,5428
5643,194.86,Refunded,2025-06-14 10:38:57,fc282876-06ec-4ca0-b3f2-77de59278f2f,7766
5644,37.53,Refunded,2025-01-24 10:24:40,730f2ff3-4a53-4162-a3f5-cbb801bd683e,4185
5645,173.32,Paid,2025-02-28 23:29:33,b6a07349-6e07-40a7-8bb3-ff04ba8709cf,3277
5646,47.34,Refunded,2025-01-08 12:10:01,bb726703-bd67-4aab-b68e-1d00e90e3fe4,837
5647,201.97,Refunded,2025-08-24 02:59:13,04661f53-af12-4f06-bceb-b55182db9417,7922
5648,52.77,Pending,2025-03-07 04:07:00,290e97d8-6a14-4ce2-a75e-f6b08282df83,3481
5649,114.57,Refunded,2025-06-26 12:48:22,75aff3f1-d679-4205-9dcb-0602dec153c7,1093
5650,100.5,Refunded,2025-11-10 14:27:55,d603d6aa-0445-47c4-bc61-3f975596c27e,9554
5651,25.32,Paid,2025-07-29 07:01:35,550a4fff-93c3-4aff-8037-2511d87ec0c1,7625
5652,126.83,Pending,2025-04-15 17:49:00,72fcf4f3-68c9-4080-88a9-340332eb9c81,4223
5653,195.32,Pending,2025-01-23 03:28:17,db38bbb6-1374-47b8-842e-12aed80cef7c,9951
5654,195.45,Pending,2025-07-09 22:42:05,c93f8310-d9e3-44be-aec6-874fcbc113f4,2212
5655,31.06,Paid,2025-10-01 23:55:23,10fb1a92-6587-42c4-b052-7e8f50677a15,1627
5656,101.31,Paid,2025-10-08 13:07:50,a3efcd98-79e3-4fd1-8ff8-5dae236790cc,5201
5657,181.41,Paid,2025-06-28 23:41:49,f3ff6c76-207a-46b8-bf45-5afa65119dc0,5762
5658,133.78,Refunded,2025-07-17 15:53:50,8b3d664c-9d7f-43bd-8906-d91366e1314a,4472
5659,20.49,Pending,2025-09-12 12:22:03,ead246a5-1b23-4f2b-b546-ba21081b5cbe,5821
5660,139.2,Pending,2025-11-03 17:22:31,b4df5303-9caa-480f-b3bf-8e2501777e67,7263
5661,48.28,Paid,2025-06-04 23:24:22,f9fde68c-7938-4818-9faa-90c85dbc9d21,4845
5662,51.62,Paid,2025-04-17 05:15:24,ad40e7d8-264b-4897-a3ac-3380ece485d9,2753
5663,58.08,Pending,2025-09-28 02:59:57,ce98e4df-c23d-47b6-81c6-c6235d417cff,6016
5664,47.37,Refunded,2025-08-05 00:17:12,7370aaef-4ac4-4d60-9c18-dabbda40552a,6459
5665,41.1,Pending,2025-06-02 14:31:23,50390c84-f3fb-405c-9c16-b8b02305d0ea,6608
5666,45.71,Paid,2025-01-29 02:02:00,40557a89-2f9b-4d56-93d5-940e0e05c77b,9470
5667,196.17,Refunded,2025-07-04 19:24:50,a1f343b8-2fb0-4d8e-b12e-d65f113be032,2105
5668,208.05,Paid,2025-01-30 12:47:03,4fb974f4-96d5-4fd6-8458-434e5a77b475,8941
5669,207.15,Paid,2025-07-23 06:02:23,6f79ec7c-4227-4a48-9bf4-38b74ae1070a,6875
5670,98.17,Refunded,2025-01-29 10:22:45,b79b08d3-b5ba-45d0-8bc1-613fefa4f21c,8630
5671,120.14,Pending,2025-10-03 01:41:01,72eee1d2-1aa6-493e-8e6a-bf44e2fc0f19,8052
5672,177.89,Pending,2025-04-01 22:45:54,fa386345-24a6-479c-8cfa-ceb970b6caa7,3052
5673,150.63,Refunded,2025-08-14 16:59:16,8d551584-1996-4a1f-823c-5f5fc1cc3d74,8427
5674,88.91,Refunded,2025-05-12 18:54:42,0526d6d8-589b-420e-9bd1-2e480862f77e,8311
5675,203.11,Refunded,2025-09-22 16:56:41,11a58f12-7db3-4bae-a827-416b43fc3daf,2662
5676,58.05,Refunded,2025-09-18 00:10:50,0692d7b2-d7a0-4a6d-92bf-06fe06401920,305
5677,120.87,Pending,2025-04-11 21:30:37,1dcc969a-ea87-4258-8d0e-c2a23ea01d46,515
5678,192.31,Paid,2025-09-07 00:21:24,0fd0267a-358e-4dbc-95ce-6ac5f58831c2,1372
5679,125.48,Paid,2025-01-23 06:50:05,5f718265-7cce-45ba-aa6a-601c1d3a78c0,480
5680,209.37,Paid,2025-08-20 13:35:36,a905f952-1694-4e43-9b29-6f60e5043665,4161
5681,45.1,Refunded,2025-04-16 19:45:39,098b702a-b584-44fc-9595-de4cba0786d0,7517
5682,20.39,Pending,2025-07-28 14:43:31,7d77116f-14b4-4771-ba8c-740af75d7f8d,5175
5683,61.52,Pending,2025-10-08 07:51:28,b86048b0-144d-4bed-8059-5e014807aa2c,4296
5684,22.32,Refunded,2025-03-30 14:02:53,e79695cb-f7af-4439-ab79-b15834c1c8e9,8706
5685,136.48,Refunded,2025-05-01 12:35:24,76443cc3-1fca-4d11-8048-368e7ccd266d,1396
5686,175.12,Paid,2025-03-07 07:29:49,5adfa872-fbdb-4493-aa17-56cb1c990e3c,6656
5687,87.73,Refunded,2025-04-27 02:40:06,c58c7d7a-0dc1-4690-a21d-70f12107a995,3620
5688,163.53,Paid,2025-08-23 02:28:53,644187c9-fd09-4cc2-b6af-75588223d7d1,9921
5689,66.58,Refunded,2025-11-17 10:39:34,0c55c28c-3ce2-47ac-8ae2-a26e44ed575b,2364
5690,129.45,Refunded,2025-03-11 14:05:32,040b6c75-4e02-441b-8c9d-b221c707d0de,9217
5691,50.34,Paid,2025-11-16 08:42:52,85614b97-d429-48b0-92d6-1c17ee23ab4f,4646
5692,124.17,Refunded,2025-05-02 17:11:48,0c8d7182-329e-466b-97c1-8407de1b1460,8338
5693,115.34,Pending,2025-05-10 05:40:41,eeea49e5-e928-499b-8147-5e52b5f4dfea,6515
5694,159.66,Refunded,2025-07-10 07:50:04,c1239079-1079-48a3-a24a-173a4a8a8af9,910
5695,126.94,Paid,2025-05-08 14:40:06,57dd8e04-93b4-4f95-85db-43eafea196d1,3159
5696,44.08,Paid,2025-06-24 09:47:28,db1ff6eb-ad0e-4965-a1d0-b1cb539e439d,2411
5697,69.75,Pending,2025-02-09 15:36:28,1899b33e-8651-4663-ba8a-5d0c4770baa6,133
5698,202.72,Refunded,2025-07-23 19:02:49,76bcccfe-5796-4eda-bbe3-27d0256b5442,8808
5699,26.39,Refunded,2025-01-03 12:47:10,874f0a45-24fe-4514-8cd7-f44f7800c6cb,9633
5700,87.66,Pending,2025-01-28 19:50:04,6cbecd9b-c428-452f-b9c0-502b40b1fb19,7108
5701,169.55,Refunded,2025-07-25 17:16:13,6d4de5db-0a03-4db8-a4be-1b5d88d7947e,4550
5702,180.77,Refunded,2025-07-28 10:54:45,e968e7bb-184d-4888-a211-adc8df063b08,1492
5703,196.62,Refunded,2025-05-26 06:29:28,ee3e8d69-efcc-440b-9e4a-071407f5e0aa,2733
5704,196.32,Pending,2025-09-26 15:49:23,2784e247-6e66-4c57-9cfb-f718e2dd6731,7026
5705,159.48,Paid,2025-03-10 20:33:00,f4eb2d51-211b-489c-a274-96808a815260,2566
5706,118.59,Pending,2025-08-07 08:50:18,6e230653-00e0-42e9-85ef-bbff5ce89b4f,473
5707,82.88,Paid,2025-06-06 16:19:56,59f7e09a-29e3-44ea-a0a5-22ddb6ae8087,1212
5708,47.7,Pending,2025-04-24 19:32:41,bb2a46ce-df58-4087-9616-94256cbf4b81,937
5709,149.08,Refunded,2025-02-21 03:55:31,aab66e45-097d-4147-841f-2e1a6a2a30ba,7537
5710,113.28,Refunded,2025-06-28 23:52:05,86f15f3a-d898-4c5d-8c2f-09e4d9b826c5,2998
5711,77.46,Refunded,2025-07-08 10:57:35,51f75c48-762e-4523-84d5-a8eb3022440d,3432
5712,24.62,Paid,2025-09-15 11:20:06,e4a26595-428d-4d98-8cdb-1b8fe3ed2122,869
5713,184.39,Paid,2025-04-26 02:47:33,15b7ea34-7516-43e1-a24c-803563c74c8d,2464
5714,58.76,Paid,2025-03-29 09:23:11,3d49a2bf-8bec-41de-8f1b-bf2ce654a252,4855
5715,190.19,Pending,2025-08-27 21:13:39,4ecb8c18-f5e0-4f32-9e42-577564cd1e19,753
5716,129.4,Paid,2025-09-13 22:40:02,df90c578-7fb9-4ab3-977c-b911319c5743,8683
5717,137.99,Pending,2025-11-09 05:11:12,1a05d2d1-98d4-40cf-bca0-9d24e0b7d188,4377
5718,209.84,Refunded,2025-03-07 17:27:12,06ee1b84-2fd0-4432-9245-10b35a398a8d,4346
5719,123.5,Refunded,2025-06-29 00:52:34,d051d053-bfb3-479a-9fd1-d44f86d7b35d,4964
5720,174.88,Pending,2025-11-07 12:01:27,2d17eb25-12c1-4cfb-b4ff-8479f7e39ae1,9574
5721,120.78,Refunded,2025-07-10 23:45:12,9ada0cd0-43a5-4969-836a-c8539bd97a3a,2347
5722,21.38,Refunded,2025-09-20 01:25:19,2d079ddd-1ec2-404c-af1e-be24c7b3b109,6754
5723,84.54,Refunded,2025-10-06 22:35:24,d472cbe9-c27e-4ff2-a5ac-d5b9433292e3,9621
5724,72.52,Refunded,2025-06-19 00:37:12,a0df222b-332f-4b4b-8148-23fdd7ea8fe1,6198
5725,48.01,Refunded,2025-04-10 10:28:05,46d8eef5-6c91-4aa2-8d93-701a13cc7b00,6418
5726,24.92,Pending,2025-08-27 09:20:46,4a4d43c6-912c-4dfb-af73-bb7cddb5680b,252
5727,107.77,Pending,2025-01-22 14:15:32,d0e248f8-9c55-4de2-9403-c6f26b565644,1700
5728,86.84,Pending,2025-01-24 16:22:06,e8e2a284-9860-4c1f-879c-c08bf9d9b6ce,6231
5729,90.19,Paid,2025-05-07 07:26:38,5ef81f81-556c-4c89-98f5-3b8db0838d07,6448
5730,50.75,Paid,2025-06-02 11:55:23,d3f6ada8-11af-4f1e-a072-e47b61799a2f,7181
5731,59.75,Paid,2025-05-25 04:10:15,1673bdf6-50a0-4b02-a9f0-268d48484fe6,2424
5732,22.09,Refunded,2025-05-06 15:28:23,b8809a61-2695-4a34-8f1b-7fb78443936c,2155
5733,166.56,Refunded,2025-01-18 15:26:12,d66ce013-84d8-47d2-96d8-8283a6bde663,3705
5734,137.69,Paid,2025-11-11 23:57:16,2986baee-4270-41cf-8d47-669e1087a0da,8287
5735,185.36,Paid,2025-06-12 21:02:56,870ac656-ff26-4598-9669-ab6974a51688,834
5736,28.76,Refunded,2025-05-26 13:06:16,1f611a69-a8f4-4f94-8d06-55485ea19297,556
5737,187.66,Refunded,2025-01-10 23:27:29,c0e4e906-d721-43f4-b391-11339cda780d,5911
5738,106.17,Refunded,2025-07-16 18:34:16,8d569594-57f6-43b4-80eb-9cebb24bfc98,9584
5739,155.0,Paid,2025-07-14 00:52:49,bc4aeb15-1f24-45c0-a7ca-98afd70e4221,9789
5740,55.91,Refunded,2025-09-25 15:05:48,107d114d-b8c0-486e-91ae-b42249f5fcd8,4845
5741,61.3,Pending,2025-07-14 02:12:47,c709e835-9171-4403-82e8-3a6f4326f1af,4277
5742,180.65,Refunded,2025-05-17 13:12:24,3344fe71-3d3d-43a8-84fa-30124aacd435,5377
5743,21.93,Pending,2025-09-22 11:04:27,2d068efb-b2ae-4824-8d9d-97802bf3b124,4226
5744,67.42,Refunded,2025-01-10 00:41:41,dbb5fe59-2f11-4cc6-b11c-fa701f8ada6f,2956
5745,174.74,Pending,2025-04-23 17:42:21,af168359-0f2f-42d2-956a-fc7f23b2b8e2,2573
5746,165.77,Paid,2025-06-23 06:01:12,a22cf954-c15a-4695-9dea-852ea582f937,2741
5747,31.42,Refunded,2025-08-10 16:01:55,c9250f7c-f995-4e9e-be77-77cc955065e1,1323
5748,97.11,Pending,2025-10-10 11:35:24,86d90b21-1682-4b8d-a42e-616dda6d5afe,969
5749,85.16,Paid,2025-05-22 20:34:36,468b4971-0cef-482c-96df-df6ec84dc3c1,5542
5750,55.72,Paid,2025-03-17 23:04:57,170b38b2-bc45-436d-9aa1-73f5bcfa6466,8022
5751,130.42,Pending,2025-03-10 18:26:00,a9f3a24c-d50a-4666-90f4-f95a7d4197e4,6658
5752,182.24,Refunded,2025-02-01 13:47:13,dd918067-aa19-4fac-a699-03a976ba3728,6432
5753,142.89,Paid,2025-07-19 04:59:52,9a0de728-fce3-4329-a73d-2d50809a08d0,370
5754,169.86,Pending,2025-11-16 11:27:13,66a1c20f-1829-4f9f-8348-3a20d4381049,1771
5755,110.99,Paid,2025-11-06 20:31:57,af53b90a-a793-4533-ba69-4b2e98249c55,1478
5756,96.76,Refunded,2025-06-10 10:12:42,3113f371-6fe8-4dd8-9fe8-00f71abfb457,7774
5757,183.0,Refunded,2025-10-17 10:21:43,0ef54c4e-cb42-4c5e-b41d-650417694a61,7683
5758,61.11,Refunded,2025-01-04 00:46:02,902bec84-075a-48c9-b968-e87c2a2b79cf,6971
5759,168.01,Refunded,2025-01-23 10:35:42,facbfc96-c11c-4c12-b063-f39983b8cad4,8328
5760,42.25,Paid,2025-02-12 03:39:37,d53fdaf3-a8e7-4ba8-9ce1-ac833187aa24,8093
5761,209.9,Paid,2025-03-31 03:47:47,8fa76d61-bea9-499c-91ce-e025b893a5d1,3837
5762,201.51,Paid,2025-07-14 22:43:20,3a81fd3f-20f4-44e3-ae2f-70e9b4768502,6716
5763,206.68,Refunded,2025-02-04 07:21:03,72463b81-ab9f-4017-b48e-68b5f2b63972,1373
5764,65.42,Paid,2025-05-26 04:30:37,5cbc1393-8850-46d8-b2dc-0a2ba4117d36,1775
5765,127.05,Refunded,2025-05-21 06:19:57,954f479d-3855-4d62-b2dc-7930c1c77b4b,5138
5766,34.68,Refunded,2025-06-15 02:01:09,e7579099-989e-4acc-9306-3160c2b0ec43,5168
5767,38.86,Pending,2025-05-02 07:56:28,aa5ee124-ba82-4e13-ad0b-4ef52d7dc05c,5351
5768,120.52,Paid,2025-09-10 10:40:25,c07de7d4-cd44-4522-b484-26368e1d2556,9975
5769,29.13,Paid,2025-03-14 14:52:41,c82f5be0-bbf3-473a-bd81-6d4386d3af6f,7325
5770,139.67,Refunded,2025-08-01 19:31:00,c794dc7b-8239-48b5-8715-dd7c9c63bf05,3469
5771,128.33,Refunded,2025-07-14 20:50:09,09a66cbb-7bf9-4dc4-955c-fd7909013938,9499
5772,154.48,Paid,2025-04-17 09:08:40,dd84cd36-1a9d-42ae-badb-883ff612009d,3951
5773,111.16,Paid,2025-01-22 04:47:09,3c1921ed-a5de-44fa-82b4-493cb40f4070,9994
5774,32.17,Refunded,2025-08-20 02:51:29,34543518-7934-44a7-b899-85646f33d8e5,827
5775,41.27,Paid,2025-05-14 06:19:22,d87103f7-dbeb-43fc-8b6a-44cefa9bfb3c,2986
5776,94.77,Pending,2025-03-27 19:10:52,a4d1b212-cb33-45b5-863a-cb0a9e41ed15,7786
5777,125.6,Refunded,2025-02-22 10:27:33,2ffe7471-9ca4-4702-bcdf-9009102c23ac,7408
5778,198.05,Paid,2025-09-14 08:07:06,55f240f2-56e0-493b-abf1-a0a33bc0b6cc,6568
5779,132.4,Paid,2025-11-11 18:30:31,885c8707-23c7-4053-9594-ab4b44da6329,4346
5780,65.82,Pending,2025-05-20 17:30:59,eb1ccff6-481d-4612-8456-235b0e6400db,5206
5781,162.41,Refunded,2025-08-11 00:55:37,f701093c-7f5e-4193-8fc3-711a516e5c52,144
5782,45.14,Refunded,2025-09-07 08:16:08,7ce8baea-7eb6-4558-a98a-9357efabc9ae,8009
5783,103.14,Pending,2025-02-06 23:51:53,c4a62bb2-d73e-4e1e-a1ee-290d748a939a,845
5784,21.05,Refunded,2025-02-04 05:49:53,90eb1162-b92e-4e8f-b217-fc17ce28281d,9025
5785,154.15,Pending,2025-10-27 19:14:00,c58a40c6-5fd2-49e6-b22c-0c211965801d,5876
5786,155.27,Paid,2025-06-30 05:22:17,290146aa-2236-451e-9bf0-3ee43196ebb9,8772
5787,86.34,Pending,2025-01-29 04:03:31,79a906cd-f610-4dea-9beb-a43f1b73525b,1680
5788,101.9,Paid,2025-02-01 10:53:47,e32914bd-3430-48da-b58a-66a143a4ef8e,5961
5789,34.0,Refunded,2025-09-29 19:31:39,a29f1455-7b85-4ce5-8872-42bf6db1a51f,6564
5790,22.32,Refunded,2025-01-31 21:58:33,fa7bd843-636b-474e-80bb-30b4826622fb,933
5791,143.46,Refunded,2025-06-17 05:28:08,4c04e96d-2511-4ee5-91cd-7ff6af56f1b3,9543
5792,95.76,Pending,2025-05-26 05:21:56,590291b1-3a42-4214-91cf-8e8125739c3f,6274
5793,86.81,Pending,2025-08-02 04:36:47,a3527410-ce05-4def-b57e-a798bba7f9e9,2951
5794,133.9,Paid,2025-03-02 13:20:22,72834670-99e1-4379-801f-2af2caac598b,4242
5795,163.06,Paid,2025-10-27 18:42:36,bdd02a12-8740-423c-9525-1e369700d2ec,7489
5796,178.13,Refunded,2025-01-27 05:57:39,bcea9860-7e00-472a-be79-630c576691e0,6994
5797,137.6,Refunded,2025-02-07 23:33:43,976a5cb3-b50e-4d52-81e7-7b03fc060df7,6507
5798,34.54,Pending,2025-06-10 19:48:18,3342c5ea-cc4c-4b32-9a95-14f3c057024e,5148
5799,42.18,Paid,2025-05-29 18:50:04,03bee90d-8cb7-4351-8e03-2390186937dd,537
5800,26.63,Pending,2025-02-20 04:56:11,a178dbc0-e87c-463a-b0ee-5e8dbea50790,6216
5801,38.42,Pending,2025-08-24 08:53:54,d4b40ace-f544-464a-870b-77bd12856348,6664
5802,74.24,Refunded,2025-04-16 04:00:08,36bff5fd-a30b-4087-98be-1f23d9ad8b3e,3698
5803,42.56,Refunded,2025-02-12 00:27:48,529c56f7-1243-45e6-b310-a3e875c80dd2,1678
5804,150.68,Paid,2025-08-05 19:03:15,c83a614a-dd0b-4ea6-bb7a-cf114e9130b1,8467
5805,144.66,Pending,2025-03-09 18:52:36,6112e312-41b9-4764-b8db-0fa8e03658a7,3298
5806,38.72,Refunded,2025-01-07 02:52:03,fe54cd2f-89c5-4897-bc67-43dd1a598a50,1742
5807,178.15,Paid,2025-09-20 13:10:51,f5b20a11-0dc0-43f5-80a7-189a88cf6264,7460
5808,44.35,Refunded,2025-02-18 20:22:38,cb8132c8-b69e-4b1f-9115-24f5cd27905a,8335
5809,89.07,Paid,2025-09-18 08:54:52,7519ccfc-3005-4c40-8c98-f5eed993b3db,7547
5810,88.67,Pending,2025-11-20 22:02:39,ca6b28f9-1473-4d54-a4ab-1ad362498bc4,197
5811,86.38,Pending,2025-10-10 02:37:51,79cc5a9b-200b-4211-9d36-f6cc3e65eea7,5106
5812,97.82,Refunded,2025-10-30 22:41:53,049656a1-7ead-4595-aef0-1b5334a89411,6118
5813,170.15,Paid,2025-09-05 05:28:12,339594c3-9469-42d0-b5dd-3136e375458b,4473
5814,27.65,Paid,2025-05-27 13:35:14,6dc67d98-1bcb-4fd6-8413-9c969f6fca7e,2795
5815,59.02,Paid,2025-01-30 01:45:27,624061c3-b03f-4e61-850a-61721f3bf34f,9561
5816,134.35,Paid,2025-09-13 02:19:44,ee7fa955-157a-46cb-83fd-b6386b9de92b,341
5817,86.5,Pending,2025-09-10 03:17:58,fc599f26-220b-4dae-a282-a1bfa9af3ab0,7732
5818,106.75,Refunded,2025-03-09 05:31:43,a9238a9f-3e8f-4c0d-a95e-b4178a192a33,4914
5819,164.32,Pending,2025-05-14 07:41:59,a2a4b960-31e3-427c-822f-c58c66012201,5175
5820,43.74,Pending,2025-03-02 20:08:24,f5eaac51-8633-4020-95a1-ea558cda0256,911
5821,148.51,Refunded,2025-06-09 13:00:48,a4586028-59ec-45dd-aaf6-3e255c92f3ee,4862
5822,60.4,Paid,2025-06-27 11:32:03,bfb5c4d6-bd3c-4a0f-8b66-2dedd50621b0,7950
5823,165.12,Refunded,2025-05-10 03:54:13,8b8ec594-95dc-490f-aa0e-bfa7f3781419,235
5824,187.14,Paid,2025-02-20 22:19:01,d8dae2a3-3687-46b3-b9a1-610f335dd551,7157
5825,152.9,Refunded,2025-03-26 21:50:50,51f288e1-8ba5-45a6-8017-fcdcd6879fea,2380
5826,122.32,Pending,2025-11-14 08:59:24,8b488982-d8db-4cb9-a1e1-7b925b10ab37,4679
5827,135.22,Pending,2025-02-12 06:53:43,933e09bc-7532-4b04-afc7-4e19665059e8,8466
5828,45.16,Refunded,2025-03-05 17:39:43,0cde0eaa-52be-46a5-b61b-0145bfe49cea,9653
5829,23.15,Paid,2025-05-09 10:52:35,50488689-e590-493d-98b1-99c08990025b,2273
5830,60.55,Pending,2025-11-16 03:50:11,897b4573-c472-400d-939c-04591f941650,5829
5831,182.42,Paid,2025-07-20 04:34:38,49d51b45-54a3-4fa8-9d6a-a7e128c8e2f0,2020
5832,163.27,Paid,2025-05-27 13:38:04,14c438ae-050c-4652-a2c3-845db5d16ad5,3518
5833,85.05,Pending,2025-02-22 23:34:05,2d460c01-fcc1-42e4-a28e-79f033c8d6f5,9776
5834,122.59,Pending,2025-05-20 08:19:58,6e6d5c69-d076-4c67-a30c-73d7b97c34f9,6370
5835,114.76,Paid,2025-06-21 22:06:12,5cbad878-b929-422e-bfec-5099527e4c5d,5075
5836,160.47,Pending,2025-08-22 18:03:17,7289c2af-eb99-43ce-94ae-4675e673fe6b,5711
5837,160.22,Refunded,2025-06-03 07:28:01,6eea5697-e6c2-4c51-a3ee-665d6c448609,8700
5838,122.48,Paid,2025-11-21 08:19:18,57066eea-d8fb-4066-bdad-f6425ab4b9eb,6201
5839,183.93,Pending,2025-08-15 21:40:23,01959963-7ce5-4e88-972b-063f5ca32ed1,6581
5840,123.94,Refunded,2025-04-04 19:50:56,64eecdea-70c0-4b4e-9356-5c0cec1e26ef,807
5841,110.91,Refunded,2025-01-24 23:12:44,e8b004f3-beda-4fd1-b907-e5287bac67cb,9688
5842,137.84,Pending,2025-04-25 22:31:29,22acb368-b09b-4edf-8096-9c7c3b88717a,8993
5843,65.29,Pending,2025-10-16 09:11:36,fa4e42ac-cbf7-4f9a-aa8c-bb935e8afa6e,4633
5844,132.66,Paid,2025-09-21 08:59:26,2a2b5969-e23a-4b0b-8572-2c650a7328fb,2699
5845,148.2,Paid,2025-04-08 00:08:02,702605dd-e08c-4d26-a94c-fc0d512b3e93,8570
5846,33.7,Refunded,2025-01-03 07:50:59,d70f5f9c-ab65-454e-a592-51f4f8a7d8d9,3006
5847,186.02,Pending,2025-01-28 07:21:34,b2ff84d1-008d-485a-8afc-3cbf8b51da2d,8556
5848,156.42,Refunded,2025-04-14 14:36:28,5669c810-3475-4bd9-ad3d-d4548d6d8fad,9439
5849,72.77,Refunded,2025-04-07 04:31:33,2e2917b6-2545-4b4f-8f9a-15c8fcb966d1,4345
5850,198.13,Pending,2025-02-05 23:05:47,e67a9b95-70c7-409b-99c0-62797a1c83ca,5186
5851,24.34,Pending,2025-02-16 12:19:15,23ff0201-a9c0-464a-9a65-c40a5d74a6ca,5063
5852,74.18,Paid,2025-07-01 18:53:10,456a9141-d7ae-49e7-97ce-9a3e38f8bc2e,4285
5853,176.35,Paid,2025-11-05 17:51:46,1e712653-6df7-44ed-8884-bf19cd02f729,411
5854,153.15,Refunded,2025-06-28 15:41:48,f19c85f7-b20b-446b-b21f-36004f1adace,7590
5855,84.85,Pending,2025-08-28 06:07:47,6070a5ff-626c-4e79-801a-e32be4c9e0b2,5801
5856,191.18,Paid,2025-03-02 17:34:54,66ec006f-45e5-4b5a-b341-e79238d5e19f,8196
5857,169.48,Pending,2025-01-22 10:10:39,f2987ee6-a5e8-46c0-bd25-df20282ac4bf,2137
5858,160.21,Pending,2025-11-16 07:19:52,97126ba7-0b52-470a-adc3-79c929f073ff,2442
5859,201.66,Paid,2025-01-10 04:28:53,a392b14e-a6e0-41cb-b905-05ab117c0981,9579
5860,44.88,Refunded,2025-01-15 12:49:52,4c1dd745-aff6-433e-8ad1-ab813bcd371b,1402
5861,194.03,Paid,2025-07-03 17:07:36,a9fcd56f-6443-435f-8132-b80beb502e55,9001
5862,138.15,Refunded,2025-06-12 17:25:19,5ae718aa-279f-49e1-a866-27a166dbc5c4,8435
5863,108.77,Refunded,2025-07-01 04:13:33,2a4c50a4-3874-487a-bf1a-dda79f6e221a,5318
5864,179.82,Pending,2025-03-14 14:19:50,e7436806-a2ea-4d6c-830e-ed8cdca3359c,7383
5865,32.77,Pending,2025-07-27 00:51:40,867fa9f0-5594-44b9-bdc1-9ae2c4467d7e,5177
5866,197.83,Pending,2025-07-06 12:54:39,9b598974-ce88-4a3b-9652-7072752ec28f,5935
5867,115.76,Paid,2025-02-16 08:15:29,388c95ba-3e7b-46af-830e-11bf76382572,5415
5868,192.34,Paid,2025-08-01 09:00:31,0bba90a3-98e6-43cc-81ed-0659a8f7f2d2,2338
5869,140.02,Paid,2025-10-31 03:54:41,2e3060af-f648-4648-81a2-cafe3fef11b0,7727
5870,195.84,Refunded,2025-04-18 09:21:35,d61e24e7-55a1-49e6-a953-bff536cc5a3e,5269
5871,159.14,Paid,2025-10-01 20:35:32,30a301cf-a68c-45ad-b34c-e808bfe0cc79,6633
5872,103.68,Pending,2025-04-18 20:57:31,c1c49a3d-c9ae-4940-ad3e-1fb34237ef27,274
5873,200.38,Refunded,2025-06-11 11:15:24,96f47a02-ba67-40a3-85d0-05d57b2c1e6a,6393
5874,60.95,Pending,2025-06-09 13:14:46,ccde9f4f-5285-48d3-b524-a4e2015841ad,6092
5875,143.12,Pending,2025-01-10 23:15:51,9f786c20-de72-4593-96c8-9dc9173fdea3,7580
5876,72.71,Pending,2025-06-13 08:43:01,9e6b240f-d49c-4f15-a182-34d5fe98d449,1013
5877,153.63,Paid,2025-06-07 10:50:45,ef48f407-c0b6-4196-ab4d-f8efce68a610,6378
5878,58.62,Paid,2025-02-15 00:14:33,24e74bf0-a57c-4ee6-b27d-0ae65169a891,2111
5879,131.51,Refunded,2025-05-25 20:26:16,359be2ec-8607-4167-94cb-74aa1d576c05,1595
5880,175.69,Pending,2025-01-04 02:04:43,eef43f41-800b-498f-b2a3-0582224c6c7b,4581
5881,83.07,Pending,2025-04-07 15:07:50,e3769c67-62f4-4c67-ae85-72f054d539c0,6664
5882,156.61,Pending,2025-07-23 11:18:32,08710191-e3f0-4583-b40f-951829b07236,9620
5883,93.48,Pending,2025-11-02 13:59:06,9663cf43-afa0-412f-b6c8-f2333588286b,5607
5884,160.7,Paid,2025-06-22 11:28:52,8e5cf6b0-bff0-4045-ab8c-d78a5cde4127,4235
5885,79.67,Paid,2025-03-06 02:57:32,03d4e677-7c16-4516-bab5-a8283467b3cf,3526
5886,179.01,Pending,2025-04-06 10:39:37,78fd08a4-12a7-4709-8d16-4c7789ece138,8082
5887,199.19,Pending,2025-04-02 10:37:33,afb764f1-5f0a-4de0-8038-4a611837945c,9054
5888,175.43,Paid,2025-01-22 00:23:15,0e8a9a05-a53e-43dd-a5d3-30c11af7c989,8416
5889,114.18,Paid,2025-07-23 23:26:13,fc1aa1dc-959f-403b-a487-4f23193421f6,9067
5890,184.02,Pending,2025-02-10 19:41:34,100b6426-85f4-4563-b71e-4b9fa88dd58e,8577
5891,183.05,Paid,2025-01-10 18:31:53,f962cafa-ab96-4021-aee6-a722b14809f3,9299
5892,68.32,Refunded,2025-06-12 07:51:40,596818a8-1715-4e80-81f6-873bcd7a9349,9111
5893,135.0,Pending,2025-10-02 23:01:27,8d58f19d-0247-4537-86e8-c7ff26560cc7,4273
5894,27.41,Refunded,2025-06-15 15:34:03,d819c464-52c5-48df-98d4-e8a3d4577a80,3383
5895,115.34,Refunded,2025-06-03 06:24:46,d06c40af-1a7f-49e6-bc73-9e8bc16e4d12,8066
5896,32.78,Paid,2025-07-20 02:53:45,f72ce372-1f58-4c59-a2c3-5ea214f82260,5007
5897,86.47,Refunded,2025-02-24 20:42:22,8afa887f-d14a-4e5e-8d0c-1464f87da065,1293
5898,55.4,Pending,2025-05-30 09:33:23,6c8ce9f4-de31-41e4-870f-3ee208dd9a21,2147
5899,34.33,Paid,2025-09-13 03:45:47,63e566db-d7fa-4a84-b72c-5538c961f717,9963
5900,167.1,Paid,2025-07-28 19:04:58,90d9fe73-9049-4432-9f34-19617c3874cc,2543
5901,126.71,Refunded,2025-11-13 04:40:09,e0b2085b-92f4-4525-8d2c-4ad77d8800da,1074
5902,123.58,Refunded,2025-02-16 20:42:59,4d727bd7-1c11-47a9-98b9-554dce9ca206,4418
5903,65.32,Pending,2025-02-16 20:55:45,efcadf45-c89b-4d2d-8cd9-a69a6ed533d1,9398
5904,125.55,Paid,2025-04-28 04:31:05,2e90a882-b968-4b44-9195-040da3700ff2,3229
5905,81.61,Refunded,2025-05-25 06:16:27,d2b09a78-2525-4287-94a1-dc35d21d8193,5782
5906,174.8,Paid,2025-11-09 18:21:22,b975d0ae-691c-40bf-9925-ea372f923d16,9164
5907,20.45,Paid,2025-10-31 21:30:06,ee328937-e527-4d3f-a08e-6e4e3f152e4e,341
5908,102.71,Pending,2025-10-28 14:49:27,71cd6ac7-4a51-4202-a872-72d8fff563b9,7072
5909,182.41,Pending,2025-01-29 17:10:05,8113a451-fc78-4875-b4a5-a144a427b8a9,8023
5910,100.14,Refunded,2025-02-27 19:25:14,4f0bf1a7-c465-4798-8d83-b32739c83697,4372
5911,69.78,Paid,2025-04-08 02:25:26,c882c9fa-8aa8-42a9-9698-d6caaa594157,9699
5912,120.7,Pending,2025-02-04 13:02:16,b557d378-95e0-4ce2-94c2-57d4d95077b1,4000
5913,55.92,Pending,2025-09-09 14:20:17,fa356433-353f-4df2-b909-3bf79baa9334,19
5914,72.37,Paid,2025-01-22 01:42:25,70302265-062b-4f6f-aa3a-e6144bbde66b,7679
5915,27.39,Pending,2025-09-11 10:34:55,be16d950-65d6-448e-923c-a33211dbed69,5346
5916,34.43,Pending,2025-05-22 20:42:50,0695dea3-9531-4082-a841-c2f1ae6e69fc,8449
5917,51.09,Paid,2025-05-18 18:22:16,69f00a0c-e884-4b3d-81eb-15e804e9424b,350
5918,208.06,Refunded,2025-01-23 03:22:08,765eeebc-7807-47e7-a58f-b97ef4f3f628,8410
5919,205.49,Refunded,2025-01-07 11:44:02,f1de39cc-2387-46bb-a2f1-de5881531824,3695
5920,194.66,Paid,2025-07-13 08:25:12,5569e2fa-a725-4bbc-9ae2-799d0c3e695c,560
5921,39.55,Refunded,2025-08-08 01:14:55,613349c2-cb1d-4a7d-b111-d465cd5c1b71,6792
5922,183.43,Refunded,2025-08-07 06:40:07,9f670e70-cee0-4883-a5a9-5d55b4393a6e,8763
5923,24.4,Pending,2025-10-21 04:27:03,5c0c2c21-744f-4d72-9c3b-6597dbb64a61,6180
5924,94.57,Refunded,2025-06-02 13:34:51,012e00de-d0c9-46f4-8659-ff9f0cc7b7e1,6948
5925,42.46,Pending,2025-07-06 06:19:49,7fd6be85-3599-4139-a6a9-acaee66b3ab9,1772
5926,42.54,Pending,2025-02-20 11:25:23,fafff9a5-7861-47f0-991d-5fff6931c018,4833
5927,106.09,Refunded,2025-02-02 23:47:10,84cd93cf-321a-4d8b-869e-c9050801f3a1,3774
5928,100.3,Paid,2025-03-20 09:05:12,17666092-853b-47a2-887b-cb6e188605eb,9373
5929,170.82,Refunded,2025-03-13 12:39:23,15ec71d6-2c9c-4614-94a4-70852aa596d1,4045
5930,136.59,Paid,2025-09-29 23:29:18,f7296b22-9941-4d57-9118-a7ea01b43096,4206
5931,56.42,Pending,2025-11-05 07:34:25,e78c4699-96d7-46ad-85b5-d27b081d0cf8,5798
5932,41.88,Paid,2025-09-26 19:51:09,77f0475b-e9f0-4d98-bfcc-dfa54bf3f15a,7003
5933,139.64,Pending,2025-10-10 13:42:47,c9e3d71f-2d57-47c7-9398-c4a4e0b19e0d,4836
5934,77.98,Paid,2025-06-29 23:16:32,cb70a916-935a-4132-a9c4-c40fe81060c3,6283
5935,79.16,Paid,2025-05-25 09:42:19,6808562e-6559-40ef-857c-c61082c2dbde,6901
5936,177.1,Pending,2025-07-16 07:25:35,5d5171d1-f35a-432b-8458-a04ba98a3a03,1785
5937,108.01,Pending,2025-06-09 06:06:41,3c6c0ac8-9de8-4367-bf04-dda9a7caf257,8763
5938,79.59,Paid,2025-05-26 20:40:09,8138ff32-34c0-467e-b468-8fdf434bf10b,1329
5939,31.88,Pending,2025-03-01 15:45:08,052e83fd-bc16-4e76-8ec6-8aefe1f69ef1,8725
5940,141.54,Pending,2025-06-08 20:45:49,e50beb64-69a7-4b38-aeb1-d047b09ea1d9,1686
5941,139.56,Paid,2025-06-18 23:38:39,10c5e66e-72cb-4dd9-ad63-028e42544a38,4082
5942,123.1,Paid,2025-07-05 21:29:30,258fd5ab-b63b-4835-b9f2-8052fc82f00c,3917
5943,142.34,Pending,2025-08-04 18:04:00,140a9844-c58a-4a03-b3b6-ec01bdc6e6e8,8349
5944,111.45,Paid,2025-09-17 21:22:39,135310b4-92a7-4c76-af4a-081add9a1893,5848
5945,195.58,Paid,2025-08-08 12:48:08,dbd86840-dc2e-49f2-9731-ff918fc8aaf8,1659
5946,115.56,Pending,2025-01-14 08:21:06,7497710f-7121-4e5e-aacd-5c6295cd8341,1198
5947,25.29,Pending,2025-10-10 02:57:18,fd8acb4d-4b9a-45be-aa77-ea8e31b904ca,5165
5948,78.35,Paid,2025-01-01 19:50:53,c6cf1528-85e5-4af9-81f6-1a1a162d898d,9594
5949,140.42,Pending,2025-07-28 08:38:29,3b6e5be3-e7ab-4861-bd2d-b8b2c71f2a12,249
5950,167.04,Paid,2025-01-09 23:31:41,51f3db1e-0eda-4de5-9b33-2c561fd4bda0,6862
5951,207.1,Paid,2025-05-15 00:38:56,1c9e92f9-c1d7-4198-9621-ced54acf4320,207
5952,208.46,Pending,2025-10-19 01:23:37,581e9848-34eb-4372-ab11-ae1877c2aab0,5615
5953,203.01,Pending,2025-03-05 22:48:38,c1370fba-16da-40d7-b5e8-e45af5b67712,9865
5954,115.86,Pending,2025-02-16 02:00:50,9fe6b75a-aa78-409a-8dfb-114a3f0f1af6,8216
5955,61.16,Pending,2025-09-01 02:28:14,074ae04a-e20b-4c3a-bdd4-acd9b00d7ba5,4576
5956,97.86,Paid,2025-04-10 23:54:27,6f2a6388-b465-4b9e-bbc5-4562bd2ea3a0,923
5957,180.27,Pending,2025-06-02 14:58:31,51ef149e-32cd-472b-8288-00b2c7d5bbf7,1004
5958,189.5,Refunded,2025-01-09 17:08:16,758d00ec-1ea4-48e6-a6dc-47ac2a9d06a4,7687
5959,68.99,Refunded,2025-02-15 04:58:35,6f0f943a-0da7-4edb-839a-bcac68765660,3469
5960,46.2,Pending,2025-07-18 07:50:04,4b20bb3a-258f-4b98-b47f-8db4179f2e51,9467
5961,154.33,Paid,2025-04-18 10:35:50,54aba483-9d0e-4832-9297-8a56bb53e6d3,9717
5962,38.01,Refunded,2025-09-03 08:13:32,05bca988-d24b-492a-bf2f-40307347ee36,8683
5963,66.06,Refunded,2025-03-08 06:57:53,fc103d59-c095-4f93-b972-10d018aa9b66,237
5964,111.37,Pending,2025-11-05 02:40:59,791c905d-62a1-4c08-949d-9c94e1a92803,6854
5965,66.35,Pending,2025-07-12 09:53:27,b6c4a631-b323-4799-8efc-3aaf0ae86a1e,9733
5966,39.02,Refunded,2025-07-28 07:08:28,9aba0c10-ce44-4140-9879-f4aa547da999,8106
5967,131.03,Refunded,2025-11-04 23:16:59,e24c835e-9582-4f0a-ad54-49845cfe7182,4930
5968,152.34,Pending,2025-06-24 13:44:32,89b2ef4e-83a9-4a50-972d-e4c2db796232,3914
5969,123.5,Paid,2025-04-02 01:53:44,9a37dcf1-34a2-4b15-8759-1f9f1c1d3a96,3553
5970,20.01,Pending,2025-08-27 13:54:40,d77ba493-4e19-4ba8-bf19-4ce9058dff41,2369
5971,75.24,Paid,2025-08-19 21:40:32,d46f2a41-a800-4939-b514-3fd4e176eabb,7980
5972,167.54,Pending,2025-11-01 01:36:49,0e32f242-e988-4eef-9997-4beefc5bd1b8,612
5973,72.47,Paid,2025-08-25 15:19:24,814faae7-d924-4338-ad2b-d7a6dd27109d,2521
5974,39.92,Pending,2025-01-20 02:08:35,5573e224-a8cf-4a4d-b8cf-83a0709fc5f2,3428
5975,75.17,Pending,2025-04-16 22:40:38,0d2bd824-0c2c-48a7-a8e5-ea3c0c248dbe,9981
5976,52.57,Pending,2025-03-26 12:13:27,36277fdb-920f-44b8-b0cb-bb0a10097a6f,3205
5977,78.56,Paid,2025-07-28 11:13:21,6e355249-ef68-4fd0-af4a-5eb1b90ec27e,6207
5978,100.22,Paid,2025-02-14 23:41:15,2c24a1e3-c75f-4227-91e9-ff39810dc5d7,8898
5979,133.43,Refunded,2025-08-09 01:38:22,b84b7dcf-5515-4393-94be-ba35a948ad3d,3880
5980,120.43,Paid,2025-02-27 19:58:06,67e88acf-b6a2-4720-9b06-31ba9c195afb,8313
5981,209.27,Refunded,2025-01-22 01:19:07,2d554227-3928-4ec4-bf47-fc0498bc6cf5,4898
5982,190.95,Refunded,2025-06-04 05:02:06,2805d96a-6a21-4eb2-a939-f9b1b9d31a45,7643
5983,142.3,Pending,2025-08-04 11:20:06,02d8186b-22e4-41a0-99c8-cf65923c7c19,9034
5984,186.49,Paid,2025-10-08 22:01:55,ff0b6810-ee16-4192-bd5d-8fe73d5a0749,686
5985,114.88,Refunded,2025-05-30 19:59:02,710f0af2-8627-4237-9695-b9e70afd050b,5560
5986,208.82,Pending,2025-05-22 13:52:18,834e00b4-abfd-4f6d-bca3-56ca9b8119d4,6751
5987,41.3,Paid,2025-01-09 20:19:54,b867e0bd-8c76-4082-abda-cd8d655ef364,5847
5988,99.73,Pending,2025-11-10 02:25:13,148be06c-0e48-45e4-b2b9-222577f956c6,6927
5989,73.94,Paid,2025-10-29 05:00:34,8f6fc7d1-3418-4983-8660-4d25f2cc135f,2624
5990,154.48,Refunded,2025-08-03 17:19:55,d8cd0748-58ec-4009-87db-0fecad7fe7c1,6962
5991,206.55,Paid,2025-07-16 08:20:10,cd2178a0-eb24-4248-bfb7-4031881a310f,3032
5992,32.94,Refunded,2025-04-08 03:59:24,ee55c5c0-1088-4446-9889-f88c1688ff88,7558
5993,164.99,Pending,2025-08-14 05:16:15,fe6307f5-d316-4779-b5f4-1dd119aa03ec,3878
5994,187.97,Paid,2025-10-01 06:26:21,9b262a36-3885-4f2b-b78d-0f69f03d7cd3,8298
5995,24.17,Paid,2025-07-09 10:15:40,ca155bd6-c50d-436d-b898-ee97136656f0,2581
5996,69.72,Paid,2025-09-04 02:40:29,86ffc0fa-7593-469f-ba58-4121030f4083,3455
5997,111.58,Pending,2025-03-31 11:22:59,d4c73700-fcce-4697-b752-b1cbcede0b20,5169
5998,72.59,Refunded,2025-03-05 17:10:52,6ab099aa-70e2-4dcc-a814-ba440a956c17,5393
5999,183.43,Paid,2025-04-06 04:25:57,15d7ae0b-4060-4efc-8efd-69a26d339953,6992
6000,202.5,Refunded,2025-11-02 15:39:33,12e61aeb-92e3-4036-9c58-40393ba5d925,996
6001,124.23,Refunded,2025-10-06 20:43:13,55373e20-10e9-4eab-8caa-5fc1670b4e86,5380
6002,49.98,Pending,2025-08-12 21:39:38,9ac9e3d5-34e9-494f-bba6-4f8491d21709,933
6003,188.73,Refunded,2025-02-25 22:58:34,d0f65b09-b7b6-4dbb-918e-e3b8d11906e6,330
6004,97.32,Pending,2025-09-14 23:38:06,47f1fc87-bf3c-48e9-8efd-fe42d935956a,6871
6005,137.89,Refunded,2025-02-17 09:22:49,794d8c66-9de2-46fd-81fb-44cccbe2287c,8277
6006,175.97,Pending,2025-04-17 04:26:00,ebe7581c-f630-4f96-b605-001e2432322b,9304
6007,93.9,Pending,2025-08-30 19:43:04,70daa03b-af03-4517-9d84-6d7f0008ce8f,5266
6008,123.53,Refunded,2025-02-08 11:33:15,8f4ba93f-1999-4ae7-b728-8cf5a52c63e6,8878
6009,70.6,Pending,2025-11-18 23:08:04,19371ba5-e982-487a-9ee7-a672e660f43c,2616
6010,32.76,Refunded,2025-02-10 02:03:00,71737cc0-dd21-4e77-baba-c36216c6cfb8,5608
6011,55.24,Pending,2025-03-27 04:10:14,cf0bb598-475f-4536-9440-fca5d70916e5,9051
6012,128.0,Pending,2025-11-12 09:19:56,f151d315-3307-4b6e-89b2-070fd6d9d691,2046
6013,116.46,Pending,2025-07-08 16:59:12,a8e5c1e5-d1ba-4978-8eea-604c7d9f53d7,7640
6014,174.4,Pending,2025-05-15 18:42:21,85514ccc-3826-4526-9c69-1c5491a2242c,8034
6015,37.4,Paid,2025-03-29 00:52:41,2a66da74-26ba-4515-a980-ea7b385e8382,7757
6016,104.22,Refunded,2025-07-24 10:10:09,fb865cd9-f7fc-4036-83f1-65ff6a4fb624,1042
6017,120.68,Pending,2025-07-12 20:45:38,acd35a42-8601-47ac-9881-b2926f514d8f,8328
6018,124.22,Paid,2025-01-03 00:57:29,6b8f006a-95cf-4f1b-acd1-af3f38f28e10,4343
6019,32.3,Pending,2025-08-14 16:00:18,2bf8352b-9e25-40b5-a996-c9301384b6b9,7628
6020,177.09,Refunded,2025-04-05 01:57:34,d1b456a5-19d0-4b7e-96f2-60c1fc3888cb,7859
6021,84.3,Paid,2025-01-23 22:09:53,39e35d4d-e478-4042-98eb-6bcf4f87d622,709
6022,56.06,Pending,2025-04-29 02:41:56,5458979b-0bff-44b7-991e-99fd51ed5494,3819
6023,194.16,Paid,2025-06-07 22:11:06,7e3d8cad-7906-49be-b8af-4fc9a4377355,2618
6024,182.31,Refunded,2025-08-13 13:10:13,1e738331-b970-4e93-970a-8965060866da,8551
6025,183.29,Pending,2025-09-19 00:18:53,178d6602-8cd2-46b0-9ab3-b642b04715f6,1981
6026,163.61,Refunded,2025-10-10 17:32:08,1b464ce0-3bf0-4547-8f75-cd40507c457e,7705
6027,141.71,Refunded,2025-08-16 23:56:25,097c723a-10b2-4bcd-a996-9043b5b968a0,4050
6028,209.0,Refunded,2025-10-31 18:25:22,514081fc-210c-4fcc-9ab8-eeb44b545a02,4213
6029,114.61,Refunded,2025-08-19 09:20:15,eb52e4a1-ef90-4f8d-bb1c-96513c4504fa,815
6030,102.52,Refunded,2025-02-01 12:07:39,9c9cd5c3-a5b7-4516-8886-fdc2455077e2,554
6031,134.05,Refunded,2025-04-29 12:46:25,ff75cc0c-ba99-41a7-962c-5676e2d0a7ab,9074
6032,201.05,Refunded,2025-10-22 03:18:35,cecc1d8e-95e7-4be1-9b4d-4845f5dceee8,7787
6033,75.83,Refunded,2025-03-26 22:18:04,90a048e7-dec2-44a7-9443-d408d004d822,9300
6034,121.02,Pending,2025-09-18 23:38:13,c9de2973-4d15-47e4-9fec-39c4a6f8ceab,5863
6035,66.81,Paid,2025-04-17 00:17:56,7bc94736-9725-4693-a3f8-a4f82291be49,2899
6036,187.69,Pending,2025-05-01 19:57:02,ad9bdfd2-9a91-4cdc-a238-8523532e2b3e,1501
6037,40.96,Pending,2025-05-19 22:19:48,5a90ff12-0e83-4181-9048-57ee0e1ebdc9,3037
6038,115.68,Pending,2025-06-20 16:17:25,96348b18-9c5a-4139-889a-f347d8b0beda,3928
6039,118.8,Paid,2025-03-02 12:07:09,b038e551-bd9a-4b96-aa0f-7a57e8e6ba42,6524
6040,165.97,Paid,2025-01-15 11:57:46,674abd8d-1d32-4e27-ab3d-b9a42957ebb1,7858
6041,197.14,Pending,2025-03-23 05:44:39,ec9f6ff5-102e-44a7-b1b8-8a05decce350,1193
6042,59.27,Refunded,2025-06-11 23:32:38,0da2dbce-6a2a-4528-a34e-c8a463ee0734,9771
6043,170.35,Pending,2025-09-13 14:35:04,e9b815f4-9aa4-461f-8115-45da41f39c33,1310
6044,199.38,Paid,2025-02-07 12:18:24,0ad35f3e-77af-49d3-8c67-a4712ee4ad30,635
6045,133.7,Paid,2025-07-14 04:41:35,2c43045a-1111-447e-9210-cb1be68bfed5,1025
6046,59.54,Pending,2025-06-22 14:30:40,0b7eba43-9179-4ccc-84ea-335312d2c688,3922
6047,94.54,Refunded,2025-09-21 08:45:40,369a8839-2fbc-48f2-a34a-045e89f1ca78,3742
6048,112.57,Pending,2025-07-05 00:40:30,48862ba2-c32e-4f63-aeeb-727dbce6f09d,8468
6049,32.84,Refunded,2025-05-15 15:25:28,609940c7-7286-4086-aa97-e2050dd54a22,3669
6050,129.56,Refunded,2025-08-25 13:00:42,ce6aeee2-e7f6-46d4-ada1-3fc27901c8b0,4324
6051,163.38,Paid,2025-02-04 15:29:52,ce23bb38-c61b-4b31-82e5-b7c3e48ebf84,9932
6052,37.37,Pending,2025-06-09 16:30:09,592bea93-d005-4764-a97d-32590ef5329c,8400
6053,56.76,Paid,2025-02-01 01:41:03,f13a95a9-cce3-4a0f-82f2-152d50319016,8223
6054,140.14,Refunded,2025-09-12 09:41:57,5f391582-c260-42d4-857a-8bf65a9b5463,9137
6055,150.01,Refunded,2025-02-10 21:29:52,322a6047-2544-4b16-8e9c-7a3f7dc1ebca,8935
6056,32.19,Pending,2025-02-24 05:51:02,e98f5793-9d38-4ab1-940e-dc436a7fd356,139
6057,180.43,Pending,2025-05-15 00:55:51,1db44d30-57c0-44b8-828e-59fd1cae8d52,8065
6058,76.24,Refunded,2025-01-25 11:12:45,35eb4535-0d88-4762-9618-64f6f8a60a29,5743
6059,148.31,Refunded,2025-09-10 08:43:43,0010d9d4-8326-4137-98b2-9062f3689d72,5638
6060,40.34,Refunded,2025-11-19 07:25:55,03700c3a-bb93-49a1-a58a-8ccb44fc57f1,6037
6061,203.51,Pending,2025-08-14 23:17:08,93134c13-e594-4735-bb11-a109d5715d9e,2442
6062,205.94,Paid,2025-02-20 06:43:52,2f3ae932-161e-4bcd-98c8-862f9d5d8015,5621
6063,115.74,Refunded,2025-05-18 17:03:56,d319e50e-143f-4ca4-9bfb-3e74f912cd3a,5391
6064,178.94,Paid,2025-02-26 12:27:43,44fb3606-3415-4c30-bf8f-6a121546e7d1,5963
6065,33.94,Refunded,2025-05-06 01:06:19,0ff86c2d-b66d-4d23-bb16-ecc39e9421a7,116
6066,157.95,Paid,2025-05-30 07:36:13,856e55a3-5048-4a34-a890-a19b006f7177,5232
6067,107.35,Refunded,2025-06-10 21:15:00,86c87e1b-ebc3-4f6e-97ba-5edc7fc0d11d,6048
6068,144.37,Refunded,2025-01-23 18:32:15,c02acb0b-afaf-4fed-9eed-164ec929dc0a,2782
6069,91.45,Pending,2025-10-06 17:54:53,93c24798-6e6d-4fa5-ad51-a9706ad1d5b4,5626
6070,175.61,Pending,2025-09-17 20:31:19,1d7b856a-d562-495f-a8ca-c94c0dd00a41,1634
6071,154.26,Paid,2025-08-19 23:54:03,70be656e-d8f9-45d5-90f3-ecd1e3016279,8625
6072,112.86,Refunded,2025-04-30 00:56:25,9fd17484-8187-4095-a758-5841bc096e14,577
6073,77.99,Refunded,2025-05-25 12:42:56,a367cb94-ed1e-49f6-8f93-c6e6bc694522,9739
6074,64.89,Refunded,2025-01-20 05:44:55,48524c9f-bf48-4ca1-a644-67d83d053beb,7758
6075,78.06,Paid,2025-04-11 05:16:41,4bd174fd-b286-4fa2-90cb-3e9c225da51b,9952
6076,109.94,Paid,2025-01-03 11:06:39,b0ed16ca-83e1-4d75-81b6-4e2d742cd98e,6367
6077,91.34,Refunded,2025-09-06 18:33:50,48788739-732e-4816-b7d7-0de429ce6dac,2887
6078,55.27,Refunded,2025-09-18 03:28:46,521f43f8-15c2-4d54-b0ac-0e1c117826ca,5759
6079,81.85,Refunded,2025-03-16 22:34:20,d5c00ad3-379a-4838-b4e4-07fe01e7bf06,513
6080,104.47,Refunded,2025-08-08 15:13:27,290ad024-d1be-4282-a521-38dc611b4bdc,6896
6081,141.3,Paid,2025-06-27 12:10:07,ea99d999-10f0-4856-bfbb-35947c127ac5,6802
6082,117.96,Refunded,2025-04-26 23:57:27,15c3298c-d32e-4cae-be87-d904c3f140ce,6537
6083,77.39,Paid,2025-04-03 21:21:03,36aaf565-d8c6-491a-ab7f-dbd535a9ba6f,2009
6084,164.37,Pending,2025-01-09 03:20:16,3da0fb97-29d7-4d25-8753-32506879bd4f,1541
6085,109.76,Paid,2025-08-09 10:23:31,b3310271-2c00-4a82-9575-a0cc6e121633,9481
6086,145.58,Pending,2025-06-02 14:43:44,9272231b-f8da-4e18-8ce2-e481339bfbc8,3697
6087,157.9,Paid,2025-04-08 06:12:41,0c03c56a-3d81-44a0-825e-6aab162a6245,2683
6088,199.73,Paid,2025-10-15 03:20:02,bebef8ef-b1d2-419f-bdf2-5013dd931f15,1291
6089,45.92,Pending,2025-03-13 22:20:18,1c6dcae6-4cb9-424b-9024-96b0428c3ed9,8816
6090,108.22,Pending,2025-09-03 09:37:04,afd2e128-37fa-4fc9-af4d-9638b02a3f8f,9007
6091,158.42,Refunded,2025-10-17 21:32:44,e89fb360-d1f2-46f7-a09e-045ef44c5ed0,8166
6092,182.28,Paid,2025-07-19 14:13:07,c934ae17-0931-4b22-933d-d5d9aa800000,6571
6093,114.07,Pending,2025-02-06 14:15:41,674e130d-f601-4d3c-b337-47602ef74c04,2654
6094,23.92,Paid,2025-06-12 20:26:52,5c29acbe-3ddf-4972-9a7c-1c91c44ffd99,6366
6095,80.09,Pending,2025-08-22 10:35:17,f6c05467-7fea-474e-a26c-ecc84e24ed81,5837
6096,153.34,Paid,2025-05-18 22:51:04,16978193-0071-4146-b5e9-4e71e673e687,7260
6097,103.4,Pending,2025-08-17 07:52:12,5666edea-1bbd-4d0d-9cfd-94d86b433999,2079
6098,34.05,Refunded,2025-11-24 04:16:17,56034800-521f-445e-9dbb-3ef5f2d0c71b,2579
6099,25.52,Pending,2025-01-01 00:07:11,7d6730e6-339d-4557-aed5-9d8cb47e066b,8281
6100,85.12,Paid,2025-06-25 00:58:35,4648afcf-0728-46ce-87a2-f2564c21b196,6389
6101,90.69,Pending,2025-06-26 17:41:06,0c337700-b546-4e3b-8c02-9f8e52e7b75c,740
6102,150.52,Refunded,2025-05-18 05:30:24,2ae2f236-60b9-48bd-bd9e-1a8ae06aa1e5,3440
6103,130.57,Refunded,2025-04-30 23:39:51,b1527b37-2573-4b2d-b11d-3bb7fae1f779,6180
6104,106.26,Paid,2025-11-16 23:40:02,a3689a1a-189e-4f8c-8f85-5ce425a77109,8422
6105,106.96,Pending,2025-01-19 12:10:21,0ecdacb5-eac3-462a-a419-a2860b2caefa,3314
6106,31.72,Pending,2025-11-04 01:47:25,99b1bf67-6aea-4610-836f-1273a884d2ee,1081
6107,144.24,Paid,2025-04-06 21:23:25,ef71d51f-60a9-4725-8296-bfe142015d7c,178
6108,201.63,Paid,2025-10-25 18:32:02,a7864b6d-5398-4af6-9e41-139e848f6365,7037
6109,206.5,Refunded,2025-09-16 14:05:41,0ebf8365-037e-4f41-aa36-c08774d42116,3917
6110,60.78,Pending,2025-08-06 18:14:57,9197acc4-66ad-4378-bfa7-a998f24cf067,1427
6111,58.18,Paid,2025-05-11 20:58:41,2e555621-4e69-46bd-b30c-e1e1f2be6f9b,7536
6112,104.66,Paid,2025-05-24 22:21:39,05e7ac01-c13e-41ae-9330-34adcd6dae22,2301
6113,177.53,Refunded,2025-10-03 20:08:07,82f01244-a937-42bb-bf0c-b964990d040b,5773
6114,47.19,Paid,2025-06-14 10:13:39,68797f6a-af3b-465b-a6d0-879b45b70337,4935
6115,199.98,Refunded,2025-02-21 00:24:26,5a57ae5f-3468-42c1-8971-e9eb24ea4a99,2554
6116,174.12,Refunded,2025-07-16 23:31:10,ba08f7b9-f0e4-46db-a49c-388518a49f6d,4825
6117,84.14,Refunded,2025-11-07 13:04:05,f998a47b-2f25-4198-afba-b4f3eb891d8a,8658
6118,68.76,Refunded,2025-04-28 02:57:56,16c0ef48-d099-498b-9dd3-823c3c1ebbe1,8925
6119,175.87,Paid,2025-01-13 03:51:58,57230be2-9de7-460e-91b7-5353f9ef9f01,2909
6120,206.92,Paid,2025-01-30 03:21:02,5107d4cb-ce45-4c57-91ea-a37914a69af8,7060
6121,162.07,Paid,2025-03-26 00:25:12,5843d89a-3e93-401a-ac27-cc5cd8f011e8,5943
6122,119.43,Pending,2025-01-17 09:43:52,8df250a4-ffb0-4779-8fd5-bb4b3ace48a6,3040
6123,194.08,Paid,2025-02-11 10:06:25,265fe0f6-0f98-4ddf-8579-d75d786ec8b1,3174
6124,207.12,Refunded,2025-08-21 22:10:53,eb321475-ad30-4ccf-b695-c12f1b91d37e,1094
6125,203.85,Refunded,2025-02-02 18:16:12,45d2a8b0-456e-4980-ace3-cbedadee8b87,4640
6126,202.36,Pending,2025-05-07 19:38:57,c53707f1-e652-463a-a26b-a524147950d4,5782
6127,121.36,Paid,2025-08-12 08:46:33,8a3cdbe2-90b5-4174-a3f8-bd43d4a8c19f,9626
6128,80.33,Paid,2025-08-05 16:35:09,64d5b3a3-bbd3-4e3f-ade8-85fc19800205,4354
6129,96.33,Pending,2025-11-14 10:48:30,e276d109-b84f-42dd-b639-50a0cf0fac08,9003
6130,128.97,Paid,2025-09-24 14:47:25,0f5e413c-827e-4a2a-993d-26875fbb42bc,1452
6131,152.15,Paid,2025-09-02 06:02:26,3bdddf7b-8ddf-48ba-a0d0-b42f630b89f9,6999
6132,44.06,Paid,2025-07-01 11:34:45,6981f4ba-4898-42d7-b379-5c50be87929e,3501
6133,155.91,Refunded,2025-09-03 21:30:00,b812b746-686f-488f-8bae-1f91594f852f,7941
6134,97.78,Refunded,2025-04-04 03:27:59,63b24f12-99aa-4476-864d-8bce2fa4e825,7646
6135,133.09,Refunded,2025-05-09 13:40:13,0633be68-bf48-4f62-81ca-c6672e100c14,3857
6136,198.36,Paid,2025-07-31 12:29:25,5fb3bcc8-3f39-4570-9257-c10e97e390f6,6561
6137,187.36,Refunded,2025-03-30 01:30:15,a3eb15f3-214f-45ab-a3f7-93fc7360bc5e,9704
6138,72.56,Refunded,2025-11-23 17:19:12,9a55f68d-a8c4-452b-91bd-c7046c4412cc,3035
6139,178.59,Paid,2025-10-01 01:09:41,f1014527-ab3c-4e02-a8a6-82fcdfa78a6d,252
6140,104.46,Pending,2025-09-02 08:12:33,0ae68f2c-198a-40da-9301-031f38becdc4,8752
6141,63.33,Refunded,2025-09-29 00:58:22,786f9bf9-2fbf-4f58-9c9f-5e45cebbb7d4,1343
6142,75.79,Paid,2025-08-04 04:24:57,1fa81fdf-451a-4153-99b8-d90ddf2c76f2,7768
6143,95.71,Paid,2025-03-09 08:06:22,8f1d9393-c127-4860-8a10-a9d42fb7434d,7048
6144,143.24,Paid,2025-06-01 22:31:07,87e4cc78-4301-4f66-8270-6dc1224eb9b2,6850
6145,27.7,Pending,2025-04-11 23:29:42,cdb12d8f-4369-4def-b97c-3e3fdc361632,4255
6146,133.2,Pending,2025-05-30 17:54:46,6545a0bb-ce47-4ab2-8f7e-35f0ec758e5c,2563
6147,58.87,Refunded,2025-01-19 09:43:35,382ab54e-d6c9-4bd2-80ab-0ec70c4c20dc,7358
6148,99.24,Paid,2025-09-09 00:36:40,20dfbb85-87ca-4aa0-8f3a-e511aa8d54ed,9249
6149,149.55,Pending,2025-06-02 12:30:50,47749d0d-9834-4890-a1ac-0e2f70f981a4,2741
6150,181.26,Paid,2025-05-25 16:02:14,59200870-f0b5-4fba-80b6-6b4e9dcc0289,342
6151,187.97,Paid,2025-07-16 12:05:29,9ca95cd2-79ac-4399-b690-789878cc4d14,4092
6152,150.35,Paid,2025-08-15 19:45:04,d3bf2e82-31f6-45ad-bd6a-7feaff0f8283,2891
6153,110.83,Refunded,2025-07-11 12:38:25,08516dc9-fc84-46ba-a760-8c5046f0d4d9,374
6154,169.09,Pending,2025-03-08 07:07:55,672b6385-bf31-4154-a2ad-d71f0424932c,3999
6155,209.26,Refunded,2025-11-12 11:22:38,3e311eba-fbeb-41cd-9f32-0d784de75687,9225
6156,36.41,Pending,2025-11-02 06:41:53,bbbf8b3c-2ac0-467c-9daf-50890d245c06,8131
6157,31.09,Paid,2025-11-24 14:18:57,e6270962-d4ce-49b0-828c-74db3eaaba11,7952
6158,202.99,Paid,2025-01-26 16:12:32,287e7630-0e4d-4a1f-97d9-ef27fdc4b6c5,5216
6159,207.03,Pending,2025-09-27 08:49:19,31dd33fe-b5ac-4067-af0b-3dcc95e51f21,4818
6160,105.2,Pending,2025-09-25 05:03:15,190a9986-5e7b-4fca-9a32-375fe6a9782b,2755
6161,64.66,Paid,2025-11-07 10:40:59,f5fca1bc-dfc8-4a00-9756-83f188c3d111,7304
6162,189.62,Paid,2025-07-25 17:32:14,d20a9fa8-57ad-43e6-a7da-30a1312d1e11,7624
6163,200.36,Pending,2025-10-24 15:00:29,89b869ee-56ad-4746-bb08-d8e99e4e4765,3362
6164,183.28,Refunded,2025-05-05 00:09:53,94d24d37-d940-421e-a40e-664075c2b18c,6001
6165,196.06,Paid,2025-10-02 09:48:07,98352b6d-e133-4415-ab83-fb28f56d8a6c,8092
6166,84.41,Refunded,2025-03-22 12:01:29,3c9fc506-4a73-4953-a53e-76d42932b8c4,8912
6167,31.26,Refunded,2025-01-17 06:54:05,16e840dc-a4f5-4284-b69c-c2d00e2d6c76,513
6168,50.01,Refunded,2025-07-25 12:42:49,85b208da-3e74-4199-bd1c-09c2925a040e,5964
6169,103.69,Refunded,2025-10-08 22:06:26,21e438f5-d943-415f-a065-0deff9894d05,232
6170,28.32,Pending,2025-07-14 11:08:15,63b3663b-0deb-4117-8bb0-8b7601a2b841,3082
6171,108.41,Pending,2025-10-24 02:38:28,1b36b128-0736-46ed-8b9f-a9cedf2fe5cd,4581
6172,118.37,Pending,2025-04-10 06:25:35,89545ac6-3785-4eb5-be09-61932950fd85,489
6173,70.21,Refunded,2025-10-09 04:00:43,2cdb489d-d585-4df4-adfa-01366b236105,4208
6174,194.6,Paid,2025-06-19 16:27:42,8a77a994-b0cf-4fec-a47f-d8fd418ec8ae,6956
6175,101.22,Paid,2025-03-26 03:25:10,c3242cf0-2fee-4b1b-ad74-efeafc9fa5b6,7325
6176,29.76,Pending,2025-05-13 07:04:05,a85aac2f-e8f8-4203-96dd-a3e4831dfa7a,6797
6177,184.7,Paid,2025-01-05 18:48:12,684e7527-0e45-40ec-810b-a99ca2ed26d2,6866
6178,86.7,Refunded,2025-03-07 06:41:37,55ddff64-d1ad-4a11-87ac-d2ca666f384e,8770
6179,90.0,Paid,2025-07-15 20:54:15,8ef78e59-2058-4c1e-b611-d1911f9e9d78,9085
6180,63.06,Paid,2025-05-29 08:01:21,1e624c8a-9289-4cbb-82f3-cdf30e0ea55c,8251
6181,146.69,Refunded,2025-11-14 03:37:08,aa8090f3-26b2-4039-8b7f-a0bec27e676b,7382
6182,20.75,Refunded,2025-11-18 04:25:42,f3d89003-d4f8-47fd-846d-66c5a1168928,2335
6183,125.43,Pending,2025-07-20 13:41:34,1c656e9a-6fff-4542-afd4-2181c71d8352,678
6184,144.17,Refunded,2025-07-25 07:04:52,cc1a4432-dc7d-44ff-9f12-b5a4cf973a2b,404
6185,31.98,Pending,2025-01-18 12:29:32,b5c4bf7e-0bbc-4acd-9706-47c588b95473,6385
6186,99.39,Refunded,2025-02-27 14:19:52,ef68534c-57b2-490e-b2a4-096f2ab66fb7,2170
6187,177.33,Pending,2025-08-17 10:13:55,f1bfe110-d621-4a27-83cb-c7c71ae15192,2472
6188,187.66,Refunded,2025-09-04 09:25:00,e19d2b91-a78b-4a89-a3be-cd507634970e,4564
6189,185.96,Refunded,2025-07-29 00:30:41,40f231f0-0fa1-423a-ac6c-c5a8ae08fa03,6455
6190,134.4,Paid,2025-09-05 21:49:26,f4639d02-36ef-418f-a8a0-6da29ad6e640,3962
6191,194.86,Pending,2025-02-13 09:24:39,ef43f969-4149-4c47-b5de-70521ea95274,3715
6192,69.69,Refunded,2025-01-15 05:10:52,d267afe1-ac59-4a6f-a78d-722a744eca20,7037
6193,24.31,Paid,2025-06-23 23:54:36,e7bf0c37-8ed0-428c-a95b-0b4e4f1fe475,7517
6194,150.04,Refunded,2025-08-08 00:10:12,08f58dc6-4f76-4e56-a923-bc94c357feb9,4021
6195,84.55,Refunded,2025-06-07 07:52:15,b27ba594-f9ed-4d49-83a1-5e1901afe31a,396
6196,38.29,Paid,2025-01-21 05:52:06,fbade124-4d59-4ddf-9f5f-fb640b7fa0a8,4097
6197,70.78,Pending,2025-01-15 05:46:46,7bffb898-4051-4465-bf5f-b6febdda3aae,1376
6198,89.7,Paid,2025-02-24 05:22:22,1aa127eb-5f07-47c1-9001-fae5597f5842,6776
6199,166.61,Pending,2025-03-23 00:13:28,a6a98b8f-b6ae-4e8d-8d66-52ed10791e64,302
6200,149.29,Pending,2025-11-14 15:42:04,e87fbcf5-0bb6-41ac-80b7-2854c007d2be,2519
6201,206.45,Pending,2025-07-08 10:22:19,eafc66bf-af72-47a0-8133-4ac25f1220c2,9505
6202,122.03,Refunded,2025-05-11 22:43:10,c1c16508-0d60-4b29-87b0-94d3a10535db,1407
6203,190.77,Paid,2025-01-08 22:14:31,daf96c45-8576-4643-ba30-59524580aff6,5172
6204,109.37,Paid,2025-06-12 01:22:49,215a5fc3-381b-492c-a76d-2b9399e27ae7,7565
6205,52.96,Refunded,2025-01-14 08:11:25,2e834eec-ec71-4060-9a28-d999584e40f5,5441
6206,205.3,Paid,2025-11-08 11:52:30,d3b92681-ed22-4f35-8b42-a1d534fb67a8,1587
6207,173.73,Pending,2025-10-07 20:43:37,75d32e13-1aff-4a75-83b6-a6ded47a01e0,1065
6208,175.54,Pending,2025-02-14 06:30:43,72a600c5-8d23-40fe-a48a-708c48be6d72,2769
6209,145.73,Pending,2025-05-17 19:54:59,402a7153-7eda-4976-9b18-c4aa672e6b3d,9221
6210,162.13,Pending,2025-10-30 04:41:48,6289979f-96e4-4082-ab78-69e66ee5c997,2920
6211,121.0,Pending,2025-06-20 07:52:57,4c0cc850-c849-4129-abe6-60ac7f0ccb80,2658
6212,71.05,Paid,2025-02-06 19:20:47,b06327d2-c9bd-4803-aa7b-b51be5ab9cd5,507
6213,139.9,Pending,2025-09-11 15:57:19,9a63d97e-7107-49c6-9339-5e91783d3f2a,9615
6214,102.46,Pending,2025-02-04 12:28:20,478aeb5d-2f0c-4ccb-94bb-9d9639ccd66d,6723
6215,52.03,Paid,2025-08-16 06:30:01,ba5b699d-9221-4134-8343-abb2c84456bd,6297
6216,109.19,Refunded,2025-03-17 03:38:57,2734132b-ebbb-4d3c-9d06-093bb53a6457,8615
6217,139.01,Pending,2025-01-26 00:08:31,4f20049e-f421-40bd-9d67-85b7bcc549a0,6463
6218,46.15,Refunded,2025-03-19 09:02:59,6fd514d4-c8fb-41e8-9dd7-f906b0fe5e04,8096
6219,178.01,Paid,2025-01-22 01:51:21,33f09edf-b4fc-4ac3-8580-201d2ed57f42,9296
6220,182.51,Refunded,2025-08-02 17:25:58,7f0e43e5-4108-48a7-9b83-47efafadb9ec,4304
6221,142.19,Refunded,2025-10-03 10:08:04,63cac8e1-a1d0-418b-9788-6d2aa53f06a0,253
6222,75.04,Pending,2025-01-28 08:50:57,345ca053-8c55-4200-9f61-a5de9f7e8b39,6063
6223,111.73,Refunded,2025-04-13 06:50:30,81a19553-bbd2-4b9e-8468-f19b787fa9bc,8710
6224,58.01,Paid,2025-11-04 01:58:25,edf55fe8-2a0b-42e1-9ea4-fac859dee989,7581
6225,129.07,Paid,2025-10-11 02:48:48,1481fd3e-7b2c-4df8-b790-352dd8b6428e,2910
6226,143.36,Refunded,2025-09-23 01:09:53,9d20fa40-4ed5-4943-99d0-93332973d842,5120
6227,160.7,Paid,2025-09-22 20:04:19,c038cee5-32cf-4975-aac7-6790a4d38214,5454
6228,57.65,Pending,2025-01-05 01:57:57,8633e420-eef0-4b29-8472-dcbb646d5890,4463
6229,111.6,Pending,2025-11-20 08:46:31,e7b1d064-d431-420c-81f1-ee1f9ff81334,6718
6230,167.61,Paid,2025-03-24 01:42:46,f4972069-4c70-4e26-955d-3eb3c4da943c,8459
6231,26.31,Paid,2025-01-12 04:29:37,82dea8ab-d161-407e-97be-8ea04933e748,833
6232,200.88,Pending,2025-03-16 03:03:33,cb1f84f3-5769-4994-be07-3ae47ce6f701,7658
6233,43.15,Refunded,2025-11-13 16:06:02,02670d80-9050-45c5-939e-9d3977afb69b,3928
6234,160.16,Pending,2025-05-30 13:03:54,6052c6af-f4b6-455e-81a4-c8ed362f88ed,9588
6235,162.06,Paid,2025-08-25 11:51:36,706ae7c8-2c5c-407c-8f0d-c40507fdf9b5,2745
6236,91.81,Paid,2025-04-29 16:25:07,90f2983c-13f1-4ba5-ab81-7b790609a356,8886
6237,50.75,Paid,2025-01-13 18:01:11,d8419a02-d793-403c-adb0-c8824ad52730,124
6238,22.84,Refunded,2025-07-20 10:12:04,0c93a0f1-5a3b-4a51-b4e0-f57373c53be2,7146
6239,49.37,Paid,2025-03-09 17:00:30,23ab393a-3ddd-488a-b246-97e4be1d58b6,5769
6240,155.96,Pending,2025-03-30 14:09:41,6ffa86d8-c81b-4896-a02c-9d52e8167d01,8138
6241,198.56,Paid,2025-04-29 22:43:42,41886282-554a-43b8-8364-b7104ba34979,8317
6242,190.67,Refunded,2025-11-14 19:11:07,55445873-4c9b-4f16-99b3-a549585fbd2d,7876
6243,77.91,Paid,2025-06-24 10:47:35,e863c1a0-eaf0-4bd6-91a7-c09255f4fab4,6929
6244,35.09,Pending,2025-01-28 23:55:05,1f339b87-8901-4e42-bfed-0115616dc708,2280
6245,98.36,Paid,2025-04-13 09:53:19,71cb992e-f567-4dbd-a8cc-78cdf954ac00,4324
6246,180.87,Refunded,2025-03-30 06:03:50,7b4d071b-f6dc-4944-a087-d42bd5d1cc92,1515
6247,44.17,Paid,2025-03-02 23:43:56,28b5e6f0-931e-47d3-bb07-c181d8480ffe,6283
6248,114.98,Refunded,2025-07-21 22:14:20,c5f3de3f-dd1c-4ee9-8d9a-0a6d955822e8,5003
6249,57.39,Refunded,2025-10-02 12:56:12,b4848b77-4e51-4cb4-8871-ace71882fcb1,8640
6250,89.72,Paid,2025-04-13 15:18:25,2d732794-4a7c-4267-8fb6-4923ba69791c,1127
6251,55.12,Refunded,2025-04-02 10:06:53,f7c8823d-a084-466a-bb3f-0ef91036ba24,3262
6252,34.03,Refunded,2025-05-14 19:55:09,6e86b7b1-9cf9-45df-a4c4-234191de897f,1973
6253,82.75,Refunded,2025-03-08 17:24:51,6daeed12-6d3e-450b-8c5c-d63aa5588702,511
6254,96.97,Paid,2025-06-20 13:03:46,f90a1b72-7cc3-41da-9f98-0bb50ac2a5c2,2540
6255,187.34,Paid,2025-08-18 21:28:41,83e893c0-4446-47d6-acea-bb37728e02f8,7396
6256,196.35,Pending,2025-03-11 14:49:21,6e0c8619-d58a-4a76-bf3f-835137e3ae25,6009
6257,32.43,Paid,2025-07-01 20:19:04,27284fc4-e15b-4d78-9675-0ffb69d419f1,8949
6258,135.01,Refunded,2025-09-06 21:41:39,02e566b7-2810-4322-bcfc-63ba9315dbc8,2137
6259,23.05,Refunded,2025-05-26 11:37:56,eb1bc20f-04ba-4a69-b0ca-9e1533505b75,9639
6260,170.45,Paid,2025-07-22 22:00:35,97bb063d-e437-4ae3-94c5-ee383c8d5d1c,4963
6261,168.41,Refunded,2025-11-07 09:55:25,e799f00d-dcc2-4b7d-be9b-9ec219239acc,9686
6262,98.57,Refunded,2025-06-27 12:18:10,08d09480-fc6c-4aea-8c30-570eaed4ee15,2739
6263,52.05,Paid,2025-08-26 04:43:27,668107d3-f815-4338-8b4b-12f5f652b960,218
6264,104.05,Paid,2025-10-04 14:17:38,11916892-5443-4303-9f20-9bed0ea435fa,9973
6265,170.64,Refunded,2025-09-13 03:06:15,c178309a-93ce-4346-ac60-55503fec9e47,4665
6266,69.5,Refunded,2025-05-29 04:52:43,cd7020b1-e16d-4cce-845f-6088ae5bffae,4619
6267,49.65,Refunded,2025-07-09 17:32:05,56b541fb-f73e-4456-8319-9db2c26611d9,2587
6268,174.6,Paid,2025-09-27 04:14:51,a922ebc0-3cfa-4d6f-bbbf-aa6e90b4a33c,196
6269,194.76,Paid,2025-07-09 13:55:54,829746cf-0393-4104-92f6-36b1c4226c6b,2261
6270,199.3,Paid,2025-04-17 13:33:56,d9eeabac-6042-4a10-90a4-dc15ca0b96b3,2916
6271,34.52,Refunded,2025-08-24 13:05:06,66ce0a20-fde8-4650-9e42-f1c106096584,6598
6272,159.61,Paid,2025-03-01 07:39:31,c48a604b-42fa-4760-aa30-1499dd9fa504,4786
6273,37.05,Refunded,2025-08-03 12:47:06,327defe9-931b-4704-91e1-34eaf49da030,2311
6274,172.98,Pending,2025-10-10 21:30:26,3ae362ba-ccf1-44aa-ba67-b10d32d6f215,3948
6275,180.19,Paid,2025-10-01 16:43:01,64e0285e-6a07-4dab-b637-454cc2284889,3401
6276,178.7,Paid,2025-09-11 06:27:10,b6cec5e0-40f5-4832-875a-e1a894638232,3325
6277,41.49,Refunded,2025-03-06 23:11:58,72c94b7e-ec9f-45cd-9fb4-1ab4f17ad713,3740
6278,30.58,Refunded,2025-05-25 10:24:25,94dc11d7-9bf0-4848-95dc-10a41606b6cf,4543
6279,28.8,Refunded,2025-04-19 08:44:07,262e78de-33a8-4ead-8ccb-b011629e2273,3134
6280,122.07,Refunded,2025-08-06 10:00:22,059e5de7-6274-4958-adf5-2356b7cd50a3,9106
6281,151.04,Pending,2025-03-17 06:04:19,308831e0-ab1c-4cd2-9cae-ca27ec5fffb8,2706
6282,134.95,Paid,2025-03-21 07:22:05,a6326c6a-a978-439a-b6a1-c87a52332409,1775
6283,168.86,Refunded,2025-04-15 02:22:27,ea8cac2d-1336-4069-93d1-20d857c3d12a,1976
6284,93.23,Paid,2025-09-24 11:13:41,e0c5235f-1872-4e5a-9d9b-cef350d4bdd3,5063
6285,32.33,Paid,2025-09-02 01:01:31,40a711bb-37b4-4196-b754-8096f4bc06e7,5981
6286,202.47,Paid,2025-08-28 01:20:56,cbfd4dc0-49f5-479b-8df3-a92665b7a1e1,1596
6287,81.22,Pending,2025-03-28 12:07:24,d1d8bb9f-9b11-445d-b72c-9689deb2c4ca,9001
6288,203.36,Pending,2025-10-01 12:47:35,7a4f1f84-78df-4f1e-b938-8fcf0942e393,1160
6289,63.49,Refunded,2025-07-28 16:33:56,f9db424d-c672-4a92-8693-78db3894886c,9094
6290,135.66,Pending,2025-10-27 13:14:17,bc484538-a0e7-4cac-a159-5acd66847b86,6507
6291,140.73,Pending,2025-09-20 07:57:58,d85fa3e6-e682-4242-a801-ebbe455a55e8,8493
6292,82.37,Paid,2025-07-16 07:41:03,ba9f3e2f-f901-43c8-96b6-aae0f76b931a,8581
6293,39.15,Pending,2025-08-13 01:25:02,bebbe89f-a82c-4988-a904-71a897161f23,5525
6294,104.5,Pending,2025-09-09 11:25:48,a7a78d0e-5aaa-4ace-bcf6-d528a02e3a0f,443
6295,88.52,Pending,2025-02-13 05:20:43,b6f3cc4f-f255-4dcb-a146-5dffef8bbb6b,4599
6296,109.75,Refunded,2025-09-21 01:40:30,3c70e6b5-7eb3-4529-bd9f-98d877f48164,756
6297,195.37,Pending,2025-04-08 23:44:57,ad9c1924-39e1-42a0-9488-bc65e385e51e,201
6298,61.05,Pending,2025-08-01 02:05:37,3bfd4d73-4839-463b-9f5d-bb937f446b36,6470
6299,167.99,Paid,2025-01-08 18:38:07,719174cb-99e3-4385-9507-10920f2080c0,9389
6300,75.49,Paid,2025-01-04 09:26:22,2048de37-1648-4102-abcc-124ca57f07a3,7398
6301,36.37,Paid,2025-03-31 04:21:07,453373c1-e894-4393-9f58-e8b839c6d544,5336
6302,120.95,Refunded,2025-10-16 14:01:32,072b972e-f85b-4242-952f-b235b9c9ada6,412
6303,195.67,Refunded,2025-10-05 14:15:08,89bb3ef5-c745-40a6-b4b6-bd4ca4bdacb6,1471
6304,64.48,Paid,2025-11-25 21:06:36,0ac5a48f-e3a2-4a41-86fe-c94c3c392843,3812
6305,95.85,Refunded,2025-07-13 15:36:03,c7bbdbf0-8998-4648-909a-46c57a0ff80a,46
6306,200.59,Refunded,2025-03-01 16:08:37,624fb5f4-4200-456b-938b-e50b310c6b29,2878
6307,140.71,Pending,2025-05-15 20:08:27,221648f3-7c49-414d-9664-350713ebb706,8383
6308,135.87,Pending,2025-06-17 20:06:57,c3ded271-cf94-46c9-919f-c3e927c9915b,7900
6309,29.94,Paid,2025-01-09 08:55:11,8270877a-4cc0-43be-aea7-1620489b49cf,2741
6310,75.88,Refunded,2025-02-19 18:58:54,3a287a24-af9b-4e38-a082-64c92f18789b,2296
6311,128.26,Paid,2025-07-30 22:35:08,f57d4f5e-9d2c-47cf-b4e9-93bec2dfb556,7687
6312,195.09,Refunded,2025-09-15 05:39:31,456c3f60-4c16-4c41-ac5b-f4a4184ed0de,2941
6313,27.73,Refunded,2025-06-06 13:05:29,2dfee0e2-92b7-4872-87ff-3f49ad41c235,2347
6314,37.24,Paid,2025-03-25 20:38:52,15cf5bb4-b1f7-43e9-8ac5-78ea9d2150e7,8020
6315,110.08,Refunded,2025-01-22 18:39:59,64c6549d-ef35-44f6-8505-108ec87d8cef,3544
6316,187.65,Paid,2025-09-25 01:48:43,229537d2-b248-4af4-822f-08aefcb752cf,605
6317,164.95,Refunded,2025-08-14 13:33:48,d00608cd-9e8f-41da-abc4-83f875fbb68e,73
6318,61.99,Paid,2025-09-04 04:48:11,b9801357-d346-4352-9c83-4b5cc2ffaa54,2281
6319,82.78,Refunded,2025-05-28 20:58:11,853fc326-697c-4375-aada-4d20abebbe15,5320
6320,134.41,Paid,2025-01-29 16:11:07,08551cbb-5dfe-43c3-ba75-180a091b2309,5845
6321,129.83,Pending,2025-03-23 07:30:22,e61fb09c-3703-4def-ac2b-7f9a46770daa,4160
6322,117.6,Paid,2025-11-08 22:10:15,0013001f-14bb-4e25-a9df-ae9e5c7126ed,6024
6323,70.04,Paid,2025-03-01 17:58:01,5fb1854e-a4ee-47cd-ba04-7a787cdb9acb,1484
6324,104.88,Paid,2025-03-23 23:58:32,24cce340-0c3f-4b83-9d1e-44c397d832ef,5416
6325,83.69,Paid,2025-08-22 01:25:15,a83de10a-2c95-442e-8435-170606c7cd5c,4931
6326,38.14,Refunded,2025-09-14 23:11:20,2c4130dc-8389-41a9-93ca-765db39b6130,3214
6327,39.99,Pending,2025-09-04 19:01:47,c4dbdd2e-f99b-4b19-95b2-168ec3a05a8a,4523
6328,169.99,Refunded,2025-11-04 02:54:49,4c64086f-4066-4e87-96b6-075a8f24e2d3,6923
6329,42.66,Pending,2025-07-01 13:56:47,a21a5e19-770e-4adc-9913-abce524a8ca7,2898
6330,129.43,Paid,2025-10-15 13:43:34,5f02cf7a-9171-4ea9-8365-6f2cfdf34178,5103
6331,203.31,Paid,2025-06-23 04:06:51,de8d6c10-b099-49c5-a922-1a7922f31cff,7165
6332,131.38,Refunded,2025-08-16 21:39:29,06a13d48-6837-4b38-8bb9-35c10c628b5f,5435
6333,26.11,Pending,2025-02-28 01:50:02,2e2a0b41-4080-4771-a915-120624bf616f,1743
6334,154.75,Pending,2025-08-10 06:10:16,0d1c4dfb-47de-462b-9b84-23798c2ee829,6985
6335,170.28,Pending,2025-01-26 01:09:00,9ec30a81-fa32-493d-be2d-369b69a50dff,1862
6336,58.23,Pending,2025-10-05 07:10:48,b0c3f7a8-86a9-45b9-89d2-1253c114f023,48
6337,77.05,Paid,2025-09-20 21:20:39,031f0be2-3540-4595-a954-1afab40d571c,5811
6338,172.44,Paid,2025-04-02 00:21:11,873fa99b-0d9d-40db-aa2d-b96c991de356,5728
6339,145.72,Pending,2025-07-03 05:38:13,71fd6c0c-c249-467e-93a8-b86044178331,2254
6340,52.96,Pending,2025-01-20 10:22:01,8717f488-0a51-4c22-9206-026fb253690c,7140
6341,27.83,Pending,2025-03-08 17:02:41,38b0aae1-6b78-4379-8917-ef554033975b,6049
6342,142.92,Paid,2025-05-04 15:03:05,86bea695-3773-4f7b-9806-7eaaa2acc293,5826
6343,160.84,Paid,2025-11-03 06:01:08,7c4ec81e-ebd9-4894-b229-168a9b620c6b,3384
6344,105.19,Refunded,2025-06-13 22:31:04,9a44f0f4-6a39-4281-93da-7db1f6df48d2,929
6345,156.11,Refunded,2025-04-12 02:22:52,40a5ffe3-6bf2-4ebc-b0f6-556494fbc4e7,5779
6346,110.27,Refunded,2025-04-03 09:25:02,39b89fbc-2d6a-48ea-9fe4-d185f1ec3b3d,1486
6347,57.53,Refunded,2025-03-15 14:29:07,05418413-9a53-41ce-b546-4ba5a9268770,3177
6348,104.44,Paid,2025-08-25 09:32:25,6b3d6fac-67a6-4759-9ef7-946256397ca7,1509
6349,55.02,Pending,2025-10-26 15:31:44,2e4b4c3d-e96b-49cb-a37f-c42f6c6b2e47,9214
6350,80.43,Paid,2025-05-09 03:47:40,5d0fcc4f-29cd-46af-bd5a-ba894a5960cb,4541
6351,190.72,Paid,2025-06-24 12:56:39,f176cb8f-e028-4d7e-8330-afbbbe4f6974,9355
6352,156.3,Pending,2025-04-08 12:56:15,bde10c53-f434-4be9-8862-9fede4701377,1185
6353,95.71,Refunded,2025-07-10 16:40:57,5c96d27f-0fc2-432e-971e-b64f1bca9d04,4422
6354,94.05,Paid,2025-09-11 01:07:59,a1150c9d-98c8-4563-8cf8-ea117da77728,6167
6355,35.86,Pending,2025-01-19 21:40:36,786913b9-8ae5-40dd-8787-cce6ae386e4f,5488
6356,142.16,Paid,2025-09-18 17:00:18,7acce5ea-3eb1-4afc-8f2d-f88d13a43baa,4105
6357,209.28,Refunded,2025-08-05 06:53:20,f05fe68b-9c25-424c-aeca-a686573c7cde,446
6358,118.1,Paid,2025-03-31 19:13:42,a56efbc0-cafa-4b11-b036-6158990a2153,9293
6359,199.42,Paid,2025-07-15 21:49:22,a5aa6614-3f33-43b5-a4b8-c6bd56c9864b,8134
6360,199.01,Paid,2025-01-23 07:45:02,8284b26d-4b42-4413-9232-f0c2b2b20a7e,9144
6361,150.38,Refunded,2025-01-27 10:19:36,0779ce06-f1a0-4e96-acf8-557d48252bbd,4934
6362,102.25,Paid,2025-09-24 09:46:26,d7504544-bd20-427c-a84a-435c27d00658,6535
6363,208.16,Refunded,2025-10-23 12:39:02,f50fb050-d9b7-4a0e-b6c6-57b3db89a384,4122
6364,192.02,Refunded,2025-06-26 11:41:08,d5063fec-e729-480c-99ec-6aafc52f610e,9307
6365,135.14,Paid,2025-09-14 16:52:30,47231572-50ac-4dc7-8678-e314ea719709,9111
6366,75.82,Paid,2025-02-16 14:03:01,91d0019a-ce9a-4487-b46b-5755a9da74ee,2825
6367,129.16,Refunded,2025-10-02 08:23:57,df31abdd-151e-40cc-92d0-adb682fdc19b,2972
6368,167.65,Paid,2025-03-15 20:59:59,dab255d0-6038-4046-b6ec-6a98a1caa6be,338
6369,110.78,Paid,2025-04-24 10:40:34,80978ba4-1f93-4306-b24f-60c1df09461f,5708
6370,138.2,Paid,2025-04-17 01:11:52,624e6012-017c-4203-b2af-c2367d48cf20,2353
6371,98.12,Refunded,2025-06-17 08:05:10,d7829012-6ed8-4567-9709-824ffdaf4325,3295
6372,170.22,Paid,2025-04-21 02:40:46,6026e56f-6a4a-486e-ad86-3d3a1543f433,8418
6373,65.3,Paid,2025-07-05 07:54:38,855a9686-83eb-4758-89c5-7e531c2c50f5,9818
6374,148.03,Refunded,2025-10-23 10:08:06,4f3839b3-d5e3-4811-9557-454e6c14617f,6327
6375,157.14,Pending,2025-04-08 06:42:25,7a40b1b8-5a21-4464-9c81-8db053bd1a8b,1742
6376,148.33,Pending,2025-05-20 10:09:36,19b07fdb-8e46-416a-baa8-a95c9197a5a6,5638
6377,44.26,Paid,2025-08-12 09:39:04,2b1ad2d1-77c2-4a5a-8b84-1f7bb4302a01,6971
6378,157.44,Paid,2025-08-29 10:10:42,1bdc1922-a9cb-4693-9799-d62968c14b1c,1595
6379,110.94,Refunded,2025-02-06 15:25:29,3af79b8b-13ee-4bb5-92dc-8792815192e2,931
6380,39.35,Refunded,2025-11-21 16:32:26,f1150f98-9e16-47f8-a751-d6b0046b8e3e,8022
6381,54.11,Paid,2025-07-07 16:46:16,d5cbf565-e6dc-4075-87bb-479285d6f11f,9066
6382,112.0,Pending,2025-03-20 03:31:56,37a80470-d11c-4289-ad68-eb75c029cdf0,9450
6383,130.11,Pending,2025-02-12 19:02:24,ef0efff6-b2a1-495e-867a-79858d2c4e6a,4337
6384,90.51,Pending,2025-01-27 16:29:49,17b5ea8c-1473-45a8-8de6-8d10f28f29cc,6348
6385,22.48,Paid,2025-08-11 06:43:42,80297e67-4950-4cd2-b109-52ab5b0e324a,1004
6386,206.84,Paid,2025-08-13 06:26:46,f9559cb1-61dd-4e03-95a1-f63892517965,8057
6387,134.47,Refunded,2025-05-23 12:59:28,5448f14a-7439-45c8-98a4-1d4b4dbfaa0f,6480
6388,52.82,Pending,2025-09-13 08:51:22,30604f94-df5b-45df-a6d4-e50d2de34c5e,8270
6389,48.75,Pending,2025-06-29 20:45:47,155c181c-605e-4d86-86f1-c74e287d2e03,6202
6390,133.46,Pending,2025-03-16 09:54:52,77e95d5a-6263-4f3b-82fb-36ab506a17eb,7007
6391,47.81,Refunded,2025-02-25 19:14:59,d89713d5-506f-4a49-ab1a-0092a6ddc4f6,945
6392,172.16,Pending,2025-07-17 02:08:12,e4b00327-faf3-438f-a735-d977d0094600,7105
6393,39.92,Pending,2025-11-09 22:51:41,d04c41f6-b6c3-4a99-86f8-3d7d827f8d82,6245
6394,41.51,Paid,2025-01-23 09:24:29,598b71a7-31f4-4bea-bc66-98806d03eca0,1111
6395,198.01,Paid,2025-07-12 01:34:56,3b3d2b32-c59a-4cd3-a6a6-be65fad279c1,3028
6396,145.95,Pending,2025-04-28 06:12:13,c1e5ff51-1639-40ca-a09f-484284473aaf,3876
6397,25.41,Pending,2025-07-18 16:00:00,d40203c3-122c-4f42-bed5-a9b8376ca97f,8893
6398,128.61,Refunded,2025-06-20 05:56:41,44b99aed-419c-4510-ab55-bfdde9e646f6,7383
6399,183.02,Pending,2025-11-21 04:55:58,96c71d66-d58b-40e6-8d6c-65edc3ca2713,4752
6400,91.0,Paid,2025-02-24 08:32:01,6d6260d3-a06a-4f66-8010-1b148673f8aa,1671
6401,99.52,Pending,2025-02-12 06:54:52,44356780-02c9-47e6-bb91-4cf586208c6e,4797
6402,64.22,Pending,2025-05-12 09:08:40,3bba77d8-9d4a-48d3-adae-2a2d8c9f04c8,9749
6403,209.06,Pending,2025-05-03 03:31:13,c1358fb8-481b-4aa5-9f35-b56f960d279b,1753
6404,137.34,Paid,2025-09-27 08:07:32,571a5b9f-76a9-498b-bb88-251fd15d5e23,8732
6405,23.41,Paid,2025-09-07 21:19:57,5859783a-37df-4a15-9af1-90b27778ec13,9865
6406,128.89,Refunded,2025-03-02 23:29:20,3989e6d8-dc34-4a79-81e9-bff6656ba423,877
6407,105.54,Pending,2025-07-25 01:43:08,8e41cd0c-9c4f-4746-bd0e-0f431ffe7cfd,3418
6408,136.29,Paid,2025-11-10 07:07:29,e8556f68-0aae-4835-8b01-5311afca7030,4911
6409,44.76,Paid,2025-07-03 08:31:09,16214014-0dcd-42a1-8d04-d0a3869edc99,8530
6410,42.78,Refunded,2025-04-06 21:22:11,2f5e7104-bb3d-4d0c-ae96-246afc918020,8765
6411,94.76,Paid,2025-01-15 00:45:34,abf531f5-0dad-42e0-85c9-23965c64c98f,2526
6412,153.54,Refunded,2025-11-04 09:52:12,2b15890d-6bf2-465f-a721-302fa4925392,6780
6413,191.0,Paid,2025-08-03 14:01:29,bffa0148-0107-43c5-8227-b92147d0737e,2703
6414,64.69,Refunded,2025-04-10 18:57:11,86c92cfd-cb69-4aa0-b936-623f5f7b01be,382
6415,194.26,Paid,2025-04-08 16:56:26,cb0209d8-82d6-40ff-8614-9c75bb805bf2,7059
6416,185.69,Paid,2025-03-11 03:34:37,add46ced-f460-4795-8463-3c7a89fb94db,309
6417,159.48,Pending,2025-08-21 01:18:30,66414aa1-46b6-4c1f-bbae-d337789f2737,3579
6418,156.89,Refunded,2025-10-03 06:42:43,7bec77ba-e328-4d1d-af3a-57c55bb5f8ed,9634
6419,58.3,Paid,2025-09-27 07:45:24,dd4193c4-264b-44b4-ae0c-5251396e8886,9737
6420,127.61,Paid,2025-03-16 09:16:33,fc1450d6-8280-4ad0-a2df-af2928f6b942,640
6421,28.66,Refunded,2025-10-30 11:02:44,37c95a96-a0fa-4703-808d-a7037b402aa5,4785
6422,54.54,Refunded,2025-07-16 15:00:51,dc122c9e-5294-4aa7-9b07-ec87a4253e0b,3097
6423,176.54,Pending,2025-04-03 13:44:16,a3f080e3-6dbd-48ff-b68d-36aae317c361,3967
6424,36.41,Pending,2025-03-27 08:34:57,2a65f27a-d316-49c3-a608-1c6eb669a37e,8449
6425,80.74,Refunded,2025-04-08 06:54:27,5cfe098a-1013-4561-b39a-b5e5b7756ca6,9438
6426,25.46,Pending,2025-04-07 13:51:13,aeac2885-72bc-442e-9d88-55b276055f8c,3578
6427,197.66,Paid,2025-10-06 00:55:19,573c58b4-6586-43f6-bf10-53b2aed42b2c,4225
6428,126.13,Paid,2025-11-11 16:51:02,64efa3c6-4be5-4b80-8977-4eb1387d9993,2516
6429,31.71,Paid,2025-07-01 16:12:08,65c1dadd-44d7-4369-a9f3-3d3b0dc2468b,1122
6430,147.07,Paid,2025-04-07 15:14:12,02b2a269-5cde-49c4-ba94-cba35064cf3a,6789
6431,101.52,Pending,2025-08-05 15:36:27,3aab97a8-54ac-466a-ac0e-73d684bf48b0,7789
6432,108.0,Refunded,2025-02-11 11:38:42,972a1e4b-a8d8-43ab-81f8-187d412ea91f,6199
6433,40.54,Paid,2025-03-13 22:32:58,37647c5e-5f76-4c97-a195-e8cfdbcf3a3f,626
6434,108.98,Pending,2025-08-23 07:00:31,b7a9431a-c13c-4f19-8ac7-4fc95889660c,5547
6435,202.4,Pending,2025-05-12 08:19:20,5fd62e68-cab6-469e-8f30-a60a0e8b98f1,8271
6436,67.44,Paid,2025-08-31 13:56:30,cb39521d-8f7c-424e-9ace-45dff0109d2c,3483
6437,71.11,Pending,2025-06-06 18:51:08,5080c182-6229-4e9e-8aff-89eee981ebe0,7277
6438,88.42,Paid,2025-07-21 20:55:54,f20d826d-8e62-4a1c-929b-1da4542eff2b,6988
6439,141.37,Refunded,2025-09-11 00:41:06,7e9966df-377b-49ae-8fcf-7606a9e8616c,5679
6440,152.6,Refunded,2025-09-05 11:19:10,411be5d5-c73e-4a35-8635-52d22f37c57c,3967
6441,28.93,Paid,2025-01-25 00:40:34,3da40a2c-db31-46dd-b41f-3ec91f79478f,493
6442,107.27,Refunded,2025-08-04 08:01:18,f42e0a39-3d7d-45fb-9545-9818b23ab6bc,4729
6443,187.53,Refunded,2025-07-09 10:56:34,51920023-9847-44bb-8107-2fc9f6546311,985
6444,133.76,Paid,2025-05-11 13:28:32,5a31feee-35d9-4280-acbf-3a790c6cf6c3,6021
6445,30.97,Refunded,2025-04-06 09:12:47,bf2df0ab-4c15-40d0-aaa2-b985b9ba2095,7556
6446,121.53,Refunded,2025-03-21 18:50:46,029761a9-0936-4dc3-b68e-da6560ae9fd0,6640
6447,90.34,Paid,2025-09-08 06:53:46,5c7aa133-4e3f-4244-bbe3-f8b4b99718e4,4960
6448,160.71,Pending,2025-05-23 23:57:18,eba25d31-d9b2-4fe4-8bce-c7855556a6f7,6086
6449,107.07,Refunded,2025-04-29 16:12:11,c6c4124a-3234-4807-b730-0ef02e3f9d93,9429
6450,104.98,Pending,2025-07-01 20:32:46,f1000cc8-ac89-4318-8873-aba4724f550a,9069
6451,89.13,Pending,2025-08-28 06:12:11,3b01100e-6f0d-4023-8358-9a054125419e,5820
6452,177.54,Pending,2025-07-31 22:54:01,1ba7514b-2415-4a74-b08c-fe03dd80af53,7781
6453,164.32,Paid,2025-03-08 08:32:50,f7c8ae94-8e6d-4ef5-a249-2b77456fee7e,6421
6454,149.57,Pending,2025-11-05 04:16:58,080c59d6-0abb-46a4-b70d-48d0054d2c28,2570
6455,95.17,Paid,2025-03-23 07:48:21,5a88e51b-279a-4ad4-a4b4-1752ab155db2,6266
6456,115.58,Pending,2025-06-02 07:51:20,09baf26e-9457-4038-a857-031fd14b3a22,2997
6457,143.96,Paid,2025-02-21 08:25:17,2a7d4e37-62bd-41ff-b127-cef7c4863a7e,1194
6458,74.57,Refunded,2025-01-06 02:06:52,28304b9d-b371-48f5-8a58-eef1b7dfc0d6,5180
6459,136.97,Paid,2025-04-20 13:43:19,4f4abe3d-89d2-4c00-b866-990db27dfcff,9313
6460,77.38,Pending,2025-06-29 16:34:36,097e21be-810b-435f-8d4e-e11df3fae250,9721
6461,153.18,Pending,2025-10-26 21:24:45,1aa65a03-ea71-4c6d-afd5-7aedd31fad06,9412
6462,77.37,Paid,2025-07-22 12:34:30,7c0a7ffe-c3f0-42c7-87cb-0dfa60087703,2236
6463,58.73,Refunded,2025-03-23 05:17:07,a0f2841d-d9f3-4a6f-b851-834c35c5eaf6,363
6464,102.76,Pending,2025-10-06 21:46:52,36b72b2c-bd4c-4b94-8486-d4734a27cb3b,7638
6465,22.75,Paid,2025-09-20 09:19:58,213294bc-9d69-4174-9a1f-5ba4b9cbe619,989
6466,108.92,Paid,2025-08-15 05:41:29,1490ec68-d28e-4c9d-bb08-0c46df34a509,6957
6467,115.12,Pending,2025-05-28 03:28:28,0c78efb1-ff98-4411-8294-9435e27ee018,3101
6468,28.7,Paid,2025-01-01 01:14:11,1c4f57c1-4f3c-458c-a564-0bd25944bfd4,6866
6469,55.77,Paid,2025-08-16 03:36:23,9a18811c-e7e2-41d9-b459-6efc0f501a50,7187
6470,144.71,Pending,2025-07-07 14:26:40,a4b64444-1957-4ad8-91fa-51777d4b0db5,9314
6471,88.12,Refunded,2025-05-06 06:47:19,0bcd60c6-5e4b-4580-bbb7-0bc0f5f75370,6252
6472,88.88,Pending,2025-04-27 10:34:48,5367b410-a488-491e-814f-53fbca61acda,7056
6473,47.12,Paid,2025-07-17 22:46:30,69a2f658-1324-4bb3-b17e-f9df82cb1f01,3510
6474,181.4,Refunded,2025-05-03 12:47:38,dd01e120-c67c-4901-a2da-ef9b485ec4fa,1837
6475,179.8,Pending,2025-10-15 15:21:12,e37a8f42-e7f5-4eee-ba60-88a2db26f95f,2974
6476,20.62,Refunded,2025-03-12 19:40:43,4492a634-b7f5-4ad9-93a4-e3dc08824349,9258
6477,57.71,Refunded,2025-01-13 16:50:04,21e76ac2-e25b-4416-8cea-46db0157fb65,7592
6478,169.31,Paid,2025-11-09 13:21:38,c56f88ac-8d55-4561-88aa-406bce533506,9431
6479,174.45,Refunded,2025-06-23 15:13:18,eb422c2e-4d43-45bb-81a1-de27a4a542af,9004
6480,131.78,Paid,2025-06-05 19:18:38,6efdd643-c0ba-4757-a626-3942812a73c2,3521
6481,92.22,Refunded,2025-10-12 15:53:13,d1a5a76e-652b-46e8-8d5e-5aae33ac2cb1,4583
6482,75.52,Paid,2025-09-18 08:10:13,79ee3bb7-47ab-463b-a2d0-87b3ca554566,1844
6483,202.63,Pending,2025-02-20 16:09:43,7b2e106a-6d0a-4d7b-a5ce-c27792594a01,9983
6484,134.96,Pending,2025-02-22 14:02:30,b33ffa96-0081-4285-a75f-66a2a771294e,3998
6485,185.47,Refunded,2025-11-21 12:17:12,7b762d5f-93c3-4f75-ab52-2cecc70d2057,4927
6486,203.76,Refunded,2025-06-27 18:16:46,035b0f32-52ec-4568-b63f-465f1e5bd40a,3807
6487,182.98,Paid,2025-03-05 17:23:05,f9f57513-9cf2-43f0-9abd-92c623b276cd,4789
6488,29.03,Refunded,2025-10-14 04:32:29,f31999ff-94a8-4c4c-8289-94042bac55fd,6092
6489,23.7,Paid,2025-07-04 03:11:52,28a30f34-fbe4-40cb-8f5e-5c6ea1c86ab9,2741
6490,140.13,Pending,2025-10-19 18:16:36,b8d70d39-0933-49b7-80ab-27375172ec7b,8525
6491,65.82,Refunded,2025-02-13 11:03:00,993ee7ae-981d-4bb6-9491-ba4f9c1acc8c,6689
6492,167.95,Paid,2025-11-23 01:58:58,415eeae9-25a0-4d3a-ab21-5b10a4f2ad9f,4728
6493,58.79,Paid,2025-01-02 16:13:38,adf7db03-2c6f-48b1-8a06-ab75bf279aa1,6938
6494,149.01,Refunded,2025-04-12 03:23:59,f3cbdfb3-e4f3-41de-97c4-7416c72c48a4,2945
6495,71.33,Paid,2025-08-04 22:25:56,b5a0c142-548d-4abb-822f-4ec81d20c0f6,4583
6496,169.4,Refunded,2025-08-04 10:26:34,e2576667-a9b4-4c1f-a2f8-1079d229b98a,5572
6497,154.2,Pending,2025-08-29 00:49:19,0b802c5f-6423-4326-8146-c4215f09ee34,3124
6498,189.17,Refunded,2025-11-24 22:56:35,30bbcd7e-54cc-4a8a-920a-afc9a5b8aed3,1104
6499,47.8,Paid,2025-07-25 19:04:06,b4b56100-8931-431c-afcc-94ac73f48714,4197
6500,96.54,Paid,2025-01-06 06:16:06,60f0ed98-ee62-45df-96f2-a611e916476e,6126
6501,143.12,Refunded,2025-10-19 21:07:39,5aac653d-f6ce-40d2-9155-df03de003b28,7281
6502,151.45,Refunded,2025-04-21 08:23:57,6ba73066-9887-416b-aa91-a2edced503cd,3706
6503,182.05,Refunded,2025-06-04 15:48:26,f1f7b62f-9956-4a23-96a4-2ae8863613af,2343
6504,193.55,Pending,2025-05-30 23:14:19,a366632d-99ac-4fc8-a64b-b243b374d271,9123
6505,37.11,Paid,2025-10-05 01:25:00,aaa9c038-f336-4771-b621-202158b14d34,1566
6506,106.8,Pending,2025-10-06 05:46:18,84480e5d-3c4b-455b-98b7-69563cecc592,5721
6507,196.04,Paid,2025-10-26 20:09:20,cf7c4d45-adde-454a-849a-0342a70e5d20,1877
6508,52.88,Refunded,2025-01-05 18:03:52,c01b54c0-8801-43cd-a99f-aff33a3a2678,5320
6509,81.19,Refunded,2025-01-20 10:24:01,ed27127f-0868-4f34-a601-2a825774f3d2,2950
6510,92.07,Paid,2025-07-27 13:46:37,ef2dde07-06e4-40b5-b952-9e3a027e6c43,8784
6511,35.67,Refunded,2025-09-23 07:27:24,30540446-cd20-4989-98f8-3678fa4d59aa,4935
6512,94.6,Pending,2025-02-06 10:37:00,57a4cde5-f446-4758-b336-674bdb543b4e,5476
6513,35.43,Refunded,2025-01-21 03:16:56,933fbcc8-d50a-41b8-866a-ef405080ec1e,3697
6514,181.99,Paid,2025-10-15 08:37:34,e8e05a98-2835-4219-972b-fbe5c0ca9679,93
6515,115.16,Paid,2025-09-20 06:35:15,978267a0-0618-450b-a476-94962586b5a0,7541
6516,165.5,Pending,2025-03-28 19:23:36,77bb9e63-754e-4515-a348-b77afc429f1a,2559
6517,76.86,Refunded,2025-05-03 00:06:57,e5a0e1a9-114b-43c3-9387-0b76fe25284f,3987
6518,114.8,Pending,2025-11-15 06:58:17,eefc72d0-abf9-4492-ba88-88aa2d4891fe,1017
6519,126.38,Paid,2025-10-27 00:51:45,04355af9-a844-4a63-a16a-ae476cfe2508,5939
6520,56.0,Paid,2025-11-07 17:16:34,d7080943-38a1-44ba-b64f-2a255a2a63e7,8553
6521,59.78,Paid,2025-06-01 19:22:08,da4ba985-fe04-47f7-95c1-22bde6244120,4039
6522,189.75,Paid,2025-09-07 05:22:22,0316bab6-8eab-48e9-b75c-9d5028e975ce,2262
6523,51.27,Refunded,2025-09-28 05:39:35,55c6ffff-0c9f-4bd6-8341-3824cabe7bab,4553
6524,203.91,Refunded,2025-10-18 03:01:14,4dade307-fd64-4a4f-96b1-37e148af9b5a,1326
6525,180.7,Refunded,2025-03-11 07:47:02,99db8a28-da4c-4e21-a902-883dcfa3d5ea,5584
6526,126.75,Pending,2025-10-24 11:10:31,5ec1f4b4-b174-4fcb-88ad-86fba41c2a7d,9027
6527,203.14,Paid,2025-02-19 11:50:30,86ebb267-33e9-4440-830b-6e3f58961f83,9525
6528,170.14,Refunded,2025-09-14 11:24:07,a261ff74-f60f-4f83-872a-e608e2a9f1bd,3888
6529,144.06,Refunded,2025-06-16 14:45:08,b4324dfe-8400-41be-b5af-b53c5d034e48,4000
6530,139.05,Pending,2025-01-04 01:07:25,fa54625c-fe60-4b83-a758-c875e7e9189a,3985
6531,89.18,Paid,2025-02-17 02:35:46,3eaba85d-30ed-40e7-b60a-424fca36b88f,7988
6532,93.24,Paid,2025-01-31 09:05:04,f7366d5a-8b6d-483d-b1d6-7209ce93a67e,9723
6533,50.9,Refunded,2025-06-18 01:17:00,0b0de972-d1e1-4873-8f01-62a4d40d60ec,6650
6534,191.99,Paid,2025-05-19 02:01:39,2a3a6e83-8b01-4589-b505-dc231f9e4fe3,4487
6535,20.66,Pending,2025-01-31 05:41:07,99bb5e3a-1cda-40df-9419-b6fe633a52b3,548
6536,192.62,Paid,2025-09-09 04:01:44,b7c24403-745e-4f0d-9379-8c77ca32e0a4,1656
6537,112.36,Refunded,2025-04-03 07:42:45,793a6187-b693-4a86-8853-49320b621a69,9036
6538,69.9,Paid,2025-11-16 12:39:40,2473d197-bf4f-49f9-b38d-483a498ef4bf,2300
6539,63.99,Pending,2025-08-15 03:56:44,b60ee5be-007e-4ca7-a26e-1e3b9327ebe4,3616
6540,58.7,Paid,2025-08-20 10:26:17,894df3ed-2afb-49b4-959e-b43bfcda697b,9558
6541,138.39,Refunded,2025-05-20 07:37:19,3b23009b-a358-489c-9b73-9cefd34cb491,5393
6542,57.32,Pending,2025-05-16 12:59:07,4ae9b353-5431-408e-9563-1489c2fc060e,2620
6543,100.26,Refunded,2025-05-20 14:35:09,b8cc6d63-0c48-4d8d-87fb-4dc8ffacf5f7,7640
6544,109.75,Pending,2025-03-17 12:25:41,1282bc7a-ed52-44bf-bcaa-6662d4350aea,3395
6545,117.97,Paid,2025-01-08 06:23:39,f46ed43e-7da9-4ed3-8520-0757c0499a41,4854
6546,56.18,Paid,2025-02-09 21:08:57,4057935b-da4a-4ba8-ae49-8ff3917f8257,1350
6547,179.06,Paid,2025-04-18 21:32:11,17360cea-ce86-42a1-8a5d-9a8ab3b63d64,3049
6548,86.28,Refunded,2025-05-08 23:09:30,2c456f1a-35ec-4688-ba51-4cc284ce0ab1,8028
6549,122.42,Pending,2025-06-30 16:07:52,64730550-8e8c-49f2-815f-60f9078ab694,9144
6550,85.53,Pending,2025-03-19 02:54:40,2a6a7d82-1e43-4d4c-b75e-f15554def64e,8807
6551,147.9,Refunded,2025-10-02 08:52:10,63229586-34ae-4005-b4e5-7fe7fc124eba,3744
6552,155.07,Refunded,2025-07-07 10:59:21,ce75eb2f-7aca-4f9f-9441-084fc067db7a,1762
6553,110.5,Paid,2025-01-29 01:38:48,1b636c76-cc11-40b4-8a4f-136a2f6f66e5,3571
6554,193.19,Refunded,2025-07-02 03:48:27,9a49df0d-3a54-4d56-ae7e-7f747043953f,7570
6555,132.63,Pending,2025-02-08 04:55:12,556bd3be-44c5-44c2-a366-9a04b758b31a,415
6556,202.33,Refunded,2025-09-27 03:13:37,14627b30-5061-48be-b955-3726929b6433,4571
6557,93.11,Pending,2025-02-11 12:04:18,beff7db6-5c03-46bf-a0da-e0cfce11d1ef,3328
6558,165.72,Refunded,2025-08-07 04:32:51,4a9e9baf-354f-45e0-b7b3-396a8b573fe0,3304
6559,168.75,Paid,2025-06-30 12:43:38,462d7417-fa7b-4435-98d4-f0229ddb961c,8540
6560,171.62,Refunded,2025-09-25 17:40:27,be45a7fa-7dc1-4a9f-92fb-5747f96f918d,1000
6561,50.36,Refunded,2025-05-21 10:31:30,c8c64a45-e0f6-4dfc-98e4-34e10f4f9687,8022
6562,121.34,Paid,2025-01-22 13:58:49,7839bb08-3504-4171-bfda-148f49b0da47,854
6563,26.8,Pending,2025-08-14 00:44:51,182c55b8-493b-45f7-8275-09c71e5a08de,5655
6564,96.85,Paid,2025-06-03 02:29:39,557476e0-9e73-4275-a96d-d362d2d9bd16,8274
6565,178.72,Pending,2025-07-13 08:24:06,b65eb1a3-4ab2-46c5-bdc7-90cb95cb7472,9742
6566,200.93,Pending,2025-05-02 07:38:50,12210623-c240-4f0e-8422-a2fcd023a7ed,504
6567,200.57,Paid,2025-01-17 05:31:48,cfd69f5d-47e1-469c-95ca-266eb319cc99,8288
6568,136.67,Pending,2025-06-26 06:23:12,baf515f6-2a2e-4159-a0d9-8c1a3cb8535d,1687
6569,78.58,Paid,2025-01-01 08:35:52,2240a97f-fd8f-493d-bc74-c1cd89444452,6024
6570,31.71,Paid,2025-01-23 14:14:24,751fa379-5fd2-4b79-9567-1b74d30bfdd1,5655
6571,166.77,Pending,2025-08-06 01:49:08,88468609-b4c5-4cc5-a7b6-b35c485c84c5,3417
6572,153.8,Refunded,2025-03-14 02:34:10,5ceec23b-0b28-4742-a84d-7d9a72358921,8483
6573,91.81,Paid,2025-02-14 01:50:19,d0effdf6-2244-402b-aaf2-db967cf5a9a3,9065
6574,87.79,Pending,2025-06-11 08:10:52,1b679498-2444-4d19-9fba-cd0069e89459,2206
6575,21.54,Paid,2025-10-15 19:28:03,5ade499c-6b53-4243-a3ef-69cb7e378df4,7564
6576,65.14,Pending,2025-08-21 23:11:03,f3ef73af-0a13-4361-a43e-58e5a9c85280,5888
6577,28.56,Refunded,2025-05-15 14:43:52,61ca0185-70aa-4273-9fd9-5205fcd795ce,8061
6578,60.19,Pending,2025-10-07 22:39:13,00cede54-e6fe-4bfa-86fd-2bd165d35d5e,4568
6579,47.47,Paid,2025-04-12 08:36:07,2add91d9-6753-408b-b455-7561e49f26d3,9938
6580,47.1,Paid,2025-09-06 10:07:48,bc0dc0e0-1a11-42b9-ba99-4b1e95f2639b,8082
6581,109.59,Paid,2025-10-14 00:40:24,6d8b5d01-1622-46df-82cf-ede50c289b24,4912
6582,102.73,Pending,2025-06-22 21:18:48,0d8efe37-1b36-4bce-ba08-5c139d526ca6,4949
6583,140.96,Paid,2025-02-24 23:25:20,51bf072d-a69d-4665-baf2-d12b2d26481a,8306
6584,146.66,Pending,2025-09-14 13:00:22,125fed57-4266-4cdf-a2ee-f8b98dc84a84,7352
6585,160.27,Paid,2025-03-27 04:15:47,ecde40b6-5afe-4b80-831b-484f9f7f8b25,3897
6586,54.94,Refunded,2025-10-12 19:51:06,a6a3156f-b67c-4e72-833a-cff91e40a00f,2238
6587,146.01,Pending,2025-10-08 15:42:43,c74115e3-6913-4b07-9cef-9abf509c3e42,7327
6588,129.83,Paid,2025-09-19 07:43:38,7aa11589-f54d-4df3-a664-c6f35e4d054b,1839
6589,67.07,Refunded,2025-02-11 22:29:30,83a5c071-6586-44db-9d4a-b56ec33cde6a,9070
6590,201.84,Refunded,2025-11-15 11:02:12,3e4b9043-c4be-4568-a6d8-68ffe0c2b2ce,6088
6591,172.23,Pending,2025-09-18 06:58:57,a648870c-ef10-448c-94c1-e7666a08c53f,8698
6592,51.43,Paid,2025-01-29 08:31:31,5974d35d-5b3c-4815-a6bd-a4199b93844f,1304
6593,101.57,Paid,2025-05-11 06:30:02,45ee3ec9-dc18-40f9-ac12-3d13a6559436,1597
6594,118.59,Paid,2025-06-02 05:38:15,2acd46a3-aeac-455c-ac18-799121367d1e,1673
6595,181.78,Refunded,2025-07-27 12:30:16,daac047c-ce3b-4736-9ff9-5e226674196e,8024
6596,177.25,Paid,2025-10-10 22:06:25,59ff1395-0298-436b-a11c-e3ad64687030,991
6597,80.51,Pending,2025-06-19 06:41:09,7e6bc530-4919-4f89-bb21-b04f6dc4cf08,9567
6598,97.96,Pending,2025-10-30 20:53:39,27732146-0fbf-4c8c-82e7-159d144795b9,5637
6599,139.37,Paid,2025-09-02 05:02:26,c38e22c3-ba25-4ad8-af36-6e9bfcc41161,9983
6600,183.41,Refunded,2025-08-05 03:59:18,c7693d83-493d-4b36-8d70-a746e4c714ef,9705
6601,106.11,Pending,2025-09-03 21:17:26,24b938c1-9542-4b47-ba5e-156422d0d8af,7463
6602,141.95,Refunded,2025-09-17 03:44:03,c5380253-091b-4e77-a3e8-aef7fc43e28b,6236
6603,54.77,Paid,2025-05-27 14:23:01,c854ef9b-13cc-49eb-8918-7098b3c60d8c,6706
6604,55.88,Paid,2025-11-09 05:29:05,001f64ee-2d7b-4ce4-b8d7-554ff0df5fac,3806
6605,61.54,Refunded,2025-04-30 14:40:57,e873bb08-b547-4178-a44c-8705af922a43,1075
6606,86.44,Refunded,2025-06-18 05:06:07,723a4c91-b449-4204-8661-39effa007db5,4448
6607,27.82,Paid,2025-09-10 20:32:19,1dddce57-7fd0-4626-8d40-b8ad07dbc572,9784
6608,117.69,Refunded,2025-08-27 08:40:41,29a7a80e-90c9-4692-a0c0-e20c95e79135,5994
6609,40.1,Pending,2025-04-05 00:48:57,d4cfa495-f107-478f-869c-4320a0be643b,8477
6610,52.98,Paid,2025-01-21 00:44:43,6747aeff-94a5-490c-b619-3916ab3fa92a,6390
6611,124.8,Refunded,2025-04-30 17:27:36,48293b34-c165-4994-b5e9-2fc3593769ca,7149
6612,209.75,Paid,2025-10-09 09:49:20,c4bf5a0b-1416-407c-af24-56408f0b5428,4613
6613,209.18,Pending,2025-09-29 23:04:35,a73946fe-9e40-482b-a638-e1a8f2d08e19,8390
6614,180.42,Paid,2025-07-06 04:13:22,6f5aae27-467b-4341-9531-117bf30a463b,7549
6615,76.6,Paid,2025-10-07 22:28:34,32e4e0b8-8bda-439d-b100-902dc1bedd98,726
6616,149.25,Refunded,2025-02-13 03:20:53,0b7daa80-ac68-4768-9400-84e2828d05c0,9830
6617,113.05,Pending,2025-05-17 01:56:40,d8143433-9c4d-462c-8779-0aef3d3fd4d1,8676
6618,159.06,Paid,2025-06-17 23:43:25,64b11859-44c6-4966-a4e1-07d3b6bc90a1,3493
6619,59.88,Refunded,2025-05-20 23:49:05,764e9c38-65e5-4431-8d00-4cde6d05b91c,131
6620,153.73,Refunded,2025-01-28 21:09:24,a9b94440-5164-45a9-a8db-e40ffe0bd882,9050
6621,153.26,Refunded,2025-04-10 23:52:33,b5c21e16-ea70-41a9-a807-ab2e2295a395,9375
6622,56.58,Paid,2025-07-05 18:02:42,93f24adc-5e9d-408f-bc85-569e24826f37,2562
6623,171.28,Pending,2025-03-28 04:59:58,392752e2-155b-43d2-9ef5-4082bc5d0cfa,4099
6624,96.35,Pending,2025-05-02 22:11:12,09e89554-77d5-47e4-b578-bdedc58aa4f8,4075
6625,116.9,Refunded,2025-07-10 21:55:56,39bd4d3c-b3e7-42f4-a09e-4eee4e9069e4,8150
6626,29.23,Pending,2025-08-20 18:55:40,01efbdfd-fd9e-44a7-a589-cbfe0d716d84,5313
6627,153.53,Paid,2025-08-21 18:38:35,8b37b7d9-a7c4-4359-80c3-d6ef84d8691f,6403
6628,46.68,Paid,2025-05-01 19:44:27,013d928a-734f-4c70-89f1-97f309c44799,4106
6629,68.44,Refunded,2025-11-17 07:48:51,6d1ca5e9-2af1-4cc8-9cee-8cfb7018d2d1,9860
6630,49.82,Pending,2025-07-18 23:30:42,541805ed-6780-458d-94c0-d840611ab708,9569
6631,129.03,Pending,2025-08-14 20:11:00,562bca03-ed3d-402b-81e3-b21a2faea745,6031
6632,95.99,Pending,2025-11-25 06:24:06,aac4710d-ed7f-4b55-ae3c-8dcf9647b18f,2239
6633,139.14,Pending,2025-09-24 00:03:50,043475e6-f4a9-406a-84eb-2e5968b6cf32,1221
6634,181.99,Paid,2025-05-22 10:41:33,9c0edd23-97e6-478f-b304-9756adf5d3b5,8995
6635,161.91,Refunded,2025-09-28 17:38:08,0c39b6db-4d9f-44fd-9527-7ac1fccd3c56,4996
6636,134.25,Pending,2025-08-07 13:51:42,f887afb9-1c49-458e-940a-68d09aec5353,683
6637,126.03,Refunded,2025-08-13 06:02:46,b630ab6c-c765-47be-b60c-bc15928aadfd,6350
6638,101.64,Paid,2025-03-29 06:59:33,de1008f6-b2dc-4f59-8194-dd08eda61fdc,6635
6639,113.76,Refunded,2025-04-06 12:59:52,2ea0a5b9-f3c4-45d7-89bd-8b6c49cb7a01,3104
6640,126.85,Pending,2025-10-21 11:25:35,cea12b2c-3a22-44ab-9cb2-805d5e755f0d,4871
6641,77.06,Pending,2025-06-18 15:22:47,c5a75471-ed54-4998-b6d3-0fc1bc92ecb2,1511
6642,117.16,Pending,2025-02-07 00:47:15,44b343a5-0cc2-4daa-ba78-cedbb837326f,9951
6643,195.1,Refunded,2025-11-08 23:58:45,479853f4-779a-4839-8160-787f2acc48d0,8610
6644,99.4,Paid,2025-01-01 21:33:20,876d0839-f9d2-463b-b438-4356741945f7,421
6645,60.12,Pending,2025-02-14 08:29:18,7f7a126e-0940-4fe8-b1a9-8209a37b59f2,6743
6646,147.32,Pending,2025-08-17 11:55:19,be3e6dfb-b4dd-44cd-9e2f-fdcdf99ec8dd,8565
6647,123.28,Pending,2025-04-05 04:01:52,f910527f-01a3-4497-a82d-454120634e12,4656
6648,52.61,Refunded,2025-03-13 15:26:58,ec2ecd14-09cc-44c9-851d-8415f0ecdeeb,7218
6649,179.05,Paid,2025-10-21 01:03:25,88117aa0-8a9d-4e18-b46c-7ae6891e1a2d,7174
6650,165.03,Pending,2025-08-14 21:14:20,14226b33-962d-4450-930a-d1ed836b7e16,1514
6651,168.46,Paid,2025-04-26 04:18:00,74455a0a-9e26-407c-8261-388a9cb57361,3390
6652,188.03,Refunded,2025-07-27 02:58:05,7fa3c4f2-d5bc-456d-b1e5-f3112fc5db20,4531
6653,123.81,Paid,2025-11-24 07:27:48,a522890a-f705-46f4-a4c9-96116870eae8,2782
6654,25.08,Pending,2025-07-16 20:10:34,5a92ac2c-7be3-4259-8cfc-40919ecfa310,5698
6655,107.45,Pending,2025-08-18 11:27:37,6c9bc762-f6b0-4a9e-a5fe-26ff0e79835e,4947
6656,96.55,Pending,2025-06-02 19:03:53,b578d813-28bd-49d1-8dde-bc544710ef8a,6445
6657,35.32,Pending,2025-04-05 01:31:17,43a923dd-b32a-4a74-b55a-901e742b857d,6811
6658,76.51,Paid,2025-07-03 12:24:54,a6c94b59-a2f8-446b-a064-b4c9b1de977a,7771
6659,76.75,Refunded,2025-10-23 05:04:29,0016537d-5b39-4869-86b7-d808f74588d9,7156
6660,111.52,Paid,2025-04-19 10:30:43,5c1ac2a8-8ce7-43f4-af8b-ec6fed6396d8,2858
6661,52.93,Paid,2025-02-07 04:30:22,ab1ae41b-99e7-4977-95e2-3a843e30da0e,1297
6662,156.43,Paid,2025-04-23 07:41:20,9e6b0890-6479-4641-9c99-d6a3cbb86114,7531
6663,182.5,Pending,2025-02-21 17:35:59,dd76cd84-9802-4482-be26-59671a5a5a1e,3658
6664,195.72,Refunded,2025-03-11 11:50:51,5eede3c1-b2cf-40c8-bde2-e99e2635e2a9,854
6665,53.35,Paid,2025-08-08 06:41:43,ed58a4c6-fdf0-4004-b42e-2bc84107ee84,3701
6666,83.07,Pending,2025-09-15 04:27:23,7b91bd2b-8c0a-4358-bb35-58c459c1ed8d,2674
6667,76.6,Paid,2025-11-08 16:37:16,7bc08fbf-af92-4658-9b34-b54135af2625,6561
6668,158.01,Paid,2025-07-11 08:12:19,344f4de7-6cca-43fb-989d-8ab0fba14644,6706
6669,131.48,Refunded,2025-02-27 09:47:50,89e9c5a3-94f2-4db9-8768-a991c202ce4c,4013
6670,52.55,Refunded,2025-11-13 17:23:36,89eba185-7478-4241-a58f-ed7069fbd0fa,3749
6671,124.61,Refunded,2025-07-17 00:11:39,c4e6d3d5-f468-43ba-b01d-3a0935554b69,5160
6672,180.13,Paid,2025-01-14 05:25:37,fa4267f8-ea29-4d0c-888f-1e19012819b1,219
6673,57.64,Refunded,2025-04-24 18:56:52,ef818ee9-7ff3-44bb-85c2-95e183dd8414,7827
6674,179.97,Refunded,2025-07-25 03:08:07,b90d8aad-97a9-4a35-983d-e63b517c51ee,3552
6675,80.79,Paid,2025-11-04 07:34:49,5d06494b-3efe-4ced-a49b-ee3f733830e4,2409
6676,179.16,Pending,2025-11-18 21:25:13,5b4bbcaa-47b5-4cdd-bde6-3200f143a27f,8465
6677,69.33,Pending,2025-05-05 04:05:34,2ecf4a9a-8240-48e7-a35a-ef531934e3e8,4167
6678,96.52,Refunded,2025-08-16 05:48:05,8c11a836-a6e0-4730-a706-993513cbe1b7,9098
6679,75.95,Paid,2025-05-20 20:29:15,2d5d8512-7894-45d9-a7c9-c3af56ec016a,3558
6680,72.8,Pending,2025-11-01 19:33:46,a1a6673c-e113-4839-b713-a8320babe243,3607
6681,144.84,Refunded,2025-09-11 16:54:52,ccc38b1a-23ac-47ca-9184-9355da78d024,6058
6682,155.59,Paid,2025-05-15 02:10:05,a760f58f-12f2-47e0-9fcc-562970add028,586
6683,67.2,Pending,2025-07-14 22:12:10,58511ba2-3b71-4a7a-9c34-d2dc82ad98d4,1344
6684,139.73,Pending,2025-08-28 15:21:22,e2c66fed-afd2-44c0-bd2d-c2493cdd3225,4404
6685,141.38,Refunded,2025-03-10 13:47:09,1d958966-5dc3-46da-8228-10d5e3cb456f,4108
6686,88.63,Pending,2025-10-27 06:16:20,6c066c79-1195-4613-8c8b-716d10427386,2110
6687,37.69,Pending,2025-04-13 02:02:02,38889103-8cd7-40e5-9d31-5e0b2157398c,8528
6688,27.6,Refunded,2025-04-23 09:16:08,ab3c899d-4346-4172-97e6-e4cff2e9bc3f,2381
6689,203.32,Paid,2025-01-25 22:52:21,72b9087f-6473-4120-a469-7acf5659928c,3200
6690,29.77,Pending,2025-06-13 11:47:42,82768f46-53c5-4d76-ab9d-f3737947b224,1829
6691,30.16,Refunded,2025-05-02 09:22:41,241cbee7-b04e-4310-8044-7270f2e4373b,5830
6692,202.47,Paid,2025-08-05 00:01:53,980e6ce8-aa67-4022-86bc-561866cef49c,9725
6693,79.69,Refunded,2025-04-25 05:06:58,ba1424f7-07f0-409e-b32b-d860653b84c3,8961
6694,142.91,Pending,2025-04-26 07:27:20,a00a0716-2b49-4725-8730-b06325b6c5c8,6079
6695,165.24,Paid,2025-08-16 21:57:49,c1379d20-2bbb-4143-8f51-d23e2907c96e,6417
6696,193.66,Pending,2025-07-04 17:39:59,6d8f0504-bf5f-4d1c-9a84-f6963643ed09,9301
6697,102.97,Pending,2025-02-12 22:01:47,66780d5b-ef42-4eae-8c10-5d81aaa6b203,6794
6698,37.03,Refunded,2025-07-31 20:38:01,eba728a4-f99d-4f9f-844e-740fe6ea4b91,7210
6699,198.7,Refunded,2025-02-05 13:52:40,728d85ba-e33d-4b57-b0fc-580dfd00758b,5743
6700,159.45,Paid,2025-09-03 13:30:36,843cb575-7f88-4855-8e15-2d69f9c522e8,2651
6701,29.03,Refunded,2025-04-26 04:05:17,9207b242-6936-4680-973c-0e9f9b5f1fa8,5826
6702,103.93,Pending,2025-08-27 15:07:40,cd005631-dc21-453d-a5b6-cd3d20a7ce81,6563
6703,126.91,Paid,2025-10-13 11:27:50,fe42e2ad-09c6-4d39-a16b-8fab162da296,450
6704,95.59,Refunded,2025-02-15 16:03:52,782d4d2d-4fda-4678-b8a3-ea94a16c0135,5399
6705,142.73,Paid,2025-05-19 02:56:08,c212879a-a406-4bee-8826-cd7d90f5c2e0,4245
6706,205.69,Paid,2025-05-17 00:48:12,e47de381-97b9-43fc-a89d-3a997fa00ab7,4343
6707,116.23,Pending,2025-06-27 11:07:56,f9a570b2-1bb5-4a65-878c-187ce1a562c4,9285
6708,148.18,Pending,2025-10-31 01:44:59,3bd1e519-84f0-4c63-b6b0-f5a4feb08dff,1738
6709,102.34,Paid,2025-08-01 02:47:17,ca2ed572-cd1d-46db-884a-20eecb953613,5671
6710,112.56,Paid,2025-10-30 17:09:35,20e9a458-2883-42b4-9a03-8eea37f097d2,3065
6711,129.53,Paid,2025-02-22 14:06:11,ce449d75-b9e1-4281-9e67-d4332a75b814,6438
6712,99.38,Paid,2025-09-04 20:30:21,17559e2e-5bcb-41d1-8086-35c3ac3e3c30,7618
6713,62.06,Paid,2025-06-21 12:22:40,79cedd1e-9be8-48b6-a8d3-d1862284076c,9226
6714,185.81,Paid,2025-05-22 09:22:36,c796ef92-f68b-484c-bbc5-897c529a077c,2269
6715,174.03,Paid,2025-06-17 04:23:19,423f323a-1b26-4f05-8b06-91e0c283b8be,6024
6716,35.23,Paid,2025-06-21 17:13:38,5706480e-eee8-45cc-a4ea-7a171458bee5,6875
6717,89.03,Refunded,2025-01-08 18:34:13,da458eed-619d-4f35-a581-2e6ffde69731,3580
6718,91.11,Refunded,2025-09-24 02:46:10,e7499ef6-6f6f-4278-ac13-bb4e157bba9a,7757
6719,78.21,Refunded,2025-06-02 21:54:02,f16b7c8b-f04d-4f15-9546-6312a45815a0,3327
6720,30.07,Paid,2025-06-19 02:54:21,45fbc365-1582-4b31-85e9-de4a77f71182,6022
6721,66.62,Refunded,2025-09-09 11:10:08,88116645-363f-4e0c-9708-c661c74040f7,2310
6722,32.0,Paid,2025-11-15 11:39:53,5acfd77e-83c7-4979-a6ee-c6f8aff20df0,9523
6723,39.75,Refunded,2025-07-15 21:34:10,8f0483da-581b-48da-ba79-48932d2c414e,9330
6724,38.11,Refunded,2025-06-10 05:33:59,e46d7d4b-e2dd-45e0-9ee8-394c1e432052,6004
6725,97.43,Refunded,2025-01-19 16:22:04,1ce50f45-c431-4f05-a074-eee3a284866f,8988
6726,70.68,Pending,2025-07-27 00:08:00,ab7c9a9e-1d8d-4432-958d-a073515dcb99,4904
6727,107.64,Paid,2025-02-17 15:58:14,0c2295a5-bec4-4ed2-b53f-2ca3fb655163,6601
6728,51.21,Refunded,2025-01-19 09:17:32,c9db9862-158a-48de-a9b9-f43e277f4322,8580
6729,126.94,Paid,2025-11-06 14:05:05,859418d1-a0ed-460b-a606-053efa1d7167,889
6730,71.66,Paid,2025-04-17 03:40:28,66bc5363-2e1d-4a52-8344-ceb51d78276c,2765
6731,40.82,Paid,2025-01-23 12:09:31,049e1b61-8d41-4a3b-9be3-f53a21b0de47,3704
6732,35.47,Refunded,2025-08-20 14:56:53,ce16984a-c116-48b1-8870-68adc955ea2a,1727
6733,91.7,Paid,2025-05-06 09:38:19,4cab820c-3eb5-4eb0-9ff0-88f892cfa0b6,3799
6734,76.16,Pending,2025-09-16 11:36:02,176d6495-f3b1-45c6-8049-a72692ea19b0,6611
6735,181.18,Paid,2025-06-20 17:38:37,fa163e76-7540-42a7-a0a8-a38310638512,9327
6736,106.55,Paid,2025-09-22 00:30:18,5e0f3742-1e59-44cb-997a-075349aa767b,975
6737,92.18,Refunded,2025-11-25 08:40:25,35ec14e9-ffb2-4d59-b8ac-dbfb33c9c510,6538
6738,162.09,Refunded,2025-11-22 18:00:28,e30d8dfd-18ee-42d1-97e3-979250422ac4,7619
6739,194.69,Paid,2025-04-22 03:41:23,a9b08563-1f43-498f-a5a5-1008c66ef474,282
6740,23.85,Paid,2025-04-22 11:07:10,fffc1294-b393-42d9-9929-7db4a0258acc,8380
6741,40.17,Pending,2025-06-12 09:16:47,57a65f94-24fa-4781-99f7-e71596407d1f,4338
6742,83.4,Paid,2025-02-08 09:56:01,62ce903c-448f-4716-8854-18cd88390a83,337
6743,72.02,Paid,2025-06-09 11:46:37,21aabfcc-9caa-41b7-a560-0b210e1a6b66,8232
6744,176.38,Refunded,2025-06-03 18:44:27,4a29ee24-38f2-44fa-a54e-a28065cdfddb,2380
6745,122.92,Pending,2025-08-20 08:07:00,445f7e46-3f38-4761-a064-3f4c6bfec14e,5201
6746,56.13,Pending,2025-08-18 21:14:49,508bff2e-4324-42dc-8d51-bc0b7250f918,2039
6747,158.8,Refunded,2025-06-22 15:42:16,e8f98d09-d9a3-4cc0-8435-97fb3824ff31,8311
6748,190.79,Refunded,2025-01-04 12:52:12,5c13cba8-398d-43f0-9b88-d9b81995f616,7069
6749,193.93,Paid,2025-05-24 07:51:40,5f8578dd-28f6-4d0a-bf08-b6f86a37a6a4,2796
6750,104.43,Paid,2025-02-13 12:07:38,fe6cdf5e-cf67-4814-8bd2-ef0296673257,2038
6751,100.12,Refunded,2025-04-17 02:32:38,2ed9178b-6c47-45f8-aaf3-6aa95c02df00,5455
6752,146.76,Refunded,2025-10-18 18:55:32,f1e04bea-96b2-445f-9036-82a6c9c3f1ab,3490
6753,176.47,Refunded,2025-11-18 14:39:29,15c7e57a-4cb2-4c1c-93a3-633e6a8bb87e,2919
6754,40.28,Refunded,2025-01-08 04:56:28,a68ba775-0762-4aa5-9b33-849e09d1425c,2019
6755,199.39,Pending,2025-11-18 04:08:32,e06e36a6-d548-4059-a735-3f25d1129fe0,6581
6756,169.13,Pending,2025-05-27 00:28:05,e3e9a105-36f2-455b-87f9-eceef7ca6966,3348
6757,83.31,Refunded,2025-01-08 18:25:57,b2f70b9e-fc03-4325-938d-8da56634c7d7,8844
6758,161.78,Paid,2025-03-13 23:41:10,2f4d0f57-6447-44fd-9e7f-917d4164d56a,9848
6759,167.21,Pending,2025-11-15 00:43:32,2f38610c-2acf-4489-a470-b527aa346801,5522
6760,71.0,Pending,2025-10-25 04:51:03,1a875e7d-e24c-4aa4-bd5e-21cade686c61,9075
6761,59.55,Pending,2025-05-16 16:33:49,d89e938a-f9ef-4398-a202-7a8eba69e038,1443
6762,79.19,Paid,2025-11-22 04:05:30,fc17f53f-70ef-4d19-acb5-0073ad7403fc,5337
6763,64.59,Refunded,2025-11-13 09:17:22,921681fe-d353-4f4a-8476-38ae1e03e77e,6863
6764,205.24,Refunded,2025-07-28 20:30:35,6c24fd32-30d0-489a-b1d2-f202509f0ea6,3534
6765,74.41,Pending,2025-10-12 14:26:56,62478e88-b2a1-439c-8f55-43f0b48c8f07,4639
6766,132.99,Paid,2025-07-25 12:55:53,1805ca2d-0fb8-467a-8b38-6451e1691e66,3367
6767,48.25,Refunded,2025-11-16 09:04:17,d4fbc87f-9ec9-4c4a-ac10-2794a27fa16e,3689
6768,81.0,Paid,2025-01-21 17:46:25,8999b0dd-ac96-44a3-94d7-587b9fb659d1,3551
6769,164.9,Paid,2025-11-08 00:46:25,2d726bf6-da19-4f1e-8e47-64300ddbf356,1680
6770,111.56,Refunded,2025-09-13 10:16:29,7f00e585-9e40-4e56-8bc2-dc67891982e0,2150
6771,198.69,Pending,2025-08-11 14:45:48,1df7761d-1ac1-485d-ad60-11d8763f7af2,5327
6772,50.09,Paid,2025-07-05 01:04:54,1ea58a97-1474-499c-bd65-d3f78df44648,8011
6773,151.42,Paid,2025-02-03 23:39:44,22144308-f449-4605-be3a-7ebb552d8ccf,2634
6774,193.37,Pending,2025-02-20 17:39:50,b8a82e33-dcac-499b-bb09-f4d47d94fca8,7691
6775,94.81,Paid,2025-03-14 13:21:51,6fff9350-eb75-4b1b-beed-fbed5556ec69,7810
6776,35.77,Paid,2025-10-21 06:57:25,29753846-47c8-4afa-930a-d8144bc4e88c,5340
6777,76.35,Paid,2025-08-08 07:57:21,68fe3a5f-99cb-458c-9437-fd1db4370e08,4729
6778,31.64,Refunded,2025-09-08 08:43:55,8c0d7bfb-e07b-4842-9156-eee9084eb383,2085
6779,83.45,Pending,2025-08-06 21:16:06,2fac03ea-c695-4daa-bd2b-b3974a1b160e,4799
6780,50.41,Pending,2025-06-17 02:18:12,d67d9ff4-8cff-4de2-a090-6d590a012207,4634
6781,150.73,Refunded,2025-06-18 08:18:17,d785d43d-a078-4e13-82b7-df2147ffe725,3901
6782,143.02,Pending,2025-10-27 04:49:45,7f6abc61-de7d-4e95-8488-137bfde6cd94,5136
6783,44.19,Pending,2025-04-11 11:26:01,c2f56e6e-b14e-487a-aeb4-92f78b413497,7335
6784,54.95,Paid,2025-11-03 14:39:28,68425ea0-1207-485c-a204-2a53d45b4b5b,3484
6785,134.75,Pending,2025-09-11 16:38:36,0b2973dc-7085-493d-8c6a-e186a0660722,1786
6786,135.63,Refunded,2025-05-15 11:29:58,32bf06fd-078a-438a-a379-ec8752ff178e,1441
6787,206.94,Pending,2025-08-15 05:20:23,e6ddb451-4519-4873-902b-c2b0f2b90a7a,9899
6788,56.54,Pending,2025-11-24 16:25:00,c960ff2b-ad8d-4a5e-969c-7b403e63fc39,4720
6789,84.04,Refunded,2025-01-04 21:47:35,b0d40363-c7be-441a-b795-46b13aba3b7b,4439
6790,115.63,Refunded,2025-10-25 23:23:54,a537c1c1-dec5-44af-abed-143f3d279820,8361
6791,35.62,Paid,2025-11-14 01:57:58,9eb6021d-798b-4f9d-a0f4-4d71ad83932e,284
6792,36.95,Paid,2025-02-15 06:13:11,9a7e7f47-7019-494a-a168-d59f2d6fb35e,3381
6793,49.86,Pending,2025-07-25 09:33:19,e1bc48ab-39bf-4c9c-aebb-c62053e5dfda,1751
6794,65.58,Pending,2025-09-07 07:27:28,9b797dca-5b1b-4de4-a9bd-b814b8e270dc,1410
6795,146.15,Paid,2025-11-16 20:58:31,e190ef85-84f4-4805-98b3-68875d068827,9505
6796,23.61,Pending,2025-04-21 12:17:14,829e6a41-ef69-4bdc-97f8-499945f772c6,7268
6797,156.29,Pending,2025-07-22 01:37:49,8016809c-37b9-4be2-a4c8-1935937129b5,1854
6798,194.2,Pending,2025-07-31 02:40:04,74859e88-f7d3-4b14-b272-837f273ccd7a,1875
6799,48.11,Pending,2025-10-20 11:00:42,4cb9ba75-d4f0-49d9-859b-22f1fcf16838,5775
6800,169.41,Pending,2025-06-29 21:51:11,84f87af2-ccac-4ec5-b09e-4594fa8d272c,1381
6801,28.74,Pending,2025-04-03 03:24:50,16573b5a-da2e-4ffa-bfff-9b970d5320cb,4925
6802,47.52,Pending,2025-11-23 10:19:39,9ac41fc8-758b-4c50-aa8b-d90b590b8973,4461
6803,71.73,Pending,2025-07-25 22:20:51,0e8ff33b-2a3b-4f52-9fb6-090c3f9f671c,3663
6804,123.64,Paid,2025-06-06 02:34:00,118cc846-ea97-4feb-9f6e-6a8883c92a31,5142
6805,174.84,Refunded,2025-03-21 05:49:24,5a86f0a5-c26c-400f-a012-95eeb9595499,2683
6806,51.74,Pending,2025-02-24 09:19:32,23ccc793-0b51-4a12-82c7-6e149053a021,5622
6807,188.92,Pending,2025-04-28 12:51:19,c1947420-3d9d-4780-8cdb-97477d1b2f69,7951
6808,67.83,Pending,2025-07-21 15:09:50,6c5ba95e-4766-4f79-988e-9abdbde37f6f,8052
6809,24.75,Pending,2025-11-09 10:12:55,54401a6c-af03-4560-adce-c903f42f2369,143
6810,34.84,Refunded,2025-08-19 09:23:22,e840f2a7-cdff-445d-bfea-934e8290e4f9,8675
6811,130.79,Refunded,2025-08-11 02:22:21,4ee51c04-ffc6-4303-a54e-9cd14a86e0be,1264
6812,140.97,Pending,2025-05-27 11:37:46,4f56a822-11ec-404f-ae89-f949b36c6192,7444
6813,169.82,Refunded,2025-09-12 09:11:03,f52d9216-4536-48f0-892d-ffc6698242c5,5886
6814,172.74,Paid,2025-11-10 08:27:57,a0111a63-ce3e-4e51-a295-73d511fb3e1b,6442
6815,120.05,Pending,2025-08-15 00:13:42,ee7596de-decc-43f5-a467-52cd11d7446b,644
6816,199.99,Pending,2025-03-29 10:46:17,3a455dc9-d21d-486d-a91a-f745c1021c3e,2314
6817,172.63,Pending,2025-07-08 01:08:23,568ac405-eb07-4200-8222-4dce2e68e29c,7796
6818,24.94,Refunded,2025-01-09 14:05:01,a2a531f4-7d15-485d-bef4-8dd79a00dbfe,7507
6819,172.93,Pending,2025-02-22 02:17:44,82c84623-29eb-4293-8e1f-a190f92af038,697
6820,37.47,Pending,2025-02-05 05:25:47,d6bf22a9-c3a1-4a79-8fa6-e84c2a22ef08,1200
6821,123.7,Paid,2025-06-21 05:20:15,c8066467-09f3-4b75-a84d-a9a6f70da714,9693
6822,55.1,Pending,2025-01-31 22:11:29,6a516cc9-0aa1-470e-bbcc-7523a6845f7c,2050
6823,86.34,Paid,2025-09-09 17:08:22,9e4cc566-e657-4300-aa78-7a161ac685e8,3069
6824,143.92,Pending,2025-08-01 17:07:08,ecaf595d-7791-47b5-b270-25d543b7835d,5008
6825,102.14,Refunded,2025-11-06 03:38:24,24b4e5e0-cf0d-41a2-adf0-88b72bee92b1,728
6826,59.23,Pending,2025-05-03 10:14:57,bfdd32e9-61ca-4ec8-a963-ea352b3f5cd1,7287
6827,183.6,Refunded,2025-05-24 06:40:42,e35384b5-654f-4c28-8b42-a707d699a2a3,7160
6828,35.68,Refunded,2025-08-13 14:55:21,db2539db-8ea2-454c-9d1b-7413bcfe149f,2545
6829,152.17,Paid,2025-02-24 23:02:39,a5ddbeec-db7a-466a-a171-3a080ae78820,8305
6830,140.6,Paid,2025-07-13 14:34:48,10df6db4-41aa-45e6-a0da-c596f2350fb7,3034
6831,125.14,Paid,2025-09-08 04:18:10,9e8c4dd9-291e-4964-b53c-08a1f1b65482,7333
6832,24.18,Pending,2025-02-27 07:10:20,89742737-61c3-4496-8007-e785d7dd6207,5154
6833,152.32,Pending,2025-07-29 07:44:06,c1354e28-7eb0-4c12-8932-c790e0b549b0,2864
6834,93.82,Pending,2025-11-23 20:06:55,e4d0a07b-ff5b-47b7-a22a-8433162e1767,4925
6835,180.56,Paid,2025-07-07 14:37:05,53a88a9a-de77-4722-8d11-43ec10ee43d1,6551
6836,134.11,Pending,2025-05-17 05:58:59,875fd434-e979-4a55-8387-1197755e1920,6166
6837,79.21,Refunded,2025-05-20 07:07:58,abc6db69-fa98-403c-b51c-65a6c0054fa2,5247
6838,42.77,Pending,2025-05-02 21:49:59,2940d39d-6951-4468-8ee5-3759e56616a4,1270
6839,186.64,Refunded,2025-11-18 03:22:23,546b3e6d-6d33-44cd-8ac0-020feba521be,3212
6840,172.67,Paid,2025-03-22 17:38:54,496e2f5d-3c27-49f8-a5bb-e5db445c2064,5523
6841,143.3,Pending,2025-05-23 20:51:51,82fca25f-81d9-4dbc-962e-1b8a6af87e9c,4495
6842,148.97,Pending,2025-11-12 13:00:52,2af4e191-94e5-4df3-99fb-7bca42f51119,1114
6843,128.61,Paid,2025-07-14 19:28:09,1a859b08-a8f2-4d44-ae17-3d0ccfc2bc83,6242
6844,87.59,Paid,2025-07-26 13:56:46,86d8098a-03f7-48ca-8017-e3e4caaa4285,4195
6845,145.63,Refunded,2025-06-18 15:18:30,cad09bb4-fe42-4899-bed5-4a080c29fad3,581
6846,70.99,Paid,2025-05-07 06:31:16,f424ddb6-e2f6-40b1-9099-60cb1574c493,8669
6847,200.8,Pending,2025-06-15 01:15:12,be3ae915-eab5-4711-84f3-177cd075da6e,1165
6848,69.88,Pending,2025-11-25 16:48:27,6237f230-3907-4919-b37c-69fd137832a2,7792
6849,195.17,Pending,2025-10-07 10:43:30,5e04fd63-fb26-4e57-8658-bfa2c02c74a5,7709
6850,159.2,Pending,2025-06-30 12:29:37,a9743254-f7a4-44f5-88b7-c7902c2851e9,9179
6851,135.62,Paid,2025-08-26 11:28:34,ffc6d762-7047-4655-85e0-2df962d0196f,9842
6852,27.63,Pending,2025-01-29 12:20:18,d0ffedf4-fabb-4749-acee-a7b2f37dbb95,286
6853,53.2,Paid,2025-08-25 17:22:08,497c51d1-4a9e-4e99-92b8-0f3685990278,6027
6854,113.38,Refunded,2025-01-10 10:16:19,59ff80cd-b264-463f-8b7b-ee66c62c74c5,9215
6855,72.42,Paid,2025-03-22 07:34:33,0dab599b-aac0-4ec6-b236-9d612383f3a3,9313
6856,98.02,Refunded,2025-08-13 23:42:41,8d985b90-d2e1-4abe-8a6e-fcc9fe9350d6,1114
6857,152.54,Paid,2025-08-26 11:37:29,ef1cdda2-8f5b-4bc5-b18a-71cf5dbbb325,2783
6858,68.25,Refunded,2025-07-25 05:57:18,b718e082-7b0a-4778-a482-ef50b6a74bd6,83
6859,24.84,Refunded,2025-06-26 16:06:07,98218e05-78e3-462a-bd84-e3aa41404abb,4816
6860,72.63,Paid,2025-05-24 23:56:10,ab7b03fa-c3dd-4f76-a2e6-fc8eaab66000,3318
6861,104.96,Paid,2025-01-14 10:14:06,8353f02d-6c03-4b52-a2b9-4235ae41090f,9190
6862,123.63,Paid,2025-10-19 12:19:27,998aa85f-c1c3-4eaf-90f9-151deda7f6ee,4842
6863,154.5,Refunded,2025-03-15 20:27:27,260ac75b-2c8d-42d3-8fce-a408306c2f0d,4703
6864,146.65,Refunded,2025-04-17 15:02:02,122c9617-19e3-46fb-bd77-4fdd8624d195,2170
6865,189.01,Pending,2025-06-06 17:43:12,b3e92182-d2eb-4180-a3e5-7fbc1e9588b5,6385
6866,202.41,Refunded,2025-11-16 05:42:00,267600ce-b577-44e5-a852-6ab01f0f79b0,5444
6867,42.36,Paid,2025-05-05 10:10:26,55bf2ba2-77dd-4c5c-abd6-d88a4e17e79a,5546
6868,77.38,Pending,2025-04-25 12:46:30,2e34285c-a398-44a8-a7e7-27e8718a9bef,4707
6869,157.52,Refunded,2025-10-24 16:22:44,dd63f7b6-65ca-45d3-85bd-a02704acdaa0,8488
6870,94.19,Paid,2025-11-25 16:21:00,00855f3d-f4f7-405a-bedb-9764e9c45ec4,968
6871,28.2,Refunded,2025-06-16 16:46:42,cb8ef54e-ce29-4109-ae46-945a0410246e,4173
6872,103.99,Refunded,2025-06-05 23:30:31,bad87e66-36b7-4018-b303-e04e15b304cc,5541
6873,76.55,Refunded,2025-02-15 16:01:20,af7c497e-1fed-4350-ba0b-dd7976a171db,7573
6874,93.49,Pending,2025-04-22 19:03:37,23e31fdf-91a2-4118-9b48-144837b5b5c7,8583
6875,46.21,Refunded,2025-04-09 04:28:05,9a6e1f23-3fc7-45ad-b01a-cc60867cfbd8,9765
6876,72.12,Pending,2025-05-06 14:53:11,e8754b32-d3d1-47bd-bea2-e06a27716204,832
6877,109.74,Paid,2025-09-18 02:35:52,36d10fe9-4fec-495b-8ac2-69e66725bafe,3537
6878,202.83,Paid,2025-02-22 04:53:21,8ccf6dc2-d8d6-48a9-9d08-ca2141521649,4034
6879,86.09,Pending,2025-05-24 12:03:21,282bee73-aff6-415e-8d47-97a42897ceea,535
6880,67.72,Pending,2025-05-20 11:06:09,6d9897f2-665e-404b-8fce-74ce8b2c56f5,7196
6881,63.62,Pending,2025-08-12 19:05:39,af892d59-f804-4079-8987-dc7fd4b8fba0,8144
6882,173.43,Refunded,2025-06-09 16:46:51,72c4caf0-0d27-457e-90c4-3932477e490c,2450
6883,158.14,Paid,2025-01-14 13:51:38,81e34b60-5136-49ea-9200-3386ee2b3f9c,4573
6884,121.23,Paid,2025-01-19 21:26:18,aaeedfb8-0d4d-4c37-ac6e-f55fa9bb5771,1296
6885,55.21,Pending,2025-08-24 16:59:08,561c9eb7-82f6-42a0-95e2-e523c7a3b46b,1904
6886,135.51,Paid,2025-06-11 12:05:31,2a5d6aa8-c4a2-421d-885f-68690782a138,2511
6887,44.14,Pending,2025-03-07 16:05:08,6f0c51b3-db6a-4140-b864-8d3f79dc3258,5079
6888,23.82,Pending,2025-05-02 18:03:37,f9699c2a-32ec-40a3-83e6-1a8d3c4e6f9c,9459
6889,141.68,Paid,2025-06-08 03:47:51,02b48be9-0f93-4505-8968-4c7d14993578,7857
6890,207.79,Pending,2025-09-10 08:52:00,1afb7bbb-e59d-4abd-ab3e-42bca8fa0ceb,5999
6891,127.56,Pending,2025-09-04 19:26:28,a64aef06-f00f-4b93-a2f6-6e0cf2835b97,9578
6892,55.42,Refunded,2025-04-14 19:55:11,ec93d5f8-edc0-49d9-b144-28dafc120855,4803
6893,68.21,Refunded,2025-06-16 09:35:49,41eeadf7-625c-4383-9e14-c3670240c290,4869
6894,21.36,Paid,2025-01-28 14:30:49,745dd305-2db3-43a0-9290-01afe2aba125,5240
6895,33.68,Paid,2025-10-22 09:27:47,99e98bd2-57df-41cb-bfcd-340818191f90,7154
6896,67.16,Refunded,2025-03-21 03:42:25,e9db5a83-0051-423b-bc5b-bff50887f651,3039
6897,109.22,Refunded,2025-01-15 08:29:28,8c16430a-cb23-4f3e-a3d1-bcc60270516f,5305
6898,26.98,Refunded,2025-10-07 16:14:21,ae3855da-9f42-4291-bef2-267fe90ccd9c,2252
6899,68.62,Refunded,2025-11-25 07:48:09,05789946-0725-4b8f-b26f-4d0ee21e5192,7766
6900,113.48,Pending,2025-08-04 09:52:51,afcff52a-549b-4f1b-8050-cf0e00d235fc,2518
6901,140.25,Refunded,2025-05-13 13:20:02,44488cf1-7607-4e7d-a45a-79a04794b877,7886
6902,73.33,Paid,2025-08-10 01:08:39,14de4fe8-72c7-4ce8-a0b7-743aca43267e,980
6903,64.66,Pending,2025-04-17 13:04:55,339746cd-5bea-4964-bcb9-27d756485253,3974
6904,123.56,Paid,2025-10-12 01:54:01,9458ce1d-c23c-444c-8e72-776438305b95,6120
6905,65.72,Pending,2025-05-08 15:05:59,5d932f7b-2b38-46e6-b1c8-7e7b9f90a43d,5193
6906,96.17,Paid,2025-07-25 09:01:56,9096b189-df62-402e-a6f3-ab72e90ca21d,7433
6907,177.55,Paid,2025-01-21 02:13:55,dcdd3d8d-45b7-40ab-9d07-114a33fcb905,5041
6908,87.33,Paid,2025-06-02 03:36:35,4ce1d4bf-5cfb-4575-afe0-5782f817c1df,3336
6909,20.01,Paid,2025-11-19 14:06:18,13650510-4d25-4656-9811-74d6a024cccb,9568
6910,110.16,Paid,2025-04-17 22:42:14,f59fa83e-5356-4a2d-aeca-545c93cedb33,2548
6911,67.37,Refunded,2025-07-08 00:33:37,6b979f65-6c9a-4994-af83-d4cbbf0209e3,2452
6912,52.19,Paid,2025-07-31 16:41:06,0db31f81-03b9-48c3-8436-0c069eaf2c71,3618
6913,98.55,Refunded,2025-10-24 03:28:31,3bc892d5-501a-4978-b5b3-599530e7cd35,5419
6914,160.77,Refunded,2025-10-08 11:08:06,d2eddc3f-b779-4909-96ef-09aa04e56678,5667
6915,160.55,Refunded,2025-03-22 08:24:56,a92624fd-9a48-4e16-8a79-24c8afdbe4c8,4735
6916,201.01,Paid,2025-08-06 09:53:05,6d495030-92d8-4ba0-a1c1-399ffb0d4e43,3323
6917,47.94,Paid,2025-11-20 12:51:15,bb183ed0-0529-4b20-80f1-9fbcad32c76a,6946
6918,173.26,Pending,2025-08-04 17:48:16,6fad0bbc-e846-47a2-9931-23db00a75f6b,5682
6919,72.56,Pending,2025-06-03 18:21:25,e668402c-ca5b-46e9-a163-e35f10432ea6,6396
6920,139.82,Paid,2025-03-02 12:32:06,2bc04203-4519-4466-9837-ddeb1dc6f3d2,6286
6921,153.98,Refunded,2025-01-15 12:31:17,c2b9aff9-d812-4161-91e5-193d0746a064,6071
6922,75.27,Pending,2025-03-09 11:41:40,178728d9-25c5-4f71-8950-650365af2087,391
6923,120.23,Refunded,2025-09-20 00:50:16,32321b3f-37b0-4310-8140-c2ccd1a6b324,2406
6924,30.46,Pending,2025-08-06 12:14:11,8d8a0893-badf-4eba-8158-42ef177a582e,5593
6925,199.44,Paid,2025-05-17 02:27:19,de98b94d-70ff-4c1a-8850-f04dedf2973f,805
6926,196.75,Refunded,2025-06-21 16:54:01,b3d91714-0bef-4924-9dc3-74e8b4edf0cd,8296
6927,171.97,Paid,2025-07-31 02:38:45,a1680740-dad5-421e-b652-6e1b591b20d7,9835
6928,34.07,Pending,2025-10-22 18:22:00,1bd03db5-4cbc-43ca-9fd1-e64f3fdab5d4,8006
6929,33.54,Paid,2025-10-16 19:07:43,0aafe0b3-8991-4dac-8311-913c55adef0d,7009
6930,146.72,Paid,2025-10-30 23:00:30,283dc9f9-899f-4450-9d1b-ddfbca4478e6,493
6931,70.84,Refunded,2025-03-07 14:29:04,71423d8d-b82c-49f9-81b3-f08639c4914e,4764
6932,122.85,Pending,2025-10-07 16:35:24,8d51584b-52d2-4b1d-880c-6c1fffd58df8,1401
6933,156.47,Refunded,2025-01-18 16:17:37,4064f2f8-f6a9-47cc-b353-a8ef0ff0ee9f,1874
6934,21.44,Pending,2025-04-25 01:32:06,44a6367f-7345-41e9-9c4d-359ef45144a1,9796
6935,128.63,Paid,2025-02-12 21:56:56,f311509b-9f44-4adc-85c5-550858f9e641,9030
6936,33.81,Pending,2025-04-19 20:49:49,edb33c8a-1e13-4993-90a1-33d509e1e89d,2545
6937,126.7,Refunded,2025-11-12 00:01:09,21d85298-2c53-45ae-ab28-e0fc6f3fa353,5292
6938,177.58,Paid,2025-02-19 13:47:09,6da81913-81e5-471f-ad48-40e4e3c1c85d,7523
6939,38.37,Pending,2025-08-13 02:18:33,cd8c525b-0b89-411b-acf7-7e2e3a2e4162,1819
6940,184.4,Pending,2025-01-22 12:39:55,2a6df77a-dd26-4b58-800b-ba98a74d8325,524
6941,173.94,Refunded,2025-11-09 12:10:06,67a5ac8b-7e7b-466f-9de9-580f71cc4ecf,3211
6942,158.69,Pending,2025-11-22 22:49:33,79cbac8c-923f-4569-9706-78da5e15e7bf,8028
6943,102.89,Paid,2025-06-13 15:40:32,7ccd2e86-affd-4128-b774-728f44b2c14a,2255
6944,46.72,Pending,2025-04-03 17:30:49,62e0120d-588e-40bb-b182-425621589125,6883
6945,194.42,Pending,2025-01-21 07:12:07,53584043-3545-4022-91cb-a661ae4a306f,1420
6946,174.83,Paid,2025-11-22 04:39:26,8d349976-9155-47c9-a68b-25bb39142ade,3523
6947,46.35,Pending,2025-01-26 01:34:57,b77d73e2-b6e3-45d8-b443-6f3718b75f79,5428
6948,91.2,Refunded,2025-11-10 23:35:57,9a161325-0887-47d5-bfb2-183f0a0166cb,9106
6949,142.99,Paid,2025-03-22 22:18:14,92400b21-2296-4fb1-b47e-a2275a1c322e,5926
6950,122.58,Paid,2025-06-23 12:21:08,0b1adb0e-e34c-42e3-8c8c-a3e731fc9b9b,1769
6951,101.29,Pending,2025-08-06 14:10:28,7caa5167-cfc5-4202-a589-b2452fb94595,3160
6952,34.83,Paid,2025-08-09 11:51:04,4170a0b0-b38f-4d17-bbf9-c0c12026ffec,2755
6953,168.78,Paid,2025-09-25 16:19:17,54285028-c3c4-4528-b1c0-d79fa43d3708,3893
6954,118.79,Refunded,2025-07-08 15:55:35,aa4753f0-9846-41d1-876e-8722737ba104,2323
6955,47.19,Paid,2025-10-20 20:11:40,1d91731d-6567-490b-b681-db654bf168d8,3359
6956,202.93,Pending,2025-07-29 03:54:38,a2bdadc2-d047-48b3-ae47-709acd9973dd,2099
6957,73.71,Refunded,2025-06-21 22:26:52,143809f3-c10b-4478-8051-e15e8390dd70,5993
6958,21.91,Refunded,2025-07-09 04:33:52,b677820a-e16d-4502-8691-cee8957b84df,7148
6959,36.38,Paid,2025-04-04 00:45:39,fca1946f-1abb-4a74-8c35-173114043ce4,4495
6960,125.96,Paid,2025-07-31 21:17:57,d517c3ed-ffee-44b1-b55a-4ce1d5ffc2c3,6013
6961,207.68,Pending,2025-02-02 09:50:34,46ba67fc-fa05-4ac2-9d22-eac82b700a92,3825
6962,160.77,Pending,2025-03-04 01:57:17,202fb979-16ea-4d9a-97b8-78891cb70e97,1340
6963,83.4,Refunded,2025-01-26 04:31:17,1448eb3a-8873-4b65-a97a-69d467345e8b,2825
6964,156.96,Pending,2025-09-08 05:14:47,c75bb890-b4e5-47fe-bb0b-5e6abfd0ef19,9517
6965,96.81,Pending,2025-07-29 07:16:54,d979718e-537c-41fd-b782-6193dd902980,7616
6966,128.27,Paid,2025-02-23 06:35:53,1e2dcf69-de3b-4b6b-a041-9a41bb677a8a,1976
6967,202.74,Pending,2025-05-26 00:57:32,858ed757-7273-446a-91e2-fa9ecfab4b83,5984
6968,207.36,Refunded,2025-03-01 19:35:44,a0446249-8d73-441a-9605-bd9eb1c12dd4,1239
6969,127.69,Pending,2025-05-20 03:28:21,c3ea7bd1-f4f7-4532-8c4b-886524dc5b20,4944
6970,134.79,Pending,2025-03-14 06:08:50,79015ff7-cc18-42dc-bcd2-1518dc3128b7,8316
6971,98.48,Refunded,2025-06-19 01:56:18,145da6ea-782e-4813-bf90-63aa3c0b22e0,4936
6972,173.84,Refunded,2025-05-31 21:34:36,4a746f03-4ff3-49a4-9bb8-f41f1c216e7e,113
6973,129.31,Pending,2025-06-06 13:42:53,d1c6f5ce-918a-40d2-8b34-3355f459d258,1500
6974,45.47,Refunded,2025-05-16 06:50:57,3038316a-2792-4a09-8818-53ab93e8b5c5,1580
6975,195.78,Pending,2025-01-22 10:02:02,6d0ea73c-f447-498a-8c76-4ed052236afa,6690
6976,43.54,Paid,2025-04-16 01:36:29,89f790b6-4fa7-4c0e-9dfe-0bf11d94ac80,1452
6977,204.89,Pending,2025-05-24 22:46:14,39ceeb90-ef63-40d8-a334-e02e214ef08f,2125
6978,107.3,Pending,2025-09-27 03:57:30,309388a2-c66d-41fd-bd02-66a809c534bd,3956
6979,175.87,Paid,2025-04-02 18:11:07,c587cf55-85e6-4046-a376-282b5b4e7e08,1462
6980,105.38,Paid,2025-11-09 19:46:52,536de4a6-357f-4861-abbc-94ab07022d4f,2254
6981,67.16,Refunded,2025-05-09 18:43:20,8cf9bcf1-89dd-44e8-8c82-cf7829761a8d,5226
6982,128.8,Paid,2025-03-02 00:38:18,0f9fdedf-997e-4746-bfed-2707483ac6b5,1255
6983,128.98,Pending,2025-07-13 15:14:14,7fc9a4f3-d943-4137-a5c2-d7db723135f9,9980
6984,100.39,Pending,2025-02-10 20:33:24,8bf1661a-fbb8-4737-8718-1b1cbc62f8e0,8507
6985,20.26,Refunded,2025-05-15 23:07:38,f12eedac-0f8b-4dd4-8080-23338e122a30,8869
6986,111.63,Paid,2025-08-01 20:35:39,ef6924dc-b892-498b-a249-aff9babf8e1b,4170
6987,101.02,Paid,2025-03-17 22:20:34,bb4e6642-3ccb-4f89-81c4-1c987cfb7116,5389
6988,150.38,Pending,2025-10-11 08:16:04,e13f73ef-e957-4f64-99c8-b6296f741b44,6702
6989,96.77,Paid,2025-07-26 19:02:40,4e3047b2-a324-4ba3-b027-368c3fbbda39,1342
6990,27.57,Paid,2025-06-25 03:06:13,150b1d50-ec8a-479f-9b4f-fdb6f123e449,3613
6991,171.69,Refunded,2025-03-02 16:43:54,b944241b-5ad2-4a9a-8fae-946e4e09dc3e,7760
6992,121.25,Refunded,2025-04-07 17:50:03,9fd9c73a-caf7-44da-b210-febd154d5620,878
6993,103.76,Refunded,2025-04-20 23:39:11,1caed45d-41e5-4bc4-8f69-fa96ae91a128,9204
6994,194.58,Refunded,2025-11-05 14:17:22,b2583ff8-0a99-4e8e-bd23-1044a7cad5f7,7736
6995,141.46,Refunded,2025-07-05 04:04:29,0e8a6e26-ba30-4cfc-993c-e6611e5e3869,2257
6996,95.93,Pending,2025-10-13 00:49:54,63bc0424-f048-40dd-b846-d1417ab3b9d9,2965
6997,196.6,Paid,2025-03-28 19:11:01,11a9737a-6f72-4a52-a287-dfd4370e0477,926
6998,98.82,Refunded,2025-08-11 01:49:31,40287e00-bdf5-4c88-b08c-82c11320c5d4,1397
6999,169.85,Pending,2025-06-20 23:51:43,303448a6-3f7e-4d2d-8df2-942838fa0b3a,3194
7000,58.13,Paid,2025-09-18 08:35:19,ae5897e2-7c27-4533-932e-e7d9e78a8be2,5190
7001,162.03,Pending,2025-04-02 03:33:35,8daeff6e-adc2-4d21-bfd8-f813c5e47e06,4306
7002,118.84,Paid,2025-04-30 22:46:20,9846170c-9bf2-4825-bbe5-8d4ea0acf3bd,5197
7003,152.75,Pending,2025-02-21 05:20:51,bd826f7a-0762-4cb0-9f40-ad287b0112d6,7135
7004,20.38,Refunded,2025-05-24 23:06:47,73d324f9-b63f-4ce2-b861-bc57a7f32caf,8285
7005,89.55,Pending,2025-03-16 09:58:37,fca9e699-9448-40ca-b675-9502bfe5b582,2165
7006,172.94,Pending,2025-07-07 01:07:48,5822b83c-d2be-427f-b816-83dd2cf9b071,602
7007,45.69,Refunded,2025-04-13 02:38:29,beb54f66-467f-490d-8599-3545ba5c442f,7379
7008,35.87,Refunded,2025-05-07 09:57:31,c6154f97-2eea-4453-9099-876dddf12ef1,5890
7009,119.05,Pending,2025-01-23 03:16:27,d5622144-4a06-43b3-90ef-85b2b4e67d35,3373
7010,78.91,Pending,2025-09-13 01:19:17,442bd3ad-2af9-4f4a-8685-d025c1f25310,2997
7011,59.28,Refunded,2025-02-19 15:39:53,8d2e3bc1-f607-4f3f-86c6-9a1f24ce4e92,9891
7012,79.2,Paid,2025-05-28 11:02:04,602297bf-b7c4-42cf-8c5d-3d3eef7e4596,9920
7013,123.34,Paid,2025-07-21 15:27:01,349753f3-03d3-4296-8de7-053d5c52cf3a,9574
7014,116.8,Pending,2025-05-31 20:56:56,8b8f626a-b99b-47e5-8a7b-709200c47b27,2897
7015,141.39,Paid,2025-07-25 07:22:05,6ecc0f37-0650-437f-beb5-2300c8dd58f7,1222
7016,150.5,Pending,2025-05-14 12:36:04,6d9df1b8-289e-4d1a-b26c-ab25420660e7,9116
7017,108.53,Refunded,2025-11-13 00:40:35,345b0851-33bd-495e-9773-e81142d5dada,4636
7018,128.78,Refunded,2025-03-16 18:29:23,43ffde88-348a-4cd6-8af4-5aee28a37b6d,8991
7019,66.17,Refunded,2025-05-13 16:54:23,65819a46-8cc2-4d57-9b23-eeb5ffe9bff5,6638
7020,134.27,Paid,2025-10-11 03:59:19,cf10f815-3d32-491b-b408-0ade5b350126,6842
7021,70.68,Pending,2025-07-23 03:08:03,610d3354-68f9-4320-867e-b62c271ae9ea,6916
7022,188.69,Refunded,2025-04-24 20:22:01,01ea9347-7796-46c9-9ea9-8783632772ef,7780
7023,147.07,Paid,2025-11-15 17:16:36,d4fa1f06-f359-47e7-ac89-b1447dabb684,4947
7024,205.94,Paid,2025-10-16 02:44:03,d35d559e-184d-4aa3-9304-c2522ee4f540,9837
7025,72.55,Paid,2025-03-20 16:32:50,7ed56ffa-8089-40e1-bb60-360e4adca916,3557
7026,26.44,Refunded,2025-10-29 06:51:12,d52ad46a-2597-4ae3-9b0e-573b7a969e75,9624
7027,157.28,Pending,2025-10-22 12:16:53,d634fa06-572b-441f-949f-43695fd7ec27,4987
7028,144.69,Refunded,2025-10-31 03:02:47,644e308d-60ed-4a52-a6a4-6757f542b7d8,6324
7029,72.18,Paid,2025-03-05 11:08:38,25b364ae-affe-4685-9742-dedf0fc76cb3,7270
7030,170.81,Pending,2025-04-16 12:01:31,8dcdb91a-7c08-4ef6-98e9-084babd3a3c7,8123
7031,86.19,Pending,2025-05-06 22:43:33,574bd8a7-51b0-437c-a8e8-8e1a766dca5f,1545
7032,49.97,Paid,2025-08-31 16:01:43,ce49d594-5f5e-407f-819f-c76ee8fe0fda,8269
7033,175.66,Pending,2025-05-14 16:32:25,ef4f522c-9b6e-48ac-881c-b2073796af60,3524
7034,96.87,Refunded,2025-07-21 03:24:50,e6e8ccdd-677f-4162-8f70-4f795fb8a4ac,5479
7035,129.23,Pending,2025-11-17 09:09:05,18880c10-36a3-4d39-8ad7-c29961251ad4,8032
7036,96.28,Paid,2025-04-30 15:08:15,37428697-c78f-4711-82b9-504a88be6ebb,7271
7037,47.94,Paid,2025-05-17 15:34:56,03626f28-ba37-4801-bc9e-ce11fd109a4a,43
7038,20.62,Paid,2025-05-10 10:14:01,41c92f57-da48-4304-94e0-00484e0f311c,4499
7039,55.9,Pending,2025-09-26 05:09:44,f976d822-44a2-4b37-a9b4-37a688962703,1982
7040,149.56,Paid,2025-05-12 06:13:30,77effd67-533a-461f-81ef-68b50084c8fc,9851
7041,110.3,Paid,2025-10-06 10:34:53,ac9295ad-4518-4e85-bb65-e78aee19c44a,2241
7042,169.14,Refunded,2025-06-30 15:55:50,dc1c69b4-0544-4aad-b100-fec1baa70a20,6470
7043,178.17,Refunded,2025-01-09 18:47:21,c1913881-018b-453f-a569-d573602012d9,7042
7044,28.95,Refunded,2025-06-05 06:15:01,4b5746f4-70a3-41a3-a52f-7e580c7ff606,505
7045,188.27,Paid,2025-07-13 14:12:28,e4c6520c-e244-4cdc-b94d-731a73e9c8f6,2786
7046,58.08,Refunded,2025-10-29 03:18:05,2e6e92a9-06b7-4ab8-a74b-ec573e4b90e6,2612
7047,200.86,Paid,2025-06-04 10:09:53,203747cb-532d-4ced-ad69-3eaa923198e5,9486
7048,157.8,Pending,2025-10-07 17:52:51,d1c04668-3560-4f72-8284-599ef214e4bc,4839
7049,183.38,Pending,2025-10-04 12:02:11,2fe46b93-bf98-46bc-a2af-d10a0a5b34c1,9384
7050,187.63,Refunded,2025-02-27 22:53:40,9493f611-734a-4e4c-828b-5bc93b9fa341,5106
7051,82.54,Paid,2025-01-31 07:14:43,754a765f-4aec-4e10-b2c7-2d61f350d62f,4813
7052,206.65,Refunded,2025-09-11 23:41:38,cae26809-586a-4a9e-9aef-8d860ff67a7b,897
7053,191.45,Paid,2025-10-22 19:13:02,879a11f8-8f45-4147-a595-05da57ea501c,7137
7054,197.71,Pending,2025-05-24 04:18:38,6bdf74a6-8e8f-4059-a52c-83d512b77496,5309
7055,43.13,Refunded,2025-02-07 17:53:25,4078c97a-c793-4ea3-8efc-7e55cb20d0cd,3293
7056,170.71,Pending,2025-06-01 23:42:44,1f686c95-6aed-4daf-8415-906f1b574fdc,6207
7057,198.65,Paid,2025-09-18 17:08:51,49299f7e-30dc-469f-8513-d301c4e3c23c,9509
7058,67.59,Refunded,2025-03-08 16:29:34,c9fce79f-4b82-4015-8c59-eb3fd0d3e9af,1795
7059,122.93,Paid,2025-04-20 19:28:52,95901924-1ed4-4b4f-a8ec-b3e71d7bdd93,1518
7060,42.85,Pending,2025-07-26 06:32:54,deededc2-61f9-44a1-aa4c-c51bfb463dc3,2693
7061,88.43,Refunded,2025-08-24 20:13:34,665be5e1-7e19-4cf2-b3e2-2182ed3739b9,4462
7062,144.51,Refunded,2025-10-22 05:40:58,093d2ffc-82d9-4446-9728-abf197bab9d4,5250
7063,107.78,Paid,2025-05-06 00:01:29,ae7fe8f8-9daf-405d-b2e1-1b80ad39ce81,485
7064,81.52,Refunded,2025-05-26 00:51:06,9314f21b-d37b-4d7e-b555-9ba3134dece5,9832
7065,204.73,Paid,2025-11-19 05:30:28,ca4553f1-d84f-40b7-9d36-5d650e051f95,3708
7066,79.97,Refunded,2025-10-07 00:35:30,fd822061-d269-4e2f-b7f0-a8f1ab8aebe1,9859
7067,108.82,Pending,2025-10-02 07:47:44,b4aa4935-02f2-4023-8e9b-3e4a493e656f,5386
7068,167.55,Refunded,2025-02-25 19:12:32,0738dabb-f6cc-4766-a96b-fcfe7c1957b4,4087
7069,135.29,Pending,2025-03-07 00:18:29,7521f5c2-7b1d-42a3-b766-efe8844c5e8d,1408
7070,153.04,Paid,2025-01-30 16:28:33,e803a154-6c9d-4e54-a805-627a9489d849,8979
7071,166.14,Pending,2025-10-11 16:42:46,951dcfa3-9930-4e51-a6a9-8acd6eb480aa,2594
7072,51.14,Pending,2025-02-01 17:43:57,c69c1b05-eaf5-4f14-b2a0-d0023533e0ba,11
7073,111.65,Refunded,2025-08-09 17:56:18,2038677f-1617-4232-8a0a-a0dcfa299a7e,9518
7074,114.2,Paid,2025-06-03 02:40:03,0ccd8cf0-7a94-46ee-94eb-a0dc56c1909e,3102
7075,92.9,Pending,2025-02-02 04:20:19,11a053ac-9935-4334-b400-d68de89d35aa,7415
7076,85.89,Paid,2025-09-17 10:50:11,82b3d9e9-3f8e-4489-b391-b0865f3c0df5,8964
7077,180.56,Refunded,2025-10-04 21:19:46,f1ed104d-5a04-4346-9a6f-b0d6dd2ae9df,8518
7078,26.01,Paid,2025-07-22 10:41:09,a25e4d0b-746a-4acb-be84-d10f2aafd64c,7474
7079,96.35,Refunded,2025-11-21 14:58:42,c28b3113-ba1c-42e8-8af2-be50c2f3c426,5619
7080,175.78,Pending,2025-08-28 21:55:46,da0b854c-ec75-497f-943e-d6aa4bca1b92,866
7081,90.14,Paid,2025-03-12 04:26:34,dc984aca-aefd-4241-adaf-a7ee0bb6abc8,1893
7082,206.72,Paid,2025-05-17 13:49:51,6bc35e93-3e0e-4dc9-a6d5-80506bbb8b41,3397
7083,66.97,Paid,2025-07-18 07:58:03,9bf6da90-ca36-474d-a8e8-86ea3e79c17a,4082
7084,64.99,Pending,2025-08-06 16:07:36,03342ec6-4e16-4eb0-8471-dc4ad0b8506a,782
7085,94.5,Paid,2025-11-20 22:29:14,fd2997b0-f2b3-454d-a360-a89631c78c29,3485
7086,130.02,Refunded,2025-10-22 10:47:43,2738b955-2d8d-4a08-b495-8496acb54de4,1917
7087,193.68,Refunded,2025-04-14 16:32:41,6b97e642-35f0-4d05-ac02-1fd69889e4bd,2944
7088,163.89,Pending,2025-03-06 10:33:34,8c6ae048-8a89-41a1-ab36-f0e019e4da28,5812
7089,165.14,Pending,2025-07-22 16:37:34,0e350c4d-86aa-4905-9221-c35bffbe2771,4109
7090,171.67,Paid,2025-10-28 04:41:43,52876eb9-f7cf-46fa-ad6a-9a284591b0b5,8147
7091,118.18,Refunded,2025-07-28 04:09:13,b4f9fea3-293f-4e42-bb81-716294de7308,1127
7092,111.68,Pending,2025-04-12 04:12:05,72a51c65-1a26-4a77-aaa2-be2410ea7001,2800
7093,85.83,Pending,2025-07-31 20:12:04,331248aa-bfec-4352-b78a-e094e3bb1992,8616
7094,158.45,Refunded,2025-04-27 22:17:35,08b2377c-70cd-4b75-8028-890e99895088,4383
7095,192.5,Paid,2025-04-18 10:25:20,a1ddb8d4-a460-48bc-b752-78be52db4762,9910
7096,76.02,Refunded,2025-11-09 01:40:32,c99eaa97-71cb-4cef-844a-8b8c826842f5,9021
7097,206.69,Pending,2025-01-27 20:10:41,f6dedee0-0ae5-4cdf-a4b8-5f9f84b98d6f,8090
7098,128.13,Pending,2025-11-20 23:46:37,2666c410-6d4d-453c-89cb-f72424efb0a6,1372
7099,113.68,Refunded,2025-05-31 07:04:53,41e7a639-9032-4de4-b2c4-90c638e2af62,2475
7100,58.97,Pending,2025-07-17 19:52:15,e3252153-af24-47ab-beff-af7d6fb30fa5,6160
7101,56.27,Pending,2025-03-04 00:20:19,065ea03f-00b7-4fd1-a0d8-f161e3ab2101,2119
7102,56.88,Pending,2025-11-15 12:01:20,ad26e414-d4ad-447e-8923-4af66859dd95,5076
7103,120.79,Pending,2025-09-06 14:53:19,ba60d9b4-9929-4c27-84b4-33d2e64d84e0,370
7104,86.86,Pending,2025-06-04 19:13:26,ceacc70d-eb69-47a0-9b81-7dce360975d2,3235
7105,60.35,Pending,2025-03-22 12:45:52,c485f6a4-6b7d-4cf7-bfc8-9970fb33414e,5011
7106,197.49,Paid,2025-09-29 00:16:22,ff213ec4-dbd6-4c2e-9ad9-f41a349dfcf0,3020
7107,21.78,Refunded,2025-09-11 22:54:13,e85a0238-4cd5-47ee-909b-7fdbcbc3d9e2,270
7108,144.85,Refunded,2025-01-06 00:19:53,e4cc622e-b22a-49d5-a568-891ea3ec3b83,4511
7109,140.67,Pending,2025-03-02 16:44:38,b619ad3e-5cde-4ff9-8cc2-f6dd07c34e7c,3635
7110,40.33,Refunded,2025-09-09 10:25:00,69211833-3760-407a-b5d7-fa8408383bed,7898
7111,154.56,Paid,2025-01-05 16:59:55,55e9112d-6aaa-4a0d-832a-8cd3d9911eeb,3419
7112,103.94,Paid,2025-03-05 00:15:24,16a8e49f-4cb7-4b72-a8ab-2885c9cbf84a,8808
7113,188.71,Paid,2025-08-28 17:17:22,6b4e4051-c282-4398-b467-ed14dbfc45d9,7189
7114,133.21,Refunded,2025-08-20 03:12:25,9c048330-7c71-4659-b5de-b2a865a59f36,1564
7115,180.52,Pending,2025-08-10 20:53:57,becb856c-14bf-4461-88a2-00262435e60f,7228
7116,86.8,Pending,2025-05-31 11:43:02,723849f5-d625-428b-ba50-70a2e06e941f,782
7117,51.19,Refunded,2025-06-11 05:23:01,cbd98117-11ef-4246-9395-bad5d8882998,7172
7118,54.21,Refunded,2025-06-19 11:33:44,855e11f8-b56d-43f8-916b-887dc95e71e5,1268
7119,130.07,Paid,2025-08-08 08:33:04,1b219b67-e3d6-40ae-94d0-e17804e3d352,3501
7120,132.62,Paid,2025-05-12 03:26:07,68dae9b9-d618-419c-80cf-a33333a6a559,6308
7121,87.81,Pending,2025-03-04 02:35:35,21c1832c-370f-47aa-9447-68c637c4d0fc,7014
7122,38.21,Pending,2025-08-30 08:05:49,173877ba-2ba0-45ed-873d-8195caa2f886,7864
7123,31.21,Paid,2025-01-27 06:38:23,33a6d278-db3a-49bf-8934-b0c8fd131a88,837
7124,89.82,Paid,2025-09-30 21:50:02,bb9a72d6-27b0-42ec-b880-ae5117b49ddc,5374
7125,70.03,Paid,2025-10-10 15:08:44,bf873f86-ee95-4c88-a197-ee27559325c2,7074
7126,114.15,Pending,2025-04-12 12:50:44,91a306c1-44d4-4dfd-8d70-db1cf8ebed72,4107
7127,192.18,Paid,2025-02-13 01:37:33,a8a07897-82ff-4074-b5e1-cff93bda9f8c,1335
7128,106.53,Paid,2025-08-19 03:06:27,b8c6cd96-fc82-4d9d-a66c-8c63f308e941,3927
7129,57.74,Refunded,2025-05-04 07:45:34,bfa4a2fd-41fc-4877-86f4-2f2c8c49ee2a,7083
7130,188.54,Paid,2025-08-27 07:46:00,caad084e-e295-4419-bb6b-6b9aeaa61128,92
7131,165.82,Paid,2025-03-14 19:53:50,af645fb1-01ec-4fc1-95be-f5e75533ffd9,2024
7132,56.23,Refunded,2025-07-04 18:35:15,9a99fb46-7e14-405d-ac0c-08fc5730c977,1142
7133,167.67,Refunded,2025-04-22 15:03:37,db84ddcc-c94a-43aa-8aa1-5674a842d493,502
7134,159.92,Pending,2025-10-26 22:51:57,e2ea7167-2004-4f8d-81b6-dde6a4d0786e,7021
7135,155.07,Refunded,2025-03-01 15:39:08,55881648-847c-4c9a-9891-f6b0f9f7d806,1959
7136,184.92,Paid,2025-06-05 22:43:19,402920dc-7ffc-4228-82cd-3b479651d63b,2301
7137,108.16,Pending,2025-06-19 08:37:03,d516653f-b104-4b6c-9b1a-ba5ca6956279,7594
7138,168.35,Paid,2025-04-14 01:36:56,eefcfd72-0729-412b-af9c-c9d6dc138a47,7952
7139,205.34,Refunded,2025-10-29 10:32:39,f2264c47-0854-496c-96f1-e7ebd7dc41b5,955
7140,48.91,Pending,2025-10-03 19:42:17,35672232-0b4e-4d30-88fe-267311476cea,9004
7141,35.11,Paid,2025-07-11 06:41:29,dd81c4f2-8720-4375-a0d1-4740c2392206,6478
7142,201.16,Refunded,2025-03-01 13:35:17,be28baa4-8819-4a40-810f-16dd23d6cc86,6328
7143,73.62,Paid,2025-09-03 19:42:00,7021db43-6bd7-4d80-9b23-e3b97f50fe86,1285
7144,179.14,Pending,2025-07-25 16:08:37,ca883757-28cf-4648-b34d-250c6883c35e,521
7145,24.98,Pending,2025-01-11 01:41:49,3c9ffe2c-b419-4ba4-ac6c-56017b7d3690,1841
7146,130.84,Paid,2025-01-27 03:00:16,fa2aa6d2-47ff-40ac-a7d7-07f37b0be90f,2415
7147,133.08,Pending,2025-01-19 12:00:41,efbc523e-72ad-44f6-a202-37ae4ebf16cf,3971
7148,157.79,Refunded,2025-08-27 07:29:26,061d460b-5802-4ea3-9e86-43862be35a58,8953
7149,145.31,Paid,2025-08-24 21:05:57,192c82d6-ee1d-4740-ad41-63b5f7b63c09,7348
7150,51.99,Pending,2025-02-13 02:32:44,c4573560-fd08-4b09-a551-70d98d51c267,3680
7151,20.14,Pending,2025-01-03 14:00:04,e5e84bef-2c57-4885-851c-4cb26a07980a,4927
7152,133.81,Refunded,2025-02-15 18:35:59,36416417-af39-44b2-a3e4-ad14c1892fec,3794
7153,52.58,Pending,2025-09-08 14:10:31,a27d464e-8def-4d94-94b3-23dd6e0145d4,1711
7154,87.7,Refunded,2025-09-09 06:57:20,90ac066b-9b37-4aba-8cd7-0324e0d42ce5,2399
7155,39.49,Pending,2025-03-07 00:08:04,aaa43f09-d106-4f53-ad05-2d8e102619b8,2290
7156,108.93,Pending,2025-05-25 16:20:41,618ba61c-948c-4d36-8455-2025771ac1e8,8383
7157,85.1,Paid,2025-05-01 15:15:58,39cb0059-3933-4747-a41f-0cce8a61ba51,2819
7158,179.08,Pending,2025-01-28 20:33:36,df9fd972-6a16-423f-aaba-c6504b5688fc,7362
7159,133.37,Pending,2025-10-09 06:32:16,37db0fa9-78ac-456f-89da-d580df3c8e2f,3210
7160,59.08,Pending,2025-06-25 00:51:08,bbb9fd5c-8464-4e2f-bf7c-82b5b71b36d0,1624
7161,79.06,Paid,2025-05-22 18:28:05,c0b678c4-db3e-43fe-84c5-9abb2705d6f1,6473
7162,201.11,Paid,2025-05-22 01:57:53,6f38ee5a-8422-49dc-b0ba-182a1d628062,4390
7163,149.83,Refunded,2025-06-08 10:30:05,94e2671f-ff02-403f-85c2-ca67031cce8b,4934
7164,63.32,Refunded,2025-06-28 22:37:09,2c9ddda0-89a1-4c70-ab33-6db069fcbad2,2568
7165,191.85,Pending,2025-09-13 23:40:59,c293293c-da15-4513-82a4-f40b32cdf3de,1598
7166,152.79,Refunded,2025-09-15 19:42:13,abc88ee5-e2da-4769-b9b5-48cf87800dba,5695
7167,35.73,Paid,2025-03-30 08:00:30,49a39da6-711e-436a-a9ca-96984aaf29be,9534
7168,108.49,Refunded,2025-04-11 21:32:11,ec6ac9c1-9cb5-4612-848f-f9e9ccd74341,989
7169,127.73,Refunded,2025-05-05 23:52:55,8f814b9e-8c4f-4d52-bea6-c2f3e94857fd,3679
7170,125.54,Paid,2025-10-02 04:37:58,a374fe9c-a922-4f3d-9542-eb4e7e989d7d,3628
7171,60.42,Paid,2025-05-27 01:27:58,e8ff1517-8178-489f-bc36-dc5bd56325ad,7283
7172,104.07,Pending,2025-10-29 08:14:55,63fcad8e-ab96-432b-a18e-03acc5c7c5ea,2986
7173,37.4,Paid,2025-05-26 00:05:52,346df0c0-acf4-42a1-ab8a-d4ee4041c0a7,8590
7174,186.48,Refunded,2025-01-16 06:00:03,2a2ebb52-65b3-40db-84d6-47dde15045f4,321
7175,209.27,Paid,2025-06-13 22:59:15,2538fd37-77d4-4d48-8385-cbf93ca7548e,753
7176,47.43,Refunded,2025-04-02 02:22:12,93ff1b3a-06b3-4f78-a567-8829d6820e9c,682
7177,87.78,Pending,2025-06-07 09:04:53,3406a0c3-9c30-42cd-b0fd-78b113d72cda,6514
7178,199.91,Paid,2025-04-08 19:38:59,dc8faf1b-a648-40be-b6f6-90c1face18cd,9649
7179,178.38,Paid,2025-08-16 04:11:27,e0f7e617-6a2a-4093-8907-747a2ee518a4,4712
7180,163.23,Refunded,2025-01-15 02:55:06,30c5955c-4df2-4ab5-83e8-9a666d19a55e,4934
7181,108.33,Paid,2025-07-27 01:14:48,e64420c4-78f8-4179-9331-e8c4a5513fba,333
7182,191.48,Refunded,2025-11-14 17:35:18,97cab7c6-9a59-4780-80dd-a5faa7e91aa5,3463
7183,183.01,Refunded,2025-02-18 11:41:50,0f8de101-a3aa-43e1-9957-3d9f3865446c,1790
7184,83.35,Pending,2025-11-09 05:38:34,76d4fc15-6406-4673-ae1f-f89a5170a457,9489
7185,100.64,Refunded,2025-06-30 10:38:13,4eb712d7-2615-4dc8-ba9c-01d6d5a08441,1340
7186,182.08,Refunded,2025-01-01 08:24:45,41af2a33-5c5c-4e49-89cd-4e1acd8ad3bc,1644
7187,141.91,Paid,2025-09-02 11:29:33,12a9076f-2224-4f7e-8573-68c893fcafc1,6106
7188,98.46,Refunded,2025-01-21 02:53:13,720e4ca4-cdf6-4a58-81da-f1220dafb24a,6300
7189,50.83,Pending,2025-04-28 07:48:03,806950eb-dabe-4f70-a25f-12a37ebc35aa,9826
7190,110.22,Refunded,2025-07-21 08:19:56,f3784657-44e6-42dc-8e96-f758767c393d,8721
7191,36.0,Paid,2025-09-12 04:08:54,10eae690-b488-4849-ac87-d87dd408712c,6280
7192,38.27,Pending,2025-07-14 05:06:29,178b785d-c480-4aa3-a1b2-519a862e6ef6,8492
7193,75.02,Pending,2025-06-22 07:23:37,7fb2c52f-23ae-4da0-8e5b-008b91609ba7,3494
7194,50.91,Refunded,2025-01-21 23:30:44,44f266b8-324e-4b26-a175-6e4ff46218cc,5172
7195,91.59,Pending,2025-07-18 11:17:14,11538d75-fccd-41dc-9dd5-5a97fe61b645,550
7196,92.3,Paid,2025-09-01 07:27:28,96148548-873f-4a0f-8163-a94b695aa0bf,322
7197,181.23,Paid,2025-06-29 14:13:56,cf1a4f68-f781-43c4-94f0-f7206b6a7685,4408
7198,146.39,Pending,2025-04-18 07:06:43,4a466f9d-c9c7-4e05-8ff7-1ae227e1adf6,9570
7199,89.06,Paid,2025-11-07 02:39:04,79306a2d-44f9-4c89-ac4a-a55ab462f3c4,3903
7200,102.33,Pending,2025-01-26 19:02:53,3d158933-6d59-420e-b880-35a0716a6625,9068
7201,134.81,Refunded,2025-06-16 18:26:59,03ea038e-f30d-4e8b-804f-524dab3d362d,5065
7202,56.63,Refunded,2025-04-07 07:54:05,ed757560-6a04-4d0f-885a-56af2603bd5e,6796
7203,115.53,Pending,2025-05-02 19:00:37,9f7c561f-d662-442c-96be-d62e3f0b0430,7013
7204,191.49,Paid,2025-03-05 16:28:51,2ccd320b-5094-4d51-86e1-29dea518a1c9,1490
7205,69.15,Paid,2025-10-19 01:14:46,b72fc18c-0dff-4423-bcbc-f17cc9f293c3,3212
7206,157.54,Pending,2025-01-24 23:36:08,9cd6cdda-322d-4132-8d5c-f5426a5f0e92,9894
7207,130.1,Refunded,2025-08-10 01:53:03,3a13a080-e621-4893-bd95-0474ab93fe83,3810
7208,161.65,Refunded,2025-01-05 12:13:41,32c78651-fa92-4f32-ab8e-4865864dd85e,1572
7209,88.79,Paid,2025-09-04 21:25:00,b8eb21f5-3b1e-4448-8599-3b285578fd03,3438
7210,185.21,Paid,2025-06-11 14:14:39,88f675ad-92d3-43d2-a39a-a9a0b551d9eb,1210
7211,28.36,Paid,2025-02-13 22:55:39,84e57669-c6f0-4897-b30e-49a4f616e6f2,6362
7212,53.4,Refunded,2025-07-31 23:50:49,db293f79-243b-4a30-9901-5ecfffb4b61f,3860
7213,190.15,Paid,2025-07-14 17:57:15,76bc142f-58b8-4ab1-ba3d-4a5bd90c71a1,886
7214,115.66,Pending,2025-04-02 12:26:46,b6ee2832-b2fc-47b9-bf2c-91c71a1fb578,6480
7215,43.43,Refunded,2025-10-15 03:36:52,049298db-4ed4-429e-b08a-d99c6471a1be,3925
7216,200.45,Pending,2025-05-10 09:12:51,6b928120-54f6-43c7-a39e-4f5a6bf62541,3696
7217,129.01,Paid,2025-11-18 23:41:12,e3c42f74-fc33-4a3a-b9f3-8a34e1fb0b46,297
7218,176.67,Paid,2025-03-23 01:23:16,d487423e-b744-4eb9-9c94-31a1eaec02d7,4290
7219,47.98,Paid,2025-09-24 23:11:34,4de13a40-e35c-42b0-9734-de183926c12f,4862
7220,157.17,Pending,2025-06-27 03:20:20,a8f4c02d-9567-4910-9807-63ab69a590aa,9639
7221,127.29,Paid,2025-05-22 00:37:52,5713c24c-f9ec-4b57-bdc8-6ee3945c7106,1559
7222,194.16,Refunded,2025-01-21 23:59:55,1fb992f8-25f4-4642-9b61-b674e67f10cc,7910
7223,38.75,Paid,2025-06-26 09:18:52,31bb86b8-c3a4-4966-ba80-1a03c22560bf,7272
7224,199.21,Pending,2025-11-17 07:09:21,1d44ad41-ee69-426f-b6bd-bbc09d3055c8,8797
7225,34.49,Paid,2025-02-11 20:11:55,105a4099-2245-4766-8228-d37eeaec8979,7687
7226,106.03,Refunded,2025-03-19 13:47:54,c18550d0-e11f-4390-a1f9-e164aa8d956a,7718
7227,26.44,Pending,2025-05-25 02:04:03,0b4d54bd-c95b-41e4-aa4c-522816b06037,8744
7228,138.65,Refunded,2025-11-08 08:50:42,a737a26f-193c-4749-b5c7-938d97488f11,9931
7229,162.39,Refunded,2025-07-01 17:43:57,59075cf0-ea93-4122-b80c-2d1a39726db4,9511
7230,46.81,Paid,2025-11-13 17:50:00,32b41322-959c-44b3-8d72-69ee7749212c,1766
7231,123.33,Paid,2025-01-01 03:25:15,7f62727e-d24f-4c3a-95b5-cd4b9c8968f8,3016
7232,74.12,Paid,2025-05-09 11:22:21,bec701b0-938a-456b-a810-7d3da7125e4d,8645
7233,97.95,Paid,2025-07-06 15:09:36,ef05582e-d300-4e51-b6e9-9d937713a8c0,3333
7234,109.79,Refunded,2025-06-24 12:15:24,fc2dcf6e-6a90-4c8a-9150-651813e3cf23,9258
7235,189.07,Pending,2025-11-09 22:00:04,803f9015-68aa-482b-862b-37f37604203a,4524
7236,180.39,Pending,2025-02-21 04:10:58,c3fba836-cd29-4d30-9333-ef3b6128464b,6063
7237,162.24,Refunded,2025-11-14 00:37:13,fd9e2d5d-a5ad-474e-9d1c-ef96a9b67d97,5361
7238,185.54,Refunded,2025-04-08 00:35:26,dcc8eb54-c175-49aa-b1e4-4a331424148f,6829
7239,78.33,Pending,2025-03-03 04:54:49,72e84f2c-3d89-4c1f-b434-94e6fe0e47c0,1255
7240,27.05,Paid,2025-06-15 14:39:59,c5f57281-e382-451f-a811-b37a9c046879,2393
7241,52.59,Refunded,2025-02-06 20:42:24,e0188779-d150-46c7-9fb5-4989f8a52155,3915
7242,149.29,Refunded,2025-04-29 13:28:46,b7db5c26-7c39-4eee-87d1-d15d15a0b3bd,2335
7243,107.37,Paid,2025-02-27 06:21:35,5b644d6e-a081-4582-91f2-5d7c7323c6fc,2460
7244,135.51,Pending,2025-08-15 22:26:29,4e819d17-97eb-4f59-8303-f9da617f0fc9,2876
7245,200.1,Paid,2025-06-14 20:26:50,0e349f2d-eb26-4747-b2ca-0de889271f66,205
7246,158.54,Pending,2025-08-10 04:24:10,4dbb650f-11b7-4fd0-bfee-0c8249ab106c,8301
7247,125.11,Paid,2025-02-25 09:05:11,6db4322d-ac46-468d-a2a3-4bbc73bb75bb,5451
7248,207.18,Pending,2025-02-05 16:31:17,2a2cea79-b4fe-48df-bd30-021582f23b4c,6016
7249,68.06,Paid,2025-06-29 15:11:20,1ecb4e8d-b2b2-49dd-8e0a-4b8253954dab,6597
7250,123.8,Paid,2025-02-10 17:16:55,7a3b1d5d-a40d-43b8-942b-7857eaa2ff30,8923
7251,21.03,Refunded,2025-10-06 07:09:29,b45edaa4-bf8a-4e05-923f-83aa400ed60d,281
7252,30.02,Paid,2025-09-14 06:59:29,ac8d624d-59a9-4787-9147-9583688c29db,1363
7253,67.01,Pending,2025-05-01 21:17:42,392615cd-55ed-424b-88bc-f846ebfc6156,261
7254,24.31,Pending,2025-05-01 21:24:13,3e467000-d7c0-4023-9623-387a1eaedbf1,1734
7255,111.73,Pending,2025-09-14 06:45:58,c70d19d2-96be-4cc4-85dc-36c1f34df380,7302
7256,32.83,Pending,2025-04-20 08:09:41,4546ef65-c245-4f00-a5ef-40ca6337c746,608
7257,68.67,Refunded,2025-02-15 18:24:05,e33efe81-c476-456e-94cb-0c137f0019bd,3516
7258,163.07,Pending,2025-09-11 08:26:11,8d95c2e2-fe5a-4348-b59d-b54b75b900af,6105
7259,141.51,Paid,2025-07-25 15:30:58,2a1bf550-8a8b-47c5-ad64-c79b33d2ea5a,956
7260,123.77,Paid,2025-09-10 08:01:17,413c0caa-4d69-44c4-99a4-497540ddc134,8976
7261,113.91,Refunded,2025-10-01 17:23:07,20589f9b-9522-48dc-bbbb-5ac2e55e872e,2458
7262,30.73,Paid,2025-04-02 23:03:11,09813d3d-1507-4c25-b291-a3bc989fe758,1085
7263,156.42,Refunded,2025-11-05 12:58:36,2fb38894-bc85-456e-9e34-3c9f481cc15b,2876
7264,35.33,Pending,2025-09-23 18:20:32,125596bc-7e29-4b5c-91ee-43ba6dde81d5,3421
7265,197.12,Pending,2025-02-25 08:07:27,863ab365-395c-4af3-8fbf-289f06c83b9f,5651
7266,139.31,Paid,2025-07-23 12:22:04,53595231-391e-41cf-a332-9b327476d001,7043
7267,66.23,Paid,2025-04-08 02:17:02,aad6341b-ab2d-4b96-8bc3-c748542a28db,1585
7268,60.59,Refunded,2025-03-22 03:15:56,101cfbe6-9539-450a-b0d3-0eed69af3a1b,5603
7269,51.81,Pending,2025-11-23 02:12:35,839b26c5-7be5-4cee-9611-0cca60befb6a,8641
7270,145.61,Paid,2025-03-26 22:50:01,f535950b-3476-456a-9c47-a50423149762,7920
7271,114.81,Paid,2025-11-01 19:48:26,4e2b311f-0d20-4fd6-a616-cc06dfea2096,4037
7272,55.11,Refunded,2025-05-17 04:33:59,801b5d69-65ac-46ef-a189-c25539f22116,9338
7273,190.58,Paid,2025-07-30 01:38:46,8d54e64e-1607-477e-8ad1-b53bac2eb739,7321
7274,207.77,Paid,2025-07-31 23:32:08,67fecb46-6a3a-4e19-b2ef-c032f8c5bcf4,1874
7275,71.07,Pending,2025-02-21 17:07:53,880102b9-4a2a-4b57-94e7-efb58488a701,6650
7276,54.74,Refunded,2025-10-30 06:31:09,14cdbf20-9fe0-42a6-ba6a-c0141153c24a,8013
7277,43.96,Pending,2025-08-15 10:56:24,a2795da6-3450-4afe-bb83-ab1a027dc55e,7560
7278,122.3,Pending,2025-11-15 09:49:12,c2b9f33c-5ff2-458b-a9f5-2f7693dfc358,6341
7279,97.6,Refunded,2025-09-17 14:40:42,8919d81b-aa39-40bd-80f1-a6322a6cebb4,8278
7280,39.44,Refunded,2025-03-11 19:34:30,ddbd7c85-f40f-4864-9313-ef032c443f4e,228
7281,129.94,Pending,2025-08-29 19:14:44,c090fc05-2e3a-4f00-8d35-0c9db136f458,2333
7282,209.67,Paid,2025-01-27 13:56:40,56f11978-803c-4103-adb6-43fad154a784,4510
7283,114.14,Refunded,2025-03-28 18:10:36,612516db-1ca1-4fb7-9fcf-ab85e13843a2,4511
7284,202.08,Pending,2025-04-28 17:39:01,19c6935d-d00e-42e7-a79e-a30c5d0dafaf,819
7285,128.57,Paid,2025-09-01 02:00:57,e62cbaed-dc8f-4b30-8188-74ede2fbb1c1,5994
7286,193.71,Refunded,2025-03-06 17:16:46,e3dd26e0-17c8-4f78-a007-bff0a8a09d84,5916
7287,207.33,Refunded,2025-02-10 01:33:38,6b77e445-77f1-4477-a625-2c56e4cca260,235
7288,134.46,Pending,2025-05-12 03:21:38,8026af8b-da6e-46e9-9987-d8150e93b0df,6308
7289,209.71,Pending,2025-11-25 09:35:09,786a84fc-46ef-445e-afc9-5997c710c8b8,3032
7290,93.95,Pending,2025-03-17 23:06:39,bc63f084-92c2-46c5-8f03-d04cd63e1f48,4910
7291,116.39,Paid,2025-01-30 03:41:50,f891aa54-3b64-489b-a989-175956c5db34,3558
7292,141.25,Paid,2025-05-03 01:20:07,5f307f38-affd-47d9-af6b-a3d2c0bc6599,2474
7293,54.92,Paid,2025-06-20 21:44:54,10812c53-ce5b-44b3-a8fb-50c566b74bec,1670
7294,209.3,Pending,2025-01-09 04:26:32,5fbe443a-d48b-43bb-b1cb-cead53224e7c,1566
7295,113.85,Paid,2025-08-22 15:25:52,446b4bb2-dadd-4140-8ff1-1b4cb7b8f249,8763
7296,86.94,Refunded,2025-04-16 12:56:19,1f0c0aff-6762-4b41-a65a-1bdd5897c167,6983
7297,100.88,Paid,2025-06-14 04:47:58,1f4d7092-d1da-421c-be7a-2d18c2f0d482,2663
7298,150.3,Pending,2025-08-17 23:33:21,05ce2f13-e891-4a20-bb5c-00066381578f,8378
7299,192.86,Pending,2025-08-22 18:32:46,ae3b69d5-8b1a-4110-ba11-af71ebe9455c,6111
7300,192.25,Paid,2025-01-16 01:40:07,7f047f41-4f9a-466c-9778-91b9f3457cce,3382
7301,66.07,Paid,2025-06-17 14:54:09,c5069db7-03ee-4421-a719-d17b711e0475,9692
7302,96.94,Paid,2025-11-16 09:20:22,57d680d6-432e-4112-b7a8-ab8385c3dafe,4687
7303,20.68,Paid,2025-08-26 02:07:58,879b1d1a-4fb6-4dc7-b2bd-729ad87a0fcb,6117
7304,166.45,Paid,2025-05-08 09:12:14,d4da1191-b791-4495-bd05-bc328c37151b,1849
7305,152.27,Paid,2025-11-15 04:22:29,e805aad0-a275-449d-8bfc-d1b585fd0d0f,6341
7306,167.17,Refunded,2025-02-06 20:16:26,fd7da84b-47ac-4f74-ab5f-836df3d65300,8516
7307,24.04,Refunded,2025-08-04 05:56:25,9b2952aa-e564-49b3-b56b-0b9becf044d6,3497
7308,103.94,Paid,2025-06-01 23:11:08,f55008ad-e69d-455b-b049-36160c51f245,2069
7309,193.05,Paid,2025-04-25 15:41:45,9f231557-6a3e-4d7c-b851-3c2606b35c87,7759
7310,200.74,Pending,2025-04-23 06:07:35,030892bf-91e9-4b69-bff5-44e06786b164,7384
7311,72.27,Pending,2025-02-26 17:46:41,91b9bbfe-4441-4ecf-8f22-fef36c6b76b8,1394
7312,193.39,Pending,2025-01-04 21:58:26,54fec15a-74bf-406f-9f86-88c368795d50,6109
7313,99.78,Pending,2025-02-10 12:21:33,522e4b7d-344e-4838-b8e7-abd95febdf28,2604
7314,204.67,Paid,2025-07-23 09:44:40,6c989536-97e3-45c7-8571-fa325b8cd3ba,8680
7315,197.64,Pending,2025-01-11 13:34:54,80bfaa52-0690-4216-beae-06e6b51d3814,8046
7316,186.12,Pending,2025-04-07 04:35:40,58cb319f-edb1-4f3b-a6f8-b949e17e70df,9446
7317,185.96,Pending,2025-11-05 09:25:28,88d09eb6-2902-4608-8ec6-b706b91923da,1589
7318,71.5,Pending,2025-04-12 20:04:04,38f59da2-4b2f-43bc-9537-b4c44eead44b,4951
7319,31.01,Pending,2025-09-15 15:31:46,e56f0e35-5c46-4597-ad3d-48844b6d425e,6865
7320,161.34,Pending,2025-06-24 03:40:36,5e7dd20a-27a4-478d-bad9-fc3e2155c885,9043
7321,140.48,Pending,2025-04-13 16:14:55,f0769e1c-734b-4823-bf0c-ed1d3a544473,3887
7322,175.96,Refunded,2025-05-13 00:29:36,8b793d35-0c1d-4fcb-bd47-d2f69eada5c4,1655
7323,86.62,Refunded,2025-09-01 22:41:06,1b9da56b-ebde-4937-bd57-407ff401adc9,1148
7324,185.8,Pending,2025-11-16 01:01:01,a3ee49be-7d2d-453b-aeff-5f76a14ae758,1477
7325,87.19,Refunded,2025-08-25 14:54:38,2fdd1367-b08a-402c-94a4-594794a96f20,7347
7326,84.0,Paid,2025-10-21 09:35:24,ce93bb8d-ccfa-4d53-ab54-bb455b4c82b7,9635
7327,67.28,Pending,2025-06-03 05:19:46,692578ec-b8fc-4f42-95dd-fa0b893a85df,7926
7328,49.05,Paid,2025-03-18 16:45:56,0f7aa718-ce53-43ea-8db6-c93eb5398070,3062
7329,84.3,Refunded,2025-08-08 18:49:06,d4111bc4-54c5-483a-abbd-5d2bce2883f1,7101
7330,43.51,Pending,2025-03-02 18:43:48,f3d1b6c4-e8eb-4b5a-8961-ad9093833b4e,336
7331,118.7,Pending,2025-01-07 18:47:58,ab1ed3a9-5bd9-4a1f-94bb-c6d68e0f111e,9138
7332,100.32,Refunded,2025-09-14 13:04:56,1d7704b1-afb1-4456-9690-bcaa97bf8fb7,3051
7333,102.98,Paid,2025-02-08 20:35:25,9e5d9b95-131e-4bc3-8874-e96437c962b4,1214
7334,35.54,Paid,2025-09-27 10:56:14,99ca7b72-b2af-438e-acc3-3ca3e2526a9d,659
7335,205.02,Pending,2025-03-09 03:58:53,270776ab-f600-4f02-a505-aabc1a61823e,9709
7336,206.79,Paid,2025-09-07 16:31:11,f5556ba2-f0e0-4281-acb5-60c68676b596,55
7337,72.99,Refunded,2025-05-01 20:16:23,5b87802c-8dad-4d2b-8c42-0043a7f17352,3470
7338,62.08,Pending,2025-02-12 15:54:01,68504914-8b5b-4530-bf91-d1d923b545a4,9285
7339,154.39,Pending,2025-05-29 08:53:07,221e5719-0907-47ba-a3a5-9f923b5c766b,6690
7340,56.22,Refunded,2025-02-03 22:44:19,3b956706-f020-4f79-b48e-d16708bc0e5b,9433
7341,202.76,Pending,2025-10-28 13:20:34,03dd2675-8d8b-4305-980e-1aa1e3660579,3487
7342,209.26,Pending,2025-06-27 21:55:18,b381bb41-21bb-4622-aab2-52b77dc52116,3659
7343,119.76,Pending,2025-02-06 21:27:51,a5b363ec-0767-450c-a5c1-a045e88f655f,9561
7344,108.88,Pending,2025-06-09 13:59:26,0eb2e4b7-6537-48b1-90e4-74c7a4575ff4,675
7345,103.46,Paid,2025-10-21 02:09:05,79c857a3-6f96-4d47-a590-02b26f74f81e,2996
7346,197.75,Refunded,2025-07-21 04:03:10,84507584-d700-4d78-b8d1-70e8d5479fd7,8786
7347,29.32,Pending,2025-06-06 06:52:23,9511b1b5-956d-419c-b760-9bb3f939f155,581
7348,136.06,Refunded,2025-09-17 15:41:28,7a8a0298-d3bd-4b93-8fdf-f2bee5c1b37e,6898
7349,94.78,Refunded,2025-04-11 01:22:15,a1e6979f-6a9b-4307-babb-4c65f49576ab,5155
7350,64.31,Paid,2025-08-11 09:18:04,1141f79e-55f0-4aed-a8b5-9d46ce7a3a50,4385
7351,157.24,Pending,2025-10-16 18:30:48,6168b7bc-bee9-474a-a428-3f56dc8304bf,5449
7352,139.32,Pending,2025-02-13 22:38:18,330e6e9b-b96e-4b78-84b7-eebcb1b4a919,4697
7353,178.26,Paid,2025-10-07 21:17:38,933a1603-ceb8-43a4-9607-49f6465967a8,1899
7354,110.19,Paid,2025-03-21 19:05:01,0d315d70-7ba5-49ae-aadd-da28386a4033,5650
7355,126.18,Refunded,2025-04-02 05:10:52,8219ab2d-e458-445e-ba04-5f551f4cdb5c,5511
7356,50.84,Paid,2025-11-02 21:20:30,9a052e69-70cd-457a-8190-f573d68af5b8,2490
7357,184.43,Pending,2025-05-09 23:06:48,c5d647ae-6c0b-48dd-8c3e-d39dba75e90f,2939
7358,128.14,Pending,2025-03-01 23:17:13,929baf2b-8106-4e2c-b17e-72509f2460a4,2906
7359,38.74,Refunded,2025-05-23 17:19:56,5e726cda-2cad-4e75-bd52-aa13fbf04291,2978
7360,79.67,Paid,2025-02-16 06:21:23,1b8d18f9-387e-4b34-8d3d-af599cfd99f2,7051
7361,144.94,Paid,2025-10-19 19:01:41,6b710828-25f2-4142-874d-1b91f792a673,7692
7362,169.29,Pending,2025-08-22 13:42:56,f29e07f8-4671-4390-b8f5-9843ea64426b,6104
7363,170.16,Pending,2025-06-19 05:50:57,5f859d84-1bf4-442a-bc21-88d377e01019,3588
7364,50.32,Refunded,2025-07-22 18:12:39,5c63d809-e57f-429b-a6c7-13556e60cc43,4034
7365,25.21,Pending,2025-06-06 06:02:32,9447ac74-b261-4308-b8a3-979d284e3686,3850
7366,106.36,Pending,2025-10-15 18:53:20,98715fa7-0a5d-411c-af71-671f37e578c1,275
7367,119.34,Pending,2025-11-15 16:52:25,66f30b73-d157-41e0-a01d-a6103e34255b,6470
7368,139.32,Refunded,2025-06-09 10:21:29,fa060090-0ba9-4246-be06-a376233b908d,7737
7369,76.11,Refunded,2025-01-18 15:26:39,0d120290-dc47-42af-a36b-2e444e27336f,3098
7370,197.95,Paid,2025-03-10 21:22:02,8ec7f441-dfc7-458a-a20e-0aa2fd4c4a7e,6946
7371,40.95,Pending,2025-01-21 02:50:09,68eca4b8-bd05-4b15-be1a-fc2e75a87115,6463
7372,36.83,Refunded,2025-07-20 21:59:54,993b2ada-133f-46e1-b2a2-dfc84d08d9e7,2832
7373,73.22,Pending,2025-06-10 20:04:14,6911cd5f-0147-4524-b868-e8686f5f17c5,107
7374,138.12,Pending,2025-09-23 05:26:04,1d883ab3-82c3-4d12-ac0c-b61accf779e7,251
7375,65.79,Pending,2025-03-12 05:54:28,498f6324-fc44-4870-b798-1d7e18e8cede,6718
7376,103.39,Pending,2025-04-11 12:43:45,aa9aadf7-4021-4ffa-aa25-b7f29224e08a,5143
7377,48.91,Pending,2025-03-22 19:13:51,fd8d546a-fb0a-43dc-9f68-1f2bdb80a13e,9373
7378,64.34,Paid,2025-10-15 15:30:38,6e433d84-9dc9-4af0-9524-1423ab3a515e,7878
7379,119.66,Pending,2025-01-01 11:51:37,8c9ced4e-6755-4df1-a87f-a1bd6300978f,2626
7380,150.05,Refunded,2025-06-15 07:09:55,8622e55a-2986-47b0-be19-3825a2b6bc83,3926
7381,48.52,Refunded,2025-01-17 04:50:45,d83bb205-4d87-4f5a-8583-fc7c04a3e441,6205
7382,206.58,Pending,2025-08-28 13:47:12,a7eaa535-7e5d-4bbb-9bdd-73dcfa33c5f0,7659
7383,187.88,Refunded,2025-06-22 00:03:28,46c1a4c0-8380-4de0-ae54-fa2bb7611d52,8042
7384,26.77,Paid,2025-04-29 06:47:44,41e8e425-3521-42de-8745-59d5d28f0479,3482
7385,64.25,Paid,2025-03-05 18:56:45,dec7f067-866d-4b5e-bbde-8cbca9c4a749,4669
7386,137.58,Refunded,2025-08-13 19:09:32,396e31a2-6d3d-4006-8c03-0996d2a62b9c,996
7387,27.62,Refunded,2025-07-23 14:40:33,4825d926-52e4-4a48-b454-835fc5d5ff1c,6023
7388,47.93,Refunded,2025-04-23 18:09:18,8b38e0ac-91f0-4c25-9832-ee318a153829,7671
7389,56.38,Refunded,2025-07-28 10:33:08,2d43b078-b733-4a4c-a6ca-4a01982749f2,5906
7390,90.91,Paid,2025-01-29 11:44:01,e882bc00-507e-4608-a293-ba4c7df2d498,551
7391,69.78,Pending,2025-05-14 06:52:32,910b806f-5903-4499-a4af-127a7c5b861c,3534
7392,193.9,Refunded,2025-04-10 18:20:02,f38267dd-2c05-4077-9d10-8dc2171aadc9,6096
7393,154.21,Refunded,2025-03-08 10:01:16,c8ab748f-d855-48c3-b47e-7116773e9e9a,7742
7394,59.95,Refunded,2025-04-13 19:52:26,71342dbd-4c7b-4238-93b4-c99c8a29bf60,6814
7395,105.55,Pending,2025-05-24 17:26:26,e851ed82-79dc-487e-a343-74c474bff890,3248
7396,107.58,Pending,2025-02-09 03:06:22,cf0485a4-5d9b-44eb-90b1-7dbfb1984776,4362
7397,132.2,Pending,2025-01-05 06:01:06,940210ab-7c80-4fd7-8c5b-a74e091f46f8,1561
7398,198.14,Pending,2025-05-13 18:14:25,ad74ebe6-ec62-4852-893a-17124c131384,4231
7399,201.41,Pending,2025-07-11 09:08:48,818301b4-f050-4c60-9c82-747630370dcb,6151
7400,72.86,Refunded,2025-09-02 11:33:24,973318b5-18d0-4ff7-8024-e2c3fb46ac2d,1395
7401,182.23,Pending,2025-08-12 15:21:15,cf821e07-9334-4d65-adc7-f34d9872011b,817
7402,198.94,Refunded,2025-01-19 02:32:21,c21c10d8-295f-4bb4-9f23-3177cdea0ceb,8027
7403,194.39,Pending,2025-03-11 05:28:48,53e75911-a18e-4f0f-8df7-1e96f4af8011,2156
7404,201.49,Paid,2025-11-01 13:48:11,c9ffbf2e-ebd1-452b-b05d-ce1c4b77ff17,4590
7405,32.92,Paid,2025-05-18 17:38:01,7a5a2b68-7722-4c81-8590-ddf9f89b0a8a,1645
7406,123.77,Paid,2025-09-14 06:01:04,45fbc993-1806-4c3e-9c4c-6ba4cdd96803,3966
7407,56.28,Refunded,2025-03-12 10:44:58,edd35f31-2507-4118-8ae9-e7d744007dbe,4668
7408,114.74,Paid,2025-09-14 09:25:44,9647ac05-f465-49f8-b1d2-6faa4ad86700,1283
7409,175.56,Refunded,2025-07-17 14:29:19,0f7cb509-8c6a-4dee-b41a-a863061c5340,5727
7410,204.07,Refunded,2025-04-07 04:28:20,76f0039b-e200-45f9-939c-3f248259879b,556
7411,130.7,Pending,2025-11-20 05:07:14,2e2e183c-eed3-45ff-aa1d-7fd619f1124c,7027
7412,175.76,Pending,2025-08-09 17:11:36,9d11d551-f005-4ebf-97b6-7ac9d1577a2e,1692
7413,89.4,Pending,2025-06-02 13:23:45,2ee5b767-a799-418f-8e03-ca1712e18518,8602
7414,162.96,Pending,2025-11-23 20:21:17,5851d567-94ed-4f5d-a4f9-ce945eb5abd0,6077
7415,53.22,Pending,2025-07-05 17:54:11,35bc8cb8-9429-443a-aefc-566606368eca,6202
7416,72.81,Pending,2025-07-09 02:57:28,21aa3d9d-39b6-40a4-9d6e-0a8223753720,2403
7417,60.46,Refunded,2025-03-19 00:04:37,733b7ed7-fc46-483c-9763-b44e13597f74,9826
7418,158.0,Pending,2025-09-24 14:37:36,0160cb94-e1cd-47ab-a289-2630e865fc5b,2134
7419,154.42,Refunded,2025-02-12 03:42:06,a224ef90-f564-41b7-af1a-4e54aa2902db,1458
7420,99.77,Refunded,2025-03-04 10:28:21,a0673a08-78e9-45bd-9edc-d0424be6dc29,2957
7421,76.43,Refunded,2025-11-04 10:06:11,e9e49439-06bc-4564-b1b8-826e8b9870f4,3109
7422,31.48,Paid,2025-10-01 06:09:52,a1b5ee2c-7e9f-4cbe-981f-7be814ea6e55,9590
7423,158.46,Refunded,2025-04-20 06:01:51,ed24e6cd-863f-4ad3-9287-e8996c56839d,180
7424,130.36,Pending,2025-06-30 22:58:56,8578afc3-6ed9-4699-9150-43f86b38bdc3,2973
7425,175.15,Pending,2025-10-25 00:33:15,091c9f17-f298-4602-9594-1784ab451f35,6970
7426,108.44,Refunded,2025-08-05 22:09:37,558f40fd-3c35-419d-a666-d8c5135b7cd2,3537
7427,201.1,Paid,2025-07-11 12:56:51,520d7a30-317d-4549-9306-b67e708c1ae0,7652
7428,100.32,Refunded,2025-03-02 01:27:46,06eb0880-4800-429d-8ff5-a9406aa5770f,3291
7429,138.05,Paid,2025-09-02 22:40:34,44f87c91-6e55-4470-a7bd-5cb05922f2f1,1695
7430,86.48,Refunded,2025-10-12 01:50:42,7236a740-9402-4b22-bef2-5654cd459dcc,9556
7431,48.62,Refunded,2025-04-20 01:07:46,e972d979-7e48-4537-81bf-aa73be0b459a,8586
7432,86.84,Refunded,2025-01-10 22:50:15,3dd547e0-dabf-4f49-92c0-f83d9b670694,8723
7433,162.65,Pending,2025-06-22 03:55:23,f15ef213-8ae1-4a6f-889d-ca7d4f41afb9,3964
7434,40.87,Refunded,2025-01-27 10:53:12,93267e66-4c04-4ce3-ad72-ff0724b1d96e,8074
7435,152.92,Refunded,2025-04-23 20:33:31,0e8e1180-830a-45f9-98f6-1451c507b647,7986
7436,57.67,Pending,2025-11-03 04:45:35,374d2069-1656-4ec9-a3ed-7bf30ca301be,9261
7437,164.84,Paid,2025-10-07 17:29:21,521013bc-2f73-45f4-b763-f4b4e70ef8ca,1196
7438,36.64,Refunded,2025-10-17 22:40:51,a2a45d92-7dc3-4324-a120-a0c339d604db,9342
7439,73.04,Pending,2025-07-28 15:08:44,8d76b968-97d3-48c1-9381-5ed27f7ce090,8420
7440,47.7,Paid,2025-10-06 01:30:17,ef7bae25-4963-47ae-9ac4-679b237a6c2d,3877
7441,69.37,Paid,2025-03-28 12:04:02,8747a8f7-ee55-470b-a4a0-cecf18343439,8138
7442,154.97,Refunded,2025-08-14 09:35:50,8d870f19-b906-4726-b84d-ed7a0de18172,2944
7443,122.03,Paid,2025-02-07 20:22:12,de4e7d4b-5e3d-48b6-aa5d-cc76e36d07c9,6292
7444,26.09,Paid,2025-05-19 14:26:46,ee2d3b89-bf84-4732-9e73-5f6a1eb75f8e,6949
7445,50.57,Pending,2025-03-18 19:07:51,449c4675-440b-4768-b9f4-62784f239e11,124
7446,117.22,Paid,2025-07-10 17:37:22,55dbc1ab-9373-4356-a205-da10aec970af,9827
7447,196.73,Pending,2025-10-09 02:02:38,7766e79b-c8c3-498b-b614-ac39e5d77526,5214
7448,156.9,Refunded,2025-08-31 00:59:26,94a6c15a-f79c-4858-b254-39d64bba68cf,5986
7449,163.78,Refunded,2025-06-14 20:58:04,f01df79e-071f-4bd7-b64e-0f3999f3a217,6290
7450,147.32,Pending,2025-09-15 11:28:45,174afd2d-9588-4878-a334-8592edd334cf,3870
7451,130.93,Paid,2025-07-02 08:36:32,34a8f761-870a-472b-8dc1-12316493c1b0,9056
7452,144.9,Refunded,2025-01-27 16:18:58,32afa7eb-5e3f-48a0-a886-febec604d46b,9827
7453,62.46,Pending,2025-08-22 02:33:29,83d0bb45-8cc7-485c-a868-5c18d39c0adf,1877
7454,83.79,Paid,2025-05-17 06:19:07,e9b39b79-ca8d-4154-b544-2ea91a37fe85,7315
7455,79.64,Refunded,2025-03-25 13:24:07,a147d035-6f8b-4ee9-876a-0a0b3c2dc5e9,8678
7456,111.13,Refunded,2025-02-10 19:23:49,1547c99a-f716-4eed-8999-4e619a8a2a22,8775
7457,98.64,Refunded,2025-04-21 11:23:01,26a8a9d6-8da1-413a-8cde-21b7599b8cad,1066
7458,49.2,Paid,2025-02-10 09:05:34,0c9f8f93-a439-486d-8211-af39d618fc31,4027
7459,44.71,Refunded,2025-04-20 11:16:54,fc7381be-96d7-467e-b725-6cc973021cf8,4040
7460,77.86,Paid,2025-08-08 20:15:23,f5387d6c-0e42-4aa2-93cb-73181d109440,681
7461,209.96,Refunded,2025-09-15 07:59:15,b483332d-37e5-42b6-9929-830c01dd14d5,9849
7462,195.51,Refunded,2025-09-16 23:01:42,d1d85d71-b76b-4bbf-a528-e96ec3907e47,6028
7463,37.38,Refunded,2025-03-17 17:32:48,d469ffbb-83e1-4b39-a718-eb3300f7c33c,7969
7464,77.7,Paid,2025-10-28 15:07:33,bde28e22-9c95-4cb5-9389-0e40f36c9751,6764
7465,27.31,Pending,2025-07-23 03:03:21,64773bb3-c9ba-4278-b41c-46b23a701972,9799
7466,192.68,Paid,2025-07-12 08:07:26,7a75939f-5138-4f89-a084-fb844453cf3f,2464
7467,32.08,Pending,2025-07-04 01:16:35,d13ccb72-8483-4350-8dd0-eba0dcdc558f,6716
7468,104.56,Paid,2025-06-04 11:46:23,ab5a9587-41d4-41e1-9a58-9f715f88f9ee,2714
7469,148.96,Paid,2025-06-01 15:05:09,393b1ca9-5280-4195-910b-0651c68d241e,716
7470,179.96,Paid,2025-08-16 22:04:41,a3cd5c7d-5dec-4c45-b48d-f7d191879ad4,4971
7471,133.49,Paid,2025-04-26 21:52:33,e8ef00e3-b752-409f-92f7-2cf966d6ec05,697
7472,195.0,Refunded,2025-04-16 15:12:07,b72b98d1-e085-49a6-8a50-5a037e86417e,530
7473,90.91,Pending,2025-03-25 14:29:10,5e26450e-1039-459b-8a11-09e50ff54409,5993
7474,193.58,Pending,2025-04-06 02:50:15,34044d7a-1571-43e7-917d-8b1c5f3cf19b,2760
7475,97.25,Paid,2025-03-24 04:08:19,b7de94a7-1013-494b-a7fd-8624cb9ab1ed,1956
7476,108.17,Refunded,2025-10-02 03:04:13,1919b297-0751-473d-8437-fbaa77879143,5490
7477,200.4,Refunded,2025-01-12 05:06:35,8c8dd6df-1ea5-4387-acb2-9ee8b74e6e3a,2719
7478,169.17,Paid,2025-02-28 00:08:48,dc22e218-d0bd-41ef-a1f2-36c363794cb3,6467
7479,140.98,Pending,2025-01-12 10:06:50,4de2d364-452e-4c8c-9daf-54c854079471,4791
7480,188.69,Refunded,2025-03-08 00:46:48,3c30ec90-8cf5-4f19-ab07-35ea7290891d,6337
7481,68.14,Paid,2025-04-21 16:26:06,5fe20492-d169-441a-9719-9a0bc8b33ed2,9384
7482,67.88,Pending,2025-09-08 09:27:41,702c72c6-6008-41e6-b907-19070653bf40,868
7483,143.46,Pending,2025-01-05 17:46:43,d9a4f2ec-a270-4ce3-93bd-4f86a1e4bf59,3104
7484,70.43,Paid,2025-02-03 12:21:43,5f88687d-6aa1-4b1b-bf3d-9297cd6abe4b,9749
7485,90.07,Pending,2025-06-23 09:09:57,5dc7855d-e287-4be5-93a8-b58ce8b701b2,7281
7486,148.78,Paid,2025-01-15 23:09:37,06fe0e12-8083-4b38-b642-b64287708d57,4447
7487,138.91,Pending,2025-07-08 09:34:19,3d04dd3c-9ddc-41f8-981b-20faf8b41d73,9128
7488,200.06,Paid,2025-05-11 19:09:21,47932e96-fd83-4a5d-b7d2-27d142ceba5b,9264
7489,59.33,Refunded,2025-06-18 08:18:24,f55d8997-b196-4147-89b6-4a77dc702c37,3991
7490,42.64,Refunded,2025-03-20 13:09:32,a0f9b3ac-55d0-425d-aaf3-4f729881d3f2,677
7491,156.19,Pending,2025-03-28 20:40:22,1ff5f640-70e2-4e43-8afb-14fad4c08c9e,9447
7492,117.95,Paid,2025-07-13 14:28:55,89a67f41-dc01-49a6-8a60-485a4a059f8a,8864
7493,101.34,Pending,2025-03-13 17:21:18,57745ccd-f2ba-4903-ab64-8b39508558dd,9131
7494,115.6,Paid,2025-09-05 21:16:29,5048a849-fdb4-404a-9c47-d04a08dd8276,6521
7495,82.52,Pending,2025-07-02 23:49:15,2bf9def8-5f40-45a0-8e53-69238ebc8d0f,8991
7496,81.62,Refunded,2025-05-01 05:12:27,abc41205-944a-49da-9ce7-d0f4031fc872,8657
7497,74.28,Refunded,2025-04-09 13:50:18,fd485cd2-e9d2-4ae3-9c80-9dd0af0eaf60,4304
7498,155.81,Paid,2025-10-18 22:49:55,15ce2364-9388-4c3f-8916-1439f088ea1e,5017
7499,50.11,Paid,2025-06-15 14:57:25,50940811-3cbc-412c-b84a-e1ec90597c84,4435
7500,145.93,Pending,2025-08-02 06:35:47,43be432e-04f5-4e61-bb40-0dc116fd26cc,5683
7501,89.15,Pending,2025-11-08 13:38:36,91f39236-a03a-45f9-9fc4-0913fb9cbfc7,2277
7502,197.01,Pending,2025-11-17 00:13:27,3d187bff-02fe-4af6-b543-5bbfb53c782f,5120
7503,26.3,Pending,2025-05-15 12:33:44,442a2001-f70c-44bd-8fe1-77942ebd74f0,8156
7504,46.02,Paid,2025-06-26 16:26:30,2884b02f-b19e-4950-a191-a2a7db86eac2,1391
7505,186.62,Paid,2025-02-22 05:21:54,11312cdf-3182-4117-947c-35bfe4f60e30,511
7506,46.98,Paid,2025-09-15 08:26:28,9a142d58-5d9c-4807-b586-6b2edebd8d2e,5441
7507,37.23,Pending,2025-04-23 10:23:08,c736f151-cca0-48ff-9e01-b6c90d6b15bf,2348
7508,103.01,Refunded,2025-04-28 10:44:15,eddb3e7a-1f6c-462a-80f8-a6cbc808fab0,5774
7509,110.36,Paid,2025-08-15 12:51:15,b9103003-f92d-49f6-a9f8-187ac419ebcd,8393
7510,22.18,Refunded,2025-09-21 13:20:43,d768b626-ff3b-419d-a302-a5ecbd55412e,1264
7511,178.86,Paid,2025-05-02 04:51:27,bfc16f2b-ff31-4c08-b506-0b32c71ce231,4608
7512,134.5,Paid,2025-02-18 11:18:01,7431310f-a5fb-4e86-b0b5-670db71f92e6,8733
7513,124.79,Pending,2025-11-10 23:18:35,9dc6b29a-95f9-4a1f-9956-772ba285177c,1785
7514,112.31,Pending,2025-09-28 01:44:57,b9000f6c-b87f-434f-9aad-6b13be889716,5843
7515,143.04,Paid,2025-08-28 09:28:51,0663ed62-f6b4-49b3-9722-fa80372eb835,7596
7516,72.75,Paid,2025-04-21 05:27:17,4e3dc553-9c58-4a8d-b797-0c5367a9f7b7,3054
7517,201.3,Pending,2025-06-18 16:32:20,d235b8d7-4c89-4c50-86ad-126b6c660ac3,2114
7518,54.96,Paid,2025-05-31 12:44:24,629cc5f1-e901-41af-b5a5-0a3f9c5cda0f,4456
7519,139.3,Refunded,2025-04-23 10:59:59,df8c11ec-a4cc-4654-913a-ffdf3c2a3a78,6978
7520,90.31,Pending,2025-09-11 20:17:35,4cd4e931-2f1d-4716-a42f-76852cab9650,2004
7521,126.69,Pending,2025-03-19 09:39:59,5a49b787-7476-4d24-8187-b7e0ae27eb26,6860
7522,108.43,Refunded,2025-06-09 18:58:21,c88129c2-79b0-4bb5-95d1-3196aa450cfc,2094
7523,190.31,Refunded,2025-05-07 20:24:57,9c4b8b5c-d7da-4d9e-aac9-21ed6ca96e1d,4334
7524,163.86,Pending,2025-08-31 15:11:24,cff8efc2-66fb-4f97-a808-1091f4ef262e,2747
7525,35.61,Refunded,2025-02-09 22:56:49,d779fa94-0c76-4944-a613-c68cdfcc0e49,5922
7526,59.53,Refunded,2025-03-12 09:13:37,17bc2931-0689-44d7-9f20-4e93e8b1541e,7055
7527,64.6,Pending,2025-02-05 16:50:55,0e754ecb-517c-4808-9d6e-e1021e83de0b,8620
7528,173.43,Pending,2025-01-23 17:35:16,7df1500f-cc1f-4ca7-ba28-87fe99824476,3463
7529,165.75,Refunded,2025-11-14 08:36:52,1e842451-b3a0-4a00-85a2-4b1b7b0a10b1,5041
7530,90.99,Refunded,2025-03-23 15:10:48,33e4786e-e8f8-41d9-9124-d6b4ff9470f9,7671
7531,169.14,Refunded,2025-03-28 06:53:27,4dcd94b6-3e9e-4679-af88-af30079bc386,6536
7532,37.69,Pending,2025-03-19 12:01:29,5d679675-e083-4c1e-b024-4a9dec00ebc4,7439
7533,158.5,Refunded,2025-11-04 10:04:08,f78237df-2466-41a4-9128-4a740fd2bbb0,1356
7534,28.95,Pending,2025-10-02 14:18:08,8506c11a-9dac-434a-8746-105d5dafbf9b,9149
7535,136.13,Refunded,2025-03-26 18:32:01,932182fc-cc4b-4626-8026-735412b22d20,7873
7536,54.26,Refunded,2025-05-17 07:46:45,5fb97b2a-b4e7-4bf1-8fc7-a6e03ca555f9,355
7537,65.5,Paid,2025-07-10 19:03:52,2a3d428c-a829-4834-8020-286621edb313,9990
7538,194.2,Paid,2025-10-28 17:00:41,b34c22f8-0774-4e1d-8c75-d051e218b6c4,2552
7539,43.72,Paid,2025-04-08 22:09:36,536350b5-cece-4fed-ab16-d73415235758,72
7540,28.18,Paid,2025-03-31 22:45:43,8341509b-1d6c-4484-bf2c-3bd9ac8e2e4a,4962
7541,199.14,Refunded,2025-08-24 10:46:41,56e5fc24-0de3-4d35-87a1-3c9b46e15a0d,3760
7542,58.86,Paid,2025-04-09 18:01:58,d8df7dff-6c7d-46c0-9fa7-191a85ea4e2a,7136
7543,109.64,Refunded,2025-06-08 06:11:47,9a5ca217-3358-432b-8e18-6f5fdde9630f,7181
7544,185.69,Paid,2025-10-08 17:31:57,48f35107-4fd9-4bdc-9d2e-b830eb3a4822,9090
7545,41.37,Refunded,2025-07-25 21:27:16,e989a256-5064-4487-a967-44af789f1201,9001
7546,68.19,Pending,2025-07-26 10:44:03,66625d1a-0faa-4b4c-a281-c759705c50eb,4249
7547,145.06,Refunded,2025-07-15 10:50:00,b5b27e54-6b05-49f0-92c1-c118553c6ff2,8132
7548,190.05,Pending,2025-09-16 16:16:17,3a556abb-729f-47aa-bd28-6d7cc6f09d37,9537
7549,189.97,Refunded,2025-07-09 02:42:41,781b139e-f563-4986-8d5f-976b72d7c2e9,3320
7550,126.59,Refunded,2025-07-07 18:43:57,12751c17-208a-48ac-9897-465c5e89ff1c,4625
7551,144.59,Pending,2025-03-03 12:57:04,141a6eb8-110d-492c-8e98-86e090830c73,7584
7552,77.69,Paid,2025-09-16 17:13:48,796ceb08-6472-4358-b3ec-2e9133ac6fac,8209
7553,27.58,Pending,2025-08-15 16:16:41,8b4bfea0-81e4-4167-ac83-cf96f9f4eccd,2549
7554,184.01,Pending,2025-05-06 13:53:16,656e8686-3e84-4495-8856-62ae70da8f54,4112
7555,27.7,Pending,2025-06-10 20:25:45,9da2f492-bdf8-4d19-854f-4304549cae90,7265
7556,94.34,Paid,2025-10-14 23:57:23,6a46b383-2d04-49a7-b581-4acaa06cf532,5160
7557,190.72,Paid,2025-06-25 17:43:07,4261c0b8-74fe-4ffe-a2f7-87aa439e5260,203
7558,28.29,Paid,2025-08-17 08:44:28,7860b57c-cd38-4aa0-bc41-d07a6d6ade1f,727
7559,169.52,Paid,2025-04-13 19:43:12,8dbfc229-3f2a-45a8-88ce-23930e02971a,6749
7560,180.08,Paid,2025-01-30 04:14:42,5d18f42a-b228-41c3-afce-7813da2643bf,1905
7561,203.31,Refunded,2025-01-01 08:38:12,355f49d5-ea8e-41cb-82fd-9476f3cb6390,6018
7562,81.09,Paid,2025-07-19 15:11:31,2e1ec472-a6f8-48f0-b8b2-9040ef568874,3390
7563,61.38,Refunded,2025-06-20 20:15:02,4dcb78d9-de63-4a5f-896a-9a3b02cb7b1d,4237
7564,94.63,Refunded,2025-11-08 19:31:21,64e5cee1-956a-40ff-9171-e653c33c63a9,3070
7565,206.13,Paid,2025-11-19 08:36:02,6be7ce11-3adb-4b51-a239-1c042d3533ae,3734
7566,70.82,Pending,2025-06-19 23:04:19,1a3014b0-2020-4f02-9e13-b168546f647f,4076
7567,21.55,Pending,2025-06-06 03:48:16,182693e6-3e4f-467c-b5b3-2772226bf365,5381
7568,164.37,Paid,2025-04-08 15:25:54,000fe67b-34c9-4a41-bf08-1eb037b98717,1831
7569,197.3,Pending,2025-01-21 03:55:29,46850ee2-db52-447d-8973-8afbc7de4764,6848
7570,170.22,Pending,2025-09-20 17:24:50,7fc0f42e-7a00-4c6b-a93a-6b63401f1139,3872
7571,129.33,Pending,2025-04-15 05:39:26,4bcf454b-fee9-4d26-a11d-adad2a5f996c,7863
7572,101.82,Refunded,2025-05-15 04:16:32,8bce47d3-a15a-409d-83b7-8dbffc1935df,2280
7573,20.38,Paid,2025-01-16 11:59:05,d5b99dc7-8b94-4573-b317-5182e5cab783,3912
7574,35.12,Refunded,2025-11-12 23:05:48,84f4cae2-3c13-4401-a9b3-98ae4ab9f104,7210
7575,163.55,Refunded,2025-07-28 10:36:30,f8232af7-0188-4d86-a1f3-86f4124e89d8,4291
7576,36.17,Refunded,2025-02-01 15:53:42,7d48a01a-c6be-4692-8f33-5f11a2592f39,1323
7577,199.97,Paid,2025-10-27 03:28:20,52949dc1-c885-40e6-a975-36229d1391a6,1718
7578,201.84,Refunded,2025-08-07 19:58:30,2745b17a-7a67-44de-8b96-da528ec44ab1,5163
7579,144.7,Paid,2025-01-05 04:36:24,c31f816e-bab9-4f4d-be87-56c711a83b45,3196
7580,28.07,Refunded,2025-10-26 06:05:30,ac99b2d6-e0d8-4f73-9f33-b38888e218ec,1637
7581,63.09,Pending,2025-02-06 13:30:36,88dc84e4-e2e7-45e2-b238-aff84480bb9c,2671
7582,196.89,Refunded,2025-01-09 07:25:48,9c56090a-f8ec-45e0-bfb1-bae484e22c29,513
7583,198.88,Paid,2025-09-26 14:11:41,3a463987-95c6-480e-92eb-023c2d7dde19,135
7584,97.28,Refunded,2025-11-21 05:04:32,3fc6a423-f4d0-4945-bcb7-1d32f233f62f,5607
7585,158.64,Pending,2025-04-04 18:28:35,297c90f7-e453-4558-a590-17251832eab3,5529
7586,166.72,Paid,2025-08-17 03:04:23,4e6a55d6-9a71-4087-9c34-98a5089d4ae2,6608
7587,183.4,Paid,2025-09-02 12:03:21,9665c427-6f0f-4fd1-ab04-97a00f8332e1,6098
7588,31.18,Pending,2025-08-09 10:51:28,ea6adb84-e0c8-47c7-bcb9-5149fc3f0149,8872
7589,190.97,Paid,2025-10-14 11:21:10,01e2e644-833c-4f59-a2e1-03c37d35a0f7,723
7590,24.26,Paid,2025-03-03 23:10:40,a124b68a-3aac-42a9-9cc1-7808d1ae7a1f,8171
7591,182.09,Paid,2025-05-13 08:49:03,371ac784-c9ba-48af-87d6-35972b980605,2359
7592,37.82,Refunded,2025-04-25 11:36:43,7354587b-a3a5-49e5-be78-124b82e3c6c2,4606
7593,195.14,Refunded,2025-04-07 08:12:11,2f98ca33-b430-4f72-b639-c8470c1a7f1b,2852
7594,137.3,Paid,2025-11-09 02:18:13,ec8a04cb-e8aa-4c5a-94a3-2bafd2613fe5,2225
7595,162.09,Paid,2025-04-02 19:05:41,e6d1d71a-aeb1-4638-8582-6ed6e6728459,6439
7596,131.42,Pending,2025-04-24 11:45:58,c9db7898-81c6-412e-8405-a9d3cf35c813,8250
7597,97.64,Paid,2025-05-19 07:47:02,88986935-265a-4b35-9881-76e5c5c2dd6e,4624
7598,27.15,Pending,2025-08-08 17:17:22,7521c3fb-3dd2-42a5-bab0-d54e92de8a24,2460
7599,121.32,Pending,2025-02-03 21:33:14,84370372-e26b-4f3b-9d9b-3786cb972ac5,5307
7600,85.78,Paid,2025-04-19 15:07:36,a02f176d-33a1-4086-9858-26155872d1aa,1076
7601,149.11,Refunded,2025-07-21 08:22:13,bd29292a-63fd-4653-af2d-e94d1c0c3a7e,4293
7602,199.76,Pending,2025-05-30 21:53:28,80ce30a8-ab47-4184-b3cb-121f753b0719,3017
7603,205.08,Pending,2025-04-30 15:39:45,1f4d64dd-3043-4637-a468-8cc694199cf5,6684
7604,191.09,Pending,2025-09-23 15:19:46,09074c90-339a-42c0-b6c1-43a2256cb64e,3121
7605,34.69,Paid,2025-08-23 22:52:34,d8c38533-e032-491a-ab36-fd067fa67f74,2560
7606,117.0,Pending,2025-04-10 17:48:45,9935e4fe-435b-4294-839e-31cd6e422428,1174
7607,92.44,Paid,2025-03-28 17:08:00,46392ca0-bd75-472c-8dbf-be51ce11b889,5697
7608,98.73,Pending,2025-01-15 23:51:47,fefaac49-9dcc-47ed-b3a5-a070d5442af2,8634
7609,129.01,Pending,2025-10-09 03:22:58,f58551b4-ffca-458f-9801-83bd9925c164,6271
7610,83.81,Refunded,2025-03-04 02:04:13,bac58c91-af78-490c-a08b-b8be67b47a1e,6304
7611,114.06,Pending,2025-01-06 05:54:01,0abdcc60-2a06-464a-8e05-e3ffb2c52c16,2805
7612,171.23,Pending,2025-01-17 09:19:13,054c947f-3121-4ff9-b6bd-40dde66188b5,2349
7613,49.55,Refunded,2025-06-28 20:36:29,46779583-502a-4674-b8ee-eb6168b533d5,7443
7614,77.71,Paid,2025-06-18 04:05:40,21d04521-70dc-4cd3-b1de-7d411249d36c,3387
7615,109.47,Refunded,2025-10-11 14:59:07,472c67e0-1787-44ce-b745-efc5a3e1fe84,4177
7616,26.0,Paid,2025-11-22 23:10:24,a266eb2f-6825-4886-a597-6e0a9b1ea5c6,9368
7617,124.85,Refunded,2025-06-04 08:51:37,9cde058a-f9bf-4467-baab-a8c998b7f1ca,3475
7618,131.97,Pending,2025-05-27 01:16:18,d5a2afcf-fe54-4e01-9efb-7ed5a3fb3f67,7983
7619,29.34,Paid,2025-02-18 10:25:56,14250fc8-6cf9-40c4-9348-7db412cad839,4145
7620,182.4,Refunded,2025-06-28 03:04:56,090cde8e-2d3d-4b31-a76b-3367e572b0bd,9125
7621,34.42,Paid,2025-01-21 21:57:27,a9626fdf-f120-40e4-b0af-5395b5da14a4,1729
7622,80.85,Pending,2025-10-29 09:17:54,5f8ead23-fa42-4483-a681-7b77596438fb,9790
7623,116.4,Paid,2025-05-19 10:15:07,820a9769-5322-46e2-8807-43a6dcd0e963,3409
7624,135.64,Pending,2025-07-12 21:56:19,644f4442-2d43-4e1c-90f7-69bb90a6d513,3832
7625,29.86,Refunded,2025-04-24 22:20:30,3acc3372-64c4-4faf-8159-3c9711f289cf,7241
7626,181.06,Pending,2025-07-01 00:35:16,cf240f8a-5865-410e-af48-56b6fdeae4f1,5516
7627,58.35,Refunded,2025-02-17 05:13:54,c11d78f0-1904-46c5-8035-f5e28b53c005,7770
7628,175.37,Refunded,2025-11-03 18:01:51,0eaf8103-264e-4f31-964e-7323a67f4043,7207
7629,207.48,Refunded,2025-04-12 10:02:20,10bc86ba-ed9b-439d-ab49-798b7abdd190,179
7630,98.83,Pending,2025-04-27 18:00:08,342663ea-f2f8-4eff-82d1-8066ac1b1056,8083
7631,21.51,Paid,2025-11-10 05:15:44,358a3a04-a6cb-41a1-a406-0b56a6ba5763,239
7632,209.48,Pending,2025-01-19 19:07:36,662c4576-9069-44e0-9dde-4d29dd71938b,8811
7633,85.59,Refunded,2025-08-01 10:24:22,d717f8f4-b2a0-4c55-bc55-677f323e0f2d,7432
7634,71.39,Paid,2025-07-31 09:59:02,9abea11e-7998-47d9-adc5-25ca0c28fc44,1567
7635,155.52,Pending,2025-06-16 13:29:49,ad01031f-c493-42f0-b53b-052743a6f657,2891
7636,187.74,Pending,2025-01-30 04:35:45,1197f2f9-5a3c-4d95-86aa-c7299bc4e9c9,584
7637,107.7,Pending,2025-10-26 04:45:29,48ae653b-909f-4122-bc14-d5f7167ab5ed,129
7638,139.37,Paid,2025-10-10 16:51:21,476a9693-95e9-4a4e-b061-2415911fb447,7203
7639,31.54,Pending,2025-10-13 09:05:17,b5ec909c-a648-4f9c-937f-3413c8f55ed7,4180
7640,87.24,Pending,2025-08-15 21:35:30,41e6bb13-cb81-497d-96db-98d64f7481b8,337
7641,161.18,Pending,2025-08-03 15:30:19,431c57c3-e628-4cca-a4c9-3e23d36d4119,5144
7642,61.07,Paid,2025-07-22 08:50:25,fd0bb553-08ac-407d-967e-d72e64307275,394
7643,103.29,Paid,2025-03-26 05:47:21,cbfc27da-ecfc-4e9b-9d09-b30a9d05f04f,8965
7644,141.58,Pending,2025-01-02 08:50:40,8bf9db43-72ce-4aa6-b930-d74038e9f6fb,5795
7645,49.98,Refunded,2025-01-24 22:38:28,421f601d-5ad6-4758-a2a1-70ca80361dbf,9933
7646,63.39,Paid,2025-02-10 22:10:48,4fcfe26d-194e-4bb1-8e2c-0636ea8906d2,9568
7647,166.9,Refunded,2025-09-21 12:42:32,0d7ff326-7e16-4c7a-9fe8-3463aae26370,7213
7648,139.48,Pending,2025-09-19 17:39:19,1644b69a-b54b-49b5-9a99-d465def75ab0,4678
7649,124.53,Refunded,2025-06-12 10:32:27,92a843b0-6e98-435c-a8b8-d939c217f97e,8112
7650,53.04,Paid,2025-07-14 06:16:19,99a7ac01-af77-4ea9-be34-dd3f87778846,2835
7651,203.52,Paid,2025-01-20 20:34:32,d6e5c5c2-5d4c-434d-9716-b21277af5a17,3340
7652,124.38,Paid,2025-03-26 21:14:46,50f27075-bc6c-40c7-96d3-112600d5cb47,3026
7653,178.61,Pending,2025-02-22 12:52:00,a6b9cac4-65cf-4884-bc20-8a36be84f6c3,5114
7654,206.25,Pending,2025-05-29 22:56:52,cc677ef2-4684-4bf9-a4ed-41229b95bea6,4392
7655,183.39,Refunded,2025-11-24 03:19:48,bb2fd12c-721f-4c49-a89d-0aaf64f568e7,6962
7656,186.85,Pending,2025-01-04 14:29:52,679afb0c-1e39-41e3-b094-c18e10a20389,9009
7657,160.81,Paid,2025-09-29 09:01:43,8e82da4b-08ad-47e1-b8d5-5b29a42d4735,9484
7658,204.56,Refunded,2025-07-02 04:12:14,a121e7f5-ce3d-4003-b28a-c955c930392d,1484
7659,180.6,Paid,2025-07-17 19:04:44,d5c1e27e-00ec-4167-812e-28c37ed63b60,5646
7660,87.63,Refunded,2025-01-20 12:04:39,69ed3736-4a1d-4b7e-8507-0d81de945355,7466
7661,53.48,Pending,2025-07-12 07:42:59,4efca747-7843-4096-8ed3-3d355b13c591,3834
7662,34.9,Refunded,2025-07-30 06:18:57,fff2e66e-b79e-4bf0-9c83-6d36cdbb37b3,3490
7663,45.47,Paid,2025-11-18 14:49:06,4a00de00-0a8a-4fe7-bb90-d2c2168ce304,6896
7664,135.6,Refunded,2025-05-20 20:32:31,4a544196-6fc0-4472-bdd3-17ff3b555df1,8989
7665,57.41,Paid,2025-11-01 03:30:07,070d218b-8be3-41e6-b2bc-09cbc15121ed,4184
7666,136.11,Pending,2025-08-04 04:15:11,9447e124-27d4-4dd1-8ccc-d19f3256d625,3921
7667,86.48,Paid,2025-02-27 21:15:55,7667c6ea-81ee-4b7b-95ca-b4093e950ef3,6142
7668,40.4,Refunded,2025-03-25 16:40:30,b23e6592-fb94-495a-8b51-4dd86b4fc8a4,671
7669,88.73,Refunded,2025-10-12 15:09:18,cfc42567-2526-4ed4-9207-f66749ab21e5,9244
7670,90.25,Refunded,2025-07-19 19:46:27,0d100715-9ce1-456c-894f-3c32327fd392,7473
7671,133.49,Refunded,2025-05-19 12:20:50,a5ff3997-26e9-4e49-8f18-dd0a00cc420b,5426
7672,159.49,Paid,2025-08-02 08:18:43,d175b89c-03f4-4a7d-836f-a2973277f06b,2662
7673,41.6,Refunded,2025-01-16 08:39:46,9ce75715-bdab-47d7-8b5a-6b1d554b9f35,5452
7674,150.15,Paid,2025-11-09 01:06:24,ad165f08-7302-4352-a099-71209009db2a,734
7675,76.35,Paid,2025-03-07 22:58:43,b7076254-e5a1-4590-8898-c5235f0f9246,3956
7676,108.97,Paid,2025-05-08 05:57:43,5168e51d-f15e-4ab1-9055-8dd6c920cd76,2385
7677,24.14,Pending,2025-10-24 23:46:25,80471949-2fbb-4c11-9a63-7e71d3a06e52,7766
7678,79.36,Pending,2025-08-14 16:17:07,0ee43b3d-a58c-433e-bb3f-85eb3da34d58,2081
7679,190.31,Paid,2025-08-02 11:05:54,a5c68dc5-44de-41b8-a8d9-02661577b41a,3372
7680,151.92,Paid,2025-09-23 07:19:39,c0f7c8aa-7dd8-481a-88f2-2e3dfea547ea,27
7681,169.76,Pending,2025-02-17 06:04:05,9147442c-42a0-429c-8bb6-4150e0e6fe50,1911
7682,203.48,Refunded,2025-04-08 10:14:29,210f1c75-3555-46b8-99e4-6777985034d5,2998
7683,122.2,Paid,2025-05-27 18:25:31,dc7c3bc1-1dde-456e-9d1a-b1780bf281e5,4669
7684,43.92,Pending,2025-08-03 14:08:48,8c3748a0-d54e-4efd-85d2-9b29956b4a2a,9193
7685,192.55,Refunded,2025-08-01 01:03:33,dbef0673-1e47-4329-bb4f-17f5191bec68,9392
7686,34.3,Pending,2025-02-25 19:11:58,caa3bfc1-2547-4f1b-b06d-5c712c1650fc,5032
7687,130.78,Refunded,2025-04-11 20:33:07,4a7582ff-38e3-4a4f-91e0-57c27992a377,3196
7688,105.6,Paid,2025-03-13 07:18:47,8d0ee16f-0675-44e4-8f01-d76bf43cde62,7859
7689,163.78,Refunded,2025-07-14 03:24:34,3bacda95-a425-4bab-9e9b-c7935d7b89b0,7087
7690,89.06,Pending,2025-08-14 11:31:15,accdb24e-4cee-4b99-917f-a4eb53e91953,5218
7691,21.34,Refunded,2025-10-03 11:35:06,2c5fb7d4-9c9c-44ca-a647-66c51e8e65ea,5974
7692,115.83,Paid,2025-03-25 13:37:55,ece178bf-462c-472d-ab3e-24277dc4101d,3275
7693,79.47,Pending,2025-08-07 19:24:23,01d047ed-11d3-4c5b-bd2f-dca57dfb37ea,7029
7694,114.06,Paid,2025-08-17 07:39:47,983eba57-7a74-4f91-9f4b-a4660c44b3c9,2769
7695,156.77,Refunded,2025-05-24 16:19:21,e861de29-ae84-40b4-8b31-69983b95adc7,2674
7696,74.89,Paid,2025-05-23 20:17:53,5f989f85-e524-4a29-a621-d0f73bb6830d,2469
7697,34.62,Refunded,2025-07-31 07:12:00,eb411483-1f65-4970-8f3d-b4ca287b65f2,2429
7698,29.1,Refunded,2025-11-25 13:31:05,bb72ac7f-15ee-4dc1-84e7-f7ccc2fe44ea,8187
7699,41.17,Refunded,2025-01-13 13:22:58,acf7df66-61fa-415c-b77e-c0d77cd4f40b,1804
7700,20.96,Pending,2025-06-05 16:48:49,413e96b6-4f98-4e7c-8da5-34b220e74ee4,2948
7701,75.51,Paid,2025-03-29 22:37:29,40f08f14-f9e5-4047-9b7c-95c20a7aaa35,7125
7702,158.36,Refunded,2025-09-03 11:28:02,ba2fca23-41fb-49b2-b367-7fe6dfbf1fee,9627
7703,70.75,Pending,2025-08-29 14:51:33,49cca202-9bde-4cfb-b5ae-ae3fb75aa09a,9455
7704,93.89,Paid,2025-10-17 04:44:46,0bb6c522-ca8b-4ca1-9bc4-1c6b95006957,4585
7705,84.8,Refunded,2025-10-06 13:05:27,9c3f0ff1-62ca-4fb5-9f47-cc5cc57a807a,4740
7706,209.2,Refunded,2025-11-08 12:07:03,4f240af8-e759-44a0-b7e2-97f3e760fca4,9053
7707,111.28,Refunded,2025-01-29 12:00:26,7bcc1d18-878c-4890-a0e2-8c044d28736c,949
7708,171.3,Refunded,2025-08-20 16:35:36,c136b5e0-0b80-44de-ba46-cebc53570684,963
7709,20.34,Refunded,2025-04-24 06:47:42,c9630947-eed9-4004-8def-ff7af7ff6402,9982
7710,44.05,Paid,2025-08-13 16:16:44,f46e0ddc-c2c1-43a5-9c1a-a20c50e3e11a,4077
7711,113.17,Paid,2025-04-06 17:05:16,9316e65b-ac5e-4c9b-9898-1d60a085d06b,9508
7712,42.37,Pending,2025-06-04 00:13:57,2887503f-1b97-43a6-805e-209ce235770a,4644
7713,64.41,Pending,2025-09-27 13:39:51,20408a19-078c-4bc3-8c2c-40e21231bcdc,8974
7714,129.1,Refunded,2025-07-10 20:14:36,b9129df6-d9bc-45ba-974e-080b05454ef9,205
7715,107.58,Refunded,2025-08-03 19:28:25,e536ec33-9512-4fb3-ba5b-46c5a6a0004e,1745
7716,160.39,Refunded,2025-08-23 13:14:46,db1e2ffe-0190-4346-81cf-fddb9faac684,4837
7717,39.65,Paid,2025-06-19 19:14:54,8cb94160-eb43-437e-9fa8-cd8341b23a4f,5513
7718,87.51,Refunded,2025-09-29 01:16:17,f8bb844e-7fb5-4b19-91d2-bdebe74c2397,7394
7719,167.34,Paid,2025-09-02 13:48:21,78da4627-2c23-46aa-9879-40fb8f182925,2720
7720,148.91,Paid,2025-11-23 13:57:59,cb46023d-efb8-4d18-883d-0343c74b0813,264
7721,122.47,Refunded,2025-08-02 08:14:01,e67fd861-8b8e-49fa-b44c-f6aa81228e6f,1524
7722,139.53,Paid,2025-01-02 00:12:56,37c4b5a0-ef37-42cd-8881-05f5480736d3,4173
7723,103.09,Paid,2025-08-14 16:47:43,a55bb841-f0a1-4fe0-aeaf-5ec63ba2a85a,6858
7724,126.4,Paid,2025-06-15 09:11:40,f5e01caa-358a-4637-8cbb-ee0077f76a9c,221
7725,171.97,Pending,2025-05-29 12:23:21,8a77f795-fd5b-4540-af87-a0ed204e635e,698
7726,145.67,Pending,2025-04-20 06:02:42,525dc9ef-8356-4b23-8ac1-a93056ec8263,7634
7727,80.62,Refunded,2025-01-04 02:00:09,1eed2164-d7fb-4d6b-823c-7e0fa9456b4a,3923
7728,124.09,Pending,2025-04-07 04:40:35,787462f5-1b8e-4a5c-bfdd-c487e2a35586,9939
7729,65.68,Pending,2025-04-19 05:10:48,e6e286ae-9663-4ebf-a899-f56c303c2753,5787
7730,66.74,Pending,2025-06-03 09:31:32,7be4bb97-b3e1-478b-a22e-e7bfee741607,3638
7731,80.75,Paid,2025-07-22 14:17:15,5d026a9d-d877-4eb0-b3d6-2d50054fb019,9778
7732,86.15,Paid,2025-04-22 09:32:19,5691f8f8-4c74-47b2-a4ca-f58084a6e1aa,598
7733,127.35,Paid,2025-05-19 11:07:07,b5b01a76-a541-430e-a41d-513ad3637ce9,6887
7734,165.3,Pending,2025-09-20 20:04:38,5ca4182b-c946-47b8-9c84-79339ca03847,5431
7735,189.64,Pending,2025-03-18 03:34:33,4c0d8cb7-7f96-454d-a737-c03abdc95c49,220
7736,122.95,Refunded,2025-06-05 04:07:17,a0a6f8b9-7841-491e-8ede-9acb2877d269,3505
7737,194.69,Paid,2025-07-22 20:41:22,370a7be9-4e3d-4bf8-810c-a8fc5dd1e8c1,6803
7738,142.18,Pending,2025-04-16 10:12:30,7d8c81dd-1936-450e-8029-78514291c35d,8217
7739,93.64,Refunded,2025-07-01 01:41:28,9a621202-2dec-4e90-a08b-1efd98194c6e,5256
7740,107.42,Paid,2025-09-09 21:16:05,86b4f75e-f33f-44c5-91a9-433e8cd6af79,465
7741,159.52,Pending,2025-08-16 15:24:12,64b10428-6f9f-4b2d-ab82-990c807f8ea8,3975
7742,118.5,Refunded,2025-01-12 06:07:48,f3aea2cc-1698-489a-8be1-f70d8e564170,2537
7743,46.53,Pending,2025-06-18 15:14:32,ed103db8-19ff-4a21-aa8f-32783acfeb3a,924
7744,193.76,Paid,2025-04-06 12:17:54,763b94b0-380a-45be-9cae-2e70f56400e3,1094
7745,62.97,Refunded,2025-01-26 07:57:15,955159ca-9810-40ea-89df-616eb25787a0,2501
7746,206.66,Pending,2025-07-20 12:33:11,c8e2efcc-c96d-41d8-b11a-d73bd318da77,4789
7747,70.65,Pending,2025-03-02 21:26:46,3a042afa-c647-4bcd-8615-46bf83e3bd8c,646
7748,178.55,Refunded,2025-09-12 17:12:08,8729b695-a65e-4cb8-97d7-20cde214cf2b,5999
7749,67.6,Pending,2025-07-14 12:19:04,13984edc-5eba-41b8-bbbf-e8425bdd4177,8612
7750,113.66,Refunded,2025-07-15 19:49:58,2248960a-39b9-4e58-97b4-783f86618dfb,3308
7751,198.84,Refunded,2025-03-22 02:51:16,27b9e633-9838-4cdb-a603-62b1578d2b20,5862
7752,186.85,Paid,2025-06-08 05:48:57,0f57cadd-b5eb-4348-9beb-4a878be55e8f,636
7753,30.61,Pending,2025-05-19 01:23:10,7610476d-98a4-4554-9783-0c3fb12247e4,8586
7754,111.16,Pending,2025-05-29 20:25:12,90d5b633-7fa8-4d78-a972-56998cf75f73,9665
7755,58.15,Refunded,2025-06-02 16:32:11,ca05d096-5ce6-4726-87a1-9e2d6e924aa7,9105
7756,85.22,Paid,2025-08-01 12:22:51,c93a5a81-82e6-4906-91f2-923bd480cb4a,9383
7757,147.85,Pending,2025-06-18 22:01:24,cd5f083f-7b94-4a4a-991b-7333c7cdd87b,5359
7758,199.63,Refunded,2025-05-09 10:21:53,b96b7834-c6c0-40f1-80d2-5206e6d3eeff,9559
7759,98.14,Refunded,2025-07-07 17:14:28,47afc361-e94f-4d14-b98a-83135c3de5f8,7839
7760,81.56,Refunded,2025-08-07 22:30:18,3d0f2253-4b04-41f0-bc18-a759481fba99,809
7761,132.79,Refunded,2025-06-25 13:42:18,30551b64-53d4-4d37-927e-e86191c8adae,4576
7762,87.62,Paid,2025-11-25 00:54:48,73a744e4-f90a-4c85-94cb-509a2363764d,5666
7763,82.18,Refunded,2025-10-18 01:59:47,1475cfea-f2ee-4cfb-ae3d-2fd17bc8fd91,2620
7764,136.95,Pending,2025-04-02 16:34:55,cbd6bebf-6ee2-4970-9743-c9217c4d9399,6073
7765,134.95,Refunded,2025-02-06 01:32:00,cbb28404-f24b-45a3-86e0-c6814a5440c8,3993
7766,195.85,Refunded,2025-04-03 22:19:33,48992e88-ffa2-4f10-b26c-6917f98756da,7924
7767,31.86,Paid,2025-01-03 13:49:42,3d913d4b-459a-4d30-a072-2a00e7d65623,5571
7768,38.47,Refunded,2025-09-25 06:37:12,60360de0-6fc5-4861-9bf7-4a7e3f4a8f8d,1210
7769,29.64,Pending,2025-05-15 23:07:15,9788f90e-449b-4b8b-9c21-5ecaf323f075,6792
7770,30.34,Paid,2025-07-06 20:49:41,a3dbfb8b-684a-4cc8-ba4e-10bf1169d4cf,1723
7771,192.16,Refunded,2025-09-30 02:35:44,c8856e52-e584-40ea-ae75-cfb350cf8180,6620
7772,100.73,Paid,2025-09-16 01:44:52,76efc253-4d26-4363-8436-58321f06ce48,3625
7773,90.95,Refunded,2025-08-11 15:27:50,bbaaaa11-80c8-436d-9060-d1c96bc0d560,3638
7774,105.14,Pending,2025-01-03 03:19:54,45e92492-3068-482a-bb45-60bff7c82745,8142
7775,84.87,Refunded,2025-07-14 04:41:16,478444ce-646c-48e3-b854-779ac9c0b135,3685
7776,129.66,Paid,2025-09-16 00:54:02,d1c7805c-9387-4a12-9b1c-b77700fa5acc,437
7777,158.44,Refunded,2025-09-08 11:07:25,adf90470-34ca-4532-a860-bcd4c63c6de5,9946
7778,69.95,Paid,2025-10-01 02:07:39,0580ae0e-d439-4d4d-a3a9-a25542664855,4691
7779,145.38,Refunded,2025-05-23 06:07:00,e92f9c6b-1651-4320-a3aa-07a8172e7739,5289
7780,155.14,Pending,2025-08-04 23:12:28,b89bcb4d-df71-40e6-a28d-f336683b033e,4725
7781,42.29,Paid,2025-08-14 10:02:31,258698b5-7ff8-4d4f-a4ab-e430bf17c223,2499
7782,42.69,Pending,2025-08-16 05:37:44,e2463cfc-9006-4089-a1f3-adf9443bfce4,2443
7783,189.61,Paid,2025-09-25 20:08:30,e31ecf8e-8691-4365-a8b1-bd449ff63d98,2457
7784,71.43,Paid,2025-02-13 05:16:02,ecfce4e7-75ab-4c7e-aa08-c12cd02565b6,3918
7785,79.33,Paid,2025-07-06 13:06:19,e9e0f0d5-344a-41ad-ac0d-34331cfc49f3,990
7786,126.56,Paid,2025-02-17 12:25:26,cf62a76b-5809-4755-ba78-649e9b03c17b,9890
7787,95.17,Paid,2025-11-23 07:03:13,12d3ba34-88a8-4ff5-9e13-84054636c45a,3657
7788,96.54,Paid,2025-11-22 08:50:53,24d35def-4a7d-4b58-8afa-710c1185f5dc,3734
7789,177.53,Refunded,2025-08-18 10:57:56,33d0b9de-9301-43ad-91fb-40ad645a25b5,6161
7790,90.94,Paid,2025-02-26 14:22:15,2d3e9b70-dc7b-487b-8c65-978045987284,390
7791,31.96,Pending,2025-11-24 00:04:48,ed09e755-8889-4139-8ee9-95c17fbfa494,9947
7792,56.97,Refunded,2025-06-20 01:01:36,5af11947-8727-4a6c-8693-23b1eacf402a,4946
7793,117.94,Refunded,2025-06-29 12:49:01,355327bf-e079-4c38-9b66-31f225f90621,3809
7794,186.38,Paid,2025-03-24 10:04:14,48d4a8e1-e3b6-4b2f-ba0a-6eb44ae00c1c,5944
7795,106.11,Paid,2025-09-08 20:07:45,26051708-3871-43cb-b8ba-1562c1ccb41a,3028
7796,43.2,Refunded,2025-03-03 10:00:36,611fbbba-7041-4150-9bda-9812a6a5dd53,5527
7797,55.36,Refunded,2025-06-29 09:25:28,e0fd4313-d542-4add-bb71-f07751a512c1,6294
7798,159.29,Refunded,2025-05-09 02:28:46,4d4a81a8-b374-4ca7-8da8-ae68713f271e,2050
7799,85.4,Paid,2025-11-09 13:01:07,cc60acb3-6131-4094-aaeb-cb408b5c3234,270
7800,79.64,Paid,2025-09-17 16:49:09,5490034b-adc2-4c79-a9e8-35e053711a65,5521
7801,163.1,Refunded,2025-04-30 18:01:17,fe67a9e5-6edd-4ede-8878-052656440204,5588
7802,157.88,Paid,2025-11-10 16:29:05,65b407c1-9800-4a3f-a819-5008f1f3fe9f,9835
7803,72.24,Refunded,2025-01-28 05:48:42,92ed71aa-06de-4246-a3b6-31d2e0aa06b4,2839
7804,164.28,Paid,2025-07-05 14:45:59,96bc05de-a0d9-4380-955f-a32ad570d39c,6504
7805,46.72,Paid,2025-10-14 13:11:54,955b6364-e762-4776-b007-b4dd9cbf7ef6,3270
7806,37.53,Paid,2025-11-08 18:22:00,ccc05f27-16e8-45f3-b495-a9bef7a7ad52,3689
7807,26.76,Refunded,2025-07-03 10:23:47,517f9415-db9e-42e4-9022-daa482c46113,1893
7808,107.31,Paid,2025-03-10 22:43:07,ca29abf6-8d1b-4af4-a64e-74a086d79019,7469
7809,164.43,Pending,2025-07-06 12:40:02,949c52da-9984-489f-9b5d-a91a803825a2,812
7810,24.43,Paid,2025-11-20 05:51:13,ee089ac0-4fb3-4b7d-8d32-685d0c7f9f7f,6551
7811,101.08,Paid,2025-06-12 19:14:51,dc126376-2b1f-4e7d-a857-4c8d49b8f7a0,4472
7812,98.62,Paid,2025-10-25 18:54:06,b2c2bebb-be36-4ae1-b2db-c7fa87b282ca,4186
7813,121.67,Paid,2025-03-17 21:03:32,dcb483bb-6e6e-40c8-af1e-c2610443c427,2761
7814,48.43,Paid,2025-04-02 19:47:20,12f9fd61-af22-413f-ae90-5a1ccac744f5,2023
7815,33.41,Refunded,2025-05-11 12:18:25,aa2e5e57-e9ac-4af3-9f01-433475a3ce7e,1827
7816,202.94,Pending,2025-06-05 07:53:06,1317486b-8c81-4240-9080-f9e6cafb330e,8937
7817,188.19,Paid,2025-11-11 11:14:10,eb750b38-adc1-4a78-968c-994c5914ee4f,915
7818,56.02,Pending,2025-06-30 11:33:17,f5255fb5-ef3a-47e1-8ef4-34e79988652a,2310
7819,154.78,Pending,2025-02-18 06:34:31,8111bf70-93ef-4616-90f3-1b97a26ae16d,6700
7820,182.69,Pending,2025-01-08 01:34:47,b8d64fd4-f26d-4396-af9d-f93083585a16,3830
7821,153.28,Refunded,2025-06-21 23:51:56,3ded7b79-fdf4-4b67-a600-f996d3e244ca,2231
7822,55.36,Pending,2025-01-04 08:16:33,e4589fbb-3880-4f3d-8cb1-194200636fcf,1832
7823,77.73,Pending,2025-07-19 04:18:06,9b2677b4-c5a1-4614-996e-fb953d5106fd,1166
7824,170.65,Pending,2025-10-01 18:35:28,f8bba695-a554-4ff5-a107-527613578b38,8308
7825,110.96,Refunded,2025-06-20 02:25:30,d3be11bd-9d7b-4134-8b8b-5876921dfb46,2747
7826,147.04,Pending,2025-07-30 00:00:03,7bd2ba15-b014-427a-99f4-979459d35261,1061
7827,50.7,Refunded,2025-06-14 12:57:10,945d5809-3c5c-4445-9fa6-45861a7a7c23,2721
7828,186.94,Paid,2025-10-18 01:37:40,fc5ac29d-557e-4bd1-819c-bc1b08b9d15c,8066
7829,181.65,Pending,2025-11-10 22:08:45,69c78a87-3b2a-476e-b202-b18108d1c7a7,8210
7830,146.43,Refunded,2025-07-11 01:38:51,8643a042-c08f-4e95-a61f-7f88fa2ae882,9382
7831,125.03,Pending,2025-07-25 12:08:49,a3e17a96-eb74-4db1-8842-92bb3a0851be,8107
7832,156.69,Refunded,2025-03-31 18:22:49,72f65736-c918-4006-8f25-7458be463a16,4057
7833,75.36,Pending,2025-04-16 08:23:14,7a2cac7f-c97d-4782-a4f3-c28761697b39,8906
7834,167.41,Paid,2025-06-04 23:37:10,78b32d5b-122b-42e1-ba74-b14ccf0371d3,3096
7835,81.28,Refunded,2025-04-16 17:07:00,4f41cf4a-2562-4ebf-aeb3-3c95543ddc67,2479
7836,150.2,Pending,2025-11-07 03:57:38,4d432204-ec68-4fe0-a7d6-0fcf8e0b7740,4025
7837,90.61,Paid,2025-08-27 08:31:05,de9be3c2-d191-41f2-b2bb-9fcb89ff2257,2941
7838,26.16,Paid,2025-09-05 23:35:12,146dd25c-ef24-4aa4-b9d2-1541979c93bd,7215
7839,201.55,Pending,2025-04-20 07:25:25,ee8e1b39-3535-4d0c-a221-583d443f9a8e,8929
7840,186.13,Refunded,2025-10-04 15:59:55,2f970e1a-da99-4bae-9a6b-f9475283d9ba,9685
7841,37.49,Pending,2025-01-27 05:22:23,a5006cb3-1680-450b-885a-126b11665ec4,3205
7842,143.29,Paid,2025-01-06 03:42:10,9dc6ec01-1072-41e5-9155-9c66df31e985,9459
7843,32.55,Paid,2025-11-13 12:07:09,609fad91-8d9a-4924-981f-253088303a0a,9728
7844,66.03,Pending,2025-11-19 11:44:39,62558fa8-7651-4c94-af32-4c1e567d6854,6780
7845,31.84,Paid,2025-07-30 22:27:59,78a07f49-f54a-49e6-a4e6-12f87cc84c7e,888
7846,90.4,Paid,2025-05-03 06:12:53,3f368d44-02c6-41fc-b675-8190b64f7384,8688
7847,62.53,Refunded,2025-09-23 12:12:49,86946b57-e4d3-4caf-a712-0e0e116e9e49,2802
7848,139.1,Refunded,2025-03-28 01:52:24,f4edd0a8-56b0-4ba6-8b6f-faba0dfe4b45,3638
7849,144.56,Paid,2025-10-01 01:47:54,587eec5d-60f8-4dbf-8f06-d116ce0cf12f,5688
7850,150.15,Paid,2025-08-28 23:41:02,9a2751fd-ae92-41d9-8433-bb9031fbaa0f,5425
7851,117.81,Refunded,2025-05-29 03:58:31,9473e01f-f9ba-493b-97ce-ddd682020df7,4680
7852,117.34,Refunded,2025-05-13 01:22:07,71d60a61-c811-4d57-ba6c-96821d896671,3119
7853,128.32,Pending,2025-03-14 23:26:41,8c0bf437-baa0-4f4c-bea6-0bb5d08018ef,2601
7854,113.39,Refunded,2025-05-02 03:28:04,ebb2bbc3-7698-4160-98d0-d2e4a9142076,8145
7855,182.84,Paid,2025-10-13 03:07:45,6c80b4ac-893d-4834-b338-ae1860ca61a4,1892
7856,178.47,Paid,2025-11-25 11:04:53,6d70c2d4-cd0e-4f1c-8526-331b12c8a25a,8593
7857,157.6,Paid,2025-09-18 07:47:44,6311dd8c-9171-4bfa-91f0-f81795e99539,5795
7858,91.48,Pending,2025-03-12 07:41:00,08a70e88-71c2-49db-b490-3b0f2857352b,113
7859,98.06,Paid,2025-11-19 22:53:59,d9837a25-88d7-49bd-953b-a9959045f71a,1545
7860,123.3,Pending,2025-11-09 09:48:37,bc00d6bf-e462-452e-937d-98d5da82edf6,7443
7861,24.88,Refunded,2025-09-14 19:16:25,35dfcc60-092f-481d-84fe-97db1b743c2b,2546
7862,35.0,Refunded,2025-09-11 11:46:13,59c82b5d-722e-493e-accb-3f0c8f0fc2bf,830
7863,209.72,Refunded,2025-02-08 12:45:06,1a3bb3d7-1137-4fe9-a747-ddebbaa55fd1,2603
7864,49.46,Paid,2025-06-26 13:31:38,0230a9d0-0e15-4793-9e99-bfea0292c06c,5111
7865,165.16,Refunded,2025-05-19 14:52:25,81a15b2a-0c00-4b2b-956e-ebf828daf594,4987
7866,34.47,Pending,2025-05-19 12:09:11,69090615-129e-4980-ba4f-a95d66d87282,8988
7867,192.6,Pending,2025-05-05 21:08:51,b1c934ad-1a68-401d-9b7a-75d143c01e7e,2628
7868,208.39,Refunded,2025-08-05 03:36:05,9bd1488d-cbbb-4bd5-85c8-6f06ae9d269a,7791
7869,181.73,Paid,2025-10-27 04:51:02,f299d62c-4973-46cf-966a-eff08352bcbd,3150
7870,145.24,Refunded,2025-01-31 03:44:43,cd82bafa-571e-4701-8a70-f2e916fc853a,2093
7871,150.57,Refunded,2025-05-31 07:15:06,8f7445f5-50bc-4bdd-b506-a72d32d24759,6201
7872,101.68,Pending,2025-01-25 03:06:09,8c10a9da-9aca-40f8-8fde-27857a390cb3,1288
7873,114.88,Pending,2025-07-14 15:35:58,83408f59-ffa8-4f71-9520-8a938fee4254,3492
7874,24.84,Refunded,2025-07-24 00:37:48,63937aba-de0a-41ee-8035-4f31d382e16a,9575
7875,25.38,Pending,2025-04-23 01:44:03,e7edd0af-78d2-4548-ae5d-a07e18c59ad9,5447
7876,51.43,Refunded,2025-02-25 03:38:06,1a2e812c-dd92-4651-b8b3-ae6beb0ebe93,5318
7877,173.04,Refunded,2025-11-12 02:09:35,3dc6a1e7-8ecf-4821-8c99-d081caa2cfa6,2074
7878,143.76,Refunded,2025-06-12 02:32:55,51f46298-66c4-4b87-963a-fbec8e2110d4,6566
7879,123.91,Pending,2025-07-15 09:47:21,55c16d8f-6f72-4219-b21b-09935a06f174,7027
7880,185.78,Paid,2025-08-21 12:13:46,7dad3cf7-a896-469b-96d4-2866979bc169,9207
7881,50.08,Pending,2025-08-31 01:48:07,90720335-ba35-448c-8f48-8a1c221fd966,5809
7882,34.36,Paid,2025-08-22 05:14:49,af305d69-3ceb-471b-b36d-a1f3b572ea46,614
7883,197.2,Pending,2025-09-27 14:01:03,9862985d-6298-430b-bc92-b19dc8b4150f,1385
7884,52.28,Paid,2025-07-02 16:44:51,386221ad-1c5e-4181-be76-0a713f3a4a8f,4764
7885,189.99,Pending,2025-04-21 09:50:36,c86e3d3b-2e4d-49bd-8387-19e774268086,9169
7886,31.63,Pending,2025-06-18 16:26:04,96fe0cb7-e494-46f9-979a-d8333d13d605,1084
7887,187.36,Paid,2025-01-29 11:17:03,a2db41f4-bee3-4d0e-afdc-f9edc774fa97,63
7888,62.82,Pending,2025-01-20 01:43:44,d61d9380-7485-4ee3-b487-5fbf77ba8ac3,2002
7889,184.53,Pending,2025-10-10 06:52:35,7c2c89bb-4a07-4868-bd56-2e39aff79b57,6575
7890,187.53,Paid,2025-01-26 15:55:28,34552943-4883-48d7-ab6a-323142036ad7,2880
7891,153.91,Pending,2025-08-09 09:33:03,eac9b239-60ad-4ecc-b394-066282d6f258,8129
7892,149.8,Refunded,2025-08-20 03:32:32,5e7bb284-a7c1-4430-8c1d-9f1619085a1d,3052
7893,48.56,Refunded,2025-09-19 17:35:11,9ceabd44-d9e5-4e01-9bfd-1499d227b6d1,9811
7894,192.59,Paid,2025-01-03 17:23:26,f4c201a5-7f87-495e-88be-7f9e84056289,3885
7895,80.85,Pending,2025-09-30 15:21:24,db5ab439-f99a-4bbe-8d2d-0f7ef5c9ae81,9217
7896,190.92,Paid,2025-07-31 07:54:57,22dd3cb6-07cd-4f32-9d61-d74b57eec6a8,3768
7897,42.29,Refunded,2025-03-30 22:43:49,bfc39a2d-91ef-4e83-b55d-6e830bac5ed9,1124
7898,68.82,Pending,2025-05-02 12:13:25,9b9b2c5b-edc7-4ca7-9eaf-1ee064af365e,6968
7899,181.94,Pending,2025-05-20 21:06:40,7cd7a202-4bb9-415b-84cb-c4ea2afbe506,8007
7900,167.63,Pending,2025-01-15 19:30:14,442049e8-a8fe-48fc-b144-829db0465f3d,5287
7901,179.86,Refunded,2025-08-13 00:58:18,9ce3b5ad-03ed-44b3-885e-08b347f69a7e,664
7902,172.27,Refunded,2025-02-06 17:22:45,a3eea9fd-ef5a-43b7-b283-ebcfbddfa062,8609
7903,74.77,Paid,2025-10-28 03:47:45,c2fdc258-b8b7-4108-9f56-4409be0128e3,5634
7904,106.2,Pending,2025-03-28 06:00:56,d3098b94-a4a3-40d1-a391-a0a80ba4c008,7374
7905,65.37,Pending,2025-01-08 16:36:00,05af255e-a20d-4396-b19d-4adefcf207e8,1194
7906,77.49,Paid,2025-08-12 09:53:35,4eae2556-c590-40c0-8937-16fe210a0d6f,1705
7907,91.7,Pending,2025-05-13 14:08:59,e08befd4-a756-4708-8dae-182cc1695be1,9711
7908,92.42,Refunded,2025-04-23 11:45:44,1ea9ecc4-2955-48ce-8d0f-8d03c177f545,2847
7909,145.15,Pending,2025-09-25 19:20:57,824f48a0-3cf9-4577-a558-a6744da10406,5238
7910,26.82,Paid,2025-07-22 02:35:36,60390a02-6911-4dc6-9a39-202048e2c5a4,5169
7911,136.14,Pending,2025-04-29 07:46:00,12ab318b-3aa1-44b3-a295-c882f0d7ffd7,5898
7912,150.48,Refunded,2025-01-27 06:33:43,99b2e19d-dd86-4813-bef6-886a039ae32a,4358
7913,98.93,Refunded,2025-09-13 14:15:23,a6314816-aa2a-407b-95f2-d08c2f88d2df,8503
7914,51.32,Refunded,2025-07-11 15:05:48,49ef3b2c-995b-4e0f-a023-75907335cf1a,1494
7915,135.11,Paid,2025-08-06 23:17:57,4ba35887-ee1f-4902-96d2-d88b8976c8cb,9598
7916,200.35,Refunded,2025-10-02 19:42:33,11e78c3e-6620-4e06-b6cb-bb4d1822b250,1053
7917,166.92,Refunded,2025-04-29 08:04:46,f224b6d5-36a1-4792-ac39-d17a96f174d3,8912
7918,209.76,Paid,2025-08-18 09:03:36,647eb1c1-87bb-47f3-9c78-4667ac93fc74,2
7919,26.05,Paid,2025-03-19 02:02:52,89002a0e-2736-4e61-a15c-7495df34f7e0,2558
7920,156.43,Refunded,2025-06-16 20:35:27,4290bbfb-8257-4808-a7b2-9adcf86870be,5815
7921,24.97,Refunded,2025-10-09 09:09:11,235e0fc9-9443-4cef-af78-fe2fc2d5a664,2666
7922,144.15,Pending,2025-06-04 05:56:33,3b86b6cc-aea0-496f-a036-b730608311b3,2749
7923,206.54,Paid,2025-01-06 21:50:04,4c7d36f2-ff60-4863-88ab-745f9ecdd26f,8935
7924,79.03,Paid,2025-06-22 18:42:19,1c4fa0af-b878-4e1c-8f0a-ee128daa135c,1767
7925,124.21,Paid,2025-03-27 00:40:56,43caf159-7661-47fd-a946-6d124f0806be,9949
7926,39.9,Paid,2025-01-27 00:02:09,e3f84bb7-367b-4a37-bfff-d48143709f97,8468
7927,127.21,Paid,2025-02-11 10:50:31,2bcef041-93c3-4704-97e4-3450634e8e27,1028
7928,149.5,Paid,2025-11-21 08:53:21,12194d8d-5bd3-429d-9cd3-a47eb088d7fc,7589
7929,72.22,Pending,2025-06-06 20:55:52,549e6746-9b52-4532-9f12-c8f200cfa3fa,3486
7930,190.32,Pending,2025-10-10 17:23:02,eb126858-8413-4194-aa90-215fe1c8d710,9424
7931,141.71,Pending,2025-06-04 20:11:36,8d7169a8-2b35-44dd-86e4-cbb0b2e104a6,6299
7932,179.98,Refunded,2025-04-17 05:03:34,2d435177-8bc9-4c63-964b-e857acd7bec3,4629
7933,68.3,Refunded,2025-06-25 05:41:22,48cd4971-6ef4-48c1-a53b-6749b1f5b897,9935
7934,36.89,Refunded,2025-11-04 16:23:47,17b14d28-e14e-4cb3-ba9b-fe1af36505f4,6415
7935,38.14,Paid,2025-10-07 11:19:02,29a62bed-7455-4b4a-8ce2-f8ec7c6dc691,9087
7936,24.35,Refunded,2025-11-21 23:16:56,c3048016-a353-4fea-857a-148343fbd95f,1971
7937,149.24,Paid,2025-04-18 00:25:55,af84de48-5c44-450d-a821-69ca2bc50572,8597
7938,91.78,Pending,2025-01-09 23:33:18,d71b742c-7d1c-46ed-a65c-7d1ddf677367,9121
7939,163.48,Refunded,2025-03-12 14:05:09,e5e09018-cb01-43b3-a33c-dcd3b8ffa83d,9431
7940,47.69,Pending,2025-10-26 15:17:53,97ae49c9-1398-471d-a4cc-8ef64cb05066,5601
7941,174.28,Paid,2025-01-10 23:27:28,6b064ad9-698e-415c-b201-29daad6b905c,4907
7942,67.82,Pending,2025-02-12 16:50:17,5f4d8286-9212-4e8e-a212-61ec994cd536,2220
7943,189.99,Refunded,2025-04-21 12:38:30,ad787be5-2adb-4255-861b-f963a08f4520,7499
7944,77.99,Paid,2025-03-08 09:36:38,bbf52e3e-8c33-4dc5-910c-087c192638cf,4995
7945,67.69,Pending,2025-03-29 16:06:09,4c9c6118-0213-4bb5-8113-001fb3937a9a,8289
7946,79.35,Paid,2025-08-04 00:50:23,9a1a14b8-ce2b-40e4-92c3-faf69652673f,1119
7947,87.3,Refunded,2025-01-31 09:50:07,19a17bb1-ebfa-4613-9cad-189389b0908a,5171
7948,114.51,Refunded,2025-11-02 16:56:28,dcaf5a9c-b7ba-42dd-8661-dd78ce5eb230,4653
7949,149.76,Paid,2025-08-05 15:16:20,9868f4ca-4862-4817-b848-98a97ba4cabb,2031
7950,130.4,Paid,2025-02-03 14:03:24,b07e058f-ef09-4a8f-900e-ced1e83a449b,3701
7951,120.0,Pending,2025-11-11 19:49:54,ebd7d12d-2b2a-40ad-8dc7-af42d533c37c,2425
7952,99.66,Paid,2025-01-26 00:06:22,8ffad878-9dfb-404f-892a-f6fe34015ba5,4261
7953,164.68,Pending,2025-06-04 20:39:44,a40d1f8c-6fcd-4212-aa82-d502abe7d046,1880
7954,183.85,Pending,2025-06-03 10:14:02,74c6e847-0d43-4e47-b78a-62b17a64c575,7973
7955,124.93,Refunded,2025-10-26 04:21:23,0913e5b1-0fdb-4645-bd32-27564c9de9af,2942
7956,188.12,Paid,2025-07-20 14:20:13,5e743d92-0e71-4e37-98b4-1b2db75ab77a,6290
7957,91.12,Refunded,2025-04-30 09:08:13,50625dac-9565-400b-b7d0-d9fda7809cbc,7610
7958,192.1,Pending,2025-09-27 14:51:53,585a1d04-2abb-4ed5-b8c2-9a7df7513544,7790
7959,173.0,Pending,2025-08-05 01:44:29,a9dbcde3-e882-4151-ae83-268b3ef590d3,8434
7960,93.73,Pending,2025-02-15 08:29:49,08f113c6-75b9-4c83-8ceb-b37318ec70f4,2904
7961,152.13,Refunded,2025-08-11 16:55:29,7bb9124b-1578-4939-8396-65ddbecb318e,9585
7962,97.31,Refunded,2025-10-10 09:21:16,b6945560-8d95-489b-9db2-777841cc0365,2444
7963,20.01,Paid,2025-08-17 00:52:06,8dd77818-4c17-4595-974c-d3b8d05c40bb,687
7964,152.58,Pending,2025-05-27 15:52:27,2add933c-2faa-4be0-ab72-0c6cca8d9d22,2744
7965,184.84,Pending,2025-04-23 13:24:10,fea08a9a-87f4-47ec-9046-c6bcda6acfda,5245
7966,206.75,Paid,2025-04-13 01:57:59,fe45d7c8-449c-4d72-b711-5a5e3095f50c,4312
7967,164.15,Refunded,2025-01-04 11:24:40,16282c85-f0cd-4d5a-b5ec-c21287591dc2,5080
7968,152.56,Refunded,2025-01-14 00:46:34,ab565b02-e194-4706-adce-f19e3e587d9d,7396
7969,202.56,Pending,2025-01-15 16:22:29,0d31637f-6ee8-4e81-ae15-7fa3daa4416d,9660
7970,161.62,Paid,2025-04-19 10:16:21,4398ed69-bdc3-4b1d-9d7e-b2aca58d56b4,9805
7971,67.34,Refunded,2025-03-03 00:16:55,22be6e26-3117-43a9-8117-78b6f71cf590,4484
7972,21.02,Pending,2025-11-13 17:00:28,145adcff-7499-43a4-877f-e3bd0544d03d,3517
7973,147.69,Pending,2025-02-14 23:29:57,6ad40c94-b262-4a8c-9b78-d004a48475c9,8095
7974,22.71,Refunded,2025-06-29 17:13:26,9ee30608-eada-4a0c-8ea6-8a60472d64b4,9998
7975,54.54,Pending,2025-08-22 19:33:29,0207f609-a28c-4b93-89e3-e93c5c2fe45d,3318
7976,165.74,Pending,2025-10-30 23:09:28,3fb19822-4fd0-4e93-82e3-3699cc1c6c89,2748
7977,167.66,Pending,2025-03-15 11:38:55,8d3cdd67-ffd5-447c-859d-a94f54c8c5cc,852
7978,86.53,Paid,2025-04-30 06:59:22,adde6244-d00b-46d1-8f96-09ea7a3eb0d7,4956
7979,84.42,Refunded,2025-04-20 02:41:54,23d1fd03-b2b1-426f-8b70-9bf4387d31c0,4467
7980,184.11,Pending,2025-11-02 14:29:04,b84d976a-2105-4394-bf4d-1446b9d85824,5977
7981,191.78,Refunded,2025-09-20 15:01:45,206c8d5a-e065-49ec-b50c-aeec626a9f41,6206
7982,143.17,Pending,2025-07-26 14:16:44,d104aecf-54d7-4129-aa1d-9c0a8c243835,3830
7983,111.45,Paid,2025-02-19 00:21:15,a137bc61-a479-498e-b839-955aca28a83e,3631
7984,133.78,Paid,2025-08-22 13:43:48,ec6441d2-3c53-460a-8db5-57f94e06ab44,2535
7985,42.45,Refunded,2025-06-22 18:45:11,ba690f68-2541-41e4-8e9f-efbae61b51f6,4372
7986,106.41,Paid,2025-10-25 05:17:53,991f0d2c-4858-4049-b300-c6252ce1893e,5763
7987,32.7,Refunded,2025-10-26 07:15:24,c5c81581-a155-4fb4-ba9b-e8c0f946be3b,3360
7988,78.77,Pending,2025-08-05 12:39:50,ca666b66-49d4-44f1-a697-bac30d84484b,1502
7989,208.65,Pending,2025-04-06 03:47:09,fb0f4187-78c3-4915-bc57-c50e9f148c45,4891
7990,84.75,Refunded,2025-02-13 16:10:56,b216d823-4828-4251-b912-2f6719af94c0,5336
7991,48.09,Refunded,2025-02-15 00:15:44,d4138b43-7124-426d-98f0-bb8e796b71a0,2631
7992,201.94,Refunded,2025-09-12 20:03:38,a4f7e8db-ddf1-49f2-8440-d996e88458a7,8924
7993,59.91,Refunded,2025-09-04 18:40:15,c0e0c6a4-a28b-4274-a213-d9e9c5985877,4435
7994,43.14,Refunded,2025-01-13 07:23:10,d038fceb-6baa-41ec-abdb-326ae5a7fd6f,9192
7995,104.14,Paid,2025-09-16 09:59:52,157ea4ab-1032-4bbb-9eeb-52a47ec749aa,5039
7996,160.27,Refunded,2025-01-08 04:46:53,ab10915e-965c-4026-930c-16ef8423c468,6281
7997,143.83,Pending,2025-01-08 20:59:39,ac659f4e-5d21-4f99-b57a-eab2c53f3d4d,8781
7998,61.0,Paid,2025-01-29 14:32:26,8f09e10f-7a6e-41fa-8c15-705fa6fe8b9f,9448
7999,96.71,Pending,2025-01-09 09:04:16,a1207329-411d-4430-ab0b-dc4f3706965e,9072
8000,117.85,Paid,2025-08-25 05:35:31,9d58556b-7f4d-4019-a200-0308c5c52f05,9797
8001,155.04,Paid,2025-01-21 03:28:15,9b8f0642-c61b-42c3-9f7a-f32a6805677d,5127
8002,26.42,Paid,2025-05-26 20:51:01,a1994e5c-005b-4a55-95cf-2a073b1214cf,3330
8003,200.83,Refunded,2025-03-22 03:08:32,5369333a-61e7-4d09-bcf8-ddd54013064e,5624
8004,90.31,Paid,2025-06-11 02:36:33,b4d1a242-70df-45e7-a353-e603cf2314f9,9432
8005,79.21,Paid,2025-01-08 11:40:58,b899c2d2-3c92-4a28-aa90-1df584497869,8458
8006,40.81,Pending,2025-03-16 20:40:34,598cc52d-0bf8-432c-a2ac-52fffdc97d59,6517
8007,48.21,Refunded,2025-06-06 09:52:47,8d81d24f-46cc-43c5-921a-f5490443dea6,3496
8008,108.53,Pending,2025-09-15 07:09:11,c54138c5-208a-4d3c-8557-7e97957890fd,5663
8009,207.99,Pending,2025-05-08 08:24:53,07dfee86-1180-43eb-aa22-65e7eb353dee,5318
8010,126.12,Refunded,2025-07-04 17:18:53,d6817fb6-d44b-44d9-b5ba-03733d7caaf4,9028
8011,101.78,Paid,2025-01-07 00:58:40,ff05fec3-28b9-439c-bbb9-dd773317af79,745
8012,149.47,Refunded,2025-02-21 00:57:30,cda2b262-fec7-4606-a5e3-fab67d232536,1090
8013,37.97,Refunded,2025-05-30 22:29:05,2bb5b951-05c3-400e-b40b-18a111e37ff7,3675
8014,158.67,Pending,2025-05-30 13:25:59,579e5951-a920-42cb-9fd9-c08adbf99c46,9518
8015,193.45,Paid,2025-08-12 12:45:39,5c453d5a-c76c-4ed0-b112-e09ece3f1c3b,1502
8016,66.62,Pending,2025-05-07 20:26:44,33e91604-346f-4c11-aeb2-b59d15d082ec,1400
8017,176.68,Paid,2025-01-18 00:45:05,9a6e55a8-c8e7-48d8-8d69-77923ebf676a,5912
8018,77.06,Pending,2025-09-04 07:49:12,588fa3f2-a5db-4d2a-bfdd-10b207dd962c,6049
8019,89.99,Paid,2025-08-09 13:39:15,0cc6b0cf-8982-40b2-bdbe-3c9815d67f67,586
8020,57.69,Paid,2025-09-14 08:56:08,6b9e8ee6-6ba1-4989-9b4a-a93f42a9738c,3565
8021,51.88,Pending,2025-10-14 14:31:31,64277807-ce55-448e-abc3-0b621d37187e,2941
8022,43.36,Refunded,2025-07-21 11:06:16,d56b8a2e-5f65-4b52-9505-50413de11975,372
8023,183.14,Paid,2025-11-10 18:04:41,5708ad42-3874-40af-ac16-e0ca01021aed,8000
8024,78.73,Refunded,2025-03-20 19:42:29,7e0a85ac-2862-45d9-b28f-ccea474f465f,3107
8025,105.98,Refunded,2025-07-16 08:48:25,f73dde39-1ad4-4dbd-a13d-512d5dc2475f,960
8026,42.1,Pending,2025-02-09 01:40:05,f85e2838-1130-4f1a-9a87-12b006c0f501,7596
8027,119.66,Pending,2025-08-01 00:38:55,c110edc0-f6ea-4fbe-bffd-52cece1c8baa,9638
8028,156.45,Paid,2025-10-08 09:39:06,b45c9383-162d-4784-a0e1-4b4f312d0b1a,4016
8029,44.34,Pending,2025-10-09 05:47:00,769a605b-10a0-45f7-8a87-250481063e6b,5322
8030,21.65,Pending,2025-07-27 22:09:16,59ba66cc-ad50-4e37-aaaa-576be6f4fd96,7098
8031,191.63,Paid,2025-05-20 08:16:38,dc92344e-765b-4bba-a027-daf57ae507a2,2903
8032,49.23,Paid,2025-08-17 03:06:25,5be236d3-6999-435a-8615-2c93c3a5b8a1,2319
8033,131.27,Refunded,2025-09-06 05:56:46,b9e45039-92d7-47e1-882a-dee9bcf78563,9476
8034,54.54,Refunded,2025-05-14 06:34:38,18a9c6ae-7094-415b-a3ad-eb0449603cd8,1025
8035,97.21,Pending,2025-04-04 10:38:48,6f013970-9182-4a46-ade1-48dcd988dc1a,360
8036,201.49,Refunded,2025-03-12 20:19:49,84921f3c-381e-4021-b366-42fdb29e2b2f,2451
8037,170.39,Pending,2025-09-25 05:08:16,22e95a22-658c-4ac4-aa21-e539178ab85b,7766
8038,82.61,Pending,2025-08-06 07:01:04,4c948e96-6973-4082-b1fc-3da5a6ddf617,5385
8039,64.63,Refunded,2025-06-05 09:26:37,dba8fdc8-df5e-4f2f-9736-31774d39e5ab,5895
8040,65.78,Pending,2025-08-15 16:16:33,9f9c6934-5808-49f1-97c1-f350d8557fda,3190
8041,148.64,Paid,2025-07-18 12:30:46,852c6ab2-1152-44aa-abe3-36607c8a4ae3,4936
8042,151.06,Paid,2025-09-16 00:43:45,8f486f0b-7341-4c7c-bce6-7998ef119aeb,8426
8043,94.87,Paid,2025-10-09 12:57:45,6fce176f-91a0-46da-9f3c-ba57eded9139,4205
8044,152.85,Refunded,2025-07-18 12:23:25,59662844-87c6-42f6-8f7b-2ddddbff87eb,7118
8045,106.29,Pending,2025-01-12 20:15:04,9627d759-5845-4234-92c2-fa8c60b9e637,218
8046,140.0,Paid,2025-07-03 16:53:57,69978a9c-9dab-472a-9883-3b73c53b57de,1173
8047,38.85,Pending,2025-08-06 09:37:15,6742bc95-2b25-4cbe-ad6a-14d56f1a415c,5504
8048,31.06,Paid,2025-11-24 20:27:05,75011448-880e-497c-a8a9-e1b1ddd4a14c,730
8049,179.97,Pending,2025-03-30 13:40:59,e8178956-d5eb-4e50-80e9-69536d07d884,2211
8050,201.18,Refunded,2025-08-29 11:31:46,3712a138-f570-44ab-9bdd-e8ae1ebb456f,3206
8051,27.62,Paid,2025-06-20 12:48:06,6caa0572-d1ba-42c5-992d-a06530374a59,5879
8052,96.46,Paid,2025-03-26 09:17:35,a701d3c2-b60a-4a19-a5ad-c9fa15e3fe18,888
8053,141.07,Refunded,2025-03-11 00:43:52,25a8f1ad-5ac8-42c6-bf87-3f280cfcc9af,3308
8054,197.6,Paid,2025-07-11 00:10:41,b02b4c2a-9fb3-4ca8-a0ea-2f0d3bbca8a3,9591
8055,82.73,Refunded,2025-03-30 05:53:06,f8227803-b3c6-4d88-9124-ba2cf7c83cda,8127
8056,63.1,Pending,2025-01-19 10:32:15,3e950104-14d2-4bb8-aa39-43953a5d67df,9535
8057,161.9,Pending,2025-04-24 18:02:47,5c203943-11f0-4302-a70b-ae4631727b19,31
8058,139.62,Refunded,2025-09-28 05:51:29,225737b6-697f-48c7-88e8-e1ea8fed00ff,9945
8059,76.35,Pending,2025-01-20 02:15:37,876dbe1a-59fd-4cad-9232-9f80962865f9,5137
8060,169.85,Paid,2025-02-19 04:31:56,f364e65a-edf0-4d91-9c59-53816efbad56,7286
8061,181.05,Paid,2025-01-15 21:18:36,abacb374-3148-47e4-8ca9-bca3f4d10b12,2435
8062,63.16,Pending,2025-10-13 01:34:50,770f739f-74dd-4e31-ad19-e40063d7429c,8541
8063,200.61,Paid,2025-07-06 00:28:44,d2504ad0-45a4-47e0-b966-cbd94d785ba7,9964
8064,181.81,Refunded,2025-10-17 16:58:23,4a960525-cec9-453f-8974-b21702f5662a,5527
8065,184.78,Refunded,2025-02-28 10:01:36,7c608d73-9bad-4eff-99f9-f3493373f472,3727
8066,195.67,Pending,2025-09-01 21:47:17,22637678-2a0d-4bd4-9f60-ab21fa62c7e9,2432
8067,159.9,Pending,2025-04-25 13:33:21,fe8289f4-165d-4404-9eb4-ecbd89ea6ecf,356
8068,103.63,Pending,2025-05-08 17:59:59,d096ac83-8909-47bc-88ec-345b7d70ffb0,3463
8069,147.94,Pending,2025-01-07 01:13:26,27d9dc2f-b648-4e3c-ab2a-85335a466369,7507
8070,79.86,Paid,2025-03-23 02:38:39,e2ec69dd-2ccd-41c2-bdea-965b6eac955c,8852
8071,178.28,Pending,2025-01-12 13:58:33,debebecf-418f-4f3a-968c-cea68290940b,5060
8072,181.8,Refunded,2025-04-25 00:46:48,b0207a17-3cf5-4847-9d5c-b23836041d75,4499
8073,150.48,Paid,2025-02-06 21:28:39,1dbe8b95-3ab3-4c7c-a099-034784a93f82,680
8074,63.49,Refunded,2025-02-02 19:35:30,9845acb1-7c86-42f1-b1dd-710b86e71681,343
8075,142.19,Pending,2025-08-31 03:40:13,6125bbab-4a30-4aaf-9b41-fda6605b0ff3,3931
8076,140.7,Paid,2025-07-30 18:43:02,e12c0c4f-2432-45f6-927d-33a6300947d2,4561
8077,189.97,Refunded,2025-02-07 07:31:43,f9718dbe-369d-45d8-8851-14baee698989,7014
8078,56.79,Refunded,2025-01-15 17:39:01,f092e8c1-339b-44f7-901d-10904463ba69,1804
8079,70.29,Pending,2025-07-04 01:28:25,86ab9fea-5006-4c67-acfc-4be6bca9a678,6696
8080,192.93,Pending,2025-09-24 10:09:07,d0e4ed24-bd7e-4672-9c68-38bd2b7ba5da,2203
8081,98.84,Refunded,2025-03-15 15:06:49,8a41eb35-f099-4e8c-a600-9b598128c1d9,1185
8082,79.93,Pending,2025-11-04 09:01:20,9421c9ec-4da8-47c6-af41-e207fc1ddc95,7093
8083,85.7,Refunded,2025-01-11 05:54:17,925055de-4466-4b9f-be7b-96756deecdbd,189
8084,72.69,Pending,2025-06-07 14:43:18,98a7ceb7-8e53-44a3-863b-34819ed6a92b,9979
8085,62.59,Pending,2025-03-04 08:54:43,056aa271-8f76-4d3e-8009-322b406e86fc,1972
8086,81.3,Paid,2025-11-25 14:56:55,a8ae5ad4-6136-49cf-9a92-49c235d2c8fd,1898
8087,190.61,Refunded,2025-11-20 18:10:56,928be180-10b7-43a8-8700-e3d2b4e73acc,4083
8088,127.22,Pending,2025-11-18 10:37:15,e2e26532-732a-46ae-b97f-25ce990fad26,2957
8089,21.5,Refunded,2025-07-24 13:55:15,58d7b3d5-b736-4e79-8e9d-38effc06e2b4,1012
8090,105.27,Paid,2025-08-25 14:01:53,f7ac0e60-dcb6-4476-bcc7-eed8aea3d1a6,8435
8091,199.94,Pending,2025-11-12 16:52:16,6ccd0d59-3746-4c6b-adb8-f9f53285102a,1169
8092,131.0,Refunded,2025-06-09 01:34:47,b338904b-ee69-44e6-b36b-dd49581ef928,8000
8093,189.18,Paid,2025-08-24 20:41:01,815b8133-367c-49c9-981c-abb64975f2c8,243
8094,205.06,Refunded,2025-04-03 04:24:00,6af81a69-2634-45f3-bc18-0d8762022e9c,8177
8095,167.5,Paid,2025-03-19 15:00:14,6fcf4bec-5151-494d-a839-a22dca556959,3536
8096,100.43,Refunded,2025-09-10 06:22:25,1428aaf7-043d-461a-bfb3-a05363df69ad,9009
8097,100.32,Refunded,2025-02-23 14:49:19,39a9a8c6-6c50-473b-8ebb-5e95315eeec7,3570
8098,176.45,Paid,2025-11-20 18:02:24,a0e2a953-4116-4352-9254-6885375e0f72,5445
8099,205.74,Paid,2025-04-28 20:42:55,710348c5-81de-4171-a309-057c43df178d,6445
8100,25.49,Refunded,2025-09-07 06:22:41,0857896a-62bc-4ef9-9ba8-c7b6b0201fe0,547
8101,55.2,Pending,2025-08-19 17:09:05,38893c71-a0d8-4879-a5f5-aae4092d6419,4061
8102,100.88,Refunded,2025-08-15 00:49:52,ffee7ca5-b872-4c6e-89ec-450412516898,2747
8103,108.14,Refunded,2025-09-23 21:19:23,0be86ddc-7808-431d-b265-c0ac39577085,7961
8104,193.19,Paid,2025-02-16 01:48:29,0fbb98a3-5292-4bbc-b60d-d84112e27601,4882
8105,195.5,Refunded,2025-02-10 20:06:42,4b91c8bb-26d8-4988-a184-21ac73fc9763,910
8106,144.63,Pending,2025-07-13 03:06:10,8e8a94be-4a91-45d6-83a8-300e49ceac0f,1165
8107,201.2,Paid,2025-08-10 03:54:36,545d2317-5522-4770-abdb-f9568aaf331c,3233
8108,178.41,Refunded,2025-09-05 23:51:41,f857c8b1-71ff-4c14-8dbe-d07df01ae740,9340
8109,27.31,Pending,2025-01-31 10:01:41,13092b27-7e29-4ba0-9112-0808123d5e23,7811
8110,78.22,Pending,2025-03-02 21:48:35,588f0b7e-98a4-4a40-bed8-949ec5cee51b,2932
8111,77.76,Pending,2025-10-25 19:35:09,149a4d6d-d85b-4db3-bf48-e3d3f28f1496,4855
8112,130.1,Pending,2025-10-18 19:06:41,7c847f47-5789-4a93-8339-a8fd1594f13d,9875
8113,53.22,Pending,2025-10-29 16:52:08,6e7122db-5c37-4c37-b120-3a99a0bbe4a3,6680
8114,181.78,Pending,2025-03-29 05:32:02,50ba2288-1d13-4bf2-a776-33d5cf35de2d,5516
8115,129.82,Refunded,2025-02-15 19:49:36,d5958a61-1943-48fb-96e9-0922267228c6,4600
8116,146.91,Pending,2025-08-25 11:24:26,04adef88-ae1f-4857-9fdd-2a777baef814,7501
8117,51.27,Refunded,2025-10-17 04:42:33,bb6631bb-6ae2-4f6f-8be8-4ee9708ab000,5927
8118,123.57,Paid,2025-05-20 02:15:54,2bff338d-e9f6-4ade-abff-858aa3defc7d,5733
8119,111.83,Paid,2025-09-12 16:58:00,cf83b0b2-889e-45c1-8727-097e7940930a,9912
8120,90.55,Paid,2025-09-05 12:13:47,b614863c-ed66-4e26-a2ce-c98cf6d3b332,4744
8121,97.69,Pending,2025-11-14 09:51:48,e11aa761-41ac-4f3a-a39b-9042f83e2b1a,4018
8122,102.68,Pending,2025-02-23 01:30:57,ac75f530-5f30-4178-b35c-2cc5256e74b4,4497
8123,204.95,Pending,2025-04-27 12:02:15,3147c074-d368-462d-a92b-de047b0a75ba,8716
8124,156.28,Paid,2025-10-09 23:18:35,0b0d476c-da04-4675-aba9-2dfe8b277779,8004
8125,93.95,Paid,2025-06-29 06:47:43,68eb4908-e474-44ea-9a12-44cfda71358a,3581
8126,160.53,Refunded,2025-04-10 20:16:02,27cb1f03-b139-472e-805d-0f35afd20224,6576
8127,82.65,Refunded,2025-05-03 20:13:55,e73ace2f-0db0-417b-8cac-18ac991feacc,9529
8128,174.74,Pending,2025-10-17 11:11:11,3e008336-798e-439e-87bb-542b4158aece,207
8129,81.16,Pending,2025-05-02 02:32:42,e7db75a8-ec33-43f3-847f-04f91c998558,8721
8130,20.3,Refunded,2025-05-30 21:25:30,48d04f1c-39b3-44b9-a6ee-cc001ebcfa35,7529
8131,32.82,Paid,2025-02-03 19:48:18,75c872ec-ef66-45bb-b2f0-5c086a261fb4,4954
8132,170.14,Pending,2025-06-19 05:29:44,fa47a567-5fc6-4962-81ce-ae1d1c79623d,8138
8133,53.84,Refunded,2025-05-29 10:50:51,9fdbd653-389f-4968-8905-2e33ffb8abaf,8284
8134,128.58,Refunded,2025-01-23 05:02:16,06c1fbf3-c2f8-4812-a1b2-c5904bf16c33,6677
8135,29.51,Refunded,2025-04-18 18:19:01,1e9fc1f8-fd69-4b51-ad3d-1a1bd08ef845,8958
8136,25.4,Pending,2025-07-05 22:08:05,3f67d203-33f8-4928-b06d-e1a8e150919d,3932
8137,87.79,Pending,2025-09-15 18:06:32,af2d632e-9347-482b-9830-ac413db25b39,3034
8138,53.89,Refunded,2025-07-01 01:01:08,6e04ba2b-a0da-4414-a8e8-b75a1d074df1,655
8139,27.01,Pending,2025-01-25 21:50:02,62be5f03-361a-43f8-82ff-fde94965aae6,8143
8140,124.16,Refunded,2025-04-24 22:37:26,26f6a7df-52ad-4436-adb7-4b4f2f4ff097,6721
8141,171.19,Pending,2025-03-16 19:00:08,3eb7a74e-caa4-4426-961a-c43262f7015c,7063
8142,177.68,Refunded,2025-06-13 12:00:56,a96afc7f-7d25-48f7-bff8-1c2f35def0e5,1211
8143,112.55,Pending,2025-07-14 14:24:41,e72ec0e5-da79-44d3-839d-0822f935f9db,6859
8144,67.53,Refunded,2025-05-30 21:47:37,620d7f06-c0be-4992-8b2e-086a5f2f963d,1831
8145,27.34,Pending,2025-07-10 14:48:59,f1baf333-3acf-4d4d-9acd-5dd246a87c61,9484
8146,207.18,Pending,2025-02-02 21:04:02,11620fde-5c4f-4f15-9118-65cfaf1274d4,6314
8147,71.71,Pending,2025-05-16 01:56:27,532a1780-52e5-42ac-8c6b-63fe614be806,6693
8148,147.74,Refunded,2025-04-03 15:21:20,184bebe1-b44d-4df2-bc63-c1dbe2a79bca,2920
8149,35.98,Pending,2025-05-24 03:21:29,760bd15c-da23-4e80-b0ac-b35b5032fea0,9180
8150,85.0,Refunded,2025-06-30 01:37:19,6c20b8d9-cd6b-4cd6-b26a-f1f748e16ea3,4273
8151,105.85,Pending,2025-02-08 13:08:01,bc9affda-26f8-4efb-927e-65c09f2b1cc5,4998
8152,20.44,Paid,2025-08-18 19:15:39,622c27ec-cef3-4563-ab8d-da05279888e0,5449
8153,40.33,Refunded,2025-08-19 03:39:36,f6ce416c-1150-4252-a579-768c988edac0,5371
8154,62.33,Refunded,2025-08-07 01:12:23,b09a7fe0-f335-4fe6-a12b-cc1429cd7352,290
8155,62.47,Paid,2025-03-16 03:36:25,ea849dc0-6b0f-4152-bc82-6c573f2d6fbf,9110
8156,128.69,Paid,2025-06-19 17:14:28,bfc8640e-2de4-4d92-8dd1-09f42c84c21a,650
8157,59.47,Paid,2025-11-01 13:09:14,9d196685-63a5-467b-a4e0-b9fa0570d9c8,752
8158,65.09,Pending,2025-04-27 05:04:45,c5ce4c57-52dd-4e55-8817-af07a12e9f0f,4440
8159,151.32,Refunded,2025-05-21 23:48:04,e5ffd427-6ba0-48ec-b3d0-050fcc286234,9973
8160,158.54,Refunded,2025-02-11 05:09:24,0fd16fbe-229c-4e5c-aaa9-bc4f9a2dc09f,6896
8161,148.3,Pending,2025-01-25 06:37:10,f52b9360-28a9-49e8-8249-f9101927f5ee,1394
8162,123.92,Paid,2025-09-16 03:11:33,df26d68d-7211-41de-b8c8-bbb5ac8a567e,3697
8163,21.2,Pending,2025-02-01 01:46:47,924f6fb4-feef-4fa8-9419-9478a43fbfbf,9360
8164,191.39,Pending,2025-01-30 05:42:42,8563eb74-d4f3-48ea-85f4-f0493ed3520a,2178
8165,133.3,Pending,2025-01-08 09:31:32,875419e6-5c7d-49a2-8f2c-09ba5728c583,4676
8166,189.81,Refunded,2025-07-06 06:51:03,c76c31a9-bd5f-4c0f-a55c-43873cdb931a,753
8167,21.6,Paid,2025-07-27 10:34:40,3d7df339-dd14-4453-9be1-725e57791669,7331
8168,94.79,Paid,2025-08-05 20:14:53,83a88725-4061-4c22-b5ea-674e32e473eb,5818
8169,126.44,Pending,2025-09-23 17:37:49,48a37cf9-2506-4734-9ab4-2032b0c0b542,8748
8170,131.5,Pending,2025-01-21 15:58:27,a82cb694-c057-4339-9cfb-329c9cf25a97,4010
8171,173.54,Refunded,2025-04-02 21:16:16,fc447dc2-0ab3-4cc4-a944-8d0382d62807,5107
8172,204.93,Pending,2025-06-29 10:05:49,9e56a7a2-b8a6-44c2-ad5b-7520a09f3b2a,8136
8173,143.53,Pending,2025-03-19 15:23:26,34d88fc7-8e01-423a-8190-26842e8800ce,9473
8174,94.25,Paid,2025-04-28 02:06:32,0dce134a-ad07-49d3-b5dd-1ad03f5cb3d3,5502
8175,93.42,Refunded,2025-07-09 18:08:34,2fb548a3-fa78-4616-aeb5-e98eaf08ec0e,1706
8176,145.73,Paid,2025-11-13 21:52:03,3339f418-e123-4e3d-b29d-b7a493c99371,2359
8177,74.57,Refunded,2025-08-28 08:14:24,f1c1085d-5e62-4cd6-aab3-bd63a19e32cd,9018
8178,112.47,Refunded,2025-04-14 02:58:30,72782114-3e33-4ad6-bf1e-39ace88be784,9099
8179,175.42,Paid,2025-02-14 15:55:47,355802b9-f30c-4777-ba53-3dd826a52883,4934
8180,63.17,Paid,2025-06-19 08:40:28,cb8a0c4c-30bb-4733-9fd1-75e72377b5b4,4529
8181,70.52,Refunded,2025-04-12 21:58:32,379b02d9-d6a6-4a05-b7d8-ea3aa4ccca19,6819
8182,57.94,Refunded,2025-05-10 21:27:28,ecfadaa9-3cac-4ace-b0ee-4d1d5063b3ba,7668
8183,193.02,Refunded,2025-07-24 20:52:23,1a34791d-4985-4c9a-9670-bfad26e5d44c,5803
8184,72.6,Paid,2025-01-19 09:34:40,066ecc3b-ea11-4e8b-838c-4ee3d39d94a7,6008
8185,111.1,Refunded,2025-08-15 02:09:53,0552a929-6956-491c-be76-60a0623d6e21,2879
8186,80.35,Paid,2025-02-20 15:01:23,096a01ce-7af1-491c-98b0-64089e80be71,1502
8187,123.74,Refunded,2025-09-03 16:02:37,3064de2d-5409-4e5c-bd99-559a6bc19d44,8092
8188,194.65,Pending,2025-02-20 07:37:21,bdde6c06-1d63-4b9e-b0ca-58b947f2914a,4410
8189,111.87,Refunded,2025-11-18 18:04:13,a2a5c3c4-025f-46ba-89b3-6b3b0d49b0e0,7774
8190,54.27,Refunded,2025-11-09 17:15:14,db79f782-8e28-4069-a16d-5985b696ac40,5458
8191,133.04,Pending,2025-08-18 02:13:58,b39a8bd6-00ad-4706-b9bb-871336cd7215,4028
8192,89.9,Refunded,2025-08-16 18:08:01,e5211d42-e524-4a44-8506-cb407ea6ef5d,1490
8193,73.17,Paid,2025-07-30 12:46:05,85c13628-9aba-44d2-8073-9c1bae9a2139,9202
8194,53.74,Pending,2025-08-25 21:13:25,3921d764-3431-42a1-a53c-11d2988ffdec,177
8195,65.94,Paid,2025-09-28 10:18:09,483dfaea-6a25-4f24-ab87-9800d84b0fc8,479
8196,202.96,Paid,2025-11-22 18:14:42,df797481-32a9-4ea4-8d52-7389438b961f,1468
8197,25.47,Paid,2025-04-04 13:31:01,8f514409-119f-409c-905b-9c18e9ac1760,1274
8198,29.85,Paid,2025-10-20 02:39:37,da277666-e87a-48a9-bd14-3d91ce727d15,327
8199,109.69,Paid,2025-05-11 18:42:26,7ed70f11-1e5c-43c4-bf74-740463e1e404,1911
8200,157.16,Paid,2025-06-21 12:01:19,ce1cb761-0d95-43fa-83a0-717dab834cf1,4083
8201,186.25,Paid,2025-04-24 17:15:53,1897f089-3b58-47a2-8a82-a3fc06f2a93d,2966
8202,30.73,Paid,2025-04-23 18:24:06,435f73f8-9e0d-4e78-ba6b-a3be6ec3fb15,4342
8203,134.57,Refunded,2025-03-18 22:14:39,71639696-859f-4d61-ad54-0e835238df31,341
8204,53.97,Refunded,2025-11-09 01:49:33,9212f308-eb0c-4ee2-b3c9-27a3f134d824,7014
8205,151.27,Pending,2025-01-02 23:26:03,634bf148-bdeb-45dc-b50a-e593f6bf424a,8401
8206,31.53,Pending,2025-10-15 02:28:59,501c1e03-35d9-4c0b-b549-e8d06463c109,4689
8207,78.33,Paid,2025-08-12 00:35:31,cd27037e-1c0c-491f-a670-95d986ed4f23,1607
8208,166.39,Paid,2025-03-10 17:38:01,0061ea64-34b8-4486-9daa-bc8a874c1bc6,277
8209,29.7,Paid,2025-03-05 23:28:03,24721dd0-f98f-46bd-be76-67f300e15239,7556
8210,76.65,Pending,2025-03-19 13:26:12,87771656-b708-484d-8a6a-f80cc18151ab,3409
8211,166.04,Pending,2025-04-07 10:35:54,b65ba2dd-2c69-4a31-a3ce-70887f01eeac,2423
8212,147.93,Pending,2025-03-08 10:41:36,8b52ec50-8e1c-48f3-a300-59c5013121ea,5734
8213,33.65,Paid,2025-04-25 03:01:19,7cb7d80e-55ca-49e5-922b-edc4b5f8944f,1597
8214,94.29,Refunded,2025-10-16 16:10:55,2ba25695-f0ad-41f1-90d7-2097a0764bb8,9116
8215,145.41,Refunded,2025-02-22 00:08:51,75dc7f96-0966-4d45-bcaa-dec71a2a7509,6899
8216,127.14,Pending,2025-01-14 22:57:20,31fbb5ce-18d2-49f4-b50a-642a92da0d96,9215
8217,50.4,Pending,2025-09-18 09:10:01,9dbd79e4-cf8a-4e0c-8cdd-c8131403c9bd,7600
8218,50.32,Paid,2025-02-27 03:31:00,d29442a5-a41f-483c-a233-08161544dfad,796
8219,208.01,Refunded,2025-04-04 02:57:25,2ad65433-b614-4a81-bb83-b5374b01fa97,8938
8220,62.74,Refunded,2025-08-29 19:35:30,1a8e7c97-dd1a-413b-99c2-55ab652a26f4,9252
8221,166.45,Pending,2025-08-05 00:29:35,52bed678-78fc-43f5-9403-3e8bbf793fb8,8341
8222,149.57,Refunded,2025-03-02 19:10:30,5bcd8a1f-0079-4db4-91a5-6c7d6db071cc,7881
8223,193.07,Refunded,2025-05-26 02:39:57,ddf74681-b547-4daa-b7d1-38abd03f4b04,4357
8224,22.41,Paid,2025-02-23 23:44:27,20ec8a73-19f3-4ba4-9708-18f98f257ef5,7248
8225,109.66,Paid,2025-01-08 19:29:35,0e3cd45f-6410-4e7e-82ae-6f8802b21601,3496
8226,54.54,Refunded,2025-06-04 17:42:05,c012cf1d-6790-4b38-9994-8378e12bddd6,5281
8227,197.0,Pending,2025-05-15 19:54:32,538d253a-ea90-4943-9f15-3424925f3c79,5557
8228,57.82,Refunded,2025-04-24 03:03:33,a7cc3601-4e1e-4f7d-90af-4f222cf44217,4300
8229,86.02,Paid,2025-04-16 07:57:45,613642a5-79cb-4754-b443-f67b61d854c8,7355
8230,67.47,Refunded,2025-06-06 21:55:35,da3a2b6e-93bf-46db-8a70-e7c5a06ec5f5,7125
8231,57.97,Pending,2025-02-27 20:08:09,77ca5b54-9418-4551-8e49-c034ce4f13c8,2673
8232,61.45,Pending,2025-02-06 10:30:40,3d0cdd67-ff04-4f48-b589-017dea3c0028,540
8233,61.28,Pending,2025-02-22 19:04:34,30df569f-c7ff-46c6-86e3-a8bd25ea5262,8962
8234,79.62,Pending,2025-01-01 03:49:01,db3887e0-4c27-498e-8619-4f6164f5c613,3823
8235,139.08,Refunded,2025-07-05 17:43:57,2c5fa59e-afe1-4b5d-b578-bd76e7d931ef,1851
8236,195.16,Pending,2025-09-05 02:47:15,ba5c600d-390d-4ae8-9067-6c9dfa04ba3f,8886
8237,130.46,Pending,2025-03-20 01:23:19,3d57459f-20ca-4d08-a09f-9ddb0f43240f,5626
8238,65.24,Paid,2025-11-12 10:35:35,2d41bb9c-0c36-4d1e-9373-38e770a518dd,1441
8239,172.89,Pending,2025-03-05 10:04:38,097f7108-855a-4d89-9f91-8e34590c799c,3302
8240,129.62,Paid,2025-02-08 02:39:16,bdc9c6db-f54e-4fde-b629-57c2653f1035,7361
8241,113.49,Pending,2025-05-04 16:37:36,6da80049-7ddf-4075-b798-d2b36597c7a7,7792
8242,177.05,Paid,2025-04-22 02:44:31,2a0a700e-8a67-4d7a-932f-b31de452b83b,6133
8243,201.08,Paid,2025-03-30 15:32:22,f04c6a06-db08-44c6-93a3-42f2519bd598,6446
8244,170.99,Pending,2025-02-07 04:36:05,d1068999-af60-4bc6-83b1-71a7af09f695,7880
8245,65.36,Refunded,2025-01-11 07:16:40,dea7181d-849d-453e-bf54-ed74cee9bae1,2131
8246,179.67,Refunded,2025-06-22 00:13:07,1a9a5453-837f-4854-9e66-e3e9bfdb247c,5378
8247,52.28,Paid,2025-04-10 02:55:20,9a58395d-dd9b-4ca3-951d-ea8c5492da92,9617
8248,147.81,Refunded,2025-04-20 08:42:39,7796bebf-163d-4341-a153-66d8215b27ac,18
8249,160.81,Refunded,2025-08-23 18:52:26,4073d240-0053-48c5-9c79-5d2b65a2ff38,2328
8250,149.14,Refunded,2025-09-16 14:09:12,2df4df72-105c-42fb-946e-498bcc301712,6784
8251,28.27,Pending,2025-01-23 23:28:37,cb321f5a-60cf-416b-b533-ba7deb6df376,2501
8252,161.3,Refunded,2025-07-02 11:22:13,ea329ece-c4d5-4b36-99db-caec629fe8ce,661
8253,160.13,Refunded,2025-11-02 20:12:14,9b5ad608-2f99-4bf1-a7be-4e1f2e2d2415,32
8254,106.2,Paid,2025-06-12 12:08:32,010f9236-009f-4fb3-ad5e-6d2639e17a49,5284
8255,181.39,Paid,2025-02-13 17:36:02,65e70919-ba80-4980-977f-3894e7dc1942,8495
8256,106.34,Paid,2025-09-26 00:14:56,e9021360-5619-4959-a329-001818dcadf7,2059
8257,199.42,Pending,2025-09-14 21:56:10,447c1c1f-9c70-4812-8ec1-a5da4a71c4c6,7362
8258,185.98,Pending,2025-06-29 14:16:03,e187ed44-040c-473a-b5e5-61a088a40638,3774
8259,88.52,Refunded,2025-04-28 13:23:56,e6932727-3ee8-430f-ade7-85e62dcf5cff,9963
8260,194.58,Refunded,2025-05-18 01:59:58,afced891-7457-4c6c-b9b3-b8d3e466d486,2462
8261,145.95,Pending,2025-09-26 10:07:54,d65b4cc8-71a5-43b7-9192-a76884c8d218,6836
8262,33.13,Refunded,2025-10-23 07:14:26,bbdbd817-3ea1-4193-9844-51c3e64afa96,5138
8263,74.91,Paid,2025-07-18 21:20:12,c3ac3e06-1354-40d3-ae24-ee36dd1d9d42,5805
8264,103.26,Pending,2025-02-06 03:15:00,371ae57f-d324-4ea4-b3cf-d2bcec861682,3260
8265,200.56,Refunded,2025-02-26 13:12:55,85b17c75-614d-423d-834d-8e757f58456d,1865
8266,76.39,Refunded,2025-02-08 05:57:55,43e2def9-6343-4435-bc71-f37458f10557,4299
8267,119.88,Refunded,2025-04-25 05:17:56,cd703f45-83e9-4b88-8b63-da5639c806ea,79
8268,104.74,Refunded,2025-07-25 12:14:13,7949a2c6-bc87-4c90-af07-7e28b1cfad93,1807
8269,97.66,Pending,2025-06-24 00:00:14,d2e902c9-f8fb-48d4-80d3-1115468ada8e,4359
8270,118.62,Refunded,2025-03-28 22:03:00,924b39d4-7041-4ddd-a713-3c629f967fb4,2720
8271,88.44,Refunded,2025-10-10 11:40:12,c5a3f875-bdef-45c2-b67f-592949d68dd5,6653
8272,64.73,Pending,2025-01-25 01:32:00,b29d066a-d945-4070-8bd4-09bd7fb35215,4197
8273,76.67,Refunded,2025-04-23 21:34:49,c8f6f47c-9f01-4a3a-947b-49d68dc1f9ae,9535
8274,150.29,Paid,2025-11-20 03:32:48,0074ad6c-5145-4d4f-bd5a-fd1917c4965c,4392
8275,142.71,Paid,2025-07-20 13:27:43,f4e92dc4-0e3a-431a-81d1-e7e09c935a49,4590
8276,113.9,Pending,2025-11-22 13:53:42,fd999b5d-4939-4696-8e41-c31096ad01e9,8842
8277,150.03,Paid,2025-11-13 00:50:24,24e62ff4-4d4b-4233-b5d7-8aadafc33ef6,7155
8278,93.81,Paid,2025-03-21 13:52:56,f6133a67-8e93-4232-9659-4c593727798c,4111
8279,164.62,Refunded,2025-02-04 02:17:11,b5ad7ec4-4bbe-4464-9e67-1f012231edbb,7659
8280,123.23,Pending,2025-09-19 05:11:21,30cee592-f776-44fa-be58-e90f844caf9d,3055
8281,108.03,Paid,2025-09-07 20:57:16,3f4140da-7bae-4d29-8180-2549c1ed92e6,5082
8282,30.69,Refunded,2025-06-15 07:54:15,a5c73006-15c9-4703-aae8-a0a93adca3d8,6946
8283,77.6,Pending,2025-06-27 10:43:47,a7e6aaee-d043-4331-9a0c-7cceb9c94e64,7752
8284,109.21,Paid,2025-09-28 06:12:55,468a7a9e-f9cb-4bcd-9847-3abec371b247,5321
8285,48.25,Paid,2025-08-02 16:26:03,260f5e1d-a020-4a53-b5f4-7f5270246a56,2610
8286,167.65,Pending,2025-10-24 03:53:12,e9542a16-b81d-48aa-82a9-285f19bf0ed6,2087
8287,37.62,Paid,2025-01-20 00:33:55,07ddcc31-2c4e-4045-9b91-8553bb1e279c,8407
8288,110.95,Paid,2025-10-21 11:16:33,a264a55b-d64c-4ea4-a497-0243f3c40615,5434
8289,98.25,Pending,2025-03-27 16:36:26,b94ee9f4-2398-49dd-a793-fdc4faf11aea,2977
8290,169.32,Refunded,2025-02-22 14:17:14,b373d557-541f-4da3-b1fc-02e163d6a00d,9821
8291,201.42,Paid,2025-04-17 03:43:54,be92e0be-7972-4987-a909-efe96299aef3,4343
8292,76.79,Pending,2025-02-01 16:30:28,bf7ca454-afea-40a4-86e4-3858d8740d5c,9169
8293,23.64,Paid,2025-03-13 04:28:58,22c7a4de-f08e-43e1-a414-2560c583b04e,5831
8294,173.52,Refunded,2025-02-25 12:41:51,3d16e2b4-30cd-4dac-8cec-e86ed3d11d1a,4516
8295,149.04,Refunded,2025-05-14 02:37:37,491c1209-2fc9-4e5d-bd97-1e6b22dd7640,7384
8296,35.49,Paid,2025-11-09 18:11:53,70f6fa48-9f11-41df-b506-0c421fe6a3b2,5801
8297,154.49,Refunded,2025-09-13 20:05:19,53399244-1810-4163-a8f4-b488fdca458b,7223
8298,172.25,Paid,2025-08-17 07:42:25,0fca2f04-b8ae-486c-9f01-f1585d1cefc5,216
8299,205.68,Paid,2025-08-27 02:45:50,d600936a-51ee-429e-8b7d-e1c5e895dbc6,8249
8300,148.88,Pending,2025-09-30 10:18:20,8adcbe88-f1f7-4cc0-a4a3-07bc2efe8118,7852
8301,93.49,Pending,2025-07-21 16:55:28,046fb9ae-4cf7-45bb-8654-4352d68fab2b,2239
8302,91.22,Refunded,2025-10-28 18:41:53,4ffebec6-2ed5-4624-9dd0-49a95ca83314,2896
8303,172.3,Paid,2025-02-04 13:04:32,05283208-0f25-47c1-9c87-fa56b94db538,4538
8304,129.89,Paid,2025-02-02 23:19:08,d3b30a2c-8f7b-4245-98b0-7eb9c42eecaf,2846
8305,120.6,Pending,2025-05-27 09:36:51,36708e46-ab01-4937-8ecb-6c8140b3207c,5477
8306,130.71,Paid,2025-05-01 17:11:06,c2a13a74-79c5-41b8-b91d-f088da723385,4052
8307,35.82,Refunded,2025-02-14 10:01:55,14e386ac-d238-483c-b249-622196643e6a,7110
8308,47.26,Pending,2025-06-01 22:20:09,e9b53192-c713-463d-942d-9a1758f7f42e,9298
8309,174.1,Pending,2025-05-05 21:20:31,f83334d5-8858-4135-8fbb-d756d22f8bc4,9761
8310,91.96,Pending,2025-11-22 14:32:41,265a0214-f8f9-4de9-b9fc-90998427a4dd,6257
8311,83.5,Paid,2025-08-30 05:13:01,f7862c32-fc1f-4625-be19-1c0707097d2f,444
8312,62.47,Pending,2025-10-20 01:14:52,0786324a-7bbf-4005-889e-ee6d86990fb7,7261
8313,76.56,Pending,2025-06-11 02:40:00,7e35ee6c-009d-4118-b629-3ebbd79a0970,5163
8314,171.1,Pending,2025-10-26 02:15:21,28c4f31e-d434-488b-bd92-bde064eed740,473
8315,98.26,Paid,2025-11-05 06:17:00,b464d3bb-8f70-457a-8c57-c83a41f383bb,8295
8316,108.28,Pending,2025-03-22 05:45:52,82f4d51b-cf22-488f-84bd-8060124da808,1238
8317,139.55,Refunded,2025-06-25 01:30:43,d6033923-6c65-4b24-8ed9-f6fd1505b9d1,1603
8318,107.19,Paid,2025-06-07 12:34:21,f0a3723f-e4b6-4015-9cb1-f68f933d13c9,8793
8319,56.42,Pending,2025-03-03 03:43:23,9c7ceeae-38e3-48e1-a643-28eb2e4fdd3c,5866
8320,180.74,Paid,2025-04-15 11:14:25,e4021263-43b0-458d-bdb3-46ddaf03907c,2016
8321,127.12,Pending,2025-01-20 09:18:31,291dd978-ff2f-4573-a557-299609727106,4060
8322,189.36,Refunded,2025-04-09 17:48:04,9cbcb0e3-82d0-4e68-8080-35cc2caf698e,8521
8323,85.03,Paid,2025-02-09 06:46:49,890a1c4a-3983-46e9-9cf3-c36fb993d781,8745
8324,200.07,Refunded,2025-09-25 22:05:12,21741492-afb1-47a1-9b99-dcd6d388a2de,610
8325,150.82,Paid,2025-11-05 17:14:59,f725710b-a63d-4efa-9541-8ed91b581ed8,37
8326,152.53,Paid,2025-10-16 20:59:51,428eb2f8-646a-44be-9df1-874c30de4dfe,1609
8327,208.41,Paid,2025-01-16 13:12:45,1ee5ef05-81ae-43ae-ac14-188c21f77783,1429
8328,53.09,Refunded,2025-09-13 19:05:04,beef5592-e250-438f-9ee9-3177b023b269,863
8329,206.61,Refunded,2025-09-15 22:55:27,c539bc8f-b9a5-48e1-b09b-cff4c43f02d0,8249
8330,90.83,Refunded,2025-04-18 22:02:56,8ef8bd5c-9520-4749-84cf-ad0f5b4e2268,1136
8331,101.15,Pending,2025-02-25 17:03:21,615257e8-60e9-4f46-93eb-b29a9a337c7e,8972
8332,46.6,Refunded,2025-03-26 22:02:51,3ace3f02-b893-4109-bd97-e3db5e09ab83,2479
8333,154.66,Paid,2025-01-20 14:05:08,60e99b7f-f2c0-404c-9587-16920654e5b9,8890
8334,30.85,Refunded,2025-02-17 20:35:55,46a0c233-5e78-4a0a-a602-7b8e246b6afc,4349
8335,134.42,Pending,2025-07-27 17:15:09,1a7790a8-c5a2-4a6a-9996-ebf148b6c440,3914
8336,65.32,Pending,2025-06-29 04:48:57,70d38764-101d-4635-bf5e-fda22110a336,8746
8337,177.47,Pending,2025-06-28 17:39:08,c4bfb134-e3d6-4697-835f-192915a1f110,5240
8338,67.82,Refunded,2025-07-01 06:05:06,7d50f799-cb78-423b-ad36-a7dc21e41e32,6379
8339,49.02,Pending,2025-09-14 15:47:45,fe9b39d9-ff64-4c85-97e4-4e0b7736011f,1616
8340,167.68,Paid,2025-03-07 17:08:31,ee80ad59-06a8-4fa9-9d50-0468cfccaf18,1788
8341,66.74,Refunded,2025-06-22 06:02:24,574e8112-eb7b-42a8-ae6e-6851f7bbcfcf,8771
8342,33.04,Refunded,2025-01-22 03:31:41,0a281c06-cd20-4478-ac5d-0f9be4cc9d4b,2010
8343,109.76,Paid,2025-06-10 06:30:09,0924fab3-bd86-432b-af6f-b3ad0db08077,7524
8344,29.56,Paid,2025-04-15 23:55:23,5b386334-231a-491f-900d-d749c1edbb20,8838
8345,68.61,Refunded,2025-07-29 19:06:48,8577444c-96f2-40a5-b024-afe580e10ccb,5557
8346,196.84,Refunded,2025-04-14 03:42:41,c3651102-ea7c-49c7-a86f-8e7033bdc168,3339
8347,179.84,Paid,2025-11-02 06:02:39,19b7f8c8-2cc7-4c68-aa66-0c3570084355,4906
8348,195.89,Paid,2025-04-30 21:23:22,f7fa57b9-118d-4920-8ad5-5b064fa7f3bf,8395
8349,39.92,Paid,2025-07-13 15:30:32,6bb2a2d3-5200-4583-838e-d8fc691343a0,4197
8350,43.36,Pending,2025-09-11 10:34:02,1d4d6333-bc92-4c75-ae22-0d48b1528265,1682
8351,48.26,Paid,2025-02-11 12:47:44,31a7eb71-4e64-4245-b5cc-b9084c82d657,1575
8352,72.25,Refunded,2025-04-24 06:45:30,4ce8605e-9a72-4958-a638-4b072977212d,2506
8353,152.28,Pending,2025-11-02 03:58:55,fe04ad41-7b93-49c8-9acf-c09dc1aba77a,4144
8354,125.74,Paid,2025-02-10 19:50:42,a5b2b74a-814f-4f89-920a-c53286641dec,8626
8355,148.94,Pending,2025-01-21 15:30:29,fa41045e-0877-4e99-8884-ac14e6e6b386,8535
8356,27.53,Refunded,2025-10-28 13:16:03,8bff6162-4c8c-4ce1-b87e-f67cdd5d179a,4706
8357,115.92,Refunded,2025-06-05 00:28:25,4516a8aa-5f8f-4049-8acd-012e97ac6126,6662
8358,44.44,Pending,2025-06-12 19:05:11,77e5a1e0-685f-4c17-80f6-9c6d05854581,4920
8359,103.15,Paid,2025-07-25 17:05:39,572a9d95-4af6-4746-a6ca-25b5ef2d1c8f,7881
8360,195.81,Pending,2025-04-16 22:28:43,4f643115-a72f-4f37-addc-cca4822c748b,9055
8361,56.4,Paid,2025-09-27 21:09:40,66060f9d-3d9b-4c4c-bde3-9a149cc44d7b,3445
8362,175.96,Refunded,2025-06-28 19:44:50,287878d0-64b3-4fa1-bd10-3a3a6b507446,6293
8363,177.31,Pending,2025-07-18 08:45:37,7bf60902-e7e1-404b-aee6-baeddfdc4eba,6731
8364,94.43,Paid,2025-01-10 00:23:05,55da8f37-1240-4f35-8fb7-dba01558f78c,7009
8365,38.18,Paid,2025-06-07 11:45:55,16f24536-05e0-4142-810a-56a384c244d7,1133
8366,77.34,Refunded,2025-01-05 15:01:37,9c14f9f1-88f9-4977-b6c8-881fc3083522,8216
8367,97.6,Paid,2025-05-04 17:32:29,95d5da39-32e3-435b-80c0-02d5137dfad7,5852
8368,101.85,Paid,2025-05-16 10:43:10,92a75afb-0a84-49c0-912c-ab09135dc0d3,7889
8369,49.06,Refunded,2025-11-17 23:01:33,70a49b96-190c-4028-ab70-a7d478a2c2c2,8304
8370,185.9,Refunded,2025-07-26 21:50:41,0eed8a7d-7ba7-4be5-ae50-5c1b5c89b70f,1899
8371,174.96,Refunded,2025-09-17 19:45:51,6ebd505e-413c-436b-9fc8-a77cafdda0d2,4141
8372,80.88,Pending,2025-03-08 23:51:57,10868c47-02b8-4868-af10-4fa864b487c4,5872
8373,136.38,Pending,2025-09-08 03:41:33,53cd0f6a-82ec-4ffa-aaf3-b48173216795,56
8374,165.41,Pending,2025-05-05 10:42:12,48a44498-3590-44b3-b362-a1d7e596b714,7440
8375,41.69,Refunded,2025-04-11 13:39:24,f1b18379-5c90-4217-8607-f298ff6316ba,844
8376,202.4,Paid,2025-08-21 04:55:09,ec1d2052-ad68-4309-9c03-72675bfdfc18,1467
8377,136.52,Refunded,2025-08-02 02:05:13,1538650a-d712-468f-81b3-651f6a3f90a4,5054
8378,51.64,Refunded,2025-08-10 22:01:13,a4ee3066-d3e2-47b4-9df7-33e852ee9d48,1455
8379,190.6,Refunded,2025-04-07 20:32:19,979380de-af59-49f8-83a2-a7b490c5b946,3554
8380,58.0,Refunded,2025-06-21 13:33:51,a8dd3c1e-0970-49fe-b8a8-db704de5fd26,7213
8381,22.77,Pending,2025-04-04 06:44:11,93346ce9-dfc9-4dcf-bc23-453f755e3c68,2833
8382,91.3,Paid,2025-08-02 15:37:21,bb3bd17b-100e-4431-b864-012175f1c20e,3456
8383,190.49,Paid,2025-03-08 09:37:00,490496f0-3554-4af8-8373-9cdaa41ff6d5,8560
8384,195.0,Pending,2025-03-25 14:04:40,36d493dc-e165-48c4-afca-751e4cad9e0c,1069
8385,136.13,Pending,2025-01-06 07:46:53,d8b89f28-4c66-458f-a4e9-5eeb455aa632,7768
8386,172.15,Paid,2025-08-21 12:56:39,4e6fe825-18c6-4c7d-98d0-7ac57325fb1d,1726
8387,33.32,Paid,2025-08-19 11:23:45,9fdd5eb8-6c5d-4082-8be0-6513f70c7a2d,1061
8388,97.59,Refunded,2025-08-20 23:31:09,5d29da03-761a-4b45-9005-ea655334ed0c,6010
8389,146.69,Paid,2025-06-13 05:38:36,f9c1b57a-f3ee-41a8-ae8b-b755365181b1,3938
8390,113.19,Refunded,2025-07-22 20:29:12,dfbeba30-435b-4272-a661-4d47729857ad,1606
8391,22.27,Refunded,2025-01-26 04:26:51,611cff60-607e-4686-966e-892be3bf86ef,6682
8392,160.8,Refunded,2025-04-09 23:40:33,314f9ffe-fb55-4fec-be9d-6a4fe1579354,6007
8393,127.35,Refunded,2025-03-23 11:31:39,7109fac6-04c8-4bb6-9a6b-47413ffa2e94,5865
8394,116.02,Paid,2025-10-24 12:15:04,cab29f5b-bfc9-4e72-b8fd-fbb130fefce7,9442
8395,25.56,Paid,2025-01-04 13:22:48,12bf26fa-bf8b-4f6a-a447-6f8349a8f8c0,3049
8396,150.4,Paid,2025-01-10 19:55:17,8cef332f-2258-4872-9783-092ec08f1f7b,4689
8397,161.25,Pending,2025-01-09 19:18:57,3af494e6-e565-43d0-a317-c30b569fc92f,7096
8398,188.73,Refunded,2025-03-03 02:58:12,dc28e0ba-df00-430b-b107-ce8306cc03b8,697
8399,197.09,Refunded,2025-07-17 01:49:11,fb550e6f-b13b-45cb-86b5-fc0e315d1e88,8011
8400,114.42,Pending,2025-09-30 04:51:14,d5168a6b-66eb-4d42-9bae-8c3f9ed03175,6772
8401,140.03,Paid,2025-03-05 21:00:23,4ce507ff-59dd-4c15-b34f-eb665dc3572f,387
8402,87.6,Refunded,2025-05-21 00:59:41,7d421fce-b9ec-4304-81d6-74e24f12b8ee,9969
8403,77.27,Pending,2025-02-17 16:15:24,d120176a-e9bf-4ac5-8dfa-a0d0363c14e8,1318
8404,66.32,Refunded,2025-09-16 12:51:54,69ecc1ec-59bf-4a5d-9925-3de9eef8aa0e,7078
8405,62.49,Refunded,2025-11-06 21:03:57,0e7f7902-672e-4417-a278-5cf28462ca33,2860
8406,146.18,Refunded,2025-11-18 21:32:49,87b4130c-5406-4c70-88e7-8bbab2eec497,7134
8407,89.52,Pending,2025-04-06 17:10:09,ab8523c1-6bf7-4734-abe8-b0c44b49acbe,7478
8408,31.6,Paid,2025-08-24 05:53:50,efa8f2dd-921e-4766-9b20-3fb13ccc5ae6,5366
8409,57.13,Paid,2025-11-15 20:18:35,8691038e-94a0-412b-a7db-74af4e5ff18a,8652
8410,100.43,Pending,2025-05-06 21:39:06,67efc534-7e2a-4f12-8e38-151214ed5223,4310
8411,187.01,Paid,2025-06-30 08:41:42,06015cd9-7f05-4b01-bf1b-ce29f45062ed,3335
8412,44.13,Pending,2025-01-01 16:40:04,08404b60-1bff-441d-ae3b-e846b4997519,901
8413,79.42,Paid,2025-01-22 00:09:25,51b14d66-7f61-4da2-bd82-4a9d98b58bfa,1394
8414,184.0,Refunded,2025-07-27 08:01:02,2103ed0a-ba9e-4c8b-a985-b2724dbe4390,7129
8415,30.38,Pending,2025-11-04 02:25:13,070664bb-89ca-43fb-aec4-322f234073da,4788
8416,37.9,Pending,2025-07-20 23:23:34,badb4cf4-ead4-4bd1-bfb7-d3e17601efae,2246
8417,79.39,Paid,2025-09-14 21:44:56,b69968fd-44a0-4e29-b284-e8d43a0a81bf,6376
8418,186.44,Pending,2025-11-16 02:51:21,92bf701b-5354-41c3-9c63-49049334922d,1795
8419,108.69,Pending,2025-06-19 01:41:41,c4ece66a-4b8a-4fe0-bacd-e19905e6d6a9,6364
8420,199.14,Paid,2025-08-17 17:59:16,4bf3a3e3-3adc-4a77-ba69-b6ba99327217,3188
8421,178.03,Pending,2025-01-04 23:28:14,fdf4aad3-69cf-467c-9b6b-134e40b92c93,5246
8422,165.41,Pending,2025-03-17 17:22:05,c5f737bf-e115-4235-a8df-0498185e5efe,5643
8423,194.85,Refunded,2025-04-15 17:15:38,4ed8d6b0-2ed8-42fc-a17c-4096f9995199,4940
8424,49.83,Paid,2025-09-24 13:01:58,28411beb-f415-4713-9a74-9ae65e4f1bc8,5235
8425,89.75,Pending,2025-01-17 00:16:24,73e1d8f4-5ae0-4d82-8248-d5c5e7b85195,5403
8426,130.43,Pending,2025-10-14 12:57:09,619e811e-fb13-414f-8808-08575e345cc4,6932
8427,61.41,Pending,2025-09-10 15:05:33,ec50ee9c-7931-4a68-bc1c-236f33ff4c89,4118
8428,158.76,Paid,2025-06-21 19:49:00,91436ff0-f2ce-4ebe-8326-daef64df96c9,2619
8429,87.89,Refunded,2025-11-24 21:26:55,945c2276-2c43-440d-93c3-4e5795775585,4733
8430,114.02,Paid,2025-04-22 05:26:33,51de2af4-0d76-4a40-a3d1-feb200f838aa,8877
8431,151.0,Paid,2025-01-09 14:03:57,a8a8ab80-5c9b-45e9-a4f5-320d6454bf71,3056
8432,172.8,Refunded,2025-01-26 21:44:35,c2bb77ca-577b-4bdf-89a6-b235743ac37e,5678
8433,182.97,Refunded,2025-08-08 03:23:43,d5a74d76-c9f3-42bd-9b68-03e355a8e888,6125
8434,68.29,Pending,2025-11-17 10:46:11,58b01547-58da-461e-a5cc-056cac92c09f,5508
8435,168.66,Pending,2025-10-31 23:05:17,65b4b93b-7d97-40cf-95f8-59d0f1feb53c,5703
8436,186.88,Paid,2025-03-23 22:12:47,71d50e1d-9d4d-4eab-83ba-134f634447ea,3416
8437,203.95,Pending,2025-06-15 19:08:44,55e0fbec-5f0f-43d8-bcf3-26eb803135b4,9668
8438,25.93,Paid,2025-05-25 00:55:22,a28fa607-f414-4ade-b9b5-243582e21868,4673
8439,46.17,Refunded,2025-04-16 16:09:11,b91bcae5-46de-44ac-9015-e6464705f286,3110
8440,120.97,Paid,2025-07-20 22:19:00,ecd35a64-0eae-4225-9a70-3ee0b0c17a9b,5989
8441,90.73,Pending,2025-05-19 17:07:27,33b81c8f-ce89-4da6-b0be-3bd784703d6b,6241
8442,184.23,Refunded,2025-06-06 09:34:52,9e0e3433-8692-4a75-8574-2480cf1e1059,5092
8443,161.14,Paid,2025-03-17 01:49:49,b045f439-74ab-406a-987b-970a39e30852,5707
8444,139.74,Refunded,2025-11-13 06:38:45,feb4077e-73a6-48e7-82f3-8f86f27cbe8c,9406
8445,131.46,Refunded,2025-04-11 03:36:42,436a1ffe-0fb8-4540-81a0-f44c5f6a4363,8076
8446,97.21,Pending,2025-11-09 15:05:52,3ed37e81-f47f-4529-872d-3db2841b0b26,9495
8447,65.98,Refunded,2025-03-24 18:59:39,c4ae2dbd-434b-4203-b0fe-6ded3ac7abb7,5522
8448,158.66,Paid,2025-02-17 21:56:36,dcfa3a98-9c38-470a-a4a1-e8ba08a2f11d,2641
8449,121.78,Pending,2025-03-18 16:34:20,e5d7265e-1c84-4f10-a5f9-a8b218bd2bdd,2281
8450,81.43,Refunded,2025-01-02 11:57:30,e3d64331-6848-4797-9b7a-bfbbebaa402b,9122
8451,183.03,Paid,2025-03-21 03:23:50,d2f4b761-29a0-4948-8f7c-ea997e45ddaf,7429
8452,32.74,Refunded,2025-10-19 00:16:20,2c691747-20d1-4c4c-9b0f-dfe31446dfd1,3282
8453,143.43,Refunded,2025-08-11 18:21:08,6361e19f-0711-4cf9-88cd-a1c86a72d049,5759
8454,54.89,Paid,2025-01-26 22:21:51,5430e3b5-50cc-4ea6-a9a2-464561f2c6d3,7087
8455,198.57,Paid,2025-05-12 05:25:41,eed7c781-31ba-4aab-bd01-268d498f6d0f,8762
8456,30.13,Refunded,2025-07-22 03:09:38,9088b597-ff03-4321-a6e5-28eaf4b518bf,2312
8457,83.87,Paid,2025-05-08 01:52:10,7ff0f238-9476-45bf-b22b-0b69e7802867,3424
8458,31.22,Paid,2025-11-19 03:33:27,41c4e03d-3937-4a83-81af-8df6954a8177,692
8459,128.28,Refunded,2025-10-16 15:43:14,d56cfd9c-c156-4665-adbd-3b3342f0fd4e,7452
8460,110.0,Refunded,2025-01-19 02:07:16,1db672cf-12ae-4d23-91aa-145730dc05c3,3471
8461,42.5,Pending,2025-04-24 05:56:52,f2e3cb3d-09b9-4677-8aa9-91a5dad524d2,1754
8462,143.36,Refunded,2025-06-23 01:09:42,37f1716a-31a7-4609-8bc3-b4cf4bec0884,8123
8463,53.13,Pending,2025-07-11 15:06:54,5a6a837a-4df2-4cdb-98f0-dcd39aa535ed,9645
8464,132.65,Pending,2025-01-25 04:11:28,e7ae6172-8927-4696-9c52-6ad379009a7d,7008
8465,120.77,Refunded,2025-04-15 20:25:47,198af458-a583-4160-8f9b-057c17dec554,5686
8466,200.34,Pending,2025-06-10 11:37:00,9af8e159-2c30-41cf-b732-25c29389db2d,8661
8467,200.98,Refunded,2025-02-25 05:14:47,cd67d0d4-96f2-4c4d-a345-25320c17b8ba,7568
8468,152.42,Refunded,2025-11-08 22:29:42,b6660d65-a438-4360-b45a-d0ba508e9234,423
8469,47.58,Pending,2025-08-07 09:13:37,d122cbef-be38-41dd-be48-5381c54d633e,2909
8470,171.72,Paid,2025-06-15 16:58:02,479cb39e-7c57-4d63-99a9-40fc42615ce9,4085
8471,121.43,Pending,2025-01-13 04:24:00,e71509d1-6061-4cee-8062-f51da0321525,4236
8472,143.0,Paid,2025-06-26 12:39:15,b7feaee0-9a59-457b-be43-b1aa8a5c34d9,2256
8473,207.53,Pending,2025-08-17 04:00:07,593f11a8-4c05-499b-977d-b6e05e71d356,4339
8474,170.32,Paid,2025-05-29 02:28:51,981dafd0-c32f-4a6e-93ae-90fed07f8adc,688
8475,129.31,Refunded,2025-01-25 04:01:43,67abdc4b-8105-4231-974d-71383debcddb,3353
8476,191.08,Pending,2025-06-07 23:17:07,5a76dc30-077f-4f15-a144-445be3dbcaf0,3365
8477,51.1,Refunded,2025-04-19 19:18:08,88d71021-9a72-4f44-8dff-b4df3b228a49,7694
8478,129.23,Paid,2025-06-16 01:19:03,b4def952-b56f-4e4e-b972-d0685c1822de,8019
8479,203.65,Paid,2025-10-23 03:13:49,296c5fa9-bde7-402a-b4bf-24cc6b2d044d,174
8480,148.8,Paid,2025-09-04 16:51:28,f7e7a923-7e2f-479c-be9a-cf73ff659a68,2211
8481,123.41,Paid,2025-07-03 23:12:34,e3604cb8-7c8c-4b5e-9b5e-5437bb14c11d,4706
8482,70.17,Pending,2025-05-05 01:53:58,24f179c3-c39a-4933-9880-ad6dbd255966,241
8483,182.94,Refunded,2025-08-16 12:25:38,5833173b-c38b-4d1e-b3cd-1cb65cc0bb48,5697
8484,151.05,Paid,2025-06-19 22:58:39,65c94244-a72f-4b33-94de-a5528280b6e8,4126
8485,83.76,Pending,2025-01-10 21:45:30,c25c249e-8749-47ff-9695-2ecf7a08d793,3707
8486,74.28,Pending,2025-06-15 11:57:57,a375aa85-dc0b-4c16-b86f-a2128d2b23e4,8384
8487,141.47,Pending,2025-05-16 20:53:15,46adbc4c-9876-4573-b71a-13417987c23a,3581
8488,157.76,Pending,2025-09-26 03:25:10,e8bb6d2a-dbad-4a5e-a0e0-51bce59c3f85,9593
8489,156.38,Paid,2025-04-13 15:02:29,24597114-3c78-4547-b34c-1ce6e2d7c20e,487
8490,76.75,Refunded,2025-04-28 20:27:25,776cc71e-e989-46c6-be87-62ca32dbf321,2242
8491,183.25,Pending,2025-09-29 04:24:51,d0f916c5-2984-4835-8e09-11ca6f7137cd,9823
8492,102.41,Paid,2025-11-16 18:19:00,ffcfb306-e936-434d-8417-83f786d7d598,7185
8493,53.55,Pending,2025-11-15 16:18:36,a0bb08e5-afc6-4fde-982c-30cf23420001,3965
8494,94.82,Pending,2025-01-24 16:52:38,a6801da9-da81-4d6c-92fb-59680d6b1eea,854
8495,202.09,Paid,2025-01-16 16:22:07,0cabd320-8ece-478b-847c-0c3ba5900954,3698
8496,24.73,Pending,2025-08-16 01:26:59,87da1cab-8ee0-4052-a2ed-316b32e451a4,1049
8497,79.52,Pending,2025-05-11 03:53:47,32908e0d-d4d4-4e24-9f2f-58be92809c1c,4034
8498,94.0,Pending,2025-05-07 17:50:56,cedc954e-3127-4146-9b34-444edb95d670,3227
8499,186.02,Pending,2025-01-30 14:14:44,e25fd400-2a76-4ff7-a748-a35127492cef,8402
8500,156.17,Pending,2025-02-28 03:42:31,9a206ae5-5698-4e29-a557-fcfca24507b5,4257
8501,198.73,Pending,2025-02-18 13:16:54,ada888d3-21f6-4aae-9aa1-9f173ba8b172,8569
8502,67.11,Refunded,2025-08-13 14:18:25,6acf12ba-3454-416b-8b26-f91d7c2e6a14,5006
8503,143.27,Paid,2025-09-20 00:40:57,68eca113-74db-4c3a-aa21-56fe8af0916c,9026
8504,50.1,Pending,2025-11-14 19:11:26,2649a0a3-0732-4fe8-8540-2e489f0c0e70,1301
8505,72.18,Paid,2025-03-25 08:27:02,637c4a2e-e171-4fc3-809e-e1e86273eb9e,3710
8506,33.58,Refunded,2025-07-11 21:32:44,2bec4327-6406-4d47-8f4b-041da87768cf,2521
8507,42.91,Refunded,2025-11-13 10:20:16,f3d5a08f-4393-468a-9796-2c65305f1251,9118
8508,152.64,Refunded,2025-03-31 09:44:36,0e3c3202-ddc3-40db-8e50-ae5adbdb19db,7520
8509,33.85,Paid,2025-03-10 17:25:50,958deacd-91ab-463f-9c5b-642e658986c6,3347
8510,131.53,Paid,2025-04-03 16:14:31,57633e99-6143-4943-be04-2a9b3f969917,7502
8511,34.25,Pending,2025-01-27 07:24:29,a09055fd-c772-4b0d-8a22-9f89a336f74b,7525
8512,91.8,Refunded,2025-11-21 01:53:52,3ae799e3-ba9e-43bb-be51-6308d11027fc,8620
8513,35.76,Pending,2025-07-04 10:16:42,4f45052d-71f8-485e-adc9-5ea146d4bc90,879
8514,136.42,Refunded,2025-05-03 03:52:30,e1212907-aee2-4514-b46e-322c6ee2ead7,1948
8515,133.29,Refunded,2025-11-17 15:06:36,89f8e98d-a606-45fe-ac50-41ad7e68deab,6629
8516,97.56,Refunded,2025-06-15 06:57:43,20cc0a83-4209-4551-8be7-7fe02da64856,9951
8517,184.61,Paid,2025-01-08 17:06:59,a8de67ba-790a-4018-aeeb-91d7c96b8650,2052
8518,136.89,Refunded,2025-03-29 13:31:18,657e0797-1f33-42a6-bcb7-b5ce9245526c,7257
8519,190.5,Paid,2025-10-29 05:31:20,eada100f-7b69-4c1c-b8e5-8d4ba4f39731,9596
8520,97.49,Paid,2025-10-17 21:40:21,1d8abf79-dbf7-41c6-aa3a-8fe4149a740e,9952
8521,131.04,Paid,2025-08-29 01:37:54,68db3879-2b0b-4e98-ba47-6442f2af687a,3414
8522,115.8,Refunded,2025-01-11 09:03:03,ca8e24cb-8ee5-4a70-847e-7261a063b7bd,6514
8523,52.8,Refunded,2025-09-26 09:49:47,c1f24cec-ba1b-4483-bfdf-cc4229c83021,6063
8524,151.85,Pending,2025-04-05 00:51:10,60873de6-6df2-4f71-9187-2bfba04f51bf,9273
8525,117.07,Refunded,2025-07-01 00:16:45,5036660f-4d1a-49ba-a0a6-5073bfe568b6,6480
8526,120.0,Paid,2025-11-02 07:40:58,e064381e-6f23-461c-8c4c-e548ce8ada20,7442
8527,89.74,Pending,2025-04-12 17:02:35,dc529087-ec18-4e65-8042-e663f3fb3332,7042
8528,40.82,Paid,2025-04-04 02:29:30,a0470bdb-3ceb-4721-96d5-cc5507e06cd7,3498
8529,158.51,Paid,2025-03-24 02:45:37,2ddecb30-1d5d-458e-a9a7-27983abbcee4,7896
8530,26.59,Refunded,2025-06-06 03:16:15,b58095fd-36a5-42bb-b46f-1887b1b4cb4b,3443
8531,89.22,Pending,2025-04-06 20:26:06,c0326747-1741-4aed-9936-e76debb11fb2,965
8532,88.31,Pending,2025-06-21 04:24:49,242c034a-a4a3-4f71-b0cd-029e17c0ba25,3925
8533,52.22,Paid,2025-09-15 23:05:45,0d6f03e1-747f-4eb7-b54e-69cb28d47151,3462
8534,69.32,Refunded,2025-01-05 07:26:35,9779c657-b5ca-4922-aff3-2129b6518461,6273
8535,97.36,Paid,2025-08-09 19:42:49,4cf5534c-9be7-4ca7-bbc5-da29d8e866a2,7652
8536,155.13,Pending,2025-03-10 14:41:21,f62589d7-1a61-41a5-8fd5-3cca6055483e,3952
8537,48.97,Paid,2025-09-25 13:43:40,4bb58161-0ee4-437e-bae8-fc85d9b514f3,2906
8538,48.52,Refunded,2025-03-15 01:00:12,4dcdc5eb-0216-486d-9b91-54f21d9388e7,5462
8539,92.52,Refunded,2025-06-08 04:36:07,3ca34903-262c-4eed-a13e-9a71a843c94c,6955
8540,30.89,Pending,2025-07-25 19:03:52,07b24dee-547d-4787-a8f0-f034eedb70ef,2550
8541,141.54,Refunded,2025-04-05 23:53:26,d168669f-a3ad-4174-88d0-e46ad9410b45,4930
8542,181.59,Pending,2025-10-01 22:48:36,c01ceab3-05cd-4a47-af84-65b9d8af4e26,7871
8543,114.74,Refunded,2025-08-26 21:01:29,c27195ec-d11e-4e15-8575-07d6a15bdea4,3202
8544,197.49,Paid,2025-11-06 03:36:35,6c6f17f8-e0c9-401c-a91a-4783de61be14,1297
8545,118.26,Paid,2025-07-14 19:41:12,f1675e2d-7596-4865-9026-a842a02d9bac,9753
8546,181.5,Pending,2025-06-22 22:57:49,4bcd74c9-4feb-4040-bea9-3db9deb9ad3b,1446
8547,105.4,Refunded,2025-09-21 11:02:13,7dd9a37c-f69f-4f69-b9c1-cdb767a09c6d,7702
8548,121.93,Pending,2025-10-22 11:01:28,ad40b2d9-0584-43b9-91d6-dde4024f719c,1294
8549,187.32,Refunded,2025-10-02 17:34:21,78755222-fc56-4240-a464-24642e594266,8322
8550,132.32,Refunded,2025-07-14 01:25:45,9a05e386-7b51-4778-a149-4056b3d27a63,3375
8551,43.81,Pending,2025-02-23 23:44:02,cc24775f-004f-4045-986b-51b8f22257fd,9598
8552,180.15,Pending,2025-11-21 02:58:59,8d0b4b1e-722d-4a9d-b8bd-07faeccbc0a1,6070
8553,64.89,Pending,2025-11-06 21:47:56,3dad2311-66a4-4a6f-b600-bd03af8cabc3,3333
8554,120.73,Pending,2025-02-19 06:06:45,d8301180-7f0c-4444-a736-1a1f153928cb,2523
8555,151.79,Pending,2025-02-14 02:06:37,e9bf6026-7a51-4896-a982-d8f077de9251,4509
8556,72.58,Pending,2025-07-31 08:20:48,4e8dd613-85ba-42a9-bc26-13aa89988f0d,6930
8557,66.44,Refunded,2025-07-30 20:14:19,fcc50dfa-f97c-49d8-b9dd-12d54c414494,7727
8558,75.84,Paid,2025-05-27 11:34:48,24687a48-051b-4f9a-8438-0d1e209c3ac3,997
8559,167.41,Refunded,2025-10-31 14:54:39,c5aae2f4-8e12-4235-81da-36630d5c861a,7107
8560,184.9,Paid,2025-03-21 18:01:14,64039b54-d7dc-46a4-bee4-fd6fde1876c2,3487
8561,53.04,Pending,2025-07-24 08:26:35,07c3dfd1-aec3-43e6-b5b5-9d2236a3dc3f,9155
8562,144.39,Pending,2025-01-13 09:48:35,ed011d67-6eed-4a2e-811e-2f4c9d64f9b8,3645
8563,39.18,Refunded,2025-06-18 09:10:27,71f08b84-1f9c-4c51-891d-fb2d04ecc606,4586
8564,50.99,Pending,2025-09-14 02:39:15,d6053a9b-191d-488c-aa9d-b4c283835697,1039
8565,99.36,Pending,2025-04-29 02:20:53,b00cded8-44e0-4113-a258-ec911774fa36,2449
8566,54.55,Paid,2025-09-13 22:24:55,de93f7dd-cac7-495d-bbbd-5cf3e0d04771,1452
8567,102.97,Pending,2025-09-20 12:17:00,381455f6-7a52-4172-a774-d83405276b97,9655
8568,123.28,Paid,2025-09-22 16:51:43,e62d20d1-3b8e-483f-8ccc-3362d42f3b07,550
8569,144.39,Refunded,2025-08-03 03:19:45,516f443f-7362-41b7-bb05-ed192127c051,5841
8570,97.78,Refunded,2025-08-04 16:58:35,9162d32f-cdfb-4e1c-b4f8-f75fd2858b69,7667
8571,116.43,Pending,2025-01-21 11:12:21,662d5187-bc97-4ca0-8ad0-0769d1cfb8bb,4888
8572,59.65,Pending,2025-09-22 01:04:39,548d5d40-0bfe-4137-b6a1-276b3b8cc216,6726
8573,202.6,Paid,2025-04-17 06:31:39,5f1a80ca-ddc4-42c7-9b62-98b82a8ef30f,781
8574,52.71,Pending,2025-03-10 01:03:41,0b93412d-e5a9-486f-99cc-f6c4cd0aa78e,5682
8575,134.8,Paid,2025-01-30 11:15:01,3e0383aa-5757-4633-a13e-3818af30c4fb,403
8576,162.66,Refunded,2025-04-03 09:28:06,4aff4527-e63d-4310-9efc-0c9f5df8ee25,8539
8577,38.32,Paid,2025-08-07 23:34:31,6a5a6940-5c5d-4ab8-be96-7f534dcb60b1,1469
8578,20.82,Paid,2025-01-25 15:37:58,a9d195fe-0892-4c54-a1eb-52384e8ab8fa,7676
8579,106.42,Refunded,2025-10-04 06:59:30,832ce306-f8a9-4179-a44f-215c643857d1,7289
8580,96.46,Paid,2025-09-09 00:05:06,b8fa39be-048d-4eb9-a7a5-1fe6e4ba7b3d,6903
8581,89.67,Refunded,2025-01-10 08:28:43,5dcdc04c-843f-4994-9cf8-c9bff4624e83,8269
8582,108.96,Refunded,2025-03-24 03:26:35,b46f0d36-1134-48da-8f09-8145f1779fcb,9025
8583,69.74,Paid,2025-08-31 21:08:05,6e19d41e-d6d3-406f-a361-8d6104bfb9db,106
8584,186.69,Pending,2025-06-29 05:42:39,76557096-79ab-47d0-b2fe-c8e0b9990ed3,165
8585,187.18,Refunded,2025-05-18 04:05:55,0f1fda80-5f9e-4867-b3fb-5ace9502ac3d,574
8586,156.41,Pending,2025-03-27 00:00:23,4cd3aa5c-552d-4a62-a839-b073072a1d16,6662
8587,93.02,Paid,2025-04-24 07:24:09,5932da96-1518-43c7-8dcb-797862d3fa0e,7658
8588,166.7,Paid,2025-07-09 08:39:05,c4a9943e-a858-4532-8cd2-5a18c4167993,1599
8589,43.05,Refunded,2025-01-02 22:24:57,56444884-dea5-4dee-ba82-a5382ee944b0,5842
8590,142.8,Pending,2025-06-18 06:24:36,918ef264-7f0b-4103-b5d1-c16c303e7cef,8094
8591,104.88,Pending,2025-06-30 00:13:19,a8d740f8-fe99-4d92-9de4-867cadfa7185,2503
8592,119.29,Pending,2025-04-07 12:57:07,1ad6ee82-831d-402f-8062-d7e97f03d012,7263
8593,107.85,Pending,2025-09-26 03:45:20,4020273a-0a05-4c5b-a1f9-d2670b662beb,1740
8594,116.23,Pending,2025-08-23 12:23:31,f16b27b6-f2f0-461a-afe2-4733743faf38,5656
8595,38.89,Paid,2025-10-03 12:57:02,733e0c3f-bcde-4738-8c7d-9ea2d6bd166f,2327
8596,36.98,Refunded,2025-04-07 08:52:13,b4936294-3af3-4865-b1a6-07b5945301fb,7101
8597,106.54,Refunded,2025-01-27 01:20:16,e97f0d74-54ca-4a98-abb5-3b2b1548551e,1709
8598,160.49,Pending,2025-09-28 09:55:28,641d4428-433e-4559-98a3-e60a009bdafa,2297
8599,36.85,Refunded,2025-01-30 04:09:55,604ae300-51c2-40a1-b59d-6e569fb40f2c,2209
8600,110.85,Paid,2025-07-01 17:46:00,3dd41eba-7192-4ee6-915d-84cd2d9b9370,3295
8601,71.84,Paid,2025-05-09 20:30:00,efb9388b-7221-4474-ab73-ec2b07590e98,8349
8602,158.62,Paid,2025-03-10 02:53:40,f3b669ba-4095-4f94-8f68-31e038747593,1179
8603,35.41,Refunded,2025-11-19 22:01:33,c2caf081-8ec0-4bd0-86ed-f9687f9c43ce,5655
8604,94.97,Paid,2025-07-04 23:00:22,150f9934-85a7-4308-a60a-fba3b08cb5d1,8740
8605,54.34,Refunded,2025-06-19 02:20:34,7913cff1-df76-4baa-bc54-2f3ffd9fafe0,3960
8606,160.43,Pending,2025-03-10 03:45:21,ec9578fd-1fff-4db2-880c-01e7b1ff36e7,4620
8607,127.21,Refunded,2025-09-05 22:09:53,3fbc4f32-1a7d-4f37-8158-f9dee3ad5a6d,3022
8608,72.5,Refunded,2025-01-08 08:30:06,79c11006-4d14-4fa6-b458-10d39f636691,7991
8609,122.4,Pending,2025-05-31 01:36:51,8262e5d6-35ae-43a6-ab7a-6484f455591b,6464
8610,114.08,Refunded,2025-04-08 07:41:16,bbe31121-9656-4b57-b14d-8abb36873c2c,3181
8611,50.16,Paid,2025-07-14 03:45:10,c68be131-3cce-495f-830e-f3c449eefe6a,7709
8612,71.76,Refunded,2025-10-13 15:00:15,14753eae-beda-45f2-a102-fbb018546ada,4488
8613,155.15,Refunded,2025-04-22 13:55:37,80192397-23f6-43bd-a96c-f7ab2203928c,5564
8614,21.37,Refunded,2025-11-15 02:13:50,87714af9-5418-4298-a253-4709627a5eb1,3278
8615,21.92,Pending,2025-07-03 23:01:25,e56b7e51-b815-4b58-bb52-731649140f0a,9775
8616,90.39,Refunded,2025-06-07 11:24:28,474acc0a-d821-4761-8602-5c76ca9b864e,505
8617,151.53,Pending,2025-10-30 14:11:23,25fcfe68-70c5-4973-be34-36bca9795016,1139
8618,125.38,Refunded,2025-10-20 15:12:03,35ddf8c5-18b9-43f6-911f-6bb7b5bddc51,1498
8619,127.46,Pending,2025-06-23 19:22:11,dd545c6f-a888-4d82-834a-7865e367a60f,8621
8620,82.22,Paid,2025-04-17 03:54:28,ad8eedf9-9ba6-46ad-8b1c-4f6879e7ec84,7495
8621,106.98,Paid,2025-10-08 02:39:00,cc79fabf-012b-45ed-9419-a5e26a4a6f06,7588
8622,110.86,Refunded,2025-02-19 04:58:38,9e23e39e-68da-4169-82ac-872bee28de11,3364
8623,151.0,Pending,2025-04-20 23:36:45,5866f1bf-1134-4b9e-ad8c-48cdf7e986d5,5157
8624,204.6,Paid,2025-04-07 00:46:48,c0d6275b-2e99-4147-b88f-91f64bd825b8,8147
8625,202.55,Pending,2025-09-15 19:11:47,678532fb-971b-4bb8-b25c-aae01795466b,277
8626,43.75,Paid,2025-10-30 20:26:57,9d1fc887-3010-4e38-90aa-bcad0e310ea3,8632
8627,166.48,Paid,2025-03-03 02:34:43,7224fc6b-6952-4df7-a55c-d7d3d5fb2621,1928
8628,29.49,Pending,2025-06-05 18:49:17,16b11d61-fd9c-48f2-938a-5f60fdc89716,3912
8629,85.22,Pending,2025-02-25 06:04:16,118be89b-09c6-48cf-96e7-b88c80a66508,6115
8630,197.57,Pending,2025-01-09 04:54:19,2135f04e-a340-4545-93db-77c93d2758e0,2331
8631,152.4,Refunded,2025-08-27 14:43:44,c7d19dbb-344b-40d7-9fa9-c89a2a27236a,4468
8632,51.51,Pending,2025-06-27 22:16:37,80d47c57-d111-4e6c-971d-38217aaac6f9,1209
8633,196.4,Pending,2025-03-18 18:43:16,0c4a39a1-e43d-4b81-9087-e4179b63ad27,6936
8634,90.41,Paid,2025-09-12 17:53:24,e322bfb4-262c-4667-8533-5a41cf30a936,6141
8635,29.14,Paid,2025-06-10 15:03:16,77015603-7f8c-4b32-944f-18a31b224f10,9517
8636,181.06,Pending,2025-03-15 03:27:36,ff16cbe8-a0ba-4d61-add9-c22af93d1ab2,3485
8637,90.94,Paid,2025-06-05 00:46:30,c3f479dc-5ea8-4fe7-b76a-fd511f8bd11c,7712
8638,81.8,Paid,2025-02-23 09:46:30,6ff432c0-caa9-459c-8315-41d6ff9062ba,1792
8639,159.61,Refunded,2025-11-05 16:33:23,7d2ed7ab-a7dd-4b96-b195-4f745b44b563,1800
8640,148.64,Refunded,2025-02-10 07:57:34,07f2e3a8-b6c4-4b5f-b776-22906fecbc90,741
8641,181.33,Refunded,2025-10-11 13:56:42,5b3d36bb-e110-4d09-acf1-6d9ef2db5830,9298
8642,188.99,Paid,2025-01-22 00:56:47,42721f70-d00c-4e50-b25d-80a75d3aabcd,8134
8643,37.49,Pending,2025-06-20 21:27:58,e343db91-be16-4b4f-b038-5daf6605fa5d,2917
8644,54.54,Paid,2025-03-15 06:25:33,5a24aca3-80fd-4854-81e2-9105d56183d1,6865
8645,58.46,Pending,2025-06-21 08:25:11,ec362791-52d5-4021-8c93-4f7f412a459d,3151
8646,71.27,Refunded,2025-08-17 00:20:04,151d9caf-78b8-4c5d-ac03-9458e020b722,6937
8647,104.63,Paid,2025-09-24 12:00:08,08b605f6-ff3a-4fec-8856-235ae5d44467,6125
8648,65.77,Refunded,2025-07-04 02:27:32,6375f58b-0b4e-4b55-bab1-96df241d8951,3462
8649,36.31,Pending,2025-11-11 21:00:28,1c4e1fff-7aad-4a03-8d58-e02867af0fe1,6100
8650,121.48,Refunded,2025-09-10 19:22:17,159c9d31-915b-4e21-b7ba-fa0e601e4fa3,1883
8651,78.33,Pending,2025-02-21 15:13:43,42e0cfa9-8db8-49aa-a205-af3d285422b0,5851
8652,32.02,Pending,2025-03-13 05:20:12,69621e1b-bc45-43e5-a6c3-71822b39e849,1930
8653,52.54,Refunded,2025-05-08 03:21:10,52a3542c-0ddf-4eb6-a1fc-d75db305f457,416
8654,124.77,Pending,2025-05-06 01:44:37,f36c6f09-3eca-4b35-8f52-3d5cd4959684,4584
8655,173.54,Refunded,2025-05-21 22:07:56,ed3a9938-b6d5-4d6f-8738-dea528965c68,2491
8656,67.46,Refunded,2025-11-01 14:43:53,6cf89486-19af-494c-a4d9-6a1ffac1b9e9,929
8657,129.38,Pending,2025-06-23 13:57:10,ab711d14-144d-4e76-9b58-ff66dea0084d,4588
8658,36.41,Paid,2025-03-21 15:21:21,1d788fd0-535e-449c-983f-0e714b78b04e,8315
8659,92.11,Pending,2025-11-19 10:17:43,ad2a583f-61e2-4a8f-819b-579dd1ba0f43,4241
8660,81.55,Pending,2025-02-21 00:43:33,dca5d027-b66b-4bfa-93fb-d2a2d94cbfcd,8319
8661,149.8,Refunded,2025-04-14 22:00:28,c4842773-dbd0-4b99-85fd-96328c0ccedb,1641
8662,106.95,Paid,2025-01-31 01:34:55,e2ce048e-c72d-4c06-9eae-eed0b33a42e7,1386
8663,93.87,Pending,2025-09-08 23:05:12,aaa5518c-83d0-4f3a-a266-eeb596550c84,3481
8664,26.27,Refunded,2025-05-17 13:44:21,9c2bb267-038a-475c-981f-9f30da7f51b0,150
8665,58.96,Refunded,2025-04-07 08:55:43,29f1ec65-2ca1-4d9b-9d5c-b422430a9038,4660
8666,204.01,Refunded,2025-03-14 12:09:46,b3f95fd8-1a0f-44eb-815d-23b53cad15b8,1948
8667,46.69,Pending,2025-06-15 00:10:08,bb230a9e-aa1a-48e2-92bb-2ffc6f48ce0c,2774
8668,176.06,Pending,2025-09-11 05:40:32,08ac3957-c5d7-4cc0-93d9-c78e6a0dd7ec,3922
8669,155.36,Paid,2025-11-10 07:44:32,60cd415e-983c-4672-96a6-d0f885560e44,4437
8670,81.1,Refunded,2025-03-21 07:55:32,a4e90790-f786-4424-8553-cc8d5108c87d,7553
8671,44.65,Pending,2025-04-18 09:28:59,2b721559-b034-4d48-9545-d952d6eb2c64,170
8672,23.43,Pending,2025-08-25 14:51:25,82ee08ce-4c05-46f3-a7a9-333f84c75d3f,1473
8673,72.32,Refunded,2025-07-28 12:26:21,42eb2635-36c5-4f3c-9691-d582e202f500,4319
8674,52.63,Pending,2025-04-14 01:26:25,d0f5478d-ba82-41a1-8372-845b0e952246,6163
8675,133.29,Paid,2025-02-09 01:26:27,7d9e7a5e-d9a4-4a6b-847f-a2dd5b4d516e,8057
8676,138.88,Paid,2025-11-13 20:34:13,0acf9f33-5612-495e-a81b-6eb3709fc957,6821
8677,198.46,Refunded,2025-06-28 12:08:05,5e09361f-41cf-42e9-b5de-ccfebc357ea1,5035
8678,91.56,Pending,2025-05-24 17:10:15,d32dcd2b-e0ad-48f5-865c-bd587552b462,6816
8679,134.55,Pending,2025-03-12 16:39:25,850f2a60-c591-41b3-a8a5-0f4d573e0ae7,3624
8680,79.79,Refunded,2025-05-25 10:38:55,e9f5ae07-275f-4d30-ac9f-0843912afcc9,2012
8681,30.01,Paid,2025-10-31 09:52:26,e7c01df7-7dd6-4db1-81f8-5b0d86a107cc,1353
8682,172.4,Paid,2025-09-14 08:18:10,88530486-4a4e-4340-8d20-5d2088a0b666,6396
8683,156.2,Pending,2025-08-02 07:29:59,882483d2-7ca2-4881-9a5c-4ed6ec46dcb0,1116
8684,146.53,Pending,2025-10-11 07:18:06,08ec5cdd-a171-4ecc-a881-330bc9e63106,3907
8685,134.05,Pending,2025-05-03 20:55:12,d1709ee0-e3a7-4bd5-9140-91e635b9102f,2381
8686,165.48,Pending,2025-05-25 14:12:43,e3330a22-5f8d-4a40-bc4d-e838049a033e,3190
8687,191.69,Paid,2025-10-21 09:12:33,f858aa2e-be35-417b-968c-ea6d5c8e5745,2237
8688,75.16,Pending,2025-09-09 14:21:22,d314d868-52c3-470f-8d48-3944ad4a20e6,8595
8689,84.66,Paid,2025-04-02 04:09:17,20ef6951-0e6a-4b0e-b1e1-900ddc8000b2,878
8690,113.97,Refunded,2025-03-28 19:36:59,a7390965-ff79-4a24-82ed-512dc842bcf9,1872
8691,109.51,Paid,2025-11-02 07:07:09,251e9e6f-9e06-48e7-879f-602335a8b8a5,3507
8692,140.94,Refunded,2025-04-10 05:41:26,e32a9f3f-2a83-4478-8a04-990ab92d50a0,5853
8693,80.37,Refunded,2025-02-04 15:10:25,abd85565-abc3-4df6-885a-155c9d874d36,8119
8694,78.27,Refunded,2025-05-10 16:04:46,47bbcf01-6a71-41af-9133-349111767b5f,1421
8695,183.77,Refunded,2025-08-02 19:45:27,0e710fef-6f7b-43f1-aaaa-7282b300af23,7406
8696,47.01,Refunded,2025-08-17 20:31:26,5461515f-5e4e-47f2-9286-3e29aebfb81f,8894
8697,108.48,Paid,2025-08-27 00:06:32,47c55a66-6c24-4bec-b498-8bebc03fe0b2,7957
8698,184.22,Refunded,2025-11-21 15:30:01,c4c1c917-dd8b-4c0f-9ad4-679fa830ca48,3157
8699,184.6,Paid,2025-01-03 09:51:48,4188cb84-4c36-4ef6-88c4-c5197ce05eac,8674
8700,76.9,Pending,2025-05-01 04:47:33,ab53cb91-22bf-4c6c-8051-ed98b48fbf77,4357
8701,54.26,Paid,2025-09-10 01:08:53,c0205cca-1668-4e15-8722-5d92405cf390,1149
8702,139.22,Refunded,2025-05-01 21:24:40,d8b2c5e3-439d-4b96-8c68-16278c1552fa,5280
8703,90.35,Pending,2025-01-05 00:32:02,1c2f0aad-1d5d-436d-af3b-5b6a0d0f1840,2278
8704,41.66,Refunded,2025-01-04 12:20:32,7b7c5812-558b-44f2-a3ad-783e4d1b3a9f,9179
8705,24.15,Pending,2025-02-04 23:22:04,c581cd8b-0baf-4365-a172-f77cc20adaf9,6139
8706,143.13,Paid,2025-05-16 16:34:21,fbac9f72-1d3f-4874-aba3-8dd689a9fa2e,7440
8707,196.37,Paid,2025-03-04 11:47:52,dc9ad276-993c-401b-a112-61ca24559f67,1923
8708,59.27,Pending,2025-02-27 20:25:28,73746724-4a48-4b01-b831-62d6ef8a629b,6641
8709,89.2,Refunded,2025-09-09 10:51:24,da750747-5bd7-40bb-ac0c-84fbad6e080a,3367
8710,53.47,Pending,2025-03-16 08:21:37,73ba2d4d-e9a0-4da8-8869-aaf9acf622ee,2269
8711,108.56,Refunded,2025-07-17 18:34:33,22785206-598d-4202-b251-2a162ca89ee2,7667
8712,29.01,Pending,2025-10-28 02:17:59,59bd4e85-fa3f-4a61-85ca-d7f94d8a3642,7255
8713,130.38,Pending,2025-01-10 11:02:48,c037e815-1be7-4a11-b83b-2abf3d7b63e2,14
8714,139.99,Paid,2025-06-29 18:07:24,8bd3a869-2917-4423-b58f-5453759dbf98,6010
8715,30.68,Pending,2025-10-23 21:30:43,026ab63d-5589-4dab-b6fb-559ae6db8595,4809
8716,68.92,Refunded,2025-05-01 21:13:20,3780083a-6c74-4939-92ab-39bbc3b9bc59,2834
8717,76.84,Paid,2025-03-13 02:53:28,4b2e5872-6c78-4f7e-b22f-b89d6ff2eb76,2959
8718,129.46,Paid,2025-10-20 01:27:42,cd783009-bc73-4de6-b38a-f5b5c722c942,7117
8719,35.89,Paid,2025-03-16 11:05:07,7fb106b1-e5f3-41de-b5d6-e700ab9d9adc,2827
8720,178.26,Paid,2025-03-22 10:16:50,b974623b-5996-4907-b26c-4410a080839f,9127
8721,71.99,Paid,2025-07-09 07:05:11,7197b518-332e-439a-bed6-3462b0a49910,322
8722,73.17,Paid,2025-09-10 12:38:02,5a62f820-be24-4e89-92bb-89850777f905,5733
8723,62.31,Paid,2025-10-05 04:02:55,e4263e7f-9375-437a-b54d-57f5b3e91d1a,5163
8724,129.56,Refunded,2025-05-21 07:36:32,57de0eed-2aee-42f9-8c03-fa4dcb133fec,8084
8725,193.78,Refunded,2025-01-13 21:35:35,aa673402-dbb0-4550-82c5-20ffc711a621,8984
8726,189.37,Refunded,2025-07-30 01:21:47,666735e0-ad8b-4002-a8ed-7e6aed5b1cb5,2983
8727,187.47,Refunded,2025-01-08 14:23:05,345eff19-dab3-4e24-868a-445d31e236fe,8494
8728,185.28,Pending,2025-02-02 09:59:19,e9f9331b-709a-4f1c-9a53-0f47ee21e4d3,3920
8729,56.8,Paid,2025-03-17 19:58:49,8b9d4f4f-75f5-4892-8469-73bc41120cc3,934
8730,144.41,Paid,2025-06-09 01:12:42,c97e1a20-e101-4bdf-afaf-bc7f371d0e80,5839
8731,93.75,Paid,2025-03-31 14:19:33,85330a50-7ff6-450d-b7f5-9138c91ee8ea,5740
8732,120.96,Refunded,2025-01-19 11:58:54,0b79913a-7a96-4ce6-8122-2de64277dc38,5693
8733,178.8,Refunded,2025-08-20 21:34:37,ece864f6-873e-4e98-b6fd-f2115e6e90e9,3128
8734,148.16,Pending,2025-08-22 11:52:35,2d54ab40-11b7-4900-96ea-a73bb120ab20,381
8735,60.8,Pending,2025-03-04 23:32:36,8e509fa6-0bbf-4925-adb0-4f421c822476,8342
8736,70.8,Refunded,2025-04-11 19:16:33,43a96d65-d250-4dd9-adf7-335f208302af,1751
8737,95.65,Refunded,2025-02-13 09:22:15,f6d371c1-dba6-48cd-b732-9aec1005aee9,402
8738,59.81,Refunded,2025-09-06 13:48:57,8b0ed35e-5778-4da8-b223-f62052c82bcd,2155
8739,20.16,Paid,2025-10-31 20:48:48,4eb9180f-3a13-40a9-bf8a-46baa3a058db,5913
8740,85.45,Refunded,2025-04-17 10:44:49,044d9426-74e3-4544-91c6-5bda4ae3536a,1812
8741,59.41,Paid,2025-10-02 05:51:08,98216bcb-9649-4dd6-9e77-c12d0fa32ed4,8321
8742,91.18,Refunded,2025-05-23 20:22:15,d7e850f7-34e4-490d-9720-84925583f732,5983
8743,203.83,Refunded,2025-05-07 05:19:41,3ce75abb-589b-4eed-92da-da4cd692d63f,1762
8744,59.04,Paid,2025-02-24 04:06:00,9942fd65-2c02-4077-a5bb-9e344dd7f28a,1052
8745,152.33,Paid,2025-07-28 05:13:50,8b452540-0a2b-4e1a-a51f-3597fd3a5c19,8796
8746,55.74,Paid,2025-09-13 03:12:02,ed638671-345a-4320-9d3d-badf9b83fcc5,7969
8747,64.97,Refunded,2025-08-23 19:40:27,b3c36939-44ae-4b9b-a51c-0ca2a2c87e83,1536
8748,23.95,Pending,2025-07-07 20:57:43,cfb84a56-e608-4584-acfe-3d79c0578655,5185
8749,170.84,Pending,2025-03-31 21:48:45,cb7912f4-e918-4842-815a-1b29fc2136e7,3772
8750,158.88,Pending,2025-10-25 12:41:21,45f0bfe3-5433-4899-8c3d-4b930fd4a540,7450
8751,26.34,Refunded,2025-01-18 12:08:40,90ceae17-110c-44a6-a33f-711c95a04469,8340
8752,55.63,Pending,2025-07-19 06:46:50,243cf189-c183-486a-bef1-66e8903c98ed,1996
8753,60.51,Refunded,2025-07-10 21:50:50,c2491ff6-e7c2-4948-9016-573b10a85686,1794
8754,20.25,Pending,2025-08-06 20:02:45,1fdf163c-977a-4436-b66f-aae9cfc96acd,4748
8755,182.89,Pending,2025-08-22 09:07:58,bbc5f276-0086-426e-a682-b68c02131a72,4367
8756,137.49,Pending,2025-05-20 17:45:28,64dad845-c348-415a-9f38-5489b11d0ad1,4827
8757,146.01,Paid,2025-04-17 08:53:13,3445799e-86c6-4b42-bc6a-3aab407bd2c4,4332
8758,147.52,Paid,2025-10-04 05:45:32,39c6d89c-fff1-48ea-8ade-7306f563a2fe,7538
8759,108.03,Refunded,2025-11-10 12:58:30,9351e884-a33e-4ba9-b575-7e0c8e883e33,1966
8760,77.79,Refunded,2025-06-26 16:00:15,80bee35a-8a64-436c-b527-a39be62eec69,377
8761,159.94,Paid,2025-11-13 05:31:21,0028f583-1b2f-40c5-a23a-43ccfee3af93,8727
8762,40.3,Pending,2025-10-16 14:11:41,9306a4db-6b15-4c6d-82f0-f3e700d7e22d,4948
8763,55.37,Refunded,2025-04-30 13:14:34,2459594c-84c7-403b-8895-c8a7e972a946,9222
8764,69.1,Pending,2025-01-01 02:04:03,2d83ddc6-f1d9-4a00-a979-24db6f317165,3669
8765,167.6,Pending,2025-05-03 13:01:53,d6ffefb4-d191-425e-9044-a07911c847b7,6505
8766,78.82,Pending,2025-07-02 08:21:27,22a49fbc-dee8-4242-8158-bab84f428cf3,6685
8767,72.83,Refunded,2025-08-28 08:01:15,32526d01-20d5-41a0-9d61-1ec94849f65e,2682
8768,169.85,Paid,2025-03-09 13:45:02,b09f85c3-77e3-49a5-98a6-b984e36b9285,9794
8769,58.79,Pending,2025-07-08 04:29:39,7bc425fd-ecd5-4010-a927-3d16794d0668,8682
8770,191.12,Paid,2025-09-16 02:05:09,1fff1145-d459-476f-a645-579f4107f6b6,6588
8771,192.94,Refunded,2025-03-25 23:19:10,162aa71f-9cae-45d3-a87c-351d3765121f,5468
8772,22.77,Refunded,2025-03-05 23:57:53,fafbe346-5c37-47e2-a621-ff33b435f06b,4555
8773,91.1,Pending,2025-10-06 23:17:10,45549393-be9e-42c9-92d7-b92f8edf0575,9177
8774,102.61,Paid,2025-05-08 21:48:16,3fcbc8d6-0d47-4390-92ce-179615ed95d0,7863
8775,108.27,Paid,2025-04-13 01:45:29,ec394dfc-fd06-4b85-a827-7d7bd659b577,8932
8776,66.7,Refunded,2025-07-31 06:15:59,a202d9e1-abce-4f7a-95d2-69d700995537,4310
8777,119.74,Paid,2025-03-03 23:48:27,21bc9bc3-481e-4ba0-8b80-1ef56e421aa4,806
8778,99.35,Paid,2025-11-22 06:40:34,eb92ed91-c78f-4eca-9079-efbfdb5dac31,4293
8779,48.34,Paid,2025-08-14 11:57:26,0fa28839-f103-4d88-b1c7-7d9634869771,6187
8780,86.6,Refunded,2025-08-29 23:08:31,e20390a5-1459-4f39-b752-9f9ffb608e75,49
8781,117.75,Paid,2025-08-05 21:12:18,fa3c6a57-f394-47bb-a6ed-9e8be0972b8e,6236
8782,146.11,Pending,2025-01-25 06:00:26,84aff843-c3d1-4671-8a62-76901ab9d7de,7853
8783,56.68,Paid,2025-04-30 08:50:39,caf9965f-cb59-4bee-ae1b-45441cd31ac3,9382
8784,99.54,Pending,2025-09-18 11:03:37,55d03219-c2ac-4a89-a641-b36a3be57a83,203
8785,80.74,Refunded,2025-08-28 12:51:04,9187b6c4-295d-4dd3-8083-1ca14b04c2c6,910
8786,163.6,Pending,2025-04-16 16:33:05,345d0634-ec8e-4bff-844a-97e9e1ce0dc2,9460
8787,174.21,Pending,2025-01-23 08:54:47,1e7bfb6a-0b2b-4daf-9a0f-c5f5fdd6ee1b,9719
8788,121.61,Paid,2025-09-23 05:43:14,c1ba4ee6-e455-4162-a7b3-cbc5cb3fea36,8147
8789,25.18,Paid,2025-05-14 11:32:20,3b98cb30-dc25-428a-8284-6e63fe567f78,4587
8790,22.76,Pending,2025-09-21 03:47:36,a760b022-6267-45e3-aab7-2d832a877e06,991
8791,170.62,Pending,2025-09-20 12:09:44,e1d4e725-c82f-4775-89f2-e5c951955ab8,5909
8792,78.04,Refunded,2025-08-14 11:11:13,b26f2e17-09b9-4bc8-b2b4-e89f3a909fea,8129
8793,77.33,Paid,2025-06-23 07:07:59,abc73c31-282a-48d7-8f77-d3e8990f2b35,364
8794,145.81,Paid,2025-09-23 15:05:11,5ff8f81d-59c9-4b90-bb1b-b30cf4be131f,8616
8795,112.51,Paid,2025-05-11 08:56:04,24fc9c77-f111-47da-9b6b-9b9ea71fc8b2,4628
8796,124.74,Pending,2025-11-21 05:13:03,7fe4651f-913d-48d3-ba7a-1d2b9debc53c,6797
8797,41.11,Pending,2025-05-29 12:03:56,6f38ec35-6090-443d-9ddc-58b9219b0abb,5821
8798,20.08,Refunded,2025-04-17 13:39:58,9b5d574e-4df2-4daf-8107-063eecf2c848,4532
8799,207.2,Refunded,2025-07-05 00:02:35,a48ede7e-888d-4098-ad55-884352d5866d,7525
8800,200.46,Paid,2025-04-15 11:34:30,45fc1913-4ddb-48c4-8c15-464a0939906a,9046
8801,113.48,Pending,2025-08-06 06:37:26,3921e4f0-9930-4f29-a58b-7223897fa129,8784
8802,35.07,Refunded,2025-01-31 02:56:05,fa52fa95-3476-471b-9f84-f70e3dae6425,3260
8803,58.11,Pending,2025-01-20 09:51:13,39a4fd21-c08d-484b-b31b-6de203a5ae9f,1522
8804,63.5,Pending,2025-02-28 19:47:19,fa00971d-297b-4ce9-a107-e03cfef7474f,1545
8805,49.35,Pending,2025-02-23 11:01:40,49257c82-e3e2-429a-a43c-19c058c8108f,2726
8806,36.99,Paid,2025-10-20 12:00:56,831ec7d3-25a5-446e-9a18-4e189861a488,8388
8807,36.24,Pending,2025-02-16 15:19:43,dae49c10-6324-46e3-89f1-d7d8903621fd,6511
8808,78.93,Pending,2025-05-01 19:28:16,a2f4abab-ead2-4917-a7b5-d18d77cedefc,9473
8809,152.91,Paid,2025-01-22 12:54:02,50e884a5-55c8-47e8-8cc9-9d9843a0af18,3625
8810,199.36,Paid,2025-10-08 23:54:12,7535eeb2-457a-4301-840e-f88949a7e651,3842
8811,48.07,Pending,2025-10-01 12:21:35,45b7871c-c6bd-4d76-8703-456c3abf4cf1,1540
8812,161.61,Paid,2025-05-01 05:29:38,a6140ae1-d34c-4d18-a7e5-26c820a36d16,8552
8813,197.39,Refunded,2025-02-04 05:35:34,a6d3b024-3e55-4914-bddb-42b7d2405d38,4173
8814,110.8,Pending,2025-08-23 18:04:39,6b720fd7-3ba6-40f2-ab9d-871939bf495b,7816
8815,170.09,Paid,2025-06-25 17:48:48,8d924cb2-0e15-4386-9bea-cd2a9ef97286,4765
8816,57.68,Refunded,2025-06-30 08:40:22,c76f0869-85e9-4ef0-8941-4e3fbdbec694,4528
8817,90.64,Paid,2025-02-05 00:27:37,71ebaecc-8e67-4bb3-8e8b-eea99a40b5d3,8368
8818,167.01,Pending,2025-06-23 04:27:00,1f4925e8-9d34-4e7f-8443-58428031cb7d,1364
8819,104.23,Refunded,2025-04-11 03:46:37,2c101cd4-5ba1-4e3e-bdba-9817734ad501,33
8820,171.52,Paid,2025-11-23 00:29:31,2a5fbe3c-0e2d-4375-8046-6c285af7cf5a,8553
8821,192.34,Paid,2025-03-21 00:47:52,305e4391-446b-48b8-8407-3967d938900e,243
8822,202.64,Paid,2025-04-05 16:21:42,e66783fa-54b2-42c9-aa55-11914aed6cbd,8591
8823,170.01,Refunded,2025-09-01 02:48:49,11b0b0b4-e60d-4580-b1d6-fcc3a43e246a,6409
8824,154.57,Refunded,2025-09-19 03:16:26,51074b4b-a621-49a2-955e-8d58dc6a7533,4141
8825,94.64,Pending,2025-04-01 22:36:17,0e599143-6399-4b41-b01b-c99bd64eae62,1321
8826,161.69,Paid,2025-10-24 13:53:33,f9813395-3034-41ab-96e4-dc7e84e23c61,5507
8827,91.3,Refunded,2025-08-08 16:47:22,91eebf66-3479-4b6a-92aa-5b6e9f2ea2ad,885
8828,32.27,Pending,2025-09-19 03:02:44,5718d9ec-be3f-4f79-96c1-40f0bec5054f,6043
8829,156.73,Pending,2025-10-03 07:53:47,3d6a49fa-55f5-43d2-8246-f5f247ba7bc4,5524
8830,49.5,Refunded,2025-05-29 20:28:15,2481917d-6f4a-4fdf-9ff9-6e0b2df11334,1316
8831,140.98,Pending,2025-04-25 18:12:31,4573c5a5-7498-4025-9532-3acc9945168e,9889
8832,79.04,Pending,2025-07-03 15:20:44,f18ecbb9-9dc8-4ff5-8802-aae89e811b93,6929
8833,129.23,Refunded,2025-09-29 10:11:31,92605b8b-d288-4bde-87d3-bd1c4095d8b3,4330
8834,192.09,Refunded,2025-11-15 21:01:19,18ea4557-0f8a-432e-893b-f21c6c3ecac0,4671
8835,87.38,Pending,2025-11-06 04:45:14,24ac20ea-599c-4083-9eaf-7433d1dc7076,838
8836,138.16,Pending,2025-10-16 19:24:19,2e81ac3e-5bb9-4cd0-8ad0-2ea4b9f67f3d,8271
8837,165.41,Paid,2025-09-01 10:53:56,490cfe4b-642e-4504-905f-04696c6c91b7,8466
8838,207.33,Refunded,2025-03-12 16:04:29,210298c7-37c1-4ad6-9d31-350df558ef2e,4071
8839,207.8,Paid,2025-09-09 03:26:22,02f19808-485c-4269-8347-5da603d551e4,7031
8840,88.18,Pending,2025-05-11 02:20:28,114a1d8f-05c0-40bc-8fd4-4b026fbf8da7,182
8841,116.3,Pending,2025-04-18 07:40:21,c4e611f4-3cff-412a-b93c-e3ce7907ecbc,974
8842,77.64,Pending,2025-05-09 10:09:01,d47a6e39-1f1b-46a6-b5b1-f16b2ebecc5e,1492
8843,129.59,Refunded,2025-06-21 11:45:28,9860c3fb-91f1-4f39-945c-d5e98f51f127,7817
8844,132.38,Refunded,2025-09-13 14:30:34,52b924a8-46fb-4419-b40f-20cc829e14d6,2370
8845,119.73,Paid,2025-03-16 06:33:28,afe3f73f-42ee-47e5-b1cf-6868ff25ed25,3509
8846,197.84,Pending,2025-06-11 06:35:58,ea84320b-6c5f-481c-9031-f0424d0cf5eb,7360
8847,182.61,Pending,2025-08-12 09:31:39,4b0e0b69-1458-46f3-9761-e56bca11c01c,5500
8848,41.74,Paid,2025-11-03 13:30:53,d43de20a-7549-44d0-aedf-e3334b8dec79,8437
8849,77.11,Paid,2025-11-10 11:04:17,72ea9df7-4fa3-4444-93ff-e8745a78771c,3969
8850,138.49,Pending,2025-07-31 22:08:43,92f4b7f1-12dd-410b-9f89-1a61baa67c10,9793
8851,189.3,Pending,2025-01-30 05:23:08,31bef843-4bc0-420e-a9d5-b9af0c6b9639,5706
8852,124.45,Refunded,2025-03-07 00:01:42,aa887e9a-ee4a-4f44-ba0b-7182d577b52f,7521
8853,84.63,Paid,2025-07-07 07:14:33,cdc97b2e-de40-4cfd-9442-1ed19fcb8e2d,9238
8854,129.97,Paid,2025-05-11 03:06:53,2ed71918-8e22-4eaa-99cd-b51cca9ae18e,3425
8855,136.95,Paid,2025-01-26 14:00:39,767deae9-e663-475f-8615-08c5da0f763f,7384
8856,85.88,Refunded,2025-10-25 12:51:06,5edbcb37-1ebd-4f68-97c1-d487fcf89638,8421
8857,88.71,Paid,2025-04-14 08:03:03,221b4c9e-87de-4953-9bc1-74cf7a1c8c0d,8623
8858,124.88,Paid,2025-11-17 12:38:42,58ada19b-9833-4997-9487-3cd00eec29bb,3785
8859,65.85,Paid,2025-03-21 12:28:26,c33aee78-179b-4005-9f06-f9a2c4e9be7c,6411
8860,199.94,Pending,2025-01-15 07:37:55,b664d5bb-79a0-4169-a65b-5877834dc893,1529
8861,141.99,Pending,2025-01-02 06:28:01,95fa993d-4f13-4355-b6a9-a63000af875d,4465
8862,111.17,Pending,2025-06-12 05:52:14,08fd05da-63c7-499c-b32a-60614ec7a47b,1280
8863,202.98,Pending,2025-11-09 12:03:40,a39cf598-2416-483b-acb7-e1960e3238e0,4121
8864,165.48,Refunded,2025-07-27 17:11:31,4eb8565d-7d62-4f5b-9a0a-aca37d3f7d01,8649
8865,50.82,Refunded,2025-01-09 05:17:26,e8cabbe6-14fb-4714-b4ab-412b3e00d73f,2920
8866,184.5,Paid,2025-06-12 22:30:28,a07d5ed8-c2d5-4971-9f7c-9c4a099faee9,8318
8867,28.24,Refunded,2025-10-31 22:02:28,7a6766c8-a325-4027-bc2f-10af6cd9e9ef,8166
8868,117.43,Pending,2025-11-05 05:51:05,75a70c31-c535-46f0-acfe-2a8b6be0a675,7313
8869,92.3,Paid,2025-04-14 18:29:38,5f17ef6e-6edd-49c7-a887-f088365d2011,14
8870,185.35,Pending,2025-10-30 07:17:14,440991ed-9d16-4e5e-8832-f59f90567d8b,1161
8871,85.17,Paid,2025-07-25 09:35:04,e760e8c5-50c1-4628-b39b-f1821637c9ae,3282
8872,72.74,Pending,2025-01-31 06:34:22,3d3a6215-8331-4b4b-9688-07dbebd03177,1611
8873,32.46,Pending,2025-04-13 22:21:45,379efc05-bc5a-4e9f-b95c-96404931a8f1,1066
8874,162.21,Pending,2025-08-21 19:12:28,a3937c24-7e4f-4fb8-b2bf-4d20f117358b,4445
8875,128.69,Refunded,2025-09-27 00:48:15,41496a67-0a82-49fa-a915-6b06e4bfca9e,3475
8876,131.33,Paid,2025-09-10 22:37:30,7b9f0871-6b78-4dff-b383-1ca3519a91e2,6149
8877,158.84,Pending,2025-10-07 23:43:50,5778f3ee-290c-46d2-a013-27b10c6a7071,2913
8878,195.6,Paid,2025-11-15 04:01:20,d07931a6-4bdf-4ec4-a51b-afc698a3e50e,5830
8879,117.32,Refunded,2025-02-24 19:46:28,831bd6f9-c742-44d1-bb56-558505595b8d,1074
8880,45.87,Pending,2025-08-12 01:07:07,6ef26338-4e34-49f0-9537-6f3b9544b0ae,6907
8881,163.01,Pending,2025-09-01 08:33:20,eff87f59-2614-4451-8141-0fb1066ecaac,5647
8882,159.25,Refunded,2025-06-20 04:03:09,48886eaa-364c-4f93-8991-2d2a33b8ce7a,3467
8883,54.13,Paid,2025-03-19 11:02:59,a958f2c6-b383-4e61-93dc-d25e86482481,2325
8884,31.14,Refunded,2025-02-01 00:51:34,cee5c0ba-f6a5-4d90-9fec-cb7b69dc9f41,1708
8885,204.56,Pending,2025-07-05 10:12:24,05fe18ea-a871-4d4b-b8d1-5bd340a373ab,511
8886,30.51,Pending,2025-02-23 01:48:05,d136ff97-4070-43b7-b0b7-1ad051246733,5707
8887,36.22,Paid,2025-10-22 15:55:31,5f1c15d9-9687-4a98-9298-3ac687898c5b,2969
8888,54.99,Pending,2025-06-28 09:43:28,a4f0ce76-cfc7-441e-8fba-932bfa96e288,8091
8889,117.48,Paid,2025-10-04 21:51:16,da6ba5a6-4048-47ab-8337-41f82aa2ca98,3731
8890,147.7,Refunded,2025-01-29 15:20:23,2b4716f2-cf1f-4706-a865-6e354889c0b2,3016
8891,124.44,Pending,2025-04-18 19:22:07,00d3d584-d01f-413f-840d-8f742340ae49,2134
8892,40.17,Pending,2025-04-18 03:53:16,c68e325b-4d1c-4c08-87a5-82e6410529f6,9157
8893,165.11,Paid,2025-04-25 21:16:35,3a39ffd6-d177-4c61-8d86-c5992b61e4c3,9694
8894,90.79,Paid,2025-10-21 19:17:57,fa42be6f-4b1e-4f48-b90f-fdecc8de55f5,6205
8895,39.38,Refunded,2025-06-26 11:28:01,ddcc8f4a-88c4-4f3a-874e-9628f47db6e8,8094
8896,101.88,Pending,2025-09-04 08:54:52,c5a055c8-ab59-4786-9314-869b61cbb992,3355
8897,186.45,Refunded,2025-05-06 21:52:18,3c49ea6a-111a-4c63-b3a1-7713d04d64f8,4198
8898,73.32,Pending,2025-06-23 17:57:11,d74dc684-db7f-4e25-8b6c-ccbd58547345,8385
8899,168.5,Refunded,2025-09-10 02:42:58,36c74917-3269-464f-b71a-78f171daf3c0,3697
8900,165.18,Refunded,2025-10-21 07:15:29,4df84f85-3a95-49c7-bcd4-795e3d93a819,2023
8901,110.19,Refunded,2025-06-17 06:23:40,189078aa-6a98-4af9-b45e-fa45ffa08bf2,8298
8902,22.74,Paid,2025-01-02 16:24:57,09a540c7-aa66-4042-b6b2-70f7f9cf0d29,5735
8903,71.21,Paid,2025-11-01 03:29:59,98b4e82d-66cb-42c9-8926-5ecdad4c924e,3778
8904,87.27,Refunded,2025-06-16 05:02:48,0ca8ab63-bf40-48fe-a596-dde78f214905,1565
8905,85.83,Pending,2025-08-01 09:48:27,5878f5b1-125e-4375-86b3-0aecada58e67,9976
8906,54.56,Paid,2025-05-11 02:02:13,ea433389-99c9-4e3d-a9e6-82c46401d4d5,9041
8907,192.05,Refunded,2025-07-01 06:51:29,47543724-46f8-4fa4-95ba-b35eb0e7773a,7055
8908,102.0,Pending,2025-09-16 19:54:26,0219c61e-2c45-430d-ac96-c6ef42c46f63,6108
8909,60.06,Pending,2025-07-21 07:49:19,15afdeae-9254-48e1-9692-4555045f3ee2,3927
8910,194.28,Pending,2025-10-06 00:10:28,39169320-2bd8-4825-8fb5-d65e74635c52,6553
8911,139.62,Pending,2025-07-28 19:35:19,e97310ac-53d7-4c77-840d-c364b282f74a,7819
8912,76.59,Pending,2025-08-18 03:03:32,c49169c9-9372-4bff-8aa9-9e9a407424bc,2938
8913,63.04,Pending,2025-10-21 20:15:15,da5a0d19-d2a6-419c-a224-0240cc8164cc,7712
8914,109.53,Pending,2025-03-30 09:03:58,fdc6c15d-3bd8-47d6-9ecc-74b29c71256e,9786
8915,185.16,Paid,2025-03-03 04:24:07,c649cc06-612f-4387-8dea-376886ecf308,5807
8916,194.29,Refunded,2025-11-13 02:36:33,1a900757-2ede-4e35-9ad7-6c1572f4798b,1791
8917,51.24,Refunded,2025-09-13 09:33:27,5b714d5e-3e6f-448c-bef6-6a71f2dfbeb0,9705
8918,116.81,Refunded,2025-02-19 07:12:29,fc76bf1a-1b0c-4cec-ad87-45b0ca292c18,7404
8919,165.4,Refunded,2025-08-10 18:49:32,4ac2c676-47c2-405b-9b48-a5a64387a27e,5467
8920,43.91,Refunded,2025-03-02 04:03:36,80b64568-7a2d-4ba1-9d7d-95b7710d80c5,69
8921,28.04,Pending,2025-01-18 16:18:10,1cf52ef6-2547-4928-9890-748d96f1241b,7371
8922,102.69,Paid,2025-05-28 10:34:37,cdf0479d-03e2-442e-ae61-dd5bf58572bd,8891
8923,186.78,Paid,2025-03-28 07:18:27,660f162e-fc68-45e9-a937-10b2fcd827ad,3556
8924,144.35,Refunded,2025-01-29 15:48:09,63d6b90f-dd3e-4882-93fa-27b4bbae92b0,4816
8925,147.05,Refunded,2025-10-13 04:36:18,1038a321-438f-45e3-b3c2-0a7353aebb89,7326
8926,59.55,Paid,2025-03-09 23:32:06,cc884473-27e3-4cbf-b868-c95256e74df2,4608
8927,109.98,Refunded,2025-04-25 03:23:30,6b170089-cb72-438f-98e4-4b215fce3367,9028
8928,175.74,Refunded,2025-10-04 04:18:05,dd9aed1c-2bab-4a94-a53c-013ea8140d48,1445
8929,110.32,Refunded,2025-07-30 23:43:36,3b5f25de-fab7-4a02-b875-6dc4dc2b85cb,8216
8930,206.7,Paid,2025-01-27 11:30:47,18fbd9a1-7a1f-4b30-9e73-f6b5008aeb9e,6796
8931,58.61,Paid,2025-08-08 17:13:36,2030292a-131a-4e09-ada0-87fe1efbeac1,7605
8932,94.24,Pending,2025-07-23 02:43:04,12bc3dd1-e63e-4655-936a-bd2ee661e6ee,6100
8933,93.48,Paid,2025-03-11 22:55:13,69178b5c-eaaa-4202-a5fa-ba5e8683eed6,513
8934,130.75,Pending,2025-07-03 12:10:14,205de24c-bd07-4894-ba15-c53b9a808449,8
8935,124.11,Pending,2025-09-06 14:17:51,44e097d5-8821-42dd-a121-f494933d2136,3421
8936,52.99,Paid,2025-06-11 12:14:09,3efa56f8-0e82-419b-9ed2-93f0a42352d4,2023
8937,71.11,Pending,2025-04-28 16:17:56,8d69eb63-d870-4ff9-98ee-dbf09abfeda4,3436
8938,95.44,Paid,2025-03-14 20:18:25,cf743ada-10a8-4a96-8d27-043dc037eb5a,921
8939,108.95,Pending,2025-06-21 03:58:38,ccbf8e0d-13b8-48fb-9e0a-f4a1a01f08c0,2777
8940,177.34,Paid,2025-01-31 16:28:47,06b406c0-cc15-47ab-b2cc-809ad7507ec2,2959
8941,147.88,Pending,2025-03-24 12:16:47,591d1e9c-0eb2-4a67-b78f-87da784c2a05,6687
8942,113.37,Paid,2025-11-05 08:55:32,a2494877-33fa-43dd-a2d4-7c8d5b29b2aa,3198
8943,163.64,Refunded,2025-02-11 19:13:02,754f225d-4d9e-49a2-95c0-2b877b661ec3,6267
8944,174.78,Paid,2025-01-15 17:14:24,b35e433b-1369-4be5-8ae2-0207a20d6b5d,1985
8945,102.19,Paid,2025-07-16 17:53:12,f100c391-b7f7-4b17-adc6-bd71cb842550,8103
8946,144.08,Pending,2025-02-11 02:09:52,439b409e-3dbf-4390-b80c-f0ff55def175,446
8947,196.84,Refunded,2025-11-21 19:56:00,4fd80990-cb32-40e2-9105-293ff2dd70ea,663
8948,204.05,Pending,2025-08-17 00:17:31,1ace5b97-c905-48ac-a4d9-cf8b1d6334df,2389
8949,153.49,Pending,2025-07-20 04:12:09,456ea624-0d93-4d0d-b8cf-83da7a21127a,3870
8950,40.77,Pending,2025-01-23 00:55:58,14ca315d-1945-4d82-99c3-e2631c430ba2,8449
8951,89.78,Refunded,2025-01-12 16:49:37,46ace9da-abcc-4630-812f-bdca2cbc85ac,4508
8952,34.17,Paid,2025-10-21 05:28:26,76059c3f-46d2-4cbf-9600-fb22ebbfdff1,639
8953,98.2,Refunded,2025-09-09 12:14:33,277e6a13-e652-47aa-b660-81eca28d341f,7804
8954,44.08,Refunded,2025-08-06 09:37:48,3d461ecd-840a-44e1-ad87-95b5003b18af,2315
8955,104.65,Paid,2025-04-23 12:31:13,d37d3983-2de6-4816-a24b-9315cb138d99,9385
8956,186.99,Pending,2025-11-02 05:42:46,5cc78909-0d80-4a28-bdec-b254cc6660e9,5435
8957,120.66,Paid,2025-04-11 19:48:20,ec51612b-8133-4ebf-9f74-4a97d2130f6f,7900
8958,161.74,Paid,2025-03-01 19:07:34,53cbe786-978b-4153-93d9-23109f79bf1c,8160
8959,62.46,Paid,2025-09-01 23:05:06,f0dcd1c9-ed04-439b-8233-c0392e1cfbb5,6602
8960,20.83,Paid,2025-07-21 08:52:08,d1a1cace-9b16-44b3-b428-ff732caf53e2,9764
8961,178.08,Pending,2025-01-02 14:17:20,40794f37-85ae-400a-94d5-ee9c19b35627,4967
8962,99.39,Pending,2025-06-22 00:14:16,a3c7ad66-ad3f-49ed-926c-ce66540804b3,8649
8963,156.99,Paid,2025-08-25 08:35:46,24a1e873-03bf-4b19-b4e6-1ebca907b81b,7704
8964,86.39,Pending,2025-03-01 02:31:07,93c553da-4461-4703-a85d-5b5375f27e82,2417
8965,44.28,Refunded,2025-09-30 22:51:21,8a153737-22de-4fb1-a843-9f56df929dac,6209
8966,209.0,Refunded,2025-03-21 21:52:25,1ee833f4-fa34-4833-9691-bae213f33e37,423
8967,95.73,Pending,2025-05-18 01:31:38,a9dbf278-1c66-4ace-a57c-3722eaf3784a,9147
8968,180.64,Pending,2025-03-29 16:57:18,1e5657ee-71fc-4ee1-bea5-b658f3b608ed,1637
8969,47.25,Paid,2025-05-15 17:12:59,ea03bb1e-fccf-4f83-b7a2-866d209e6ee5,9265
8970,105.59,Refunded,2025-09-14 09:29:45,82f9a6e9-77eb-4575-8dda-4579638ffab7,1958
8971,150.33,Paid,2025-02-23 17:31:54,34636d16-1fb2-405f-99cc-924d6c29e443,7853
8972,159.52,Pending,2025-11-08 04:49:54,cb446235-ec4a-4e83-b9ab-44dda8fc1bbe,2860
8973,109.81,Pending,2025-01-30 08:15:40,a54ff714-bb8f-481a-96db-ef00313c5d40,8340
8974,147.3,Paid,2025-01-20 01:12:39,67bc3e42-bd88-4e39-92a7-606ec88837e2,8237
8975,74.97,Pending,2025-07-09 01:08:39,cd6a5b6e-e537-4744-8af2-9539028dab85,210
8976,209.97,Paid,2025-08-11 04:25:20,ec8b253c-d0e3-4957-a926-33dd8bb3c84d,8757
8977,24.71,Paid,2025-03-18 04:50:46,f8b8464c-b86f-4562-86e4-10bbe00f4474,3320
8978,200.85,Refunded,2025-09-16 01:42:53,d136b2bb-4564-4933-a5bd-f90f8c03eecd,339
8979,89.18,Refunded,2025-05-22 10:21:44,c916445e-f944-4bbd-99b6-19c10e2c935d,2758
8980,147.38,Paid,2025-01-16 04:03:07,05294180-6263-41ec-b3ca-5b2cd26ff5d1,5734
8981,60.23,Paid,2025-06-04 05:06:59,e9bec0b8-ec84-49fa-9513-509d8d8c1206,5203
8982,175.27,Pending,2025-03-20 16:35:19,64dc46a4-a9ad-4b9d-8ebd-1e459e0fc291,6777
8983,28.19,Refunded,2025-07-14 02:14:39,d622970c-4e03-49bd-a053-fc1da6080c5c,5859
8984,23.68,Paid,2025-06-22 00:28:28,a247d492-58c2-48ab-a972-07412aef2c4d,4007
8985,112.3,Paid,2025-01-12 21:48:16,4f90d737-a5f8-4911-a8e6-b2dd02b59000,8734
8986,200.24,Paid,2025-03-14 20:54:19,8a99c5e0-398e-449a-a53a-f5598e27351b,178
8987,130.77,Paid,2025-07-19 15:23:04,13e73c3b-f9d1-4f06-aaab-284ff11163fd,7110
8988,21.78,Pending,2025-06-03 20:19:56,83dbffb7-b9cd-41d3-b6b1-c31be2049c8b,6169
8989,194.77,Refunded,2025-01-16 02:30:08,6d52df6b-aee6-4b8c-bb72-a52afb5f5c2d,527
8990,32.33,Refunded,2025-06-13 04:16:03,80d005f2-ca2b-48a9-9bd3-c62188f4c192,4626
8991,179.91,Refunded,2025-01-06 12:24:25,973479c8-8a4c-4ab6-abeb-a5cf19d705c8,8568
8992,51.08,Pending,2025-08-11 08:52:06,4e0dabb3-0a87-4b68-8b2b-b29490e36574,2921
8993,203.97,Refunded,2025-10-19 04:26:21,24d1fb9c-1353-4282-bc18-5f20dab27030,6294
8994,28.99,Refunded,2025-03-24 10:28:57,053cbafe-7c87-465b-961f-1dc0996f6bb2,1309
8995,63.0,Refunded,2025-04-01 04:04:02,a2c5df47-f739-4aa2-aa4c-02a416c67284,5455
8996,84.4,Pending,2025-02-01 23:48:43,9f249539-f371-4658-96b1-11fcc28b121b,9157
8997,79.73,Paid,2025-06-06 12:27:50,869da16a-96a6-4185-87e6-b876b635debb,1429
8998,188.85,Pending,2025-09-14 19:49:18,b95b040e-d1ee-44bd-a8c0-9ad0e4143141,8529
8999,187.46,Paid,2025-10-14 10:08:17,32c04aa9-9c0e-4780-b5da-7ba6eb7fa001,8220
9000,122.51,Paid,2025-11-17 19:04:04,62dc1cbb-30fb-4b4c-bc2d-60eb0c6abd4e,9865
9001,196.57,Pending,2025-07-30 05:07:29,10a53052-72cc-46ab-8889-ee28988cd4d1,62
9002,32.61,Pending,2025-03-06 05:23:20,85cedfe7-f7cd-46d8-af1a-f16804600d4b,7575
9003,138.69,Refunded,2025-10-15 08:14:48,fed8fcf4-b819-4c1c-9e80-7f00262366ff,3538
9004,126.89,Pending,2025-07-30 23:46:56,828e0768-bdc3-4e3a-aefe-31c64dbc5b4f,1437
9005,105.55,Pending,2025-03-17 20:36:32,41f90c1a-c10b-42bb-8472-444f896fd973,8364
9006,65.83,Pending,2025-05-22 10:12:33,e5a88aca-d33a-4c1e-870f-582dc4ea3ba1,6016
9007,42.57,Paid,2025-11-02 03:14:47,8a54383c-9862-4e50-afa2-197c5e90bd3c,4445
9008,187.58,Paid,2025-06-14 21:18:44,cbf04b56-7914-4ee8-a5d4-7a5f2c0fae35,4422
9009,106.71,Pending,2025-08-21 08:02:53,26eb5705-f3d3-4406-b5f4-76611722a6c9,3469
9010,154.3,Pending,2025-08-14 00:31:10,bc551087-277c-40f1-911d-0529e27ec17f,9302
9011,53.65,Pending,2025-11-11 23:41:06,558e03af-6d75-402e-8153-828c797bf188,4599
9012,40.44,Pending,2025-10-30 12:27:21,1d869155-cd2f-4d8c-83fa-ee894900cf83,2967
9013,37.4,Paid,2025-05-24 20:27:36,6464a2f7-ebf6-4c71-8daf-7d938e063c6e,1298
9014,191.38,Paid,2025-08-11 11:27:49,4dd75fcd-e97c-46ac-a25a-6f2981b8e79f,8611
9015,114.84,Refunded,2025-09-06 21:44:02,f1bff089-b0ec-4399-a37b-ea53badfeea9,3249
9016,87.94,Refunded,2025-02-10 15:04:10,80bc2580-599e-45c0-beb8-81f72775ba88,9728
9017,46.1,Paid,2025-06-10 02:04:51,3937a00f-5528-4a78-89b6-4aff27bfe526,8172
9018,45.96,Pending,2025-05-05 12:35:13,d4c0dea1-4631-4a62-9253-e206d35096e6,6040
9019,173.65,Paid,2025-05-29 03:52:29,a9684ff3-2796-4437-a5a4-bb2ec7b07b67,8162
9020,202.72,Pending,2025-07-17 12:49:19,2c2d3fd5-ce04-456e-afe9-1b3df8660da6,35
9021,109.09,Refunded,2025-04-23 03:18:25,71d05c7a-3340-4b53-a282-0ed4e83680d5,5327
9022,174.04,Pending,2025-02-07 08:49:09,8eb0e087-8d1d-4a2f-a516-dffbb544dde0,6185
9023,49.09,Refunded,2025-02-14 16:28:59,b143c1ee-c0c4-4065-8f0f-fd35303a4e21,2884
9024,171.27,Refunded,2025-06-18 22:25:27,a13baeab-0147-44ff-ba35-b0a7d45efd41,2436
9025,139.22,Pending,2025-10-05 23:51:59,f2ddadb0-864c-461a-885b-9bbc09576765,3597
9026,73.62,Paid,2025-07-10 10:23:53,65afca71-d9f4-4c6b-9995-e73d35c14184,276
9027,46.9,Paid,2025-09-04 00:47:38,77955b63-4a3b-4a7b-b139-65fecc2ab81b,965
9028,77.02,Paid,2025-07-22 10:57:55,d19d4ea5-1cd8-4930-87ff-066af8fb1d46,9000
9029,111.35,Paid,2025-09-01 02:09:56,2ffabb8a-d74b-48ea-bef5-2ce8ab138e18,2517
9030,172.82,Pending,2025-09-05 18:11:02,c7973559-3ea9-4f1e-8a81-38b9c5b44b63,1635
9031,136.26,Pending,2025-10-20 04:28:37,c4946c3e-5c77-43ee-be4f-8f69695b3d09,8475
9032,150.76,Refunded,2025-01-19 18:07:49,4ea976ef-af11-412e-973f-9af1bd395af6,8493
9033,196.49,Refunded,2025-03-08 13:04:50,2017a35a-11ad-4a84-ac9c-b31f1e978503,6413
9034,169.35,Pending,2025-09-27 15:21:14,7162af35-7d8e-438a-b388-4f3266cd1f00,3170
9035,22.99,Refunded,2025-11-02 08:02:53,b8247bdf-2723-43d4-b188-2ee4dd58ab95,141
9036,179.8,Refunded,2025-07-10 16:51:56,7267e584-689b-4780-bfa3-6a1837bcfff0,8714
9037,118.68,Pending,2025-09-25 02:13:22,2531a4d3-b3cb-430d-bef7-6129a4ae1d53,1515
9038,135.91,Refunded,2025-11-09 20:43:26,c589c497-0bfc-4f4d-b6a5-118374aa5099,8520
9039,32.83,Refunded,2025-09-22 04:01:39,dfec8f54-7a52-4485-a966-268fd1d6dec8,9844
9040,182.13,Paid,2025-09-04 09:29:00,20ff9ee1-7cdb-43f4-8dce-876116781f29,5331
9041,205.49,Paid,2025-11-16 01:54:22,8743d712-93fc-4e53-9925-115aa53b7fa3,5240
9042,53.88,Pending,2025-06-22 00:14:28,ade44332-4467-4ac4-ac4b-c42fac6f31ab,883
9043,120.47,Paid,2025-04-09 03:15:43,4227eae7-2da3-48ae-934c-95d29d8ff935,8052
9044,73.51,Paid,2025-10-04 16:29:51,71f3dd2d-b4da-4a60-8249-2a17c8cacce9,3475
9045,46.76,Pending,2025-04-19 05:46:01,34d5f04a-0776-4c31-9ece-57586b4ad016,6934
9046,182.73,Paid,2025-05-22 10:57:15,91974804-29aa-4918-aebf-8d5d1f65224b,7344
9047,203.56,Paid,2025-04-27 06:11:26,329d5912-2782-4ccc-a6bc-3fb7a40c4613,1735
9048,100.19,Refunded,2025-08-01 20:43:44,075689bf-d7c7-4dbd-8110-ec904b1c2dc4,6820
9049,34.78,Pending,2025-04-02 04:56:32,afc101d7-472a-4ffb-91cd-dfd61fb3a0ed,2557
9050,56.8,Paid,2025-04-16 05:56:59,043f67e9-74eb-429f-be48-bf0619f30ebe,3313
9051,129.71,Paid,2025-09-07 00:44:34,44255b7a-b102-49e0-a4c9-cab9acf21b55,3737
9052,196.68,Pending,2025-10-16 15:01:47,fb328bbf-fd3d-4090-bc2c-811fbe891ee2,5483
9053,82.48,Refunded,2025-03-29 05:54:49,355ad9ed-5aae-404b-a99b-fba05fb7b242,1292
9054,125.94,Paid,2025-04-28 19:39:40,179fa238-82ca-4c4e-90c6-03a3f5550e95,7514
9055,85.07,Refunded,2025-02-03 02:30:06,f32a519d-463d-4291-a730-c7ee9aef558e,8690
9056,87.27,Paid,2025-03-22 21:43:24,5b253c94-6f7e-4e51-a33b-0bbfa7a7226a,7780
9057,75.87,Pending,2025-07-01 11:44:28,c9e3b7d7-1bb1-4e16-b890-2da1c02b612e,2126
9058,30.35,Paid,2025-08-06 04:51:20,763cbedb-4568-4577-8a39-df95519b700c,7447
9059,71.24,Pending,2025-01-27 06:32:43,f181c1ab-e404-41bc-bd48-83bffa52dd70,5065
9060,161.91,Paid,2025-06-09 22:19:03,ae825977-c202-4097-9d48-d83f779b976a,532
9061,71.55,Refunded,2025-04-12 10:36:17,28dad47f-1cbd-497b-98d6-7b223c94da27,5975
9062,89.04,Paid,2025-05-05 22:32:18,ed51c4da-fb50-4349-8128-2a1fdf7b4ccb,2150
9063,21.44,Refunded,2025-01-02 06:14:01,f77d2690-d76b-48a5-a46a-55eea4865f95,3796
9064,77.33,Pending,2025-05-09 11:08:03,ed1ed46c-53d8-4450-bd0f-481cafc773f9,9788
9065,25.38,Pending,2025-06-18 05:13:19,4c5f55ef-2a49-4f6f-bd02-9efc963cb010,4399
9066,65.12,Pending,2025-05-28 01:26:41,64c0828c-5e47-408f-abe8-8a632ff9158b,3499
9067,119.06,Pending,2025-06-04 12:34:38,f655d154-3b2a-45c9-91c8-d7cea41eff2c,9214
9068,28.76,Pending,2025-01-01 23:52:15,a7600849-1aaa-44b0-9e5b-13450809104c,8131
9069,142.0,Refunded,2025-02-20 18:12:40,820148ae-c849-4352-b913-d87e59ebd085,2628
9070,79.2,Refunded,2025-09-07 02:23:14,a325b01a-a777-4103-8169-249bc37fac5f,9515
9071,208.27,Paid,2025-07-07 02:04:27,b86845c0-31df-4d20-8311-cf3e13d8d778,814
9072,120.73,Paid,2025-01-21 00:37:04,d9e316f0-178a-441a-9ca1-7a702fe55763,1726
9073,96.75,Pending,2025-01-16 04:55:41,1b2f5747-06d2-4099-93c2-1723f1555e01,7589
9074,99.12,Pending,2025-08-15 23:07:37,37718563-7b9f-44bd-ad8c-0528ffaa282a,3154
9075,163.18,Pending,2025-10-09 23:54:29,23f4a243-7d86-4864-81e8-217127b79d62,4814
9076,93.49,Refunded,2025-03-23 07:27:43,f17167e9-81f1-4cb3-b043-b352bd20bb83,9609
9077,176.3,Paid,2025-05-28 10:05:48,ab6e279c-b430-4990-94e5-84a90df6e422,2799
9078,203.82,Paid,2025-07-24 00:15:14,9ee661ce-f7fc-458f-948f-67c8003f0d31,3550
9079,64.67,Pending,2025-03-10 03:52:51,e3cb551c-4183-4583-8651-42e5eb0b3b3c,9857
9080,102.13,Pending,2025-01-28 12:55:28,b3ef244f-6d1f-47ce-851d-814d04b00db1,1347
9081,29.04,Paid,2025-11-24 18:27:45,fde39f29-3310-4965-adeb-801d55be231e,5783
9082,73.6,Refunded,2025-10-07 07:06:11,57029ff9-6ccc-4b0d-979b-d5f94262e650,8091
9083,62.27,Refunded,2025-01-22 23:36:16,adc31119-d0f8-40ee-9190-7846b008a008,7784
9084,50.56,Paid,2025-09-05 09:34:35,47a81263-2b22-4904-9e65-7d2da8644d5e,1462
9085,82.92,Paid,2025-08-30 19:15:26,289e84a1-07f2-4788-9b1d-3f7b493ce216,844
9086,166.08,Paid,2025-01-12 10:11:15,ea7a4ca8-701b-4eab-a429-660d8d4e95f6,6486
9087,78.21,Pending,2025-10-30 09:46:58,d5826a14-3a99-4a7d-88d0-8c6412311365,9558
9088,125.03,Refunded,2025-04-29 19:29:20,060b80a2-c272-4cf0-b3bb-e07f301cd9ab,1842
9089,123.36,Refunded,2025-10-13 23:54:21,f0410345-b94c-48ef-8362-4d1d489e9f5e,968
9090,27.78,Pending,2025-11-02 19:59:46,4e18fe40-8a9c-495b-a6c5-9ecff0a3c9b1,3816
9091,53.68,Paid,2025-08-06 19:08:53,aea9697b-0f91-4d17-a459-045fcafdc35d,6092
9092,55.56,Pending,2025-10-05 22:31:49,0df33873-ee79-404b-b36a-356beb4cc3ed,7256
9093,115.32,Paid,2025-03-26 21:52:23,7d18b02d-45b2-48c2-8f1a-124bd4791413,1739
9094,114.71,Paid,2025-06-30 08:24:29,7f4866e1-1b79-4cb5-8fc0-1f80fbe48878,9845
9095,113.48,Refunded,2025-07-10 14:44:54,4a95b897-359c-48c6-a907-7928820b9266,982
9096,110.48,Pending,2025-01-31 11:49:22,55275a85-0239-47cd-9094-6780f3204cd1,4378
9097,161.43,Paid,2025-05-18 10:39:27,2e4dc451-8dc3-43d9-83ca-c184b8023e3e,9351
9098,174.77,Pending,2025-09-02 18:24:50,9afd32d1-1c46-4b7c-a922-f2017720f26a,6330
9099,119.45,Paid,2025-06-02 09:11:03,75f2baaf-0c96-4bcd-b450-8de0383bd599,9925
9100,198.12,Refunded,2025-02-09 06:00:45,1f2d7bf9-d626-456b-b28d-41d6cdff1711,6355
9101,51.48,Refunded,2025-09-11 08:56:07,e6de52b4-40f1-4c7d-8ebe-9d9533401858,3322
9102,116.85,Paid,2025-10-08 22:49:44,4e1046a5-f393-4ec0-ac59-0c939d04fec9,6474
9103,152.54,Refunded,2025-04-11 14:04:18,84001e8f-b8ea-44a1-b42d-d0db7e42977d,5756
9104,47.07,Paid,2025-11-23 00:52:08,fe33ebdc-d480-4bcc-9826-10fa3a842126,2437
9105,125.96,Refunded,2025-10-26 00:02:47,fec281df-8d8d-4f62-9a20-5bcf6388531e,1312
9106,140.31,Refunded,2025-04-07 18:04:25,6c2baf4f-9728-42d7-89fe-f028f320b51a,4010
9107,99.83,Refunded,2025-06-09 10:39:01,36819edd-f742-467a-acc1-f42f17bbd179,7815
9108,166.93,Refunded,2025-05-18 01:29:18,7891e8de-8186-4098-aab2-e88f3795f936,4432
9109,89.18,Refunded,2025-07-21 15:40:44,fc065afc-6ca6-48e3-810a-084287480d6d,3725
9110,167.78,Refunded,2025-09-17 16:35:51,840f944b-150c-4e8f-ab23-b9171efb6dfe,8236
9111,166.13,Refunded,2025-10-30 23:29:36,9598386a-a90d-4def-a288-8bf0a9fb08aa,4138
9112,198.93,Pending,2025-06-13 13:20:19,9f95e0f7-c90d-43f1-bc1f-1a79bde393a0,7147
9113,141.93,Paid,2025-09-13 20:08:18,571c5a40-5195-445e-a4a1-9eb3b0d5d153,8630
9114,105.29,Pending,2025-10-21 03:28:42,4e5f264a-1802-40c5-a84d-63940e84b89d,6925
9115,82.35,Refunded,2025-05-29 16:36:36,b0038408-2dd5-46c1-b767-f0faf1d8e9f0,9760
9116,21.06,Pending,2025-05-14 18:20:03,9801c27c-74ec-441d-8db2-4f35b5ad8ae8,3505
9117,96.32,Paid,2025-11-15 12:26:53,539a1e21-f1fb-41aa-8828-dfc720cb592e,8883
9118,72.08,Refunded,2025-06-08 06:45:50,a192ace5-be16-4555-8410-47d662d0b3c8,3881
9119,96.75,Refunded,2025-02-13 11:33:56,39d03be6-230b-4fda-ad26-e33209c39257,3385
9120,130.25,Pending,2025-06-06 03:48:27,f0bf5008-5c76-43d4-8f52-f4816e2fb385,8798
9121,123.45,Paid,2025-09-30 16:47:04,35ef752d-285c-4aa5-a9c8-f8a158d38dd4,8880
9122,204.91,Pending,2025-02-25 13:12:47,9978ede6-9bda-4bb9-8765-ca1d36c70656,5836
9123,82.47,Pending,2025-08-25 03:17:37,851586d0-662b-4995-a4a6-d55b8d3032ae,8235
9124,33.15,Refunded,2025-08-26 02:44:31,7bbcef02-7f82-4337-aa9e-6ec501c0f960,8862
9125,47.0,Refunded,2025-05-27 07:26:13,12e6117c-4af2-459f-9a4c-eed15c18041b,1838
9126,152.3,Pending,2025-09-29 22:46:22,881154ea-b591-46d0-86c1-3f6ba8644d34,9039
9127,197.25,Paid,2025-11-03 16:47:41,bcef6342-5895-4d00-8ca0-56fbe3cbb049,5177
9128,130.71,Paid,2025-03-01 01:31:49,1749b109-fe42-4302-a903-d88f9e6d583b,4097
9129,110.49,Refunded,2025-10-06 11:18:01,3699ea3d-f128-4645-a16f-4a103c18a7a6,7995
9130,136.39,Refunded,2025-03-21 10:50:49,bedcac2d-dd0b-49fc-8460-92f5400552d5,5561
9131,58.62,Pending,2025-11-05 21:14:48,2bf161b8-9bac-4f5c-bb35-c7bf1cd8c5ac,210
9132,85.04,Refunded,2025-04-18 06:50:50,4ac88878-72ff-4f61-86f6-16442534b31b,6980
9133,46.48,Pending,2025-03-23 18:03:17,973b50dd-d435-48cd-831d-ee7c051d412b,4226
9134,171.78,Refunded,2025-10-28 06:20:45,06431f84-a0f8-4f41-b8db-b69c4c058bc7,4409
9135,106.52,Refunded,2025-07-25 08:12:50,4722c92e-f402-45c9-b32a-5776035c2d58,6225
9136,72.81,Pending,2025-08-16 09:34:24,058cf80b-03c7-4dd1-90f5-2721df1b977f,6247
9137,186.18,Paid,2025-03-07 19:21:04,6cebfc6c-5902-4229-83af-858c912d93e9,6006
9138,174.38,Pending,2025-05-08 15:16:31,141a3935-d77d-46b3-a6c5-d186c2ad8651,6755
9139,91.89,Refunded,2025-11-21 12:06:13,a43bf6ca-a53c-4f0c-bd99-ca4613a05e16,9057
9140,83.48,Pending,2025-03-06 13:29:58,0d6119d1-d193-4994-b96e-e0c1fa52ebf4,9173
9141,104.29,Pending,2025-07-04 19:59:10,ee0c1704-e44f-40f9-9e9c-70b28fc0855e,6455
9142,86.15,Refunded,2025-11-23 14:33:34,bef75355-ab08-40a8-8eab-1af525dcbc48,8543
9143,29.91,Paid,2025-08-20 05:45:48,ec7c087c-880f-460e-b497-5715c6b94be3,5047
9144,192.84,Refunded,2025-07-06 22:38:54,82a274a0-fd1a-4019-afeb-ab7139fd03e6,9269
9145,158.58,Pending,2025-02-10 06:54:30,204eb6d5-4095-4760-8352-e3d0317e4c8d,4404
9146,192.77,Paid,2025-06-27 06:43:49,340e4dde-9cef-4f5d-b4b3-4867f34827c0,1887
9147,201.29,Paid,2025-08-30 06:31:40,5812577d-20b9-43da-8750-48b443a30eaf,5167
9148,74.71,Paid,2025-09-20 09:57:38,f284cc07-669f-44d8-90aa-f5498f5def72,7414
9149,93.76,Pending,2025-09-25 09:20:51,8aef3b1a-aec4-4a63-b308-0f9642499cda,5870
9150,27.1,Paid,2025-08-17 10:43:59,b27de81b-8644-4824-af35-4646e5f50a1f,1169
9151,33.31,Refunded,2025-09-02 10:28:42,d7017f90-e956-4b21-b7f9-48ec99a4b9a5,458
9152,42.45,Pending,2025-09-01 14:07:41,58038e60-35b6-4802-8b7c-221cdaa5c4aa,4803
9153,167.63,Paid,2025-05-21 12:45:16,3542c9af-9e03-4fe7-b9ab-85e42ac0141b,8898
9154,28.48,Pending,2025-05-23 23:06:34,e97807b7-9f99-46fa-91ca-2e676d0fd16c,300
9155,88.07,Refunded,2025-01-04 18:37:40,c3bad068-0ee3-4ab5-ad80-d241a4f32b1e,6082
9156,50.55,Paid,2025-04-20 16:59:52,f47ff9bc-7629-45be-acda-dfa2320b3a78,981
9157,126.83,Paid,2025-07-12 20:49:27,c25f2013-474e-47d4-8b0d-329edede8656,5938
9158,75.41,Paid,2025-08-26 20:55:16,2713c0b9-80d8-4e37-bb36-675814d09e97,9928
9159,172.9,Refunded,2025-05-27 21:10:50,3e3b6b87-050e-4a55-8213-95b90f8c2e8d,5301
9160,186.12,Refunded,2025-07-09 00:35:54,4531fe98-b378-4e38-83e9-4c3822600cda,9947
9161,195.57,Paid,2025-01-18 05:41:49,a3c0d328-eaa2-4d7c-910c-4bb820f869d0,5531
9162,30.41,Paid,2025-10-15 01:14:11,a60665ae-9e03-4ac7-a806-38c27f451fb6,7044
9163,208.16,Pending,2025-01-10 00:17:18,2898e792-f37f-4467-bd95-88bd8781c679,8310
9164,178.23,Paid,2025-04-04 21:01:27,4f150620-6597-4522-a6a8-9eef5a79e655,3484
9165,65.41,Pending,2025-09-08 23:31:51,ff1464c3-54a8-476c-bc3f-1032e3044005,6509
9166,172.47,Refunded,2025-07-28 11:29:26,76ac9b75-475b-43a8-9779-ba4c61b94b75,6508
9167,151.55,Refunded,2025-10-10 15:22:36,72565f03-bf5d-43e1-b9b3-30e6ea2d1981,1120
9168,144.83,Pending,2025-07-02 09:33:13,5304c56b-1f17-44d9-8459-4ebe8e21147e,1483
9169,126.51,Paid,2025-06-18 04:24:34,c2a8ce54-7d5d-4024-8ec0-1ac5456f0b35,4474
9170,26.66,Pending,2025-01-28 00:29:28,e9361d24-0b49-4775-97a7-b8eef34ac70a,8812
9171,166.11,Pending,2025-03-12 05:19:28,45064573-2953-416e-90fe-595b1cb395b6,5072
9172,147.75,Paid,2025-01-05 08:55:57,678b656e-ee6a-4dd7-8b13-9ed319ea5dea,5039
9173,138.38,Refunded,2025-08-26 20:56:21,a34642ab-727b-40cb-b58e-1d5a1c45c3fc,4646
9174,125.99,Pending,2025-03-01 00:46:58,8b0b9d5c-eb4e-4b25-864f-50f527da4d43,926
9175,149.62,Refunded,2025-06-08 05:47:36,d275ab82-976e-4f59-a3e7-42c40aa4463b,8091
9176,194.79,Paid,2025-02-16 00:06:17,400edaca-c1bf-44ee-8255-cde3a99844b3,8316
9177,161.79,Paid,2025-01-19 22:27:20,13399897-d9e5-4bb3-9c50-a12475aadbf2,9588
9178,86.24,Paid,2025-02-08 14:02:06,d40da9ba-5985-41b1-bbaa-8ed12b181199,4243
9179,190.65,Refunded,2025-10-03 21:59:34,12e75553-bfd7-496a-bda3-f83208dcc3fd,4586
9180,173.42,Pending,2025-03-04 12:16:06,2d313927-ee95-44c3-8140-6f815da82536,924
9181,175.53,Paid,2025-08-16 18:40:27,70feb739-5868-43ae-9a73-7f55f272040a,5914
9182,183.44,Refunded,2025-10-24 22:37:50,fa3906fe-dae8-4089-91db-25ce279c6d7a,7391
9183,197.72,Paid,2025-04-17 01:01:37,c14ece85-a917-48db-a324-2adcd6f4fd5a,6213
9184,179.31,Paid,2025-03-06 23:22:43,0117a7c7-7293-4505-a3c2-2a20f65b9913,1222
9185,200.02,Refunded,2025-08-11 08:07:10,4c51da38-42c4-40ab-95a8-c766c5dc3f4d,4644
9186,170.93,Paid,2025-11-18 18:03:36,fc40a65c-eb76-4c33-bcc1-f3e165252738,8224
9187,105.05,Pending,2025-10-24 05:31:55,f9a3c4ba-10bd-4f44-b0b0-a9129cbc2084,7047
9188,92.08,Paid,2025-10-27 20:42:49,b61e072b-c027-4490-bcc9-74165c0965bc,7746
9189,97.55,Refunded,2025-07-22 14:08:46,a4048dc1-6ab8-408c-acf2-1b276a24c496,6434
9190,172.01,Pending,2025-04-13 02:23:55,0d77c3d4-bffd-4ed8-ae3f-ed75bc951fe7,3331
9191,73.35,Paid,2025-07-12 20:34:15,4c4e0989-aca1-45cf-8f88-ee397e3729e7,8012
9192,123.83,Pending,2025-03-15 10:44:26,13560567-b628-4fbd-9f3f-751a55087085,4224
9193,78.26,Paid,2025-05-29 21:37:53,1bd0b8a4-52cf-4791-a4cf-823f85376fe6,756
9194,154.31,Paid,2025-02-23 01:41:53,ec4431e2-070b-47a1-9a09-4d9afad77222,4100
9195,161.76,Paid,2025-10-29 08:26:15,f46e92d1-c5ce-404d-bc9f-50b2cb7c63ca,9669
9196,163.48,Paid,2025-02-02 23:54:28,3a15508d-b9bb-42ef-a147-c6605a392063,2045
9197,193.21,Paid,2025-06-29 06:33:47,c6d60eff-bda3-4dc7-bcfc-473aa98632c9,2791
9198,197.73,Refunded,2025-04-22 22:14:20,fdbeaf11-245d-4773-a645-3548a5a543e8,4547
9199,176.69,Refunded,2025-10-06 04:10:50,91148a5e-5743-4b7a-ba12-9a4fe375b324,4988
9200,189.73,Pending,2025-05-18 10:16:40,fee0e38d-6ada-46f8-937c-de7359c4aacc,9107
9201,107.54,Pending,2025-05-07 17:50:36,240a4666-bc95-40ee-a55c-f6bd339fdab0,5505
9202,140.07,Refunded,2025-03-18 10:16:19,aa2b263b-60bb-4c1c-a47e-8cfd0dacc290,2198
9203,163.74,Paid,2025-06-04 16:29:23,cf92b852-5e8c-43dc-86e9-85ab373e821e,7309
9204,37.25,Paid,2025-07-17 06:48:00,6540a261-b00c-4c69-8fd3-026caabb8069,5864
9205,41.8,Paid,2025-05-30 11:17:32,ec852728-fdd1-49d0-88e4-77f6b1712e5a,5562
9206,196.41,Paid,2025-01-24 19:29:56,7ae25ab2-be35-4002-acaf-1b18c23ff314,6418
9207,48.9,Pending,2025-01-03 03:08:11,71b84b56-65f9-432b-8efd-a4e318a8382a,6054
9208,40.66,Pending,2025-02-26 23:21:19,c2f9b560-84c3-45fe-a1c1-3ad4a1074299,8311
9209,119.67,Paid,2025-05-04 04:42:38,48bc768a-003b-4416-843d-7990a8fd6807,7133
9210,161.73,Pending,2025-05-24 14:13:00,b2ebad07-7b2a-4c4a-aae9-fe5e7074f18a,7374
9211,135.57,Paid,2025-07-08 05:30:32,fea23eac-ed36-4df3-837c-f21989121763,7117
9212,135.68,Refunded,2025-11-23 02:48:06,318af3ee-d5b9-4dca-9734-4e7b784a1122,2815
9213,73.8,Pending,2025-08-27 13:47:05,99a2185d-4904-40e4-a3a3-58ee46da0594,7085
9214,104.64,Pending,2025-09-12 08:51:44,034ace09-6df0-4f7c-a734-c97af6dec00c,4789
9215,191.8,Paid,2025-04-17 10:15:11,3483f42d-a936-42ba-bae8-1950b3102b30,4501
9216,134.34,Pending,2025-02-07 17:57:22,1e3e3647-2952-4aff-82d8-ba8990991f24,7340
9217,93.41,Paid,2025-10-29 22:38:11,10a32f05-e188-461f-8c50-56700dc22fef,112
9218,201.71,Paid,2025-09-09 17:53:08,15fda1ad-2fef-4c63-8cf5-adb7acd2bf8a,1346
9219,169.4,Pending,2025-01-16 16:25:36,5b5f5906-ac06-4df3-bf96-7dc844f8ba2a,3776
9220,28.4,Pending,2025-05-25 11:25:10,df27890c-51a8-41f7-84c7-0834823fde1c,7477
9221,97.31,Pending,2025-05-17 18:31:33,f4650c17-f0f8-4e4b-9298-72361d9e2b43,7204
9222,84.46,Refunded,2025-10-18 18:30:48,8a08ff8f-81f0-4759-b4f0-8380459e4a9b,3309
9223,139.17,Refunded,2025-07-19 15:55:23,e61d6d97-b7a8-41b5-b31c-49be54aef81f,2411
9224,133.17,Paid,2025-09-19 02:56:52,daab3185-e61f-428b-8e99-14fc209c6fbb,9471
9225,83.7,Pending,2025-02-01 12:28:26,7a5b9b78-c795-4e65-8720-1a43edcdef58,6236
9226,141.7,Pending,2025-08-29 16:19:16,4b67f614-2baf-405d-859b-d55c77ecfa16,8413
9227,112.48,Pending,2025-08-13 08:06:18,1ec73e69-581e-4f57-a20a-696c7ea968dc,2877
9228,135.41,Paid,2025-06-13 21:47:46,625928f2-7e04-4738-9ff2-d03edfd0278b,7223
9229,109.12,Paid,2025-05-03 06:42:07,5b6a775e-e893-45f3-9961-b40cccdc8f2a,8194
9230,200.44,Pending,2025-09-08 09:26:52,8e885135-704b-4942-80b6-7c2169fd828d,5632
9231,47.26,Paid,2025-05-24 06:08:35,4a943a91-7e6c-4ff1-ac08-06248fab11af,6990
9232,162.64,Refunded,2025-06-03 01:53:49,a37c4b71-116b-4eac-9d53-c2a3a1835e61,8919
9233,74.68,Paid,2025-04-14 21:59:22,ae35a406-2e96-42b0-8e07-be1e1e8af707,7924
9234,106.69,Paid,2025-08-31 01:35:37,720d4663-a110-407a-b2fe-7da8a76a75d1,2877
9235,134.9,Paid,2025-02-02 02:40:18,15f9780c-7385-4bb0-8528-cc4dae658581,3667
9236,70.0,Paid,2025-10-24 23:27:03,6b57657e-d1f4-4e6f-930b-382fc29d8f0d,4186
9237,154.29,Paid,2025-08-06 02:11:20,17a7a1ad-eb48-4262-bf19-1318af1586cc,5174
9238,51.79,Pending,2025-11-05 06:15:26,8824ac3e-27bc-4931-976e-e4655a7e2457,3320
9239,182.6,Refunded,2025-04-19 02:30:03,88b6fa34-4401-48e8-96b5-e66bc939ab0b,8222
9240,143.7,Pending,2025-06-27 23:37:08,275b088a-3935-464a-93a3-1b674ae343d7,2627
9241,26.2,Pending,2025-02-08 03:49:30,f3960839-19a1-4620-8d48-0bdcad1f68d8,3570
9242,40.0,Paid,2025-10-22 21:59:36,e4785bef-23cc-4604-ac83-300abc477f7e,6911
9243,40.61,Paid,2025-04-25 21:52:48,6ec46391-3e4d-4bde-b74f-29da372a6042,7708
9244,162.98,Paid,2025-02-04 23:33:17,351560bd-c3c5-44bf-bb53-b0d8334926be,4953
9245,133.12,Refunded,2025-08-17 20:38:33,60d0e914-3cdd-438c-bcc3-9dc620055333,3521
9246,104.7,Refunded,2025-04-16 02:33:43,8b6cce33-6378-4691-b39f-97cadd6dc6c4,6902
9247,50.88,Paid,2025-05-05 03:27:26,c4c5899c-06cd-438b-8415-46498002826b,2802
9248,193.93,Refunded,2025-02-19 23:54:01,f06ca3f1-1c83-4e1f-a530-b11253398c73,8199
9249,28.22,Refunded,2025-11-17 11:19:04,1b0674a2-fc93-430e-b66f-43cd84ab82bc,9225
9250,29.08,Refunded,2025-08-29 13:52:25,9afdc453-db91-4080-9a02-0e2084618e87,6081
9251,177.56,Pending,2025-01-02 14:36:05,198ecc4f-0388-4b2f-aa98-951edeae6738,6559
9252,104.49,Refunded,2025-04-10 02:28:23,5769ed7b-1481-4d71-8d65-d4637020e053,2894
9253,24.16,Paid,2025-08-15 12:18:24,da3bd476-b87a-4855-b662-f69619882e4f,6521
9254,202.0,Paid,2025-04-19 10:27:08,570ac6de-16b8-4ca9-8a0b-81a44bf51ba3,7084
9255,123.12,Refunded,2025-08-25 12:44:18,fe4e9d8b-23d7-4ad5-b022-532fe5be1675,1020
9256,178.33,Refunded,2025-09-26 17:15:35,233d9f65-c2c4-41ec-bcc0-942e54f841c9,5097
9257,143.57,Pending,2025-07-24 11:42:25,aafa3ca0-8c30-4a8f-831f-5d83749307df,5151
9258,158.95,Pending,2025-04-26 08:51:48,826ac008-a8a1-482b-8303-b8e68fb3a96e,7795
9259,197.46,Paid,2025-09-22 09:45:53,29c26017-3d5f-4842-b08a-48df01f4b483,1321
9260,164.33,Pending,2025-01-19 00:42:02,dab45082-29de-47b1-a746-2277a37cb111,7908
9261,177.86,Paid,2025-05-07 15:14:39,6931eee6-8d19-4296-85cb-3405879274b2,5629
9262,143.26,Refunded,2025-06-26 16:26:51,017c2098-cc4d-45a0-bb20-78bcc6b03ba9,8069
9263,126.76,Refunded,2025-03-13 12:48:19,6d1d20c7-9b59-4c42-bdcd-808130bef406,9194
9264,199.19,Refunded,2025-10-19 06:21:47,d50a8d13-f91f-45ce-bfa9-08e85e5a2a02,3022
9265,178.24,Refunded,2025-01-03 00:35:05,897fcde1-17cb-478b-97d2-da618ce15d21,5581
9266,193.65,Paid,2025-01-30 22:06:28,7af676b4-7a1a-4933-a458-d56d91c01c48,6520
9267,183.89,Paid,2025-11-16 10:56:24,751255ab-191e-4ddd-9f20-234d912f045d,6863
9268,189.48,Refunded,2025-02-17 16:23:34,803d163b-5d24-4f01-9f97-d597833af85d,7103
9269,154.8,Refunded,2025-11-06 19:55:26,9814052f-782e-43a4-b92a-95299a52520b,3864
9270,43.17,Pending,2025-10-22 21:45:38,81d0418e-3cbe-4f6d-ad3e-ecb0bd730e11,8051
9271,178.55,Pending,2025-06-14 05:41:00,f321bed8-d5cb-4a7a-8b11-57365dd70d8f,2275
9272,76.23,Paid,2025-10-15 03:22:36,68450f40-d357-4f9f-97c7-cf41620ae6ad,3275
9273,175.61,Paid,2025-03-25 08:54:47,e495dab5-8863-47d9-baf8-4bcf0ba6882a,4596
9274,120.92,Paid,2025-11-08 22:41:18,f5aec538-27da-492d-b127-0d65d8e65bdf,1351
9275,115.86,Paid,2025-09-19 07:39:04,5586c1db-d626-4477-83bb-b3b7ccf813ff,8270
9276,123.19,Pending,2025-05-23 12:19:59,dd8b62de-2b35-4d8e-87ab-ecab75639623,9350
9277,195.66,Pending,2025-07-01 16:00:20,939215d6-3877-467b-ba8f-f81ad10fc7b6,5946
9278,157.05,Pending,2025-10-31 22:49:18,ce3a9ea1-ddee-4451-b7d6-5f087f0e25d0,9750
9279,122.85,Paid,2025-07-01 15:48:55,2f9f26c8-254b-4686-814b-27b462db1ea2,5676
9280,124.45,Paid,2025-07-29 03:02:51,2613147e-7b69-4b4b-b89f-c68041252e43,2380
9281,21.72,Paid,2025-07-15 14:23:10,06c81b82-4a55-4352-8247-92ddee821443,6372
9282,116.56,Paid,2025-06-29 14:03:51,4bc79567-4347-49fc-8a7a-017e010fee2e,1215
9283,82.48,Pending,2025-09-15 01:58:38,2cddb553-a2e6-410e-84cd-4f5f478a9a56,3972
9284,122.52,Paid,2025-08-24 02:10:32,534c0be1-c556-48a9-b5a8-57dffdc49d13,7942
9285,79.42,Paid,2025-02-21 00:16:41,1c3162b8-93eb-4fc6-9927-aa3514dd99ce,6790
9286,123.38,Pending,2025-09-17 14:40:41,d082639d-968e-462a-83c7-b240b1ce35a2,2342
9287,103.55,Refunded,2025-11-06 09:45:45,27d14e1f-3198-4199-a55f-2adff2b86e0c,1684
9288,23.2,Paid,2025-10-25 05:54:11,4d034345-3492-40b3-bd62-8af18851e844,9309
9289,189.65,Pending,2025-02-03 01:16:16,0f883a45-4ffd-4d87-a89c-4b8899261426,9986
9290,48.4,Refunded,2025-08-02 11:56:04,0f071bbe-977f-4241-a411-4c2c4483abe8,2207
9291,200.78,Refunded,2025-06-17 14:00:11,498fee01-4b3d-42c0-b5be-63a1b70066b8,878
9292,53.37,Paid,2025-06-14 08:50:02,fcec1f19-87d4-4e19-b62b-bdb33e4d9ba9,2164
9293,31.45,Paid,2025-10-27 05:01:04,d2e53b58-b3a3-4e3f-b966-a7d2847c7406,3185
9294,23.11,Paid,2025-07-07 13:22:37,9955c924-f4a6-4bf6-b314-bcfce5fb0d3c,9766
9295,113.27,Paid,2025-01-26 17:56:17,b847af8f-9b35-4cd1-a136-4aea517a5721,8744
9296,32.11,Paid,2025-04-26 04:47:53,edd66b23-6fa0-484d-be09-065724bdea53,5048
9297,192.42,Refunded,2025-09-13 02:25:07,bf0ef4d1-3f52-48ff-a6aa-94507982bbd6,7342
9298,202.59,Paid,2025-02-05 00:37:29,a7bf680f-1ef7-4e8e-b625-a82c1566549a,938
9299,126.9,Paid,2025-11-23 20:46:53,df1989df-e21c-4df1-aefd-a7515599542b,9495
9300,160.83,Paid,2025-09-21 02:09:07,395f921c-7bb1-40ba-919c-ca20c59deb10,8152
9301,179.19,Refunded,2025-02-24 06:13:00,0100cace-714a-4e88-9c7c-69511d13808b,253
9302,203.94,Pending,2025-01-27 10:23:04,e553cce0-900b-43e7-b36c-716d61e97dd7,5309
9303,172.6,Refunded,2025-07-27 06:07:31,ecdeac10-da5b-41de-9f2a-296d4d5257f0,9528
9304,49.93,Pending,2025-05-29 00:31:02,0d67398d-5ce2-4a86-bc06-dcc8af71482f,9918
9305,100.42,Refunded,2025-11-16 05:41:57,71a62812-1b8e-4271-be4d-283aebce8e36,4937
9306,84.43,Paid,2025-01-23 15:51:29,15c9c3b9-f3b3-424a-956d-98289a4c422b,8170
9307,119.29,Paid,2025-10-29 09:24:21,ef3cd479-f5ee-4102-ba99-76677ded2255,9444
9308,162.0,Pending,2025-06-30 22:05:45,7ff5d028-0447-4866-b627-f5358d491fd8,4170
9309,64.24,Pending,2025-05-09 07:59:33,f8426b53-aa3e-47ab-a622-f51ec5976d72,6874
9310,125.73,Pending,2025-01-11 20:14:02,d1053eb2-b3c0-4542-84b4-8fc60a2c8c88,4808
9311,94.67,Pending,2025-07-15 05:34:38,ef199451-3077-4ccc-97bf-f697402db6bf,5088
9312,99.65,Refunded,2025-06-08 14:37:58,0b535587-33da-4d51-85a5-98d51c52fe3a,2235
9313,178.51,Refunded,2025-02-25 00:27:29,d93ed7d0-977d-4d0b-b9b9-3ba0c4291e26,8177
9314,176.63,Paid,2025-10-03 21:51:06,bb2a6735-aa32-4752-abd2-f04cb0044d84,7723
9315,70.06,Refunded,2025-05-12 14:33:53,1b00d80a-348c-4b5c-b9d8-1bd415727198,3683
9316,119.91,Paid,2025-08-17 20:34:26,9530f1c5-9574-4227-b4d2-a2188702e952,6774
9317,21.47,Paid,2025-07-27 14:27:58,48f991ee-44c5-4676-80cb-2058d5862117,7823
9318,25.28,Pending,2025-01-18 03:33:40,0930629c-3056-496d-bbb7-42d07d2f9171,8882
9319,58.36,Refunded,2025-10-14 07:54:39,8c22d8da-e7c4-4ae1-b7b4-ee0238e8e606,4835
9320,43.17,Paid,2025-02-02 16:22:07,8bf4c71b-df1f-433a-8254-86ff2bc37ff4,6246
9321,48.57,Paid,2025-08-11 05:49:43,fe55feec-d962-43ff-9b6a-b014f03c183f,5782
9322,119.85,Paid,2025-08-05 08:08:01,8d9db424-ce95-42b3-8b6b-6b859c5ee11e,7700
9323,63.83,Pending,2025-06-05 20:55:20,0d1e80f1-78a4-438c-adc1-10abcbfad718,1168
9324,28.42,Pending,2025-09-27 23:25:45,6787d6ad-6429-4ad3-a511-07021ea76c07,3325
9325,48.85,Pending,2025-04-07 00:00:39,161b7cf4-a61a-4f06-928b-0aab1d6b996d,3315
9326,153.81,Refunded,2025-09-27 17:04:37,63868b9e-82e6-4d37-b761-a67f6b1372b9,6889
9327,78.9,Pending,2025-03-15 17:39:20,2c238622-8ff2-4bdb-8506-fa209d3615b1,169
9328,97.33,Paid,2025-09-10 04:24:19,ac687036-1820-4419-ae92-59bf0a698266,8598
9329,39.55,Refunded,2025-07-29 09:51:27,b7fdba96-3256-4801-87b1-c7bf0b3a79a0,3533
9330,36.97,Paid,2025-05-22 09:20:45,2bc465b4-fded-43d4-8707-84445239c2f9,4457
9331,138.23,Refunded,2025-04-26 13:10:15,a93b982a-d054-43f8-a3be-07d3ba128f72,4739
9332,141.67,Refunded,2025-03-14 07:50:40,05e5fd6b-ca19-467f-8bc2-c163026d1def,1579
9333,172.02,Refunded,2025-02-23 11:16:21,50049aca-3cf5-48f9-ae57-c76064085f21,4964
9334,54.54,Refunded,2025-09-22 19:14:20,744e6431-9ff4-49f8-840f-80ff9c45c757,1144
9335,104.75,Paid,2025-07-20 21:05:58,e73ede58-2a06-43d8-9f40-8629cd8ce171,9654
9336,47.52,Pending,2025-09-13 09:01:31,e09ef0f8-65e8-44fb-a8e0-616fdcfe4360,4193
9337,190.88,Pending,2025-07-08 02:52:34,20c381df-0c44-46c8-b569-b72d6c32f193,6496
9338,174.81,Pending,2025-09-27 05:35:31,37b0b245-6a03-4431-8dfb-4af47ca03a78,4972
9339,136.13,Refunded,2025-03-17 12:19:48,ef1f3e52-beac-4e31-8df8-906c0e81de63,1830
9340,150.91,Pending,2025-09-09 08:25:13,e8936c3a-1f68-4ebb-be03-a2c9b0fbef11,8626
9341,126.98,Paid,2025-10-15 08:00:33,42b75ee0-9f79-467d-8a58-d7442460bc48,8098
9342,62.01,Refunded,2025-10-03 14:16:07,f5f84849-4481-4823-9b6c-ad605a7965aa,4476
9343,144.49,Paid,2025-11-12 15:34:01,af64ab7c-6394-4549-9479-cbf9338aa994,3466
9344,58.09,Pending,2025-09-07 21:46:57,c6989586-fed1-4ace-9728-77521a73fe56,5925
9345,104.54,Refunded,2025-10-07 18:59:40,17ca0190-7164-4340-87f4-78f4d30b570b,7994
9346,124.41,Refunded,2025-07-22 12:30:31,06b292c8-83f3-4b68-91dd-3316d5c9cbd5,6466
9347,177.49,Refunded,2025-11-06 06:39:10,7a49fdba-7aab-431e-9da6-5fb1b795ed03,4267
9348,171.97,Refunded,2025-03-20 10:25:54,e0598be2-fbb5-4e2d-8266-ec761d838f4b,8022
9349,83.07,Refunded,2025-04-07 09:44:45,4873a475-aa9f-4dbd-af3b-1aa3be3c01c8,8914
9350,104.3,Refunded,2025-01-07 01:22:40,a782ddcb-19c3-41d8-b075-7cbc0bf696d3,824
9351,73.02,Pending,2025-09-17 07:49:32,c97470ea-a86b-47e3-b3d1-f53d5d23f801,5571
9352,163.82,Paid,2025-07-20 23:03:30,19498c5b-982d-4b84-b994-4a395e9de161,8975
9353,180.64,Pending,2025-02-03 20:01:47,baf887b1-b0a1-4319-9ee0-64953b7099f2,1181
9354,206.06,Paid,2025-06-01 15:09:17,257d1fa1-7b56-4260-b614-152599b79299,3765
9355,139.14,Paid,2025-11-10 18:23:44,dba1dab5-8f61-418f-bba3-f4341d976c38,9771
9356,38.12,Paid,2025-07-17 20:01:57,8feeb005-a932-47be-a425-a7ed09b948de,1286
9357,152.35,Paid,2025-03-16 05:43:59,39863134-f5ba-4578-b2cc-561823a59a72,4400
9358,111.93,Refunded,2025-07-01 21:37:58,1cba792f-fd27-43a7-81c9-7e4315624924,7477
9359,49.02,Pending,2025-05-08 23:53:23,bb807015-e0e0-449a-a414-5f6989fe895f,4632
9360,29.98,Paid,2025-06-19 04:00:27,44c58df4-cd4e-48dd-a85e-c0114aad67db,445
9361,144.81,Pending,2025-02-08 07:08:54,f40210f0-184e-4524-9204-6e05c56e0a7f,2680
9362,80.54,Paid,2025-01-18 04:38:41,1b6737d6-ded1-4d43-bfae-c2b7a3f7ac4e,2462
9363,100.88,Paid,2025-02-25 13:34:29,8b14c83c-4b9b-438f-a7d0-fab8615e7a4f,6565
9364,187.03,Pending,2025-11-10 23:28:20,29076171-12f3-423c-9a28-d033b763ed76,8301
9365,96.24,Pending,2025-02-02 01:49:39,1780c989-fb61-414f-9668-7e3b92cd3e4b,5028
9366,43.02,Paid,2025-10-16 01:10:43,2b52784e-4fa5-4862-97df-9853049df37e,375
9367,159.22,Refunded,2025-09-07 17:21:21,a73d3144-6fdc-4dfc-97b5-8ae0e186b5c1,9793
9368,32.07,Paid,2025-07-21 10:28:33,8ce63963-1be4-4d75-9f0a-fb2263c1cfe2,9764
9369,55.15,Paid,2025-01-08 13:42:45,3be095b6-d0bc-4bf0-98e3-9cd79a6facfb,142
9370,199.76,Paid,2025-04-29 01:30:57,c55a7691-5ec2-49e2-8e89-02aeaf0c22bc,1765
9371,145.78,Paid,2025-03-01 17:47:47,928df4f2-a4cf-4060-a18d-3ecf58e56c3a,3598
9372,143.76,Refunded,2025-08-06 13:30:40,2115ee24-e7ae-4939-8d79-c81ad1090d51,591
9373,116.28,Pending,2025-04-16 03:44:58,8db0bdc1-7717-4f86-844c-82159c536850,4641
9374,169.13,Paid,2025-03-25 15:25:03,e3eb2ac7-1709-4872-87c4-cc63e8f167bf,7163
9375,83.34,Refunded,2025-06-22 02:21:56,ce9307f9-662a-44f2-aa25-af307339fd74,9939
9376,178.4,Pending,2025-03-23 15:40:09,37a7b153-df79-4aef-8b41-7d3a00e1f40f,498
9377,55.61,Paid,2025-01-10 22:48:15,359761e1-f959-4e69-b060-23c1cdeacf67,3566
9378,61.09,Paid,2025-06-17 17:50:01,38287430-0db0-4262-830e-4fbd4e34d9b2,8044
9379,174.62,Refunded,2025-06-20 12:38:35,77f7e06d-ebe7-4788-9979-fc96d669aa65,6534
9380,26.02,Pending,2025-10-10 10:27:53,cc5df72c-01d2-45e9-a90e-5922aef1d3e0,1130
9381,208.25,Paid,2025-10-16 22:10:11,b4513563-01c0-4a37-a7f2-39a145f54af8,7299
9382,198.43,Refunded,2025-11-10 03:47:46,bacfb184-294c-437e-9dc4-7f5aa498f30d,6889
9383,177.56,Refunded,2025-05-07 18:06:21,2693efaf-87e4-4489-9c2d-d6c9c90cd9ba,2659
9384,183.91,Refunded,2025-03-19 09:47:35,eb74d0a9-e627-4257-af64-8fbbd224dff0,8156
9385,172.11,Refunded,2025-11-15 05:20:21,6e982697-cacd-4fe1-ab8c-0cc6fef3ded2,9119
9386,54.33,Paid,2025-10-30 01:09:05,2564bc33-07e4-434b-b01f-062602e0ecc7,7936
9387,145.23,Refunded,2025-03-17 21:07:59,c89943bc-5f21-4a89-9e8e-d7fd250248e8,1673
9388,116.02,Pending,2025-02-08 18:47:48,dfc39b40-2bdf-44fe-bf01-85734c755fc3,3226
9389,105.71,Pending,2025-02-16 18:04:27,e4a028e2-ccba-493e-bf8a-0b83f7d68975,6765
9390,63.99,Pending,2025-02-26 00:57:42,b70c00d6-25ec-4f9c-98b5-072d7b3ae754,9188
9391,92.36,Refunded,2025-01-18 20:36:43,fbca29b6-5b1d-4918-8209-ec1d58ea15be,6300
9392,75.38,Refunded,2025-05-26 11:28:02,a2ceba8c-c6c1-4ccc-91d2-4ce481c7a944,3975
9393,127.43,Pending,2025-10-27 06:25:55,cbe5b2b8-4b05-4c98-a870-3edaa46fab3c,8283
9394,30.78,Pending,2025-04-08 14:03:53,00d59c28-67cb-41ad-b92c-6b3824dbf768,7121
9395,170.8,Paid,2025-06-03 15:07:18,ed4ceeea-836a-4423-845e-12b82964bd94,2486
9396,142.96,Refunded,2025-08-07 04:13:40,78d45f2c-8897-4fe8-83a0-fbf28b4efb43,3505
9397,83.69,Pending,2025-11-11 02:50:56,2fb6e2eb-8dc7-44cd-90a5-346759b163cf,6956
9398,40.07,Refunded,2025-04-11 20:05:56,0b1b4446-2e56-41bf-bb8d-3cf33df0bc69,9377
9399,196.72,Refunded,2025-07-15 00:46:18,3bb8afa9-cbed-4a38-991f-ff643c94bca9,481
9400,173.9,Refunded,2025-08-18 08:25:18,cbf31396-ebae-48aa-a5a0-906522a8c5e6,866
9401,123.24,Refunded,2025-02-06 19:41:44,6cd4786b-2b5e-4cd3-9015-3c7010fd01ab,7339
9402,38.71,Pending,2025-01-28 04:27:21,e47bebce-c173-42ec-8994-02f98ed05cad,1282
9403,49.16,Refunded,2025-11-07 12:55:55,23d0cbb2-bfd8-4175-a35a-a123a2de325e,6372
9404,45.11,Pending,2025-07-23 00:19:16,1a4a3ec0-761c-4b4a-bab6-bf7fcd0baefe,9182
9405,20.29,Paid,2025-07-03 09:43:15,78f66a7f-736a-4316-93a8-9585cfe42a64,811
9406,168.1,Paid,2025-04-27 08:51:10,92e9c7fe-a776-4e83-ab81-b863e30cef0c,4679
9407,65.24,Pending,2025-08-16 01:42:38,8f5c0e98-21eb-44f9-8067-d7eed83fbcc7,8280
9408,203.34,Paid,2025-05-28 20:11:14,1a3a2b7c-6cf6-41ff-84f4-29c18e146b4a,7661
9409,78.2,Refunded,2025-01-27 09:08:18,4f3580c6-e818-4012-b1f6-cfe1d341d133,5409
9410,33.21,Paid,2025-03-13 12:46:18,489e6513-1447-49d4-b472-2ececd95c8b4,6789
9411,34.57,Pending,2025-09-12 03:39:40,5a62def6-9cfd-4eca-99c1-d33f346e3212,5856
9412,84.64,Paid,2025-11-23 15:02:19,989d4f77-5459-4663-b520-950cd0517c0f,5072
9413,184.72,Pending,2025-01-14 19:48:16,9585d0c6-7c7d-4a65-a9e1-4f3fb88b1515,5517
9414,140.27,Refunded,2025-02-14 21:47:57,0b331acf-39cc-4565-bfcb-0803d49daeeb,1963
9415,184.74,Pending,2025-09-29 08:05:10,3143e2a7-c500-402a-ad3e-7ffb73377a72,9411
9416,70.94,Paid,2025-06-14 13:23:49,19f2a1da-5298-484d-bda9-dde843cd2c9f,546
9417,77.51,Paid,2025-08-07 08:44:56,7f1fbe04-cd4b-4a38-a233-b45c0d94eb34,7079
9418,98.91,Refunded,2025-02-22 22:52:43,f3d1d0f7-fc63-4c62-87f0-885358dd16ef,297
9419,21.97,Pending,2025-07-04 06:04:45,6553162f-fda1-49fa-aa29-34694d789a89,4444
9420,114.1,Refunded,2025-11-10 07:45:47,7228cb3b-4087-49c8-a50a-f31b61d055be,4693
9421,92.99,Pending,2025-04-29 10:24:35,6602dead-8ef7-4d45-9fc3-ad1e70fa461d,9005
9422,64.54,Pending,2025-10-11 12:13:54,ce1d34dd-fc4c-416f-93f7-9fc5056ef573,8020
9423,192.66,Refunded,2025-06-09 23:07:03,368ac02a-3bb3-46f3-83fd-8b824f06556a,8972
9424,93.65,Refunded,2025-03-15 07:46:54,c375f158-6647-42ff-ae54-69b89b41b2e9,3865
9425,156.67,Paid,2025-02-20 11:42:03,0ef5b2fb-defd-4c48-8c59-178ce9038476,8554
9426,61.08,Pending,2025-06-08 10:47:15,78a6e2b5-82dd-4953-a913-f459cac664c6,7777
9427,126.53,Pending,2025-03-04 19:22:02,3875e0ed-e95d-4369-8b05-86d8999810b3,7967
9428,176.0,Paid,2025-05-15 21:42:26,6a91427a-2e4c-4c7f-bbf8-7bc2a26da86e,135
9429,197.27,Pending,2025-10-22 07:56:59,9824f13a-2e8f-4f5d-8e25-812c27c0bce8,6761
9430,42.63,Paid,2025-09-20 14:08:50,8d977d27-a806-4530-ad6f-7dd8807eeeef,8112
9431,180.35,Pending,2025-05-07 03:48:30,ead29da8-462a-4943-a76f-6f515f304d8c,7434
9432,199.52,Paid,2025-01-13 06:42:18,76b24345-bdb8-426e-bb42-97f003d4a4b9,624
9433,171.67,Paid,2025-07-18 07:37:39,0cc0db93-abeb-4eac-8ed3-ee1f840731db,5729
9434,201.43,Pending,2025-07-07 18:46:23,06e4e34c-d508-4b26-959b-752e1ce7e909,55
9435,149.33,Paid,2025-08-09 09:37:22,fe4e87a1-d359-41d2-ab14-2cb2cd6186a7,4859
9436,207.65,Pending,2025-01-09 19:00:52,c180f99c-6a85-4740-a956-69b74fe0de12,619
9437,22.98,Paid,2025-02-11 01:22:57,016995c6-e148-4b90-af4e-e3e88288e7aa,9140
9438,130.46,Pending,2025-07-19 04:08:51,a33dc845-9ce3-43be-8385-05480c06bf3b,644
9439,162.56,Pending,2025-02-17 16:43:47,fb2ff018-d434-4378-b8f6-6301fff38456,4923
9440,92.53,Pending,2025-08-25 10:49:46,0aa1f5f3-ee3b-4e1e-8a93-de74ad2bff72,6774
9441,207.86,Refunded,2025-10-26 00:49:29,eaab5111-64aa-4522-8a67-68f3a1a57a9a,2767
9442,39.16,Pending,2025-11-19 18:11:11,ebf6a1cc-6147-4cbc-bcb8-4ad4bf281e2c,9258
9443,127.27,Pending,2025-09-29 14:40:59,19f8b657-d5ae-4643-8b3c-d14453b392e0,6661
9444,114.44,Refunded,2025-04-20 11:41:20,2df6c36b-1ceb-4c8d-9f4e-3c4f93635d36,5391
9445,195.58,Paid,2025-07-21 21:51:36,555f0aef-a8aa-43ae-84cb-c5f460f2f197,173
9446,72.88,Pending,2025-10-03 17:19:33,492e9a42-d5a7-409d-85e6-bc2e8e894ae2,4373
9447,57.17,Refunded,2025-09-13 17:33:27,eb67c059-e91a-4583-b44c-35cd97885341,6797
9448,125.62,Refunded,2025-08-24 10:39:26,436fd63b-ad67-48de-95f9-f3c85d6138ec,8136
9449,66.9,Pending,2025-10-11 05:08:02,638fcd1a-6f67-4245-8cff-6c28506bd136,312
9450,52.8,Paid,2025-04-06 05:44:38,632ff502-6e2f-46e4-8164-9d0a2aeaf939,2440
9451,35.05,Pending,2025-10-23 09:36:08,a7e26198-c035-4147-9a48-47692a4eed5c,6375
9452,189.33,Refunded,2025-06-17 19:22:17,2a3395a7-9957-46a8-8daf-42fc71911cf6,7187
9453,57.15,Refunded,2025-07-27 01:03:42,9e5c0c4b-6a78-4cc7-bdd1-27480c06eec1,6629
9454,145.03,Paid,2025-11-06 11:31:10,ca292261-37f4-45fd-a7e2-3a6d85b948ec,4622
9455,144.44,Paid,2025-04-15 18:42:24,698d7520-873b-4466-8970-53ab1b9088cd,6239
9456,208.6,Refunded,2025-04-28 01:16:14,e97df3de-6bd8-4f11-961f-dced49348313,8727
9457,144.56,Pending,2025-09-11 05:28:34,2abd858a-742f-4bb4-a4b0-ad48ef62b597,5838
9458,179.57,Pending,2025-06-12 21:02:22,4ace6ee3-17d4-4594-8070-834c6eeeca1a,4502
9459,206.36,Refunded,2025-08-25 23:13:18,bc5c09f9-d367-4a72-835e-216d85618b9e,6600
9460,150.7,Refunded,2025-03-13 12:49:58,4bf04ee0-e3c6-4d6e-9715-173630739a75,1445
9461,148.91,Refunded,2025-07-10 20:11:59,ae413ad2-2b0c-4e7f-b017-d9d345e7ea9f,5317
9462,51.26,Paid,2025-08-13 10:21:09,4c77bcb7-91c0-46fb-9303-0696a8086cdc,9033
9463,55.21,Paid,2025-06-28 07:50:18,1921e356-03d5-425c-89f6-c535640d8fbd,8184
9464,31.83,Pending,2025-05-27 09:13:45,7e3cfe47-c681-4809-aeae-38511bc9d87e,1169
9465,132.22,Refunded,2025-05-02 19:00:43,0c071cb5-a5eb-493f-95c7-7fa88bfcf36e,2175
9466,94.91,Pending,2025-05-09 03:45:18,b69032d1-95fe-4e35-91a3-daa1657de157,8977
9467,203.65,Pending,2025-01-05 17:57:54,43ba1d62-2648-4439-9579-4022d35094fd,8138
9468,124.3,Refunded,2025-08-05 20:49:06,92c63cc2-ede9-4cbd-8975-4a1ec281f188,1107
9469,148.62,Paid,2025-03-09 11:03:54,1aa7ba70-226f-4663-98ce-c4105ad60179,2593
9470,175.53,Pending,2025-07-15 23:42:33,9c6ef853-511c-463e-a078-5fd1b17e456a,633
9471,149.41,Paid,2025-02-15 11:38:55,47cf66bb-7948-42ef-8296-5866704e978c,714
9472,143.59,Refunded,2025-05-23 07:38:23,46ee25f7-20af-45b1-9136-07b0e45c55fd,5128
9473,74.69,Paid,2025-05-08 00:56:20,ff6b554a-4e9b-4b64-ab68-704cb6498d27,9705
9474,39.39,Refunded,2025-02-21 14:40:27,6b623e33-68fe-4e17-9c63-42e3cf588aa5,5094
9475,29.38,Paid,2025-03-15 15:59:56,a28355f8-4136-432c-88be-569f03ade578,5879
9476,123.86,Paid,2025-04-23 03:15:58,778c7291-3f66-47fe-a32b-0fec64c9050e,4281
9477,203.31,Pending,2025-02-18 07:04:56,50bbacb5-fa4a-4aca-ad5c-f747b823492a,1364
9478,116.35,Paid,2025-06-18 14:41:02,fa6d8b37-e0d4-4d03-aa7d-634453a39daa,3748
9479,34.68,Paid,2025-09-01 20:06:49,38006c81-7599-4982-932e-7191c2266f1f,884
9480,34.65,Refunded,2025-08-29 19:42:18,25d09038-0213-4526-8112-87ea4e95d61f,5078
9481,204.8,Pending,2025-04-26 20:22:18,6fcc0976-d1ca-4b36-b677-da59013e84de,9143
9482,152.76,Paid,2025-03-07 18:34:17,9b7e3b77-84c9-4327-92d7-e72d432737d0,9500
9483,147.99,Refunded,2025-06-06 11:45:23,35d8f08b-140f-489a-9754-1babb85737e7,4047
9484,65.09,Refunded,2025-01-02 14:09:46,d971d581-5d64-4d7c-a35e-07e59cd1bab3,3343
9485,160.01,Pending,2025-01-21 08:50:45,0c0db732-990d-4833-9038-edebba7197f1,2504
9486,127.61,Pending,2025-01-18 16:14:47,472645bf-ae06-451d-ad77-2a0b36287d53,3925
9487,64.84,Pending,2025-02-28 01:46:36,c058c481-1dff-4e0e-93a4-648b34a517b0,5717
9488,112.31,Paid,2025-07-09 16:48:41,3182c348-0e7a-4f1e-a6ae-911299ebd89f,727
9489,49.47,Paid,2025-02-25 10:07:50,5c954a6c-82f5-4766-aa1b-359ca7637cda,4461
9490,98.02,Paid,2025-06-30 17:04:59,ba7874af-e03b-4df9-a455-dbc285a05a51,7389
9491,173.35,Pending,2025-09-28 08:15:38,82cb43c5-95c5-4a54-944b-c58fc1256545,1525
9492,162.53,Refunded,2025-08-01 03:43:48,99c7f5e7-e109-40e9-839c-41d588469d94,5814
9493,200.84,Paid,2025-10-27 18:30:47,17b9388b-4308-4ae1-8ada-d0297faacdaf,900
9494,28.88,Refunded,2025-02-26 20:19:49,c9583777-7ae6-4d43-9aba-cd6ebdfb4f42,6269
9495,170.36,Refunded,2025-03-03 19:08:04,ed44329f-55d6-4900-8f63-5d4ee2e3917f,1311
9496,163.05,Pending,2025-05-04 13:33:57,1dde4ef1-8647-490c-8382-fcdef0a797bb,4043
9497,36.01,Refunded,2025-07-18 07:34:39,421b2a9d-d39c-4c07-b678-d892ba735194,5857
9498,111.25,Paid,2025-05-15 06:45:28,937cc35a-b100-4ee4-9a51-df95ca6d7353,9035
9499,95.54,Refunded,2025-08-22 13:18:36,29edcc8d-d9a2-4019-9849-81bb920d495c,5583
9500,162.49,Pending,2025-03-15 20:56:49,55646e0c-34f4-4c79-9f69-439d9358af41,3613
9501,168.86,Paid,2025-10-22 05:16:43,77ff50b5-09e0-4558-9f06-00b7dcaf991b,6328
9502,26.37,Paid,2025-04-13 18:41:57,d7b75d00-d5b5-4eaa-8f1f-88ad3d4e4ab1,1058
9503,55.6,Paid,2025-10-30 01:34:18,3b0c9280-fe89-41d6-b118-b5c5eea26296,6401
9504,36.37,Pending,2025-08-12 09:23:11,9c72219e-a37c-49a4-b225-9cf86b6be5a8,5331
9505,39.39,Refunded,2025-05-24 19:05:01,c8919567-75d9-401c-af9d-50fdbc312638,3216
9506,34.57,Refunded,2025-06-06 02:11:10,a68e73cf-6ccc-4d82-8fbd-6a4976750523,2212
9507,61.85,Paid,2025-05-06 07:51:26,d4f6405c-0245-4934-9793-f9c4a4fb8d3d,9400
9508,29.34,Paid,2025-02-08 17:29:48,ea283ca9-a954-4189-9bf6-f4b2111ad980,9144
9509,84.64,Paid,2025-08-23 18:52:00,6e7534eb-c04a-4c1e-85a2-bd9b5cb56fc5,9541
9510,33.08,Refunded,2025-10-18 11:24:34,c3facae7-e6b7-4703-95cd-1ca2bdb039dc,7416
9511,121.26,Pending,2025-09-16 14:35:33,2d8281f2-6102-477c-b983-8e3c802a4ad1,4109
9512,146.45,Paid,2025-02-13 23:41:33,88bb7569-da2e-4685-a348-55cb3943e1a5,3600
9513,146.23,Paid,2025-06-04 12:59:57,51ab8c54-1202-4661-9794-658adfe14260,4832
9514,160.35,Pending,2025-02-19 22:20:23,5eccc8cb-2eb3-40f0-8ca9-ec617ecb44f5,8723
9515,44.02,Paid,2025-01-02 13:41:45,d8d77515-7788-4eae-ab63-1e5030ec06af,9172
9516,90.51,Paid,2025-02-09 05:35:31,a2738851-34ce-4b76-b429-cf17fb0db9eb,9260
9517,134.85,Pending,2025-07-06 15:48:47,9f31d004-7a6d-41c1-ba58-70f2e9243002,2015
9518,96.88,Paid,2025-03-18 00:38:22,df52ae6b-02e6-444b-85ca-bd98c746a894,3175
9519,31.18,Pending,2025-06-22 12:35:49,8ea5febe-8705-4643-a89e-91ca750c7d64,4106
9520,97.84,Refunded,2025-11-09 20:13:42,4e362af6-3daf-42d9-b9e1-a456c6041177,7881
9521,198.86,Pending,2025-07-25 20:11:31,d58179d1-5df6-4784-b931-5e0da6efa316,5505
9522,102.85,Paid,2025-06-13 13:46:11,4c72fb56-e085-4dd3-8548-8dd67ad5d8ff,1651
9523,158.28,Refunded,2025-04-28 16:23:08,1f39124c-bdaf-457a-a233-ee60c9f0516c,2210
9524,61.19,Paid,2025-06-20 12:06:07,aea25362-392f-44bd-84fd-3c824f4f37e9,107
9525,147.89,Pending,2025-09-29 09:53:42,56c4df9f-78c9-4677-b71c-b0ec56986ee0,902
9526,171.26,Paid,2025-02-04 06:37:59,9e2a6d36-f7d0-4c4a-9137-ea74b949d38a,7063
9527,32.59,Pending,2025-06-04 16:58:41,1891448f-d133-463d-a4f5-ecec286de7d7,9643
9528,157.53,Paid,2025-08-20 21:20:18,bfb9181e-8cb6-4ce3-a4a7-857d75515152,5636
9529,206.69,Pending,2025-10-05 14:57:19,5d43c251-4bfd-4afb-936f-c885d9171121,4527
9530,114.77,Pending,2025-07-05 19:31:35,e241139e-041e-4449-939c-6fc87e3e9ffe,4849
9531,144.32,Pending,2025-06-11 02:26:11,fbe8b868-b7d2-4deb-a8d9-06586329e710,3486
9532,183.42,Paid,2025-10-27 06:53:00,dfbed5af-d7a8-4ff0-a026-3792212e93c7,8977
9533,83.01,Paid,2025-08-26 09:14:27,e684daf3-e3e6-4d54-a9b5-7e1e653fd323,24
9534,110.26,Pending,2025-07-02 10:46:56,d394aa8a-c7a6-4861-8330-0f7726f499ab,4901
9535,42.99,Pending,2025-09-19 23:11:13,a9908710-5884-4268-9e71-d9d3b65621a3,7244
9536,158.04,Paid,2025-10-02 12:24:50,3be5e8b2-8a7e-4207-950a-a7e8560f15d5,4033
9537,157.98,Paid,2025-09-29 18:45:08,6b7825ac-b957-4653-94b9-fa664f1ef4cd,2839
9538,190.86,Pending,2025-03-20 10:12:55,a50ba0ad-9789-45a2-a9ec-9685b607c42e,1541
9539,191.71,Refunded,2025-08-27 18:50:07,97c36ffe-a915-42ac-a231-e9a5d4fd2ac1,2055
9540,101.81,Refunded,2025-06-22 04:28:20,571a5c74-f2f3-4893-9797-47854691b650,2227
9541,35.24,Paid,2025-10-07 20:26:01,615a7019-8a74-4280-846e-ea42f87aa673,7527
9542,37.29,Pending,2025-03-30 04:30:36,15882c7c-1d97-4fa6-a607-b64e59614169,5053
9543,98.94,Pending,2025-02-27 07:35:39,c0051186-5a2e-4af3-89e5-79032134dd96,2497
9544,141.52,Pending,2025-07-04 19:42:47,8904c4c6-ca30-4902-94ee-4bd45b505c15,3230
9545,132.03,Paid,2025-06-01 10:27:02,2e6d005f-798b-4244-8d6d-14abbc349431,5565
9546,165.03,Pending,2025-07-08 12:58:24,05c5e8f8-9ed5-4035-b188-ec4ba5a84725,9221
9547,197.47,Paid,2025-08-19 15:46:48,a2d02faa-0740-4b59-ada6-46a562a6f969,9614
9548,136.13,Pending,2025-03-28 01:41:16,d2d9247b-b08e-4567-be32-86feea203efd,347
9549,125.7,Paid,2025-06-07 09:57:41,30a063ee-b501-415f-9ba1-f56bd5fbe139,1007
9550,144.72,Refunded,2025-01-18 10:43:25,f53c6eb8-a57a-4cb1-951f-9236b9406d43,113
9551,30.62,Refunded,2025-09-22 04:38:38,52a08429-e1e3-461c-88a6-6ee297e17dfc,8776
9552,179.72,Paid,2025-01-20 16:54:16,96eca564-1475-403c-9a2e-da3a1172a13d,2315
9553,185.15,Refunded,2025-07-10 20:25:08,8a107b44-d6f1-4c4b-8a86-3ac5bdc67216,2520
9554,99.17,Pending,2025-04-04 09:41:11,5a3b3c5b-dbb8-4002-b638-66230604b33f,8320
9555,196.41,Pending,2025-07-14 07:31:43,9ebc8a50-bb70-42a0-b2d6-c5c8ee409df2,5986
9556,65.29,Refunded,2025-10-03 14:08:06,c3c42072-5835-4e47-b1cb-fe0a66960f01,2809
9557,162.06,Refunded,2025-08-27 23:34:02,777532af-7688-4910-a274-2a3fe94efee1,2145
9558,83.87,Pending,2025-06-04 06:13:45,e6e76c05-aea6-4bac-bfa4-04d45429d988,2980
9559,98.58,Refunded,2025-02-02 15:51:41,39f8c329-10c8-45e7-96be-f48f62e2e223,7401
9560,42.59,Paid,2025-03-17 10:40:43,60e4b752-0b89-41cf-b13c-89e436e31fbc,5623
9561,155.86,Refunded,2025-11-06 21:14:03,b0c65c91-3fed-4269-aa17-21fb739c9762,2639
9562,141.08,Paid,2025-06-05 00:41:40,9ab54027-d29b-4a80-a82a-a38ffef75fbe,6330
9563,97.57,Pending,2025-04-01 19:49:09,11c0a5ce-8df0-4b02-91df-0bc39af1f138,6507
9564,33.8,Paid,2025-09-26 17:28:13,4e41c080-c706-40f7-9e3b-b749cd98960f,3390
9565,129.56,Refunded,2025-06-12 01:10:18,6c7c93cd-fad6-4d1c-aa2e-f36c7898cc8f,9568
9566,170.46,Pending,2025-04-02 17:21:57,11bdf51f-57aa-4e4a-b766-d6211db8a7b1,9519
9567,204.43,Refunded,2025-09-19 12:19:34,89790609-896c-4637-b89b-5741ad662295,4447
9568,77.32,Paid,2025-07-25 02:55:33,c9452950-2e75-4f68-85d1-a6a2ca7b57e8,7106
9569,143.48,Pending,2025-04-16 10:09:51,a6f87154-a931-4e2f-89fc-f4fc391a7c03,6258
9570,96.34,Pending,2025-02-11 10:39:19,5acabb39-4601-4fb9-ba5d-2ce1f136673d,9428
9571,55.27,Pending,2025-08-10 18:30:01,bb76a059-15df-4dd7-b424-26c119cb3999,8769
9572,117.86,Refunded,2025-09-24 02:53:47,a9f2ef0a-02df-45b8-8744-9c0f29dc07ce,2995
9573,191.73,Pending,2025-11-05 20:33:05,c0693478-a8f9-4e6e-b515-708a8fb68442,57
9574,68.57,Paid,2025-07-10 13:21:59,7b34195e-6628-4318-b611-2458016fd874,1814
9575,133.68,Refunded,2025-08-22 18:22:09,213a04c5-cf1c-4e1a-93f2-3e94abdc5a38,7789
9576,36.85,Paid,2025-02-21 18:08:07,a2e754af-ab11-4a37-8e05-07973810e9d8,5659
9577,140.96,Paid,2025-03-19 21:33:12,b1e247a2-7655-4cfc-9616-0b0c2c350e12,106
9578,148.72,Paid,2025-06-16 17:03:29,f60154d4-3988-4a05-b0bc-00690a252981,2706
9579,165.26,Pending,2025-11-20 00:20:35,dd1187c3-b98e-4473-9b03-453f98562b71,1845
9580,98.92,Pending,2025-02-05 17:44:13,868b4395-9e0a-4ac7-a7cf-cb2d2fe404ea,5622
9581,163.98,Paid,2025-09-12 09:32:47,b83513c1-788f-4c39-8853-90059be0a392,2022
9582,42.72,Refunded,2025-05-05 08:34:04,6bcd87ed-527d-476c-ae9e-f72b84a8317f,1098
9583,150.58,Pending,2025-04-20 12:26:36,979e9c8c-a02e-450a-8e78-cf2abced38ff,3149
9584,21.31,Refunded,2025-02-04 20:19:45,40042d23-9172-45de-ae52-3829b9ad31ab,1227
9585,86.68,Pending,2025-01-20 22:53:08,41a554be-3c28-4b89-bec8-2d75de1a75bd,4748
9586,186.27,Pending,2025-11-06 00:47:43,68ed0568-4ba7-4e6a-adc0-b1490b2ae820,2508
9587,179.72,Refunded,2025-08-15 00:40:22,16758c8e-7dff-4362-9e83-1b1c0e6aa854,8952
9588,48.13,Pending,2025-10-31 00:05:31,cedeafd6-bed7-46db-b9c4-852eb97223f7,6091
9589,98.65,Refunded,2025-09-22 12:28:51,a2c2afe7-868d-4b9a-ab2f-125e9202a989,360
9590,71.23,Paid,2025-03-15 14:06:19,5fb8a02a-3266-4e1c-8625-7062e24dffe8,6414
9591,113.51,Pending,2025-05-20 19:01:17,2c9881cb-504e-4732-922d-e6552125a39e,2306
9592,187.85,Paid,2025-10-11 17:01:24,289d918f-335b-4bcb-9fb9-b1d6668a0d03,5968
9593,35.72,Pending,2025-03-29 01:58:05,17128269-4725-464b-a564-09ffd78f2b10,9724
9594,154.65,Paid,2025-05-21 22:15:55,883ad3f8-ddd9-4ffb-bd10-eb0aa8d23d72,7899
9595,97.72,Pending,2025-06-30 22:05:08,70cb0fad-2eff-469c-97ee-46d5a45d95aa,3823
9596,167.42,Pending,2025-06-22 09:13:22,b02d57c5-e1c5-4061-ad29-498b60ad0dd0,2822
9597,129.3,Paid,2025-07-24 01:18:32,a2447a02-c335-456b-a6a3-db7af0861153,2447
9598,81.21,Pending,2025-08-13 01:14:02,550bdd0d-c5ea-44e0-ad25-22380c9fa61d,2251
9599,82.29,Pending,2025-09-10 18:11:09,4551e0ee-0c38-4630-b4b3-0d05ef4846ae,1278
9600,44.1,Pending,2025-06-26 18:25:04,89f47c2d-8c93-471a-a3b4-b3d7f0fee9d3,4728
9601,133.78,Refunded,2025-07-09 17:42:46,1240c4b5-85a2-4ced-a30b-9933fed8d64f,4199
9602,21.11,Refunded,2025-11-15 23:02:16,145c5e76-aaad-4a27-9b99-f2dfef36a36d,9106
9603,129.0,Refunded,2025-08-20 12:02:12,de91b1ea-79eb-40ac-90ae-4ba44c11ca21,3648
9604,28.56,Refunded,2025-03-14 09:04:54,5d7458cd-dc1d-4495-aa70-875557d17617,1825
9605,204.75,Refunded,2025-04-11 11:11:44,dfd01440-28ee-46b7-b953-029a6ea4e3e0,2390
9606,114.91,Pending,2025-05-02 23:01:08,c41feb32-835c-4401-ab5e-201888b35efb,4723
9607,53.33,Pending,2025-11-14 08:29:54,e7b00f8c-6f6d-4c77-8ea6-64252a316398,8599
9608,112.51,Refunded,2025-08-05 17:50:11,5fc4c31c-212f-40c2-b7de-3e53c0f7142e,4351
9609,120.75,Pending,2025-10-03 10:26:05,465080a9-40a8-4473-adf4-deb26f9ee6aa,4137
9610,81.36,Pending,2025-06-22 12:08:49,00492999-bae9-4542-8276-3c8d310733f0,7825
9611,31.73,Refunded,2025-10-02 09:02:39,78e91755-299e-47aa-8efe-827f2ec443a6,448
9612,182.22,Paid,2025-01-21 18:28:26,593dcdcc-5895-4da6-a863-25ca175b8d68,5465
9613,57.04,Pending,2025-03-22 12:18:20,93e16a68-f4a6-480f-895b-7a2641fec3ee,644
9614,151.56,Pending,2025-07-07 23:36:03,b9025e29-4295-459b-a007-548fd6bde146,6491
9615,105.55,Paid,2025-07-03 10:00:23,68ca42cb-363f-4050-ae9c-87d73499c5a8,4551
9616,90.0,Pending,2025-09-09 00:40:11,a5057dc6-1a59-4c64-867c-729cc1d73da1,8291
9617,89.6,Paid,2025-02-19 00:50:31,ee222c99-5b77-425b-87bb-3cbedaced2b1,3524
9618,181.25,Paid,2025-05-07 17:42:02,288f536d-74ce-41c7-b4e7-30b94d5f2cb3,6829
9619,38.93,Pending,2025-04-27 16:50:22,09d10ef4-04ac-4761-a9b9-fb06e06f962f,2939
9620,96.1,Refunded,2025-01-17 22:00:52,7177f2ff-3030-4b36-8c3a-79713df148dd,4051
9621,85.35,Paid,2025-08-02 08:09:06,111adf5e-d3a5-4baa-b810-cd3e2906bc64,76
9622,101.78,Paid,2025-01-17 19:56:34,06997197-bbef-4145-98d2-45430be23024,429
9623,161.23,Paid,2025-06-03 16:46:10,2dcd325a-6ce4-48f9-89aa-51efca08812f,7573
9624,79.57,Refunded,2025-11-18 02:15:54,db82e776-eef1-4d57-a525-259be454c64a,8185
9625,52.47,Paid,2025-11-13 07:53:24,be5d691b-eb01-4b95-a54f-da117b270ecc,6861
9626,140.58,Paid,2025-04-17 07:32:51,0329be8d-5af8-478c-af92-ca39b2e3dd92,7674
9627,107.84,Pending,2025-06-21 14:51:55,7e84e62d-4160-423a-b590-e8e1b31e79f3,6343
9628,204.51,Pending,2025-05-02 05:43:02,c18482b3-ba02-4b76-ad1f-0ad0767efcc7,7371
9629,164.29,Pending,2025-01-29 08:49:53,3ae05a93-08b3-42fa-b930-7b2c8e52c0ee,7398
9630,136.41,Refunded,2025-03-07 12:05:05,31d3c413-146a-4b58-bd6a-499a5a79ffc7,6476
9631,46.08,Paid,2025-07-01 07:06:55,90c9c295-92f2-44ef-8f75-e9daba67af73,7630
9632,88.92,Pending,2025-10-09 00:46:25,a80b7da0-32b1-4877-bb79-3c5f3275e117,7125
9633,149.56,Pending,2025-06-10 10:34:29,eab4b9be-cb04-4a4b-80a7-99f6b1d48f2a,9341
9634,76.02,Pending,2025-05-12 23:00:59,10b8e3a8-99d6-4c65-a415-cdc233c8e897,8038
9635,82.08,Refunded,2025-09-24 12:45:48,09e8eacf-0b50-4aeb-9041-831e14f88c1e,2835
9636,201.15,Pending,2025-04-06 21:31:36,4e9b415e-4b99-4140-8ca5-03e77ad5b075,9465
9637,119.98,Refunded,2025-02-23 03:26:46,cfba0fff-64aa-4603-951f-e1fa4588513c,4986
9638,63.64,Paid,2025-11-07 03:43:10,7b6926d3-8481-4537-a018-cfa265b40f34,6358
9639,65.31,Paid,2025-01-31 01:54:06,e853eb44-f489-414c-bf92-e846847ffdc2,8385
9640,190.34,Refunded,2025-10-07 08:19:22,1f6f6e17-2dec-49c7-9eb4-900fb33a357c,9332
9641,115.55,Pending,2025-05-30 21:53:34,0f221eb6-93eb-4e0b-ab08-1db537512fb4,8085
9642,203.02,Pending,2025-03-14 22:38:47,595ebfe7-54e2-468a-b17b-e104c7dd2054,1896
9643,21.65,Paid,2025-03-05 13:20:33,f34f572e-fb30-4691-a3ef-d0b59f722edb,4519
9644,33.64,Refunded,2025-03-01 17:45:02,833c229f-af1a-49bd-a536-98c81b217f89,5974
9645,34.95,Pending,2025-08-11 03:32:13,3336d299-0c53-4c41-9103-2cd79a3c40f4,8596
9646,20.42,Paid,2025-10-11 02:42:08,66341986-d168-4647-9ffa-476846f5e4c7,32
9647,99.12,Refunded,2025-06-30 14:49:35,3819bebc-4321-4078-9013-b0392da52be9,4930
9648,118.77,Pending,2025-01-10 05:54:25,f9cb086b-c2a6-41fb-923d-ca49b4f2bd11,7460
9649,127.75,Paid,2025-08-10 09:45:18,62a56a20-6ffc-4e69-ae02-90889676a0bf,5455
9650,196.48,Paid,2025-03-24 15:11:57,190f5c7a-52ad-45c1-8555-46b6a6d2dc09,7628
9651,202.9,Pending,2025-10-31 02:30:18,e899e899-4c03-4cfa-8f7b-48bf7884af83,6087
9652,133.55,Pending,2025-07-20 21:16:46,f6b01696-f89d-4483-b407-d4e9afa240a2,8350
9653,178.27,Pending,2025-10-26 11:30:14,3897b8d8-6434-43f1-acf4-4dc91afbcc45,276
9654,111.26,Paid,2025-01-28 13:13:51,b2669d7c-8936-4e4c-83e6-6adbc0961155,4995
9655,43.23,Paid,2025-01-01 01:03:13,7b08457b-fb31-4fab-b68e-2d9c5a58cb99,516
9656,146.33,Refunded,2025-01-13 01:33:54,fa5700bd-7a3d-4f01-9a61-aadc057e50a9,203
9657,166.79,Paid,2025-07-09 13:53:52,29d1fc57-35a7-4b91-986c-166f3099a338,7224
9658,176.62,Paid,2025-06-28 06:26:07,5e34c152-0cd2-4e54-8014-2bfa9247b341,1457
9659,112.72,Paid,2025-10-02 19:00:33,7c650a7d-cba9-4803-b4b9-d946e448b9e2,9632
9660,176.36,Refunded,2025-04-08 19:13:15,88cf0d07-f9db-4b55-918c-ff0b4eedbae8,8756
9661,28.83,Refunded,2025-04-02 00:40:43,723baba0-df42-4b24-8bd0-77fdf26e7b4e,8027
9662,107.81,Pending,2025-06-02 12:49:44,a23bb618-0607-4095-bc1e-d2290e487938,3087
9663,28.56,Paid,2025-10-08 05:42:10,63d0e7d8-c0db-443f-b1ad-794590e9bbe6,8840
9664,111.22,Refunded,2025-02-16 01:34:58,383b0903-d003-4479-a95b-9c6f1814e30f,464
9665,57.94,Paid,2025-08-14 08:14:35,40b2ee5d-8d2e-440c-9a76-5b5df9638925,6374
9666,148.17,Pending,2025-07-17 18:56:27,96aa02d8-d708-46cc-bc75-2108194b07ff,266
9667,201.4,Pending,2025-11-04 08:08:47,70f7d41d-123d-4922-96a6-45a97ad9f02e,321
9668,64.09,Paid,2025-04-23 09:42:08,e008aef7-8330-421c-a153-6bbbf8554d21,9092
9669,187.07,Refunded,2025-07-03 04:04:24,ecc54656-6087-42c2-a972-63e2432f36f9,3305
9670,195.25,Pending,2025-08-31 17:29:11,0eada375-63c3-4fa1-af5d-49c53b6b5ef1,1073
9671,133.79,Refunded,2025-01-24 22:05:50,83cb4bb4-d68b-43fb-b273-2f6740ba3fab,748
9672,208.58,Refunded,2025-04-12 15:35:22,b7b55d24-0152-4da2-8665-be3c894830e6,9896
9673,175.62,Paid,2025-06-08 21:00:09,c002c782-b11f-4c77-9022-cbb8d34c78f8,9706
9674,57.63,Refunded,2025-06-07 04:02:27,dacdf07a-fa40-4c32-b37d-83242926236b,3216
9675,132.18,Paid,2025-11-12 22:20:15,40eb507c-90d7-4105-830f-1dfb73d734c0,7636
9676,78.83,Refunded,2025-02-22 11:27:13,882a6f74-303f-46a2-aede-2208782e3f36,1182
9677,61.64,Refunded,2025-10-03 13:50:45,60359f85-d319-4184-8f50-9be7d612a6ae,3709
9678,205.27,Paid,2025-06-22 07:43:33,b594182a-d22a-45a3-bdba-1839c38af556,5485
9679,132.01,Refunded,2025-09-30 19:44:23,08362d66-650d-4d77-a684-e671bdae608a,1454
9680,88.68,Paid,2025-08-25 00:31:54,0c5de10c-7776-4eeb-a50a-7001cc9e0c43,5725
9681,114.29,Paid,2025-06-28 11:30:53,aef0590a-1fc9-415a-b6e7-10acdb340523,4132
9682,104.11,Pending,2025-09-28 07:18:45,17a6eefe-c843-40c2-94e6-e2ab10b0ef81,7147
9683,178.95,Paid,2025-05-11 01:30:53,13f69321-6298-4f12-8893-0d4db2cc60af,8547
9684,186.89,Paid,2025-01-13 14:01:06,4641923d-feda-4b25-b553-1e572873aa2d,9089
9685,109.05,Paid,2025-01-22 14:05:48,46d9a361-36a1-4817-8b9d-4d0d70d4e2e1,9312
9686,121.09,Paid,2025-01-24 03:25:30,0a4315eb-d015-4217-9827-578eec8ed2fa,6134
9687,92.52,Pending,2025-10-04 18:58:45,12348786-c2da-4c53-a1b8-cdf04dd8cec4,4585
9688,91.76,Refunded,2025-09-05 06:26:37,c8f1ad42-bff3-4a6c-8336-3f377ca7b31b,1264
9689,42.66,Refunded,2025-06-12 10:04:37,1939e34e-a474-4ec1-b183-7e84d489ed32,404
9690,118.98,Pending,2025-01-19 05:34:25,a43d56b5-e2e1-4b19-b1ad-2b4529c441c3,2038
9691,146.37,Paid,2025-01-24 15:23:54,513cacf2-c086-4694-b925-4928bf595ea4,3747
9692,73.73,Refunded,2025-06-13 23:30:50,1265194b-6119-4a1f-baef-99649bd2d33d,663
9693,158.42,Paid,2025-08-03 21:20:05,603680f6-184a-40c3-be68-7ab421b6c7d3,3223
9694,105.64,Pending,2025-05-10 01:32:14,1bec133a-6042-4a1b-8e33-5e01dfc0d85a,7116
9695,200.54,Refunded,2025-03-28 18:19:47,12c387c6-2934-4459-b6b8-76514d33916d,216
9696,182.46,Refunded,2025-11-10 10:40:21,8abeff72-a9ee-45eb-8f07-06c7fd068665,9599
9697,194.44,Pending,2025-06-01 18:26:47,827335eb-6d66-4e0a-8a18-b8116fe778f0,4074
9698,152.16,Refunded,2025-01-24 14:19:34,377c04ce-e108-460e-8d36-6b6982179c8b,4162
9699,34.1,Pending,2025-01-26 01:52:49,c132e54f-31b3-47e1-a009-38f02a5a5a8b,7105
9700,209.45,Pending,2025-06-17 17:54:59,fe9f3fa2-870a-440b-b154-731d795803ce,4857
9701,48.38,Pending,2025-08-05 22:00:23,6cca1ca4-ddb3-449d-a3cc-e9ecca603da1,1592
9702,20.65,Paid,2025-05-12 13:23:01,60c4126c-a917-4585-b11f-ef46302d2d30,676
9703,103.96,Pending,2025-03-13 14:52:15,c4bdc9af-89e7-40e4-acea-25c6c0a34d45,808
9704,158.1,Paid,2025-06-29 07:07:49,6650ae07-26d3-426d-8f2a-fc4c972cf45f,3935
9705,145.58,Pending,2025-03-29 12:35:46,4e1f5413-721a-47be-a823-dadce329bb36,3715
9706,28.98,Refunded,2025-01-18 05:30:29,f04ab3bd-a9da-4536-a2d2-cd19903a77c0,3159
9707,88.38,Paid,2025-06-10 06:53:13,300322e6-2ea8-4063-bded-558c31f47545,6264
9708,139.28,Paid,2025-10-01 15:51:10,5df3a471-07ab-4428-ac99-2cf802af0890,3688
9709,100.67,Paid,2025-09-16 16:58:59,5de33d32-af88-4656-8260-59801ce8294c,4690
9710,102.51,Paid,2025-02-21 13:28:13,53e90c84-d933-4ebd-bbc7-bf96e901e2f5,3067
9711,143.16,Paid,2025-05-23 00:41:38,37f4b256-1ad4-4566-a1fd-5d0089e89a75,3318
9712,118.03,Paid,2025-08-08 02:16:25,558bfff2-39f2-4498-9bdc-05a76cbd866d,9107
9713,121.37,Paid,2025-05-19 17:38:45,0e26cfe3-3707-4d3d-944d-203941e5849c,1423
9714,87.74,Paid,2025-10-24 07:43:09,d75d5d53-d73e-43ec-9fcb-7d9ae17b03c9,1020
9715,20.96,Paid,2025-07-04 06:44:41,683cc9c6-b66d-4f18-8035-ff191a9a2912,2784
9716,142.31,Refunded,2025-07-27 03:57:02,a4453da1-995f-4aea-bef1-88561828989d,3489
9717,59.73,Pending,2025-01-06 20:23:57,0c6a9f4d-68de-4d8f-ade8-ce71e488d9cc,8735
9718,31.68,Refunded,2025-11-18 19:26:58,794a0c50-1167-44d2-a448-97a9470c7678,4940
9719,71.32,Paid,2025-10-01 23:26:51,ee5b665e-efa4-48cc-bcd7-cb76ae80a88b,394
9720,206.36,Pending,2025-01-06 22:31:41,5b69016a-bd65-4558-9e11-3c9a16f95037,1775
9721,197.31,Pending,2025-09-19 09:00:01,b1a90c7d-d732-44da-89ae-b9aefaedee68,1578
9722,50.82,Paid,2025-09-18 08:04:26,b8df8051-b451-4a90-9d2b-8adbb0c013db,1718
9723,24.67,Refunded,2025-09-28 09:15:48,012f1b3e-ebde-4993-8372-f7fd458d9ae3,1433
9724,82.59,Refunded,2025-11-18 10:41:21,d7878cfe-5ff0-4245-844d-096bb229d01b,3531
9725,88.19,Refunded,2025-01-16 03:55:15,942e75a7-011d-4af1-a6fb-c9b211e82517,1564
9726,111.08,Paid,2025-09-25 15:09:56,c1e9c22c-136b-4563-ac3b-a5b8a8ed1ce3,2806
9727,120.33,Pending,2025-05-12 02:08:53,a7b2b297-59a9-4f3c-b1ce-59854264cce3,7393
9728,115.05,Paid,2025-07-09 06:59:28,27bfcaf3-65c3-4eb0-a28e-2fa93ee35c92,2577
9729,42.81,Refunded,2025-08-04 05:17:40,e8ff3752-3432-442f-b265-43c03de2d195,2246
9730,206.04,Paid,2025-03-29 00:20:27,4a21daf4-9e43-49f1-8b89-723a062df14d,4625
9731,65.32,Paid,2025-02-08 20:32:36,7d67c1b4-f902-4d0f-b2f3-fbafa661534c,1713
9732,123.78,Paid,2025-05-14 04:17:24,df1ca2b7-6c8c-405b-9969-df5f88b05026,1914
9733,20.65,Paid,2025-07-21 22:05:13,07240835-026e-4ee9-8b29-b95f11a86c4d,7421
9734,28.75,Pending,2025-09-30 14:00:51,41d2ebed-5c51-48fb-a63c-865dba57e52f,6363
9735,76.84,Pending,2025-06-10 05:35:25,1b6effa9-d863-434d-82e9-e3c4efdceb24,2139
9736,166.03,Paid,2025-08-04 16:14:16,a4e64c11-22e0-4aa0-b1fa-a2c31f815cbd,8345
9737,141.52,Pending,2025-07-17 11:11:18,dc3cc09f-caa3-4125-a65d-b5b2657588eb,6121
9738,177.56,Paid,2025-05-12 21:51:47,548e00c9-5233-4ec9-96bb-3b6204e0309f,3245
9739,100.29,Paid,2025-06-04 02:44:30,ef624e45-483b-4a4a-b3ec-5e5d542bc04f,2374
9740,73.56,Paid,2025-01-23 08:27:57,ac022c24-e597-4679-a7f6-c6a65996c74c,4310
9741,130.97,Paid,2025-02-16 09:59:15,3fb4ba41-1c47-435f-9b7c-c1b11b4f9f70,1564
9742,138.69,Refunded,2025-06-06 14:00:07,4e425ea9-e5ba-427b-ba53-931031a55cb5,4685
9743,160.28,Pending,2025-09-01 12:53:54,e6ad6d22-ea1e-46f4-aa70-923f77d8e822,4912
9744,168.51,Pending,2025-07-13 11:30:51,2dfc2ae7-d868-4233-9d38-1084675d14d9,978
9745,85.64,Paid,2025-08-17 06:20:41,5b51c940-553c-4042-a728-6a3c67b2c9f3,6883
9746,89.47,Paid,2025-03-15 21:50:26,67317913-adcb-4369-8635-36ee38df915e,6003
9747,40.66,Pending,2025-03-11 01:20:04,b6dfbc33-a312-4114-9bbb-69dde2fc631f,3623
9748,101.25,Paid,2025-07-23 04:55:29,29f0c8a7-fa07-45ea-9802-5e5b273881d2,2346
9749,140.85,Pending,2025-06-04 03:22:38,720e6272-8564-4cff-9178-4a6dc93f137e,3358
9750,50.19,Paid,2025-07-20 00:25:32,ac72a666-1fd9-4014-8652-86894870b9a6,311
9751,21.83,Refunded,2025-09-26 16:42:47,999e003b-2f4f-47bb-97f8-446942713c01,219
9752,28.99,Refunded,2025-11-14 20:13:48,f759a101-4a36-4ba6-95d7-03217544ad1f,110
9753,34.03,Pending,2025-04-22 22:19:09,95991934-e194-437c-8763-1c8986074cfb,1864
9754,170.62,Refunded,2025-01-14 05:19:52,b18a3493-4117-4de7-aa0a-8e51cf63e94e,929
9755,155.78,Refunded,2025-01-27 04:43:55,c656c54c-a3a0-4c9f-bcb3-6c80c0520d60,9589
9756,168.55,Pending,2025-09-13 15:25:08,a2197b78-7ab4-496b-8d63-f154eb3a2eb0,624
9757,168.45,Paid,2025-08-01 22:46:51,a7719915-f947-4e61-a151-e81f9c9c910f,7395
9758,177.05,Refunded,2025-11-08 22:50:02,9de95e8d-97d9-4080-9aea-1882bd0bec3e,4973
9759,97.84,Refunded,2025-07-12 19:06:02,42c7a8b0-c6af-4124-9acb-c3238cb13a08,4398
9760,107.98,Pending,2025-03-25 12:26:22,7641b084-71b6-44e2-952f-db68eab733f0,4820
9761,96.31,Paid,2025-07-24 19:09:07,2e5d7c80-3723-4c9d-a015-0ef36fb055e7,6848
9762,70.2,Refunded,2025-05-20 17:54:17,86a68754-7e0b-4801-8c4a-c79be31ed0d8,4276
9763,113.31,Refunded,2025-08-15 06:39:13,27099fbe-8494-474b-9499-a355d4b25769,5048
9764,127.28,Refunded,2025-08-11 23:45:45,96fa7ed1-2415-47bc-9604-f002d33b96d7,4025
9765,159.99,Paid,2025-11-14 18:46:46,e968712b-dfff-4eae-96d9-eacfaacbeb83,1248
9766,158.07,Pending,2025-05-20 00:03:17,b1e93c32-2462-4a6e-9cb6-a85a45cb61d9,6051
9767,201.39,Pending,2025-02-22 10:23:48,ba04c94f-6d23-404f-8746-dcc39637a46c,572
9768,140.77,Paid,2025-11-10 13:07:46,a3029540-c0c8-4647-b052-526863161739,8220
9769,202.86,Refunded,2025-10-18 12:35:24,096f5f1f-86a3-44b5-984f-fe5a25fbad2d,1178
9770,63.74,Paid,2025-01-09 09:43:56,687e638c-775e-4b24-926a-ab6e68690c42,3081
9771,128.58,Paid,2025-08-18 13:16:52,916a0815-1924-4776-938a-046352d839c6,5516
9772,58.8,Refunded,2025-03-09 22:26:07,2e3cfbd8-e46e-4697-983f-686c9fd20daf,822
9773,182.68,Pending,2025-08-19 00:29:00,9bbf0c50-765f-4018-ba2b-5dfab315e5a2,3466
9774,124.29,Pending,2025-02-12 07:35:07,457aefe2-2af0-489b-83da-11742984a671,3657
9775,57.66,Pending,2025-05-09 05:22:02,2acaabe1-a140-4f15-9c5b-9ff0b321013c,7999
9776,132.54,Paid,2025-07-13 20:50:08,0ba97d47-fa37-43b2-abb5-a07164113cb4,8318
9777,154.45,Pending,2025-03-03 19:06:02,b47dbc4f-3473-43f2-9a2e-7251b01bc0c1,9154
9778,72.76,Paid,2025-05-07 00:05:33,bd2abee6-73f5-4361-ac80-e3b46ee1064d,7750
9779,121.86,Paid,2025-10-02 17:22:28,509c7023-7cdc-458a-9f27-40ba974fde7e,9148
9780,67.55,Refunded,2025-09-27 16:50:50,2d8a8c7e-1ad8-48d6-908f-6cb3fcc61ac3,1534
9781,139.75,Pending,2025-07-22 09:39:17,595f113a-e734-4f60-b4ae-2b6bd8d1a179,1641
9782,173.83,Pending,2025-02-04 13:09:59,50664337-e82e-43ad-a84f-6d21fa00d5bd,9434
9783,141.25,Pending,2025-10-08 23:31:08,de01b843-2bea-4222-aeb4-03d702df47e5,5136
9784,90.9,Pending,2025-05-19 14:19:06,276d0de7-ec85-4712-bd6b-bfe153638082,7422
9785,138.34,Pending,2025-10-29 07:14:05,2a2e97bd-cfce-445a-9b74-44dd76849db7,9144
9786,166.99,Refunded,2025-05-27 16:10:27,e18e7ae7-854e-4a94-83bc-827a7f40b5db,7734
9787,182.86,Pending,2025-03-27 07:01:45,4f96b07d-713e-4419-8c1d-40e6198fcdb8,8614
9788,164.67,Refunded,2025-09-04 00:03:21,c6a38581-02c5-417e-a0fe-bf14d618d0f6,9087
9789,161.58,Paid,2025-06-13 01:43:31,c8f32a4f-4a88-4087-95c1-ed9468be4f69,2808
9790,119.36,Refunded,2025-06-17 14:19:52,94fc8e4a-928c-4453-ae0e-63618ebd2106,168
9791,139.17,Refunded,2025-07-31 17:13:04,7a77a8a5-3fd6-4006-bc81-f455a16cb54e,9108
9792,29.13,Refunded,2025-02-17 10:17:49,e4611856-d640-45bf-8259-0b41805ea367,3666
9793,159.82,Pending,2025-11-06 04:18:48,d2a5573d-b649-4533-89ae-1700dabe2352,3362
9794,60.69,Refunded,2025-08-22 15:26:37,cb1789e7-5c24-447b-92c2-374a09c586b4,456
9795,79.25,Paid,2025-01-11 05:42:32,cdd91c14-1477-452c-961f-183e8b08d068,1824
9796,137.45,Pending,2025-03-06 18:10:53,d662d094-236a-40e7-856e-33a1654900d3,9586
9797,197.57,Pending,2025-03-11 21:29:00,5b62576c-d5c4-4755-88a7-c86f9de36b36,2687
9798,117.35,Refunded,2025-10-27 15:10:13,98ea8d68-cb1f-4cbb-9ecb-083148432353,9485
9799,156.95,Refunded,2025-03-29 06:21:07,22426361-045a-4be1-99ba-8f84b62cd505,6545
9800,191.35,Pending,2025-06-01 07:52:44,ba861ceb-c5d0-4dff-9f07-2f1df827ffed,4967
9801,143.08,Refunded,2025-10-22 11:40:09,1e7771df-5ed4-404e-a933-5f488386a183,5281
9802,193.47,Refunded,2025-11-05 19:37:40,d465c5e2-08be-4ffc-94fc-58138d3d6d6d,6294
9803,50.45,Refunded,2025-03-01 20:33:26,7e4c4a40-0ac2-4818-b3fb-94b4764ae0f4,8401
9804,172.07,Pending,2025-11-02 10:31:58,e4be58a6-da3b-4d3c-9d9f-79e03165b322,7048
9805,149.28,Pending,2025-03-05 04:22:33,e2a056cc-395b-4281-b15a-0c42ec98d188,3933
9806,207.28,Pending,2025-06-26 01:00:39,0e9677da-3483-44c2-b0af-ecdd9ab86d04,4727
9807,145.55,Paid,2025-03-31 00:54:21,28084d26-c247-4964-817e-8732f9df5de1,6282
9808,162.07,Pending,2025-09-24 00:37:33,c6843aa3-ae0c-4fde-8d13-07fb3f313d5f,4133
9809,195.94,Paid,2025-08-24 01:38:20,19d8a7d8-01bf-466e-9e0d-f23a6192b248,6709
9810,59.97,Paid,2025-07-18 02:27:57,9d5d6655-5df6-46ac-903c-847dc1ee46dd,7359
9811,200.61,Refunded,2025-04-01 14:54:39,f5357241-811f-4d1b-b1df-ed8785dbf261,8153
9812,168.76,Paid,2025-09-30 18:28:08,98a9018e-a7cd-47d9-b484-909a0efc8025,8419
9813,197.92,Pending,2025-06-04 01:32:46,637e9d74-68f5-4969-9a59-76f6d65878f7,4989
9814,88.92,Paid,2025-03-17 08:36:09,fcb7e5b0-8365-4cf2-8213-b2c29840c5e2,3490
9815,46.36,Refunded,2025-06-29 21:10:08,25da538c-4681-43da-a669-c523f28e47e0,5818
9816,198.27,Pending,2025-11-15 20:26:15,101d1a8b-129c-470c-a038-7c0ad884bcc6,9113
9817,201.66,Paid,2025-05-16 09:45:24,e824edec-5ca1-476e-9343-c515cfb30e06,1851
9818,183.24,Paid,2025-04-11 10:37:52,282cb823-812e-407b-abb3-1e919d60d085,1272
9819,166.0,Refunded,2025-05-29 11:28:30,f2b91450-750e-40bc-aa18-98b3a2da5a8a,2663
9820,207.62,Pending,2025-03-31 23:55:07,d41e6645-9234-434c-a747-897472ea984a,2629
9821,144.57,Refunded,2025-06-10 04:17:38,bcbea3e6-0a1e-477a-b23c-d9d4c47ecd55,3054
9822,103.07,Pending,2025-07-04 04:33:33,7dcab11e-14b3-4efc-a565-408e24e52415,698
9823,26.55,Refunded,2025-11-10 23:26:17,6512c7a0-ebb5-4dec-ad36-c4d7a50681d2,7902
9824,186.18,Paid,2025-10-01 22:38:55,57678e93-a3d9-4999-b08c-de03fe562e42,9756
9825,48.63,Paid,2025-08-08 06:10:18,a2d8571b-71a8-41c9-82c7-dc5c5371db30,8396
9826,70.97,Pending,2025-02-06 10:22:02,3749c870-cfde-46f8-9013-4e21cf7b9039,4001
9827,202.92,Refunded,2025-02-07 17:04:49,2cb84050-c7a3-47b8-82e7-916d48a59d51,1665
9828,154.53,Pending,2025-02-28 10:02:59,e72a9afa-801d-47ef-96da-c19767774b1d,5671
9829,35.95,Pending,2025-08-20 19:30:14,fc66f59e-7994-4537-b2d1-4917da8e09cc,4781
9830,83.04,Paid,2025-04-04 02:35:40,148ffaab-f9d1-4fb6-b899-cad73f7d61bd,2937
9831,148.29,Paid,2025-09-12 21:48:01,f40070fe-153e-43d9-be2d-3dac22a67d8e,2987
9832,147.15,Paid,2025-01-25 18:35:39,75b47d68-4c1d-4d29-92ac-9f52b41b8e3a,3573
9833,78.89,Refunded,2025-03-08 07:51:35,f51d2d80-04f7-4e83-9dd9-13a4977bd82b,5556
9834,138.67,Pending,2025-02-14 12:11:55,b0c473c9-e451-4cf9-8a13-02a5d0dd9ed9,8174
9835,193.57,Pending,2025-06-16 09:50:57,88a11c91-8a4e-4b18-a6b8-0eb146ecfd08,770
9836,44.09,Pending,2025-08-31 01:22:23,43bbd522-3569-4ee5-b586-a37f3b7a84e1,277
9837,33.39,Pending,2025-04-01 17:36:55,b197813d-0306-4bd8-859f-6b04a8fb67de,5378
9838,102.34,Paid,2025-03-24 10:14:50,84edc04a-f5c4-4a17-94d5-c36d82e5e486,5762
9839,35.97,Pending,2025-02-07 03:59:17,f07e3548-c53d-4d55-b124-02f5837ef3a1,7692
9840,147.49,Pending,2025-01-29 09:47:40,1178ce43-052f-4cd5-bfc4-1bb6d9c2e6db,9938
9841,155.2,Pending,2025-02-16 04:48:13,e50137be-9fbf-4d67-a088-c88add37c52e,2606
9842,179.71,Paid,2025-03-03 00:58:36,647bc92b-f236-4aa6-8a26-bd3243c76dcc,474
9843,25.19,Paid,2025-05-27 02:23:29,9686e711-af39-4abe-be16-1489e8f35e18,4045
9844,206.73,Pending,2025-04-12 06:58:15,dce8298e-4740-4701-9aae-2ff56e8388cb,8641
9845,84.75,Refunded,2025-05-30 01:57:09,fe97a669-541d-48f0-856e-5336767c44d2,6225
9846,115.91,Pending,2025-01-23 06:41:55,56dcb6fd-6555-40ca-9980-39ddf53650f9,4832
9847,196.94,Paid,2025-01-02 00:30:37,a31ce208-2abb-404b-9c6f-df1ba31aa756,1764
9848,176.88,Paid,2025-06-22 03:19:50,de391fd7-ab0b-4936-931f-bd6ced9001c2,9767
9849,175.52,Pending,2025-09-28 14:37:44,04721167-47f0-42a1-9154-d8f2341b4809,5596
9850,206.62,Paid,2025-07-24 00:01:30,36bb2525-45f7-44ff-b742-d084c1a00adb,5061
9851,34.85,Pending,2025-01-31 01:51:37,abb066f8-0d2c-4120-b4e4-e4a8caac9f71,1194
9852,51.31,Paid,2025-08-04 09:26:14,c84f8e6e-c003-41c0-98af-f52ad6757344,1530
9853,160.39,Paid,2025-07-10 03:35:45,8f840e24-2f4b-4904-bf4b-308a0d74cea9,5920
9854,190.24,Pending,2025-09-28 04:57:33,973aa172-43a0-430c-9dac-fdf02bc7edd6,674
9855,176.0,Refunded,2025-04-19 16:14:55,d00a42c6-1673-4776-a7b5-aa4e65495e74,1797
9856,113.28,Refunded,2025-03-10 01:12:29,b912784b-7ceb-4780-902c-f6b7057da761,6337
9857,85.18,Pending,2025-03-25 08:52:20,d7e38d89-d717-442f-a7cd-0080fb4c76f8,4935
9858,44.54,Refunded,2025-02-07 10:12:19,2a16402c-ca4a-4080-ac20-da8398bb8498,5446
9859,145.71,Refunded,2025-06-05 20:41:12,69fe7b34-501e-4188-82cc-a12a8e540fd9,9233
9860,138.19,Paid,2025-04-05 12:32:08,5b692090-8271-4997-83f9-3fc6f8264bdd,9327
9861,71.93,Paid,2025-01-12 16:49:33,5cef3fb0-7966-44bb-8103-6afb01db5c2c,6781
9862,69.3,Paid,2025-04-09 03:58:07,48345b25-5378-4ed9-8774-e0b323f9b521,8204
9863,144.61,Refunded,2025-11-03 16:24:01,4ae58feb-54f3-4179-abc2-6855b8c29555,596
9864,59.85,Refunded,2025-04-07 07:11:31,d004b589-e41d-4d48-b5c2-01a68cfeb2a8,8917
9865,141.96,Refunded,2025-08-30 04:40:56,57b5c874-6a1f-433a-a291-1dfd875d1783,8247
9866,160.1,Refunded,2025-05-20 08:25:36,cd58710a-57c2-4ff4-9f58-f57855b2ff72,4771
9867,35.35,Pending,2025-03-12 04:44:02,39a31b21-1091-4293-9d2f-6fe646a39360,4403
9868,46.73,Paid,2025-10-24 22:53:03,2d97c1ea-de99-4713-8093-0d63541e249f,2492
9869,82.67,Paid,2025-08-25 18:57:40,2f4d2dbb-abf2-4de5-88f8-91409e7da7a0,4162
9870,155.39,Pending,2025-06-08 04:44:52,83a7f899-9a7c-4f99-ac30-90e563113ccd,3541
9871,34.22,Refunded,2025-03-19 07:13:36,d641ae96-e1f4-4cb7-ab35-7e23aea79dcb,9965
9872,65.8,Refunded,2025-11-03 13:53:59,b8d6cb13-31de-4851-9e53-70aa6e6dff5f,9147
9873,126.81,Paid,2025-06-02 17:19:31,bf468ef0-f130-400c-b115-527b48682398,8447
9874,179.1,Pending,2025-09-10 05:52:42,116f5c3a-8690-4488-84c6-0a411952b602,3518
9875,91.15,Pending,2025-11-23 17:30:38,d58a1e03-6efc-47f9-a2b2-7301197c0495,5846
9876,94.32,Pending,2025-02-14 07:54:56,2e19c7b1-5315-4a24-92bb-b68a69abb042,3893
9877,74.53,Refunded,2025-01-06 01:36:12,6b2ebb39-386e-4034-8d39-e514df323a66,1871
9878,119.66,Refunded,2025-10-20 20:48:20,2adfa28e-f3e8-4ee1-bb79-ac091fdad320,6548
9879,206.68,Pending,2025-10-15 04:59:32,c3faf758-566d-4acc-81d3-b59de3f606eb,2526
9880,106.21,Paid,2025-09-27 06:43:47,3d1b2114-1c55-45ac-9c27-3f761c616640,6843
9881,115.14,Paid,2025-05-23 21:51:54,4fcf6881-9e35-4683-a77c-e19afb6d3b89,7861
9882,81.75,Refunded,2025-01-30 03:45:55,9fd9d638-9830-4fbf-9cd9-5080a612d0dc,4634
9883,177.47,Paid,2025-03-10 15:23:10,54ebfdfa-63f9-4303-ab3c-eff45f943dc1,6202
9884,38.31,Refunded,2025-06-03 02:40:24,66f9a67c-c9a9-4dae-a2b9-4e6b41e093e1,9198
9885,39.36,Pending,2025-04-10 14:06:48,db8c92ac-c298-4ee7-a283-5382790a5355,6550
9886,207.44,Pending,2025-10-24 18:03:56,eb2f89c1-3324-406b-8993-8d2f50e05cbd,8293
9887,52.83,Paid,2025-01-09 23:07:48,84988c8d-6085-4539-8830-e282e70dc24d,2627
9888,136.08,Pending,2025-03-26 17:50:42,9a588079-ba1e-463d-a7fa-3e670149606a,665
9889,63.75,Refunded,2025-04-30 08:45:26,3bf71b40-407b-408a-a6a2-7fd701b2a7fe,5609
9890,186.5,Refunded,2025-07-06 22:12:43,d6c41f64-c7e3-4cc6-8ce4-c5d66fb9b0a4,529
9891,189.93,Pending,2025-11-02 02:09:28,bd4d3272-137c-46db-825b-a44addc17a4e,8338
9892,57.24,Pending,2025-11-07 19:36:59,1fc04a39-dace-4bab-b9ea-6a2db7b0e00d,6232
9893,67.4,Refunded,2025-09-26 19:06:23,1b00c0e9-c6dc-4a1a-954b-15fa22e513a5,5155
9894,131.11,Pending,2025-02-16 06:20:06,eb3db37c-2972-4081-81da-3847a958e42e,5801
9895,176.12,Refunded,2025-10-25 20:55:34,8907013c-fc88-451f-9b13-514147322da4,9728
9896,71.84,Refunded,2025-10-23 21:37:47,4d32d707-b12b-4b93-a542-aa7a67b0a8ce,6554
9897,140.41,Paid,2025-08-11 23:12:01,275a3af7-13db-4a89-8441-0fe81ac0aed8,7313
9898,31.93,Paid,2025-01-24 16:34:46,65632512-270e-49e9-b187-c0398a3f3c8b,6385
9899,44.35,Pending,2025-08-10 11:45:43,ec32defe-cb95-4a58-b9d9-349510ea949b,4606
9900,27.97,Paid,2025-01-29 23:42:35,2f2ba75a-aa43-4679-bf71-338ba344cce3,4718
9901,177.67,Refunded,2025-05-25 01:36:43,043557a6-d2c4-441e-b62f-76a573fbcf7b,4907
9902,48.83,Refunded,2025-04-20 19:04:17,24959678-d86e-4669-95a8-85f0aace3f5b,5580
9903,59.09,Refunded,2025-04-13 00:26:06,5ad468de-f387-4d40-a29c-754cca60dd23,1436
9904,172.52,Refunded,2025-01-07 03:57:55,3bde6444-3557-425b-8162-f19045e5450c,836
9905,47.81,Paid,2025-10-07 12:55:02,184edc24-c524-45a7-88d1-6b476291f033,6113
9906,193.94,Paid,2025-05-29 05:29:17,98fa9334-560f-41ea-8d44-91b0689b168e,8481
9907,87.7,Paid,2025-02-09 20:42:34,72fa40a3-7cf9-4711-a9e8-188292e38972,7702
9908,131.1,Refunded,2025-01-26 00:16:54,384c59e6-a315-4078-ab0c-b3c09171ad60,9003
9909,203.09,Paid,2025-05-17 08:00:05,1bf21bb0-b1ef-4036-95c7-41bf9fcdc9e0,1776
9910,111.83,Paid,2025-07-13 03:19:50,8fdce770-192e-44d7-888b-e5c4590d7d5b,426
9911,175.61,Pending,2025-06-08 02:27:29,118dba25-d2f1-4149-9ba3-86759b40b767,7343
9912,65.55,Refunded,2025-01-28 04:03:14,cb6b85d1-67c0-4bcb-adf8-3e88a9d7fca3,3239
9913,174.62,Refunded,2025-08-30 07:11:00,8ca0fc57-988c-4e3e-a295-89195020856f,5217
9914,161.82,Refunded,2025-03-01 22:45:53,06af1994-b371-470e-ad8a-023c7f76f90d,5530
9915,195.6,Paid,2025-03-15 16:31:37,66542d15-f955-4a86-9cb9-67463252e76f,7526
9916,65.41,Refunded,2025-01-16 00:43:49,a094c94c-7afc-4c3e-8d4e-3cc3224cb962,2517
9917,61.3,Pending,2025-01-15 00:18:21,4ec9a870-69bf-432f-8abc-96a7ac0938e6,1264
9918,70.39,Paid,2025-11-15 09:01:42,45508fc7-0332-456a-b903-b15f7d55250c,8392
9919,89.75,Refunded,2025-01-02 00:46:44,e3043e80-3c87-48fb-905f-e6d20225029c,2238
9920,108.01,Refunded,2025-10-21 00:49:13,297c1481-3a63-4173-bd09-b2c30938b9cf,1042
9921,23.72,Pending,2025-05-07 05:10:45,a95e2adc-d18a-410d-8a1a-12417888120c,5087
9922,149.83,Paid,2025-02-07 13:04:26,a18c7a64-a361-458d-b519-eea92d4f3ee4,6446
9923,162.7,Paid,2025-07-27 15:43:45,ef9e3f22-b46d-4822-aca8-4f1d3eb73a59,5590
9924,198.19,Refunded,2025-11-02 03:04:40,c71c4342-1178-4d1a-84c0-69cb18baf62f,3792
9925,114.04,Paid,2025-10-29 04:50:46,a2f91e99-4513-4a7f-bba8-0dd42e07dd78,1559
9926,100.69,Refunded,2025-10-04 11:05:52,9ed30231-4164-45e2-b3c8-b9f215b92847,5479
9927,105.31,Pending,2025-10-18 01:05:22,d31f418e-10eb-4c49-8b29-8d63d618c618,4234
9928,171.72,Refunded,2025-05-28 08:59:14,25df3bee-f34e-4e6d-bc77-1ccc49697504,6112
9929,49.2,Refunded,2025-02-28 17:40:54,f67886fe-c747-4e42-8336-42b888d2092a,8965
9930,123.7,Paid,2025-04-29 19:49:59,227b59fd-9ef2-4dbf-b538-ec2a8cef5919,9756
9931,205.22,Pending,2025-11-11 07:19:53,6d624f26-fd2e-4c0a-b89a-c34fcc8314c2,9467
9932,116.52,Refunded,2025-03-02 06:28:18,6c82892e-2900-4242-8bcd-bd5e0e47b86d,7333
9933,180.6,Pending,2025-02-22 21:55:23,c6a4302b-0942-4b73-ae6a-d5eb150da8be,1763
9934,159.49,Refunded,2025-01-06 11:17:04,ac5bf548-aee2-4db5-9948-f6e91fb437aa,9919
9935,103.88,Refunded,2025-10-06 18:54:07,36cf7ddb-23d5-4876-8039-1453db415164,5877
9936,185.46,Pending,2025-05-26 11:41:26,a0d7c224-04be-4ddb-aae7-573cf5d3a9af,9660
9937,34.63,Paid,2025-07-27 17:06:27,eadb4c31-0840-400a-90cc-ce8c9088232f,5247
9938,85.32,Pending,2025-10-11 03:24:48,cd525bb0-5de7-46e2-9be4-7fdc2a43c8f0,8911
9939,87.24,Paid,2025-03-02 15:08:37,3aee53be-f407-4ae3-b430-f3767ee5e5a7,7145
9940,114.1,Pending,2025-09-03 06:53:54,6ef7b153-1ab0-4c03-b295-f6ae11a2aeea,2478
9941,45.62,Paid,2025-05-28 06:33:02,4a23fe3f-aa9a-4004-bf0b-b2576d4abc84,9573
9942,24.46,Pending,2025-06-28 17:33:09,c55d6d22-53b9-4d64-b8d6-b88ddfc1b59e,6390
9943,88.7,Pending,2025-10-29 15:00:42,9bc15bb5-7e6d-4785-846b-5c8a9f45c74e,2523
9944,117.06,Refunded,2025-03-13 11:52:21,40fa18e3-240f-4408-8607-e6aec2e15d56,4216
9945,208.22,Pending,2025-02-08 15:19:19,ade075d7-35d5-43e6-b9d6-05a4e1302cec,97
9946,103.83,Paid,2025-07-05 12:42:16,048e5b72-74dc-4c76-bf6b-469595140840,3004
9947,176.01,Pending,2025-11-03 07:23:45,2dfec66a-d194-4151-8a16-8b97e113b493,4798
9948,65.59,Paid,2025-09-07 18:53:09,680d94e3-6e24-4916-a2ef-6f9033f66d4e,6634
9949,130.88,Refunded,2025-05-22 14:19:14,3777aec4-1ff3-4073-b6ae-b31f613f18c1,2081
9950,82.91,Paid,2025-05-07 01:58:08,40ee3beb-7f16-44f2-bb37-0403168f11ab,2793
9951,144.81,Pending,2025-10-24 03:44:47,7410812f-6341-4eea-a49d-1e4547142268,3947
9952,67.76,Pending,2025-02-16 12:44:52,1313c058-f825-4e76-a796-3dcea9d2e63c,9531
9953,21.96,Refunded,2025-07-08 19:45:54,9cbf8a24-18f1-4c66-937f-2e7bebe5ed8d,4333
9954,82.07,Paid,2025-06-25 20:39:11,81a1e431-1cd2-46aa-8e84-5883ef2b4c6d,5702
9955,36.63,Pending,2025-07-24 04:51:57,7f7661b9-68ad-4ef4-8e27-97805b22127c,6913
9956,194.66,Refunded,2025-08-18 03:14:22,f0b4de58-fabe-4432-9945-6cd84d1970e5,8594
9957,201.98,Paid,2025-05-07 12:31:53,6c98012c-1fe0-433e-9769-2f30965ee284,1752
9958,168.78,Pending,2025-05-14 03:26:36,83cb1dbd-b3bb-43ab-85b0-58dbe89deca6,9411
9959,92.06,Pending,2025-08-13 02:57:26,d82ba6a8-be22-449f-b31c-5ef1658713ec,4766
9960,140.35,Pending,2025-06-29 13:04:35,59fc0c59-ba47-47f3-8ee0-99f4589d8fbf,631
9961,151.3,Refunded,2025-07-06 22:17:02,50a402af-ca64-46c4-8b50-82644a3f5d93,5876
9962,123.14,Pending,2025-09-14 14:41:49,3636f2a6-1234-4c82-8778-d22c09f89bf6,7200
9963,154.05,Paid,2025-04-02 08:11:32,3c992733-a913-45ca-bcf8-16bf78c2f0c5,8859
9964,50.11,Pending,2025-10-09 06:26:35,c0094c4b-117b-46e6-9e45-1c460f8c5a1a,1832
9965,42.64,Pending,2025-09-14 21:09:54,ee71eeae-ed60-4ba5-bd20-a28877358154,9196
9966,61.84,Paid,2025-01-04 18:17:40,1926e7d1-471c-427b-87fc-dc2f3555abda,8039
9967,44.28,Paid,2025-05-27 20:01:26,fcf06ed3-b34b-43f7-ad1b-f383507e32ee,3822
9968,183.35,Paid,2025-08-28 23:25:52,c10546d4-8714-4af5-8bc6-2128bacb7325,5954
9969,59.53,Pending,2025-11-09 14:19:52,574c7414-e2cc-4acb-b5a2-1d410b42300c,4667
9970,137.84,Pending,2025-06-17 02:20:36,9913279b-e327-4d9e-9bf2-f7a9beb1c583,3311
9971,125.35,Pending,2025-11-10 23:26:52,4027f59b-af08-4820-8541-58b9c31f67e3,297
9972,126.16,Paid,2025-09-19 18:30:34,e6dc6700-4fdf-4dfb-a995-4e9db8c0c838,771
9973,58.27,Pending,2025-01-13 10:17:48,1b97982c-8d78-40f7-b65a-6845fce6f359,5334
9974,97.83,Paid,2025-07-08 12:43:37,3bedaca2-5238-4f0b-9871-cd2cef23d577,5238
9975,63.92,Refunded,2025-02-15 14:09:37,129636ac-cf20-423f-8500-5a64e4a6b49c,5904
9976,87.01,Refunded,2025-02-09 10:24:13,1319d4af-7a6d-4ada-8ec6-aa694281feff,4267
9977,115.9,Paid,2025-05-20 04:06:06,f27069e7-1cbc-42db-84df-e92980b1679e,5606
9978,84.61,Paid,2025-02-11 19:38:46,880965b3-5bd2-4554-ae4d-b7cd30ade9d2,3141
9979,74.67,Pending,2025-01-12 06:44:26,27fa9a03-e669-4a74-8d00-da208bf32a22,4881
9980,71.81,Pending,2025-11-17 06:03:13,7e03a433-85e0-4da9-b6e0-a7ccc04097e3,4219
9981,84.8,Refunded,2025-09-30 12:11:14,3f531dca-6cb8-4345-9185-6f778f3e12ec,2071
9982,122.56,Pending,2025-09-25 22:42:56,f7f74325-fc72-4a02-810a-e9df7ea3b91c,6624
9983,182.92,Pending,2025-11-12 23:58:16,f248f8a0-5d90-495b-b840-31e0cfb92d8e,4357
9984,71.95,Pending,2025-03-19 07:22:16,27a5e988-07a4-416f-8655-30fc466d5e42,9180
9985,179.92,Pending,2025-10-16 12:44:49,e11f59e1-0c1f-4c28-bfcb-fcc94ecb42c6,616
9986,199.51,Refunded,2025-07-16 07:00:37,4703be96-8885-4b5c-a1fe-bec6b31bf08f,331
9987,135.15,Paid,2025-01-19 02:12:06,87008c97-ce6b-4262-b6b9-7d3dfc4ae1ed,5693
9988,137.73,Pending,2025-10-10 12:33:41,2ce7329f-0b37-408e-ad1d-1cae62720d86,4348
9989,87.86,Pending,2025-04-29 12:52:30,3e879642-08bf-4741-bc21-dfaae560d6e6,4385
9990,54.23,Pending,2025-03-09 16:33:20,b43d45fc-2c25-4871-9201-11878066a7c0,1778
9991,110.78,Pending,2025-11-18 16:20:47,032fa64e-972e-4a48-80e1-b99ea08cf7e3,6237
9992,147.79,Paid,2025-01-17 00:55:46,e2b043cd-eef3-4937-abb5-f75d14258474,113
9993,56.49,Refunded,2025-08-01 16:25:01,54eb237d-3bab-4e04-9086-c275cf3566b0,2513
9994,87.24,Refunded,2025-03-31 20:38:03,bac7db27-9f24-45d7-8b92-ed85e256039a,9026
9995,44.87,Pending,2025-09-10 03:29:57,36aa322a-5837-4056-ad5d-4b6c17d5232f,5105
9996,198.12,Pending,2025-06-24 06:17:06,decac99a-2cc1-42eb-84cf-8ad87bd192b6,6800
9997,156.8,Paid,2025-05-05 07:48:01,ad247eed-971c-44b8-aefa-d6b3bb8318bc,7420
9998,149.61,Pending,2025-04-16 22:28:52,6e1a33f1-f650-4f86-8648-95abca0ca632,8334
9999,120.35,Refunded,2025-08-08 05:19:59,260e6f8f-7e69-4686-a1b2-61154ff50d1d,7044
10000,179.53,Paid,2025-05-05 20:06:56,ac7351f0-4c79-43c4-b4d7-39b462fcf591,9578
