ReviewID,ReviewTime,CommentText,RiderRating,RestaurantRating,OrderID
1,2025-11-20 12:38:49,Reason successful itself view coach beautiful friend.,3,3.1,9874
2,2025-04-28 06:37:05,Hear just politics cell surface movie under.,3,4.1,9540
3,2025-07-31 14:45:05,Industry church my that.,4,4.6,7454
4,2025-03-22 16:13:36,Artist consumer course including knowledge between.,1,4.2,732
5,2025-08-05 00:25:11,Bring and pattern suggest.,2,4.3,6037
6,2025-03-08 17:47:54,Teacher within recently.,3,4.1,964
7,2025-01-14 08:41:12,Red talk line fly no himself.,1,4.6,3590
8,2025-10-28 11:11:37,Me rule stand consider again.,3,3.9,9691
9,2025-01-23 08:16:44,Continue model old improve western room.,1,3.9,9883
10,2025-08-15 17:02:43,Your movie something pull.,3,3.4,5512
11,2025-06-27 03:13:35,Suffer past sister need.,3,4.7,9014
12,2025-07-18 17:39:46,Section economic join gas son.,2,5.0,5324
13,2025-09-19 00:07:29,Effect after call perform positive enter.,2,3.9,7907
14,2025-09-20 03:28:32,Week quite worry magazine billion.,2,3.3,6787
15,2025-01-22 11:43:28,Difficult turn himself political something reality.,4,3.5,6404
16,2025-10-28 23:34:16,Memory one which national get likely key fill.,5,4.2,3135
17,2025-07-10 15:40:37,Action area keep appear simple matter usually.,3,3.5,1737
18,2025-02-09 20:45:39,Sea beat camera sometimes increase office meeting like.,4,4.4,9629
19,2025-11-05 15:29:00,Debate great far ok picture.,4,3.8,9369
20,2025-05-03 17:37:44,We assume them billion law.,1,3.2,6094
21,2025-02-03 20:28:30,Important must determine now meeting chance.,2,3.7,562
22,2025-02-08 10:31:20,Management from three commercial your it know.,4,4.0,4474
23,2025-10-20 00:59:28,Red base market letter.,2,4.0,1114
24,2025-10-25 17:35:13,Out environment all fish cultural early become ready.,4,4.1,7080
25,2025-11-03 03:44:17,Ahead order book tax.,1,4.8,5899
26,2025-08-15 16:47:26,Cause million us tax begin entire pull.,1,4.3,8449
27,2025-01-29 10:01:23,Lead hope quite computer painting.,1,4.0,5686
28,2025-04-03 13:03:15,Hair simply write college center three.,5,3.1,5874
29,2025-09-11 13:30:44,Season front wonder hand marriage forward.,3,4.8,2404
30,2025-08-08 17:23:46,Laugh seek goal per.,4,5.0,3775
31,2025-08-23 20:33:25,Degree bit effect leg nice tell.,4,4.2,9685
32,2025-05-23 10:07:13,Response school home sense.,3,4.4,9996
33,2025-01-15 11:57:07,Air voice order Republican.,2,4.2,5581
34,2025-05-14 10:22:29,Class offer lead range forget itself.,4,4.8,6787
35,2025-03-05 21:21:41,Collection material piece consider meet.,2,4.5,8929
36,2025-05-24 19:20:48,City themselves toward source do entire wish.,1,3.7,9473
37,2025-01-07 19:52:56,Responsibility reason she.,1,3.5,621
38,2025-05-16 12:24:20,Man sound situation once phone.,2,4.3,8626
39,2025-06-22 07:17:02,Require just type degree big around reach certain.,1,3.7,4706
40,2025-05-12 15:41:51,Station with matter few reality defense until.,1,3.4,576
41,2025-11-07 18:13:08,Defense only dinner eye.,4,4.0,1064
42,2025-10-01 00:07:49,Determine community moment describe business religious.,3,3.1,377
43,2025-09-25 13:03:56,Share morning hope beyond.,3,4.4,8476
44,2025-01-08 09:42:44,Member memory near loss expect explain.,3,3.1,6857
45,2025-10-17 13:13:41,Economy just question.,4,4.7,3403
46,2025-02-16 06:55:38,Smile central control traditional summer.,4,3.1,4755
47,2025-04-29 08:52:40,Firm pretty across million ground ok.,3,4.5,6539
48,2025-03-24 04:53:44,Kind although pretty voice.,5,4.4,8130
49,2025-06-09 07:28:13,Voice big international paper age however.,2,4.1,8343
50,2025-03-21 06:17:17,Act act born expert his my film.,1,4.0,7310
51,2025-02-16 03:39:19,Rest modern bit activity.,2,4.4,8119
52,2025-08-15 03:35:01,Friend staff when land material pattern color.,3,3.1,3643
53,2025-03-10 12:22:20,Before morning pass example particular stay mention.,2,3.6,5191
54,2025-04-09 11:55:03,Most the line care election something.,3,4.8,6736
55,2025-11-17 19:40:23,Much cup several home official organization before.,1,4.1,4788
56,2025-05-31 09:37:42,Wonder none agreement build sure you.,5,4.4,7204
57,2025-10-17 12:26:16,Cut particular discuss.,5,4.9,574
58,2025-01-05 19:21:35,Where live glass doctor individual let remain arrive.,5,4.3,6428
59,2025-10-17 00:17:59,Policy teach ago down admit.,3,3.6,6379
60,2025-04-02 02:02:06,Marriage study traditional weight yard be mind.,2,3.5,3827
61,2025-08-07 21:22:07,Responsibility system continue discover.,5,4.5,5018
62,2025-03-10 08:04:09,Fast until our line save list against radio.,1,5.0,4930
63,2025-09-16 19:54:22,Adult find method agent degree.,2,4.1,8470
64,2025-09-07 16:37:43,System his care which visit.,2,4.1,6069
65,2025-01-13 16:48:36,Moment return old act health.,3,3.6,280
66,2025-07-26 14:34:57,Its discuss Republican yet.,4,3.7,5705
67,2025-06-26 06:26:14,Receive a party age.,2,3.8,6964
68,2025-04-01 08:19:54,Local seat around prevent can direction mother so.,3,4.3,2913
69,2025-05-25 16:53:19,Far hospital think old.,4,3.5,5059
70,2025-05-02 18:07:54,Six author coach.,2,3.5,575
71,2025-02-15 02:42:07,Herself upon approach interview energy challenge.,5,3.3,3344
72,2025-04-20 05:31:52,Stock data try account tax still.,5,4.4,8984
73,2025-06-05 12:38:44,Say hot tree road avoid successful hour enough.,1,3.3,9215
74,2025-11-14 13:24:54,Movement expect hour every product drug.,1,3.6,4203
75,2025-06-28 21:53:38,Important pick method market action skin just.,5,4.4,2542
76,2025-06-28 05:05:51,Way important practice traditional collection always.,5,3.1,3488
77,2025-11-12 15:11:23,Environment middle project point book alone.,1,4.4,1822
78,2025-06-04 09:45:06,Order food six begin return company.,4,4.2,1558
79,2025-05-10 02:05:28,Tough what budget federal.,4,4.2,1388
80,2025-01-10 04:37:24,Affect treatment join respond foreign middle agreement.,1,4.1,4718
81,2025-01-16 00:56:07,Particular fly dog center page leave place decide.,5,4.7,9013
82,2025-11-24 11:03:11,Week student chair with top pick.,5,4.0,9987
83,2025-02-05 13:42:44,Tough space reveal stock above.,1,4.7,9482
84,2025-09-24 05:57:26,More note this garden.,3,4.2,9522
85,2025-10-28 18:31:00,Fire thousand my side.,5,4.7,340
86,2025-10-17 12:27:42,Behind car some official special.,5,3.4,8478
87,2025-11-15 12:03:49,Training series life officer.,2,4.5,705
88,2025-01-01 01:03:18,Anything reality risk seven national ball after purpose.,5,4.8,9872
89,2025-07-13 20:33:40,Try level value kid here image.,3,5.0,858
90,2025-05-21 22:37:12,Response wear two live hundred so church beautiful.,3,3.0,1021
91,2025-04-13 19:21:43,Machine career discover station.,3,3.5,1567
92,2025-01-05 02:50:12,Which weight program western can pretty.,1,5.0,4976
93,2025-10-13 04:20:14,Game we need.,5,3.2,7402
94,2025-06-30 23:48:31,System letter law specific.,4,3.7,811
95,2025-09-04 22:22:33,Walk practice up then entire create friend letter.,5,3.6,9757
96,2025-05-06 13:21:11,Difference finish international into those pull according generation.,5,4.9,4124
97,2025-05-11 03:34:14,Why nor material social ten effort TV.,1,4.5,4870
98,2025-02-23 06:23:59,Represent cover hold house.,5,3.8,2553
99,2025-08-07 07:54:33,Again them effect under big.,2,4.4,4681
100,2025-08-14 06:31:29,Admit record along remain trade mean ahead little.,5,3.1,2285
101,2025-10-07 02:05:25,Instead technology shoulder.,1,4.2,1088
102,2025-07-21 01:59:33,Follow magazine rate education plan compare area inside.,4,3.6,4099
103,2025-09-10 21:09:49,Care outside sit.,2,4.7,3194
104,2025-04-26 15:51:07,Scientist new occur wear cost deep its.,1,4.1,8992
105,2025-10-08 11:40:47,Serve group main something.,1,3.6,6713
106,2025-01-28 23:13:42,Everyone line say officer.,1,4.7,37
107,2025-09-04 02:19:17,Floor song interesting.,5,3.4,9478
108,2025-02-06 20:25:52,Win bag right professional.,4,4.5,8897
109,2025-10-06 16:46:30,Which speak onto market never wife.,2,3.5,7285
110,2025-06-16 23:15:13,Picture none fly worry style.,1,3.3,2090
111,2025-10-27 10:57:10,Let industry ever movement.,2,5.0,3800
112,2025-06-04 11:05:58,Realize mention deal.,5,3.9,7265
113,2025-09-15 00:04:28,Reveal business available per.,5,4.1,9353
114,2025-01-15 23:48:53,Ten indeed break use cultural that.,4,4.6,8552
115,2025-01-11 21:57:37,As these seven section PM smile thing city.,5,3.7,2663
116,2025-03-06 15:13:02,Put between building American generation should close perform.,3,3.3,1321
117,2025-04-13 13:10:29,Information seat hour under end edge seek financial.,1,3.3,5122
118,2025-04-11 19:36:45,Around lead notice increase.,1,3.2,7214
119,2025-08-08 16:55:32,Director down to.,3,3.3,6585
120,2025-02-04 09:46:03,Before here threat ready sort personal conference phone.,1,4.5,3422
121,2025-08-04 21:10:30,Exist black site political minute.,3,4.4,8767
122,2025-02-07 18:39:09,Science senior total event.,1,3.8,1099
123,2025-10-06 12:54:56,Pass pattern economic shoulder summer score.,1,4.8,6268
124,2025-09-28 00:47:29,Take good skin necessary main peace subject.,3,4.0,1313
125,2025-01-31 13:11:06,These perform administration quite turn.,2,3.0,8448
126,2025-11-18 23:38:04,Structure radio represent heavy their machine.,1,4.9,47
127,2025-09-29 23:02:39,Author wish poor range billion.,3,4.6,3905
128,2025-07-02 08:32:12,Pretty special after look agency.,2,4.2,2895
129,2025-08-08 17:41:26,Fact watch leave southern guess.,1,3.0,8424
130,2025-06-17 05:25:12,Animal cultural use never project explain girl of.,3,4.1,1963
131,2025-10-15 20:55:37,Maybe arm young black someone.,1,4.8,6174
132,2025-08-01 10:14:45,Heavy stage lay enter life.,4,4.7,7604
133,2025-03-04 22:29:23,Company agreement after through.,4,3.4,3366
134,2025-06-04 04:20:20,And network hit PM base yourself black.,5,4.5,2463
135,2025-10-20 01:02:01,Perform also not fear where.,2,4.1,7645
136,2025-07-05 08:57:55,Challenge up piece yourself.,2,4.8,9441
137,2025-06-20 22:26:18,Home strong week bad mind.,4,3.4,4158
138,2025-09-07 20:51:08,Marriage newspaper performance century thought.,4,3.0,4045
139,2025-10-23 23:03:41,Yourself allow wind.,3,4.5,1357
140,2025-03-02 04:14:26,Throw measure scientist.,2,3.7,8896
141,2025-07-21 14:35:33,Smile section top theory life end.,1,4.7,91
142,2025-07-28 21:43:04,Relationship where low sister section certainly.,4,4.3,8079
143,2025-08-31 11:29:02,Sell threat modern shake responsibility support.,3,3.6,3927
144,2025-08-15 16:11:52,Fear approach pressure model.,4,4.7,1530
145,2025-11-23 01:18:20,From be maybe others.,3,4.4,7188
146,2025-04-25 13:57:12,Instead listen example party.,1,3.1,7897
147,2025-07-27 23:24:58,Prevent before girl side speech according cause.,4,3.3,3051
148,2025-02-20 10:44:39,Respond plant community growth.,3,3.9,3994
149,2025-11-08 21:33:18,Expect include analysis reflect.,1,4.9,3278
150,2025-10-01 23:36:18,Growth general mean none.,4,4.6,2176
151,2025-06-10 16:05:20,On same success grow within thousand mean still.,1,3.2,6996
152,2025-04-08 00:07:13,Benefit society price those already painting.,5,3.2,2609
153,2025-04-11 11:12:49,News view very pass believe popular so.,4,4.7,8669
154,2025-11-17 05:16:11,Body skill forward sign ready end.,2,4.6,847
155,2025-02-26 03:38:43,Less sister above.,2,4.1,2536
156,2025-05-03 13:26:16,Own worry well weight the Democrat company.,3,3.3,5665
157,2025-07-31 05:02:58,Commercial staff for act.,1,3.8,3033
158,2025-07-14 19:42:58,Police finish why form TV.,3,3.8,8584
159,2025-01-29 04:19:22,Candidate performance gun reason reduce.,1,4.4,6336
160,2025-01-25 09:05:35,Dog scene me TV travel rather field.,4,3.7,1403
161,2025-11-05 05:07:04,Series everything serve score enter.,5,4.0,709
162,2025-06-21 22:36:46,Wear American war traditional audience your history.,4,5.0,3094
163,2025-07-09 11:07:52,Chance help front newspaper.,5,4.9,1591
164,2025-01-02 00:32:09,Especially above think help tend.,5,3.7,9914
165,2025-09-30 21:56:58,Bit north behind effort.,3,4.3,6440
166,2025-03-18 15:47:36,Without provide long similar ready within.,5,3.6,3333
167,2025-03-28 23:57:40,Have spend lawyer win certainly use similar.,4,4.8,2707
168,2025-03-20 14:02:00,Name great figure place speak.,3,4.1,8045
169,2025-04-04 09:37:11,Enough news day then.,4,3.2,7796
170,2025-06-19 13:08:45,Item instead ability themselves.,3,3.2,9150
171,2025-03-16 20:08:15,Suggest serve create by particular.,3,4.4,9383
172,2025-06-16 04:18:09,Together cut write owner both end.,4,3.8,9843
173,2025-03-24 22:21:54,Way against never summer stand.,1,4.1,1691
174,2025-07-01 23:15:27,Campaign card society bar business now learn fill.,3,3.4,6991
175,2025-10-14 21:28:19,Left catch writer official style.,1,4.7,9226
176,2025-07-25 05:16:24,Raise want agency total or cause.,2,3.7,6445
177,2025-06-02 19:58:17,Result best need money key opportunity.,3,4.9,7158
178,2025-04-23 03:22:03,Trip happen official me.,2,3.6,6602
179,2025-07-11 23:32:06,Market must current travel actually machine actually hear.,3,4.0,8781
180,2025-07-13 19:41:52,You gun hear sell store share.,4,3.1,637
181,2025-02-12 16:08:55,Tax government learn today identify you fall.,2,3.5,3528
182,2025-06-10 05:46:46,Above parent arm because professional reality it.,2,4.8,6470
183,2025-07-25 05:55:35,Summer specific mother look night approach person.,5,3.9,6566
184,2025-04-17 11:15:33,Month anything easy nice between cut.,1,3.0,7360
185,2025-08-08 22:17:31,Take card charge age control best ten rule.,5,3.3,9128
186,2025-09-03 01:16:29,Bag leader movement force each like grow.,2,3.3,7354
187,2025-05-09 17:55:23,Far military listen bad floor general candidate.,5,5.0,1851
188,2025-08-12 01:58:35,Management get item miss down.,3,3.6,404
189,2025-01-27 15:34:00,Nice quality wind have down.,3,3.1,8334
190,2025-03-02 15:35:50,Over skill black rule expert west teacher seem.,5,4.4,9503
191,2025-11-10 05:18:28,Year stock arm our leader Congress old.,4,3.4,3078
192,2025-03-18 22:00:43,Around even north usually again.,1,3.9,8921
193,2025-08-06 15:33:50,Second film production partner.,1,4.0,984
194,2025-02-11 01:07:09,Significant hear it within major positive impact.,3,4.1,1142
195,2025-08-06 23:31:12,Dark time true almost if.,4,3.0,528
196,2025-09-16 09:52:56,Morning worry woman which property others bit.,2,3.4,5742
197,2025-08-09 03:35:44,Pick oil base town if toward.,4,4.2,1159
198,2025-10-27 06:47:46,Identify old process because stand hope.,5,3.0,304
199,2025-10-29 11:07:24,View camera trip present positive.,2,3.9,5569
200,2025-06-10 21:55:18,Area apply teacher knowledge behind government product.,3,3.3,9396
201,2025-09-08 20:37:32,President clearly now.,4,4.5,9340
202,2025-02-14 22:28:14,Be degree cost natural because.,1,3.9,7052
203,2025-11-18 10:02:39,Political cold use heart admit foot.,2,4.2,3520
204,2025-01-04 19:49:23,Use fish call within sell.,1,4.1,500
205,2025-03-07 17:49:13,Officer discuss smile early.,1,4.7,6441
206,2025-03-14 15:54:14,Catch majority effort.,1,4.6,2047
207,2025-03-26 05:07:35,Letter oil mean which role thought.,3,4.3,5768
208,2025-06-11 16:12:35,None personal industry admit.,1,4.2,4999
209,2025-09-15 03:56:59,Suddenly wear right someone leg.,5,4.3,7596
210,2025-04-18 10:53:31,Wind development time energy usually above.,2,3.2,4713
211,2025-04-03 02:31:15,Young eye move air page somebody bed.,2,4.9,1089
212,2025-03-24 02:45:32,Training couple animal capital carry.,5,4.7,9272
213,2025-10-16 02:02:58,Professional security avoid short beyond.,2,4.2,7914
214,2025-07-31 02:58:35,That one standard second.,4,3.1,4766
215,2025-07-09 05:46:00,Wall reality general unit prepare participant.,2,4.9,1378
216,2025-03-06 16:59:26,Movement concern American human total.,5,4.7,3168
217,2025-08-28 14:38:54,Maintain kind family perhaps including.,4,3.8,9865
218,2025-04-10 19:11:47,Main claim star between city major business decide.,2,4.0,1291
219,2025-01-29 22:32:18,Management specific alone church.,2,4.9,1302
220,2025-02-09 09:08:23,Tend full sense stand point.,1,4.0,4932
221,2025-09-13 03:10:20,Myself past end Congress.,3,3.8,9012
222,2025-05-11 13:00:41,Move court tend focus.,2,4.7,2591
223,2025-04-30 21:22:59,Between long body condition just.,4,4.6,5800
224,2025-01-05 12:35:38,Sell reason million worry team.,3,3.6,178
225,2025-07-11 13:28:08,Play quickly scientist traditional question effect determine sport.,3,4.3,8593
226,2025-02-18 15:28:30,Leader amount blue.,5,3.3,7471
227,2025-08-07 18:14:27,Over follow tend eight move.,2,3.6,5452
228,2025-05-02 05:48:32,Something stage drug onto others choose tend.,3,3.9,1337
229,2025-01-16 12:18:23,Perform yard stop choice degree.,2,3.7,9921
230,2025-05-04 09:25:31,With tonight eight evidence treatment action ball.,3,3.5,2646
231,2025-01-28 16:27:49,Class thousand these too.,3,4.9,2575
232,2025-04-24 17:19:21,Production both group.,4,3.3,1029
233,2025-03-17 19:15:00,Feel car could fire.,4,3.1,7647
234,2025-10-13 05:09:23,Space continue hear popular.,5,3.3,5282
235,2025-09-29 04:03:44,Prepare campaign us language.,5,4.7,6787
236,2025-06-25 04:17:10,Prepare involve could record site interest.,3,4.1,6893
237,2025-10-15 14:41:57,Within remain onto education cut figure order.,3,4.4,5047
238,2025-01-23 01:35:43,Another represent hope service.,4,3.1,5639
239,2025-08-13 02:02:10,Keep crime require model know tough.,3,3.3,4484
240,2025-05-24 11:28:15,Politics watch section full.,3,3.5,5114
241,2025-02-01 21:34:02,Big build become environmental.,1,3.8,7518
242,2025-11-14 04:42:43,Weight drop toward thank one worry chair.,4,3.3,8705
243,2025-08-25 10:21:58,Three away year play single card partner again.,5,3.7,7366
244,2025-10-27 07:57:40,Arm debate wish picture treatment job mean choose.,5,4.7,4114
245,2025-11-11 03:57:01,Mrs food authority each.,2,4.3,3137
246,2025-10-31 22:16:37,Red despite other game need.,4,3.7,4036
247,2025-03-03 19:27:15,Water room eat leader personal need possible industry.,1,3.5,6379
248,2025-08-03 04:48:01,Face bar as major reason.,3,4.9,295
249,2025-07-22 21:20:34,Network ahead somebody place space assume southern.,5,3.5,3526
250,2025-09-07 20:20:26,Officer miss heart wish late store.,4,4.9,5707
251,2025-08-12 23:32:57,You structure push nor pick close tell now.,2,4.7,6930
252,2025-03-10 05:15:19,Price hour serious spend process likely.,2,3.7,1741
253,2025-08-04 03:12:18,Federal house away that man chair.,4,4.1,7398
254,2025-06-24 23:50:58,Knowledge than recognize artist site sister.,3,4.3,2926
255,2025-02-03 16:19:22,Other rise from financial thing.,5,3.2,1600
256,2025-06-10 08:37:22,Shoulder represent card notice page.,2,5.0,4034
257,2025-11-06 15:59:47,Reality cover difficult fund stay.,3,4.6,4402
258,2025-05-06 11:36:11,Learn dinner billion.,1,4.4,1719
259,2025-09-11 19:43:07,I place maintain dream member child.,1,4.5,9266
260,2025-07-31 07:10:28,Surface teacher cut beat.,1,5.0,6547
261,2025-01-17 16:05:25,Conference tough determine high discussion.,1,4.1,9274
262,2025-10-03 18:18:45,Choose sign last too job voice.,2,4.1,1430
263,2025-07-31 20:22:01,Nice pay involve help force.,4,4.6,2942
264,2025-07-17 19:59:38,Method you board dog either especially.,2,4.8,3803
265,2025-03-11 10:03:14,Move change stage help sometimes.,3,4.9,3231
266,2025-03-16 22:30:16,Forward admit contain reach.,1,4.7,6301
267,2025-03-24 16:34:52,Source another ok my example force.,1,4.3,7850
268,2025-08-23 08:39:42,Author road institution call.,1,3.4,7280
269,2025-06-30 03:17:41,Small true whatever.,1,3.6,6566
270,2025-09-11 13:59:52,Suggest claim must less.,4,3.4,4897
271,2025-03-09 03:58:12,Time live film test game.,3,3.9,9137
272,2025-10-16 16:24:15,Line according suggest strong read.,2,4.8,7908
273,2025-03-26 09:22:39,Attack cut class believe strategy remain money small.,4,3.3,1047
274,2025-10-18 16:12:01,Stuff economy although first.,1,3.6,8220
275,2025-08-26 18:38:57,Put start office shake such.,2,4.3,1976
276,2025-08-29 00:28:49,Couple boy nature including.,4,4.3,3144
277,2025-06-23 00:10:57,Generation image outside require life car.,5,4.0,4655
278,2025-02-15 02:01:11,Color any yes field contain.,2,3.6,7303
279,2025-08-18 11:56:01,Painting tough little them gas.,4,3.9,7067
280,2025-04-20 15:47:14,Bit girl activity enjoy party available.,4,4.3,2367
281,2025-07-20 11:35:27,Few throw law thank reach power language class.,2,4.7,9681
282,2025-10-11 21:42:42,Public also prove campaign.,3,4.0,8217
283,2025-09-01 14:20:56,Suffer seek performance manage finish crime.,5,4.9,1841
284,2025-10-12 22:50:59,Admit method seat read everything owner any.,5,3.4,2310
285,2025-09-26 05:14:32,Language become than still.,2,3.0,1553
286,2025-07-04 11:22:50,Financial similar one future star.,5,4.5,465
287,2025-07-23 18:43:36,Both floor buy continue carry.,4,4.5,3857
288,2025-03-16 14:44:20,Production a resource.,4,4.1,1553
289,2025-08-16 20:29:33,Board member safe.,4,4.0,2576
290,2025-07-16 13:13:44,Still itself thought life happen western.,2,4.4,8900
291,2025-03-04 20:20:58,Six international research hospital around exist listen scientist.,3,4.8,1616
292,2025-04-02 10:04:18,Little environmental season picture former.,5,3.5,4314
293,2025-04-14 08:44:29,Pretty letter lot market safe improve.,2,4.6,2309
294,2025-01-02 23:48:27,Sell woman interest ever address country when.,1,4.9,3612
295,2025-02-28 23:40:56,Myself compare hear notice charge this marriage.,4,4.6,5969
296,2025-07-19 00:30:40,Human father keep music.,4,4.3,776
297,2025-07-23 13:44:49,Wide citizen wear.,4,3.2,4684
298,2025-02-12 01:15:46,Officer often standard nice.,5,4.4,8133
299,2025-05-23 06:11:28,Into each worry threat me.,5,4.2,7370
300,2025-08-05 15:02:32,Best personal meeting on.,3,4.6,3621
301,2025-02-17 23:22:42,Guy million however tough table recognize.,1,3.0,5034
302,2025-10-08 07:13:58,Local take life property kitchen shake return.,1,3.3,4557
303,2025-10-12 22:39:24,Today us mean laugh teach finally.,4,4.5,278
304,2025-03-01 17:16:20,One during together part son since.,5,3.1,4546
305,2025-05-27 10:43:37,Television total music.,2,4.8,4099
306,2025-01-08 22:23:36,Moment buy most rest anything.,3,3.4,9066
307,2025-04-10 06:03:51,Base debate bed only.,3,4.3,8495
308,2025-10-29 12:38:55,Figure adult sea feeling.,3,4.8,2284
309,2025-10-14 11:35:48,Who Democrat term special bad.,1,4.5,4775
310,2025-02-12 00:12:12,Begin decision true discover.,5,4.7,3203
311,2025-05-01 17:14:56,South may production recent certainly.,4,3.0,8153
312,2025-08-21 15:24:40,Believe plant serve.,4,3.6,4957
313,2025-03-23 19:45:01,Keep ever those everybody now produce modern go.,3,3.8,9534
314,2025-11-01 19:40:27,Join green world card.,4,3.9,3837
315,2025-06-04 04:34:48,Situation act capital turn hard.,3,4.9,2861
316,2025-10-02 08:32:28,Federal after upon some quite investment official.,1,3.7,368
317,2025-04-01 06:32:41,Memory network free pretty fight room as.,4,3.4,3889
318,2025-11-24 21:26:00,Her produce cost data feeling know.,4,3.2,4132
319,2025-04-27 01:50:20,Sense nothing star left.,2,3.8,5783
320,2025-03-14 19:35:36,Either building machine from question.,5,3.9,5010
321,2025-04-03 02:26:34,Safe several they whom.,5,4.1,7204
322,2025-04-06 22:44:08,Dark industry different space nothing campaign behavior.,2,4.2,4886
323,2025-06-13 06:31:42,Relationship Republican evidence.,4,3.4,3519
324,2025-11-13 09:58:31,Interest must soon lot hard despite ability how.,5,4.0,6740
325,2025-09-08 23:27:50,Decision hit too understand card network majority know.,2,4.0,1343
326,2025-07-25 00:24:55,Chance government him score show film.,4,5.0,1595
327,2025-07-23 23:28:31,History only above seat image bit safe.,5,5.0,6125
328,2025-05-29 18:23:34,Knowledge meeting according black.,4,4.1,2489
329,2025-05-05 13:42:44,Hope develop table chance sometimes laugh feel.,3,3.0,8595
330,2025-11-04 15:04:31,Hair work I miss.,1,3.6,9436
331,2025-04-28 12:50:30,For leg detail executive chair.,3,4.6,6924
332,2025-06-06 08:58:17,Third follow main Democrat program gun.,3,4.3,7451
333,2025-02-20 04:46:10,Ready find food significant reflect someone morning huge.,2,3.8,9331
334,2025-03-18 20:17:52,Bad report run anything month star.,3,4.9,111
335,2025-06-06 17:15:56,Newspaper even relationship mean receive build show.,4,4.1,2551
336,2025-05-09 11:28:01,Politics page not.,1,3.0,7330
337,2025-09-28 07:39:55,Less business despite sign baby quality.,1,3.1,7433
338,2025-03-22 08:48:35,Society could church response hospital others front.,1,4.9,5923
339,2025-05-14 02:43:52,Itself write establish interest shake.,3,3.2,3399
340,2025-05-13 15:34:03,Truth clearly skin face us mean order.,5,4.8,2955
341,2025-11-24 07:07:33,Whether question somebody consider.,1,3.7,4391
342,2025-08-24 11:59:57,Congress investment believe do hold door force lose.,4,3.2,2298
343,2025-06-27 00:39:36,Available have water rule key left.,2,4.4,1829
344,2025-10-29 17:58:04,Low clearly item once difference.,3,4.5,5351
345,2025-05-05 17:45:41,Body chair life campaign.,4,4.1,438
346,2025-11-22 08:52:55,Trial care catch your attention.,1,4.1,2916
347,2025-01-07 04:55:16,Cold top hotel wide institution.,2,3.2,2295
348,2025-08-24 06:12:29,Source really sister service similar.,1,4.7,9851
349,2025-11-11 20:06:08,Son ready it.,4,3.3,4872
350,2025-09-07 20:49:48,Clearly boy factor imagine worker same sell.,3,4.4,5535
351,2025-10-27 02:50:09,Student impact theory concern available minute budget.,5,4.5,8316
352,2025-09-29 16:09:22,Today always increase expect do.,3,3.2,5155
353,2025-05-17 07:19:52,Another woman here say anything color.,1,4.0,192
354,2025-09-26 15:19:00,Area listen during control summer finally mission.,2,3.8,9675
355,2025-03-10 16:14:05,Life material mean participant social model health take.,2,3.3,382
356,2025-04-08 01:28:11,Both east represent call response.,1,4.1,6481
357,2025-07-22 19:54:03,Quality environment station reduce care water sister area.,2,4.8,6657
358,2025-02-12 17:04:24,Music draw lead upon meeting method door author.,1,4.3,9491
359,2025-10-29 20:13:05,Cost song day still their attorney.,1,4.1,136
360,2025-04-22 23:34:26,Event person class break ground TV.,3,4.2,5635
361,2025-06-09 20:10:58,Often go spring poor.,1,4.1,1597
362,2025-03-13 09:25:53,Send draw result hair account cost.,3,4.0,2878
363,2025-01-13 09:08:09,Responsibility somebody understand yourself long.,3,4.8,8479
364,2025-10-04 03:31:56,Soon hour citizen.,5,3.5,7638
365,2025-08-05 05:52:09,Short experience score.,4,4.6,3476
366,2025-01-17 00:00:06,Raise yourself community tree.,4,4.1,5448
367,2025-08-11 13:36:26,Report some four material window check they.,2,4.4,1026
368,2025-11-04 20:57:57,No several decide black my east.,4,4.2,2680
369,2025-09-18 21:59:06,Religious their you mother a affect.,3,4.9,7748
370,2025-10-05 11:36:26,Check section why hour later.,1,3.6,9947
371,2025-03-16 07:15:55,Attention test how.,4,4.9,6900
372,2025-02-26 04:22:22,Despite without skin.,1,4.8,7521
373,2025-03-08 21:54:44,Brother foot read light partner yourself.,4,4.2,6931
374,2025-11-02 14:26:30,Group name trip itself fear either.,2,4.7,4725
375,2025-08-22 04:41:54,Particular together down.,4,3.6,2107
376,2025-03-04 13:49:53,Woman last shake serious sure social.,4,4.5,6595
377,2025-01-07 03:22:41,Affect true hotel discussion option place business.,4,4.0,6835
378,2025-11-03 04:34:34,Smile need public all management travel.,3,3.6,9380
379,2025-04-06 21:28:21,Difference when table try anything.,5,4.3,406
380,2025-09-22 06:29:43,Share land decide boy nearly increase hair.,5,3.7,5489
381,2025-09-23 04:16:55,Kitchen argue executive billion off mouth stand.,1,3.1,6403
382,2025-03-26 09:59:27,Us character approach early art.,1,3.9,2657
383,2025-04-15 00:34:17,Send finish heart his.,5,4.3,6651
384,2025-02-12 03:20:39,Market realize simple.,3,3.3,7191
385,2025-04-19 18:37:21,Here eight will food blood.,4,4.7,3458
386,2025-04-30 03:15:24,System suddenly pass life thing land hotel.,4,3.2,9616
387,2025-01-26 23:24:34,Special focus arm similar wall so.,4,4.1,2066
388,2025-11-04 12:45:16,Head provide paper play personal represent food.,1,4.6,4002
389,2025-07-07 06:12:20,Treatment cold address four once expert far.,4,3.6,556
390,2025-05-26 15:04:10,Choose learn kitchen foot wide him say cover.,5,3.2,6981
391,2025-01-05 22:14:36,Unit ten tax into candidate form free.,5,4.7,8246
392,2025-02-28 08:55:01,Suddenly hard entire long understand little others finish.,2,4.2,2471
393,2025-09-18 21:27:31,Surface rest federal economy.,4,4.0,7628
394,2025-02-21 11:11:13,Four TV drive such partner less difference.,1,4.8,3455
395,2025-09-07 18:43:24,Relate spend next language pattern.,1,4.3,9681
396,2025-08-14 14:41:20,Gas imagine than dinner.,5,4.5,7028
397,2025-05-05 14:45:25,Choice lot stage her none always.,1,4.6,9996
398,2025-09-05 13:36:46,Car those with style.,1,3.2,7111
399,2025-01-17 22:28:51,Difficult matter inside discussion someone resource.,2,4.7,8002
400,2025-09-16 22:24:01,Most song onto build over price.,3,3.4,1392
401,2025-11-01 04:04:58,Sometimes maintain treat listen production.,1,3.1,6919
402,2025-07-20 16:31:40,Itself high garden national born defense realize.,1,3.4,7253
403,2025-07-14 05:12:02,Within amount tonight safe.,1,3.0,649
404,2025-01-10 00:28:51,Mean later size recent.,2,3.7,6377
405,2025-02-11 17:03:59,Herself author challenge off several.,5,4.1,5147
406,2025-07-02 00:56:14,Check necessary east member.,1,3.5,2066
407,2025-02-17 09:00:29,Health knowledge over return least race.,5,5.0,3542
408,2025-06-06 09:37:31,Subject fill stand outside officer visit trade.,2,4.0,8979
409,2025-06-18 03:07:04,Enter food sound just policy four material push.,5,4.2,1409
410,2025-11-09 22:24:21,Fast second pretty support attack.,3,4.7,7664
411,2025-06-16 18:14:03,Party lot parent season scene technology meet start.,4,4.2,9162
412,2025-06-27 08:54:43,Should appear here tax kind any.,3,3.2,2822
413,2025-03-28 18:38:31,Speech network car quite side surface born.,3,3.0,4612
414,2025-02-17 06:00:46,Capital push firm difference air college success.,1,3.1,8213
415,2025-10-30 16:09:13,Church unit sort than Republican.,5,3.0,7889
416,2025-07-09 19:38:04,Bit girl people little good standard.,3,4.9,5076
417,2025-01-05 17:04:48,Key some big a professor call.,1,3.8,994
418,2025-06-01 22:04:04,Seek strong from great provide help.,3,4.9,5224
419,2025-07-07 04:39:25,Really see pretty require.,1,3.4,3104
420,2025-06-20 14:57:45,Picture activity reach worker.,4,4.6,9367
421,2025-04-26 10:53:49,Southern dream writer gas nearly detail.,2,4.9,7341
422,2025-02-26 12:35:09,Parent responsibility top example.,4,3.8,9984
423,2025-02-01 00:46:28,Doctor five pay at.,3,4.2,2095
424,2025-07-25 07:30:30,Once example inside at.,2,4.3,9644
425,2025-05-13 16:41:34,Another teacher night suffer democratic through.,1,4.7,5636
426,2025-08-25 13:11:51,Within pay baby upon few matter future.,1,4.1,6240
427,2025-05-15 01:19:51,Black growth benefit kitchen difficult describe whom.,3,3.7,9689
428,2025-04-04 05:14:34,Often evidence happen they just authority your newspaper.,1,3.6,213
429,2025-03-23 17:32:38,Entire certain education special.,3,4.5,119
430,2025-08-06 08:34:53,Apply Congress father way across Republican.,4,4.6,2580
431,2025-03-24 20:23:46,Everybody talk politics follow environmental method pass.,5,3.8,2128
432,2025-08-27 10:45:50,Glass difficult perform.,5,3.3,5734
433,2025-03-23 05:12:40,Couple term apply.,1,4.7,1157
434,2025-08-15 07:07:14,Suggest example discussion military.,1,3.6,5555
435,2025-05-30 17:34:55,Prove yard hair interest rather.,1,3.6,8779
436,2025-04-06 09:51:03,Back yes apply onto marriage someone do.,1,3.1,8632
437,2025-09-16 22:11:45,South know poor key interesting economy.,2,3.2,1240
438,2025-10-20 11:34:45,Cause interest range mouth show.,2,4.0,852
439,2025-09-27 06:18:42,Practice life degree common enough better.,5,4.1,8796
440,2025-07-04 05:53:19,Discussion up choice take believe wide table.,5,4.1,2227
441,2025-08-29 02:05:31,Interesting tree young pressure.,2,3.5,7327
442,2025-10-18 10:55:44,Everything common fight find join exist.,1,4.2,2539
443,2025-04-14 05:50:42,Get meeting enough.,2,4.7,5286
444,2025-02-02 21:30:15,Floor prepare risk among office.,4,4.1,7889
445,2025-01-07 13:54:44,Form fear deal visit road hold.,5,4.7,371
446,2025-04-26 18:11:42,Away them protect hair officer position.,5,4.0,2011
447,2025-04-07 14:46:15,Skill yeah cultural statement billion think less debate.,3,3.1,4352
448,2025-10-31 06:18:38,Chance physical plant she feeling community interesting own.,5,4.4,1301
449,2025-06-14 21:12:15,On just become line necessary identify.,4,4.8,9963
450,2025-02-27 02:58:19,Live accept through low west fear.,3,3.7,4172
451,2025-10-15 20:48:57,Alone word value pay very week.,4,4.8,6441
452,2025-02-19 14:19:52,Media appear week yes.,3,3.5,4328
453,2025-02-12 04:08:37,Surface red tree make way certainly west.,3,4.0,1704
454,2025-01-02 18:05:44,Quality major sure political democratic at.,4,3.3,4318
455,2025-11-15 15:33:12,Energy material citizen statement administration level protect.,5,5.0,5596
456,2025-06-25 06:59:24,School despite simple final moment while face.,1,4.9,6633
457,2025-10-20 07:18:50,Exactly win feel argue similar left film Republican.,3,3.9,9956
458,2025-01-14 21:19:20,Statement moment develop Mr experience.,4,3.8,8771
459,2025-02-28 03:10:48,Very wind remain finally soldier material.,5,3.2,6971
460,2025-05-15 05:07:44,Know reflect director sister arm service order.,1,4.4,8827
461,2025-01-18 09:05:41,Treatment seven drug investment matter beautiful between.,3,4.3,2555
462,2025-09-02 19:14:18,National rock policy option guy although prevent.,4,4.2,9125
463,2025-08-22 15:36:07,Teacher skin game third young save.,3,4.8,8715
464,2025-05-22 21:51:43,My by education eat main together hot.,4,4.7,4559
465,2025-09-09 02:13:42,Example loss ball onto.,5,4.6,2476
466,2025-10-06 06:44:04,Five body least notice.,1,3.0,9590
467,2025-06-08 07:05:08,Art power country read.,5,3.3,7216
468,2025-01-22 20:04:23,Bit put free house training sell type.,5,4.1,6110
469,2025-01-03 14:27:28,In argue simple share.,4,4.0,9408
470,2025-09-24 10:06:35,Professional chance end remain why.,2,4.0,8251
471,2025-11-22 02:44:41,Industry affect be girl sometimes.,2,3.2,8742
472,2025-03-13 17:15:41,Office school teach activity past.,5,3.5,1770
473,2025-11-16 22:52:45,Administration carry on no.,2,4.2,9419
474,2025-10-01 06:11:06,Me price need.,1,3.9,672
475,2025-11-21 08:01:28,Course somebody read around view Congress.,1,4.8,9631
476,2025-04-14 15:50:38,Leader we probably task realize happy.,5,4.7,3570
477,2025-01-19 00:50:37,Happy hair heart special.,3,3.2,9918
478,2025-04-10 05:43:48,Recognize machine subject practice.,1,4.1,8894
479,2025-06-16 20:33:23,Market decision environment.,1,3.5,5990
480,2025-10-10 19:45:24,News low four population effort magazine.,5,3.3,1010
481,2025-07-15 05:38:54,Marriage Democrat entire against keep leave news.,4,4.7,5980
482,2025-07-28 04:22:32,Day design account television true.,5,3.4,9193
483,2025-03-06 19:18:34,Detail sister national particular make.,5,4.9,5087
484,2025-06-28 05:48:19,We wonder sound rich as.,3,4.5,5531
485,2025-01-22 14:02:21,Experience program hour own actually shoulder.,1,3.8,9108
486,2025-07-04 19:13:15,Community follow hear ten.,1,4.8,123
487,2025-09-24 23:28:33,Red probably energy parent protect.,3,4.4,6050
488,2025-11-15 10:59:28,Edge feel improve who up avoid sense receive.,3,4.9,3605
489,2025-05-26 08:33:51,Alone happy huge action free herself.,4,3.2,5026
490,2025-10-03 06:35:05,Occur green when none center exactly.,4,4.8,6909
491,2025-02-27 17:13:38,Never trouble fire page.,3,3.6,3005
492,2025-08-01 09:06:45,Account add worry.,5,3.9,7660
493,2025-10-29 11:57:25,Happy boy friend along group view born child.,3,4.5,4510
494,2025-03-14 21:45:29,Serve fund especially build rise.,5,3.4,6482
495,2025-03-18 16:37:33,Other her present PM yeah rich.,5,3.5,8379
496,2025-03-18 05:41:28,White cut walk responsibility very music.,1,4.5,4622
497,2025-04-16 15:15:59,Name teach page adult state century.,2,4.4,1068
498,2025-02-14 07:57:43,Set project could last.,1,4.4,8425
499,2025-11-01 16:01:39,Development represent way.,3,3.4,3655
500,2025-05-07 16:26:01,Night smile week agreement military smile.,4,4.3,1064
501,2025-03-12 20:45:43,Wind item political actually available.,1,3.0,2625
502,2025-11-12 03:36:58,Art that want expert agree.,1,3.3,7776
503,2025-10-30 01:55:12,Value public first tree ago.,1,3.1,9490
504,2025-02-07 01:21:29,Speech what best worry lay although.,4,4.3,2306
505,2025-08-04 02:55:11,Society pull investment wife trip read.,2,3.7,9299
506,2025-01-08 11:51:08,Discussion course she part sense list million.,1,5.0,564
507,2025-09-30 18:55:13,Newspaper great black clear focus.,1,4.4,8912
508,2025-03-03 15:25:04,Stay mind meet few condition.,3,3.9,607
509,2025-04-05 01:00:35,Recent result similar actually.,4,3.0,8559
510,2025-04-30 22:13:25,Structure add close level whatever need.,2,4.0,4276
511,2025-08-23 04:24:43,Issue catch pick they small population.,1,4.4,8101
512,2025-07-20 09:50:49,Front design guess.,1,4.0,9103
513,2025-06-28 05:47:13,Dinner call only can western just democratic.,3,4.4,6001
514,2025-10-15 20:04:30,Center positive year window cause.,2,3.6,5047
515,2025-11-14 10:12:13,Most walk test guess early commercial direction west.,3,4.0,2910
516,2025-07-07 08:36:28,Modern window future peace.,3,3.9,641
517,2025-08-31 23:13:38,Unit term today myself like table.,4,4.2,1202
518,2025-08-07 23:29:47,Ground human field.,2,3.1,8142
519,2025-07-22 06:29:42,Summer until leave international own involve white.,1,4.2,7824
520,2025-07-11 00:46:48,Campaign economy stuff us.,2,3.0,7104
521,2025-06-30 23:58:21,Possible ago follow relationship bag too.,3,4.5,6273
522,2025-05-19 23:42:48,Lead walk upon manager.,3,3.8,2729
523,2025-08-20 21:53:05,Region share within themselves month.,5,3.2,7204
524,2025-03-24 14:00:56,Theory record business time one.,2,3.5,3489
525,2025-03-13 08:05:33,Hit thank message particular memory color feel.,4,3.1,484
526,2025-06-06 22:25:17,Mother why office keep cause low establish play.,1,4.1,6022
527,2025-08-15 15:26:57,From city material likely customer fine various.,3,4.1,7216
528,2025-07-25 02:17:31,That own computer write executive rock rule.,2,4.4,5936
529,2025-01-27 10:52:11,Finally window worry manager.,2,4.9,7793
530,2025-02-28 08:15:55,Anyone maybe produce you hour provide just risk.,5,4.6,2140
531,2025-07-04 15:50:22,Same serve society late eight there business.,2,4.8,1027
532,2025-06-06 11:55:01,East yes news generation fall couple now I.,2,4.8,4896
533,2025-09-15 20:41:50,Risk choose top far.,2,4.9,9400
534,2025-01-05 14:06:21,Current over Mrs region out.,3,4.5,3995
535,2025-01-27 03:42:29,Age someone recently value draw.,4,4.7,3253
536,2025-01-14 21:17:51,Positive control service center three position class.,3,3.6,8329
537,2025-01-01 11:50:54,Red able politics choice much street or.,4,4.0,1513
538,2025-05-18 17:33:17,Whether policy grow especially family.,1,3.5,4242
539,2025-04-08 12:13:01,Middle call create.,2,3.5,9508
540,2025-03-22 16:35:17,Whatever some support leave our environment political.,1,3.8,9285
541,2025-01-17 09:43:56,Purpose plant onto score apply.,2,3.6,2431
542,2025-09-13 22:23:55,Mind manage never force.,4,3.2,4696
543,2025-10-22 08:18:01,Effect meeting smile picture sure prepare.,1,4.8,592
544,2025-09-08 18:24:58,Suggest rock game still direction.,5,4.5,9989
545,2025-02-17 12:35:25,Common each production continue store he.,4,3.8,2986
546,2025-07-23 16:39:12,At charge its exist director.,4,3.3,9803
547,2025-01-06 22:34:59,Morning red statement relationship professor player.,5,3.0,2643
548,2025-03-22 09:07:16,Example social out dog possible.,3,4.3,7182
549,2025-02-21 01:36:02,Perhaps possible issue usually brother establish enter.,3,4.7,280
550,2025-05-07 21:48:56,Bed cause instead without fact Mr else.,2,3.7,3665
551,2025-05-02 15:30:30,Grow various see process chair increase road.,4,3.1,8601
552,2025-08-12 15:22:52,Important join memory.,5,4.1,8166
553,2025-09-04 04:06:08,Play improve body morning trial.,2,4.3,4867
554,2025-02-19 18:13:45,Bed policy herself hard special build.,5,4.6,4034
555,2025-02-06 17:36:00,Lot technology rate level through never mission.,4,3.7,8748
556,2025-01-05 00:42:41,Realize tough during wrong.,3,4.8,7760
557,2025-04-01 14:45:02,Let majority development challenge region true knowledge.,5,4.3,4487
558,2025-01-04 22:10:58,Because personal system science particular unit.,4,3.9,4627
559,2025-09-25 16:02:58,Imagine ball specific join water able compare provide.,5,3.9,5431
560,2025-02-02 14:52:12,Hear exactly best wear street.,2,3.1,4544
561,2025-05-22 13:31:12,Draw when full order indicate.,2,4.0,3488
562,2025-07-06 02:11:46,Believe beautiful operation camera reflect stock box family.,3,4.5,3927
563,2025-11-13 17:46:08,Next brother which morning light.,3,4.6,5607
564,2025-07-15 09:11:14,Indeed past usually along yeah offer effort.,5,4.0,691
565,2025-03-25 20:31:34,Energy four accept city avoid reason increase.,4,3.7,1930
566,2025-11-24 01:02:40,Degree be learn because Mrs across.,4,3.8,6074
567,2025-01-15 08:36:14,We final maintain growth attention control.,4,4.3,6146
568,2025-10-29 19:14:30,Fine evidence fall woman do.,4,3.1,2551
569,2025-02-15 00:18:05,Woman body nice none walk which catch member.,5,4.7,7426
570,2025-10-07 17:39:00,Exactly even expect activity anyone evening can.,4,3.2,828
571,2025-02-25 00:02:25,See institution suggest read.,2,4.0,3311
572,2025-05-17 21:53:49,Friend red return thing.,2,3.4,5152
573,2025-07-19 17:12:09,Popular what those end range service finally.,1,4.0,6443
574,2025-03-21 00:19:59,Magazine reach what man.,1,4.7,9112
575,2025-08-17 22:27:53,Great nor night.,2,5.0,4436
576,2025-09-19 09:49:15,Most mean need old cost today open television.,4,3.5,216
577,2025-04-02 11:46:50,Ahead environmental too statement political bar what human.,3,4.8,8488
578,2025-08-17 13:08:51,Economic that simply.,3,4.0,8181
579,2025-04-11 14:10:53,Type wall evening imagine.,1,4.4,113
580,2025-07-02 05:37:57,Make positive image.,1,3.3,4701
581,2025-01-29 22:25:52,Bring stage resource.,3,4.9,5322
582,2025-10-14 13:36:56,Available television dinner sport let leader structure may.,3,4.6,8653
583,2025-01-26 17:34:07,Project trip trouble.,5,4.0,1438
584,2025-05-26 09:56:53,Bag result stuff even.,3,3.7,6003
585,2025-04-29 06:57:06,Compare attorney official stuff enter production catch return.,2,3.5,5357
586,2025-03-13 04:21:09,Federal born former avoid.,1,4.9,6564
587,2025-02-15 16:36:54,Easy begin send last sister plan.,3,4.2,7761
588,2025-02-08 01:01:22,Recognize sense two relationship girl.,3,3.7,4744
589,2025-11-24 08:50:27,Crime girl now above between play move.,1,3.1,5912
590,2025-08-08 07:58:05,Difference issue above exactly within former.,4,4.2,9678
591,2025-07-09 07:04:25,Opportunity reality travel meeting Mr.,2,4.1,5816
592,2025-02-28 20:20:40,Bring every effect trip test recently like.,5,4.1,7857
593,2025-01-01 11:49:41,Economic choose history bad mother special team.,3,4.4,675
594,2025-01-04 05:07:26,One enough positive order culture something admit.,4,3.2,9629
595,2025-01-16 21:45:51,Kind dinner something green her direction phone player.,2,3.1,8561
596,2025-04-30 10:39:49,Always throw though.,3,4.7,4079
597,2025-08-07 16:39:08,Brother court tough staff Mr.,3,3.2,1986
598,2025-07-30 02:55:30,Grow what executive enjoy soon.,2,3.6,6993
599,2025-08-01 13:59:28,Reality such last take unit.,2,3.3,3056
600,2025-11-15 22:05:49,Chair science rich tonight game.,1,3.7,5418
601,2025-01-14 14:59:37,Operation trip cut name wind.,4,4.8,2723
602,2025-09-01 20:48:47,Space second front try discuss.,2,3.6,2915
603,2025-06-17 10:51:17,Company same level fine cause have.,1,3.2,5383
604,2025-05-24 17:49:41,Animal six inside result employee recently.,3,4.8,2138
605,2025-09-04 17:28:14,Action meeting far by hundred.,3,4.7,4376
606,2025-04-12 17:55:19,White themselves evening remain tree must less.,2,3.9,3171
607,2025-06-07 17:15:53,Set quickly writer.,3,4.4,4486
608,2025-04-02 21:18:04,Draw particular word senior trip meet anything.,3,4.3,985
609,2025-08-13 17:41:43,Their particular stock power simple security wall.,5,3.3,8362
610,2025-02-11 07:22:53,Myself these simple share country doctor its.,2,3.4,9476
611,2025-03-04 11:03:14,Now surface wind form shoulder occur.,4,4.3,1926
612,2025-03-01 12:45:02,Learn government type early.,5,4.2,1182
613,2025-08-04 09:04:25,Charge price black catch quickly soldier change raise.,1,4.2,9054
614,2025-01-26 00:29:54,Trial hard once woman.,3,4.1,9998
615,2025-01-16 03:42:43,Wish seem argue many case purpose.,1,3.2,7337
616,2025-07-26 10:57:10,Only nearly after event.,4,4.5,384
617,2025-08-12 14:38:01,Require alone under account beautiful.,3,4.4,5356
618,2025-05-12 11:27:54,Full environmental store style factor run thus make.,5,4.2,3752
619,2025-03-27 15:02:13,Late crime run early determine.,1,3.9,5089
620,2025-05-16 21:40:10,Entire election news for.,4,4.8,1266
621,2025-02-19 04:22:30,Form room coach single nothing worker.,2,4.3,6875
622,2025-04-12 15:12:22,Expert leave family work according.,1,4.6,1645
623,2025-08-14 18:16:21,Car box security range.,5,4.8,6397
624,2025-05-22 10:39:55,Myself seven former miss yet fear government.,1,3.0,3012
625,2025-11-09 23:56:44,Plant however himself move avoid.,5,3.8,2944
626,2025-03-31 17:26:32,Tree add teacher left.,4,4.5,2570
627,2025-05-04 19:56:33,Eat executive song serious seem natural look.,1,3.9,6357
628,2025-09-05 04:57:26,Organization leader treatment political power money stop.,5,4.4,7902
629,2025-09-06 03:57:01,Alone debate through how.,1,3.7,2249
630,2025-07-30 04:22:44,Country police star home he thank.,4,3.2,7456
631,2025-09-11 21:00:16,Development half set believe per despite.,5,4.7,4467
632,2025-01-08 17:34:38,Book almost kitchen other.,2,4.0,3388
633,2025-05-03 11:18:01,Serious check sister meeting store.,3,3.0,9589
634,2025-08-21 08:54:06,Fast significant economy can.,4,4.8,8171
635,2025-09-27 03:54:34,Mrs consumer then lot carry pull.,5,4.2,6594
636,2025-10-01 17:28:50,Pass Mrs not minute into.,2,3.5,962
637,2025-02-26 12:42:18,Almost worry pattern set.,5,3.4,9174
638,2025-09-18 15:54:04,None crime woman outside.,4,4.6,9488
639,2025-03-11 07:21:09,Statement role debate what.,1,3.7,1045
640,2025-03-04 20:19:49,Himself occur speak.,3,4.4,3686
641,2025-10-02 14:15:00,Find admit reach line production movement.,1,4.1,9384
642,2025-01-02 18:23:56,Cultural suffer all.,2,4.8,2645
643,2025-07-12 20:52:21,Culture challenge specific.,4,3.4,8680
644,2025-05-04 07:08:46,Industry current share popular prepare.,1,3.1,9945
645,2025-10-10 18:42:23,Start later against positive fish.,4,3.6,5252
646,2025-03-11 02:15:25,Series result others not environmental.,2,4.4,4838
647,2025-07-05 15:24:04,Particularly east ability record nature.,5,4.6,3754
648,2025-10-20 23:11:56,Enough image answer compare team dog.,3,4.5,3841
649,2025-09-13 05:29:32,According my just stock employee make themselves.,1,4.8,1657
650,2025-05-28 23:17:03,Subject data all husband which can.,5,3.8,7096
651,2025-07-03 09:27:50,Bring cultural house.,1,3.6,1180
652,2025-06-23 19:03:24,Risk yourself civil during.,4,4.3,8369
653,2025-04-16 12:28:16,Test week former cause oil name.,1,3.7,1367
654,2025-05-21 11:05:59,Sit increase carry.,3,3.1,7926
655,2025-03-15 21:29:08,President list local quality leader range through.,1,4.2,200
656,2025-08-15 09:58:30,One produce husband.,4,4.6,1958
657,2025-02-27 18:15:36,Top political clear carry place arrive agency.,5,5.0,3470
658,2025-08-28 21:28:36,Program ahead guy exist.,4,4.9,6164
659,2025-07-03 21:58:39,Marriage interview shoulder speech draw loss hundred.,4,4.5,451
660,2025-03-23 06:58:52,Worker environmental question perhaps speech ball.,1,3.1,330
661,2025-07-16 09:22:21,Low either break like.,5,4.2,8573
662,2025-08-01 03:45:07,Share long better movement past wrong.,2,4.6,479
663,2025-02-10 14:15:01,Scientist interview gas hope office.,2,4.2,9013
664,2025-08-15 15:46:12,Teacher election top region.,1,3.5,5135
665,2025-05-10 22:30:34,Interesting point wall fill none speech.,4,3.9,8950
666,2025-11-16 02:44:28,Reason short check politics security model everybody purpose.,1,3.2,2279
667,2025-11-12 02:05:25,Probably fall federal believe.,5,3.3,9684
668,2025-04-08 18:37:23,Study dream point poor debate some.,5,3.4,3996
669,2025-06-16 01:03:45,Little rather develop camera human huge table.,3,4.0,7270
670,2025-08-15 15:52:21,Computer coach sea while.,2,4.3,7187
671,2025-07-08 11:35:09,Since another reach born senior into.,4,4.5,9296
672,2025-11-19 13:16:50,Ball live nice particular decade.,3,3.9,7498
673,2025-01-25 10:22:56,Alone mean mother per choose buy.,5,4.3,930
674,2025-09-15 22:39:59,Result free table someone.,2,4.1,4610
675,2025-02-01 00:14:28,Religious loss friend agency.,4,4.7,4216
676,2025-08-05 21:06:47,Involve cut nearly me.,2,3.5,3796
677,2025-03-11 08:16:40,Seat mind civil page.,1,3.1,1062
678,2025-08-10 00:51:23,Your car door his lay.,2,4.1,1903
679,2025-04-10 07:48:58,Manager attack hour point.,4,4.3,3668
680,2025-04-28 01:30:18,Condition figure where pattern significant center.,4,4.1,3589
681,2025-08-25 14:39:38,Tax hold hard husband.,4,4.8,3422
682,2025-02-15 10:49:01,Party professional data.,1,3.6,8797
683,2025-06-29 04:13:33,Development determine factor.,1,4.1,9091
684,2025-11-19 21:46:29,Leader cell real compare thousand according meeting.,1,4.8,4062
685,2025-01-16 14:50:57,Again seven avoid behind we month head.,1,4.0,3928
686,2025-05-01 17:14:03,Wrong buy reduce little order.,1,4.3,6910
687,2025-06-27 20:42:55,Computer body close soon start himself thank.,2,4.8,3146
688,2025-02-11 23:14:56,Push build little smile we.,3,3.8,2170
689,2025-06-27 18:49:31,Product forward truth try.,5,4.7,6147
690,2025-08-15 18:21:05,One free name around.,2,3.7,8939
691,2025-04-23 06:53:30,Effort million TV once coach success.,5,3.9,8387
692,2025-06-08 11:26:12,Community understand data reach technology whatever south area.,3,3.8,545
693,2025-06-03 07:41:29,Paper think ability item night and so.,5,4.6,3102
694,2025-11-08 21:48:26,Success quite avoid half nearly.,1,4.2,9957
695,2025-03-19 09:41:40,Itself a somebody community exist involve international deal.,3,4.7,9627
696,2025-11-03 23:38:43,Break offer past indeed growth despite.,5,3.8,4667
697,2025-11-10 15:43:28,Word staff cut past popular.,1,4.4,2453
698,2025-05-28 21:05:00,Item despite side suggest study.,4,4.8,2166
699,2025-01-12 15:33:07,Course state enough occur artist lose line.,1,4.2,6208
700,2025-01-16 21:39:36,Others real do rich.,1,4.0,1658
701,2025-09-13 09:57:50,Member property west actually yet.,2,4.2,9375
702,2025-02-07 02:02:22,Say some change have great better program.,2,3.5,30
703,2025-02-20 12:22:41,Scene improve since floor ten about yes them.,5,4.5,8057
704,2025-04-30 22:09:25,Boy well movie property significant affect.,3,3.0,2789
705,2025-08-23 19:00:17,Other reality trouble.,2,4.2,9128
706,2025-06-11 07:16:29,Night set generation face way.,3,3.8,1540
707,2025-11-11 00:57:39,Race develop able manage picture south behind.,3,3.9,5114
708,2025-02-01 14:54:22,Thank assume center system.,2,4.1,6420
709,2025-02-19 22:42:03,Notice factor citizen say.,1,3.5,418
710,2025-04-19 09:30:03,Defense recognize factor raise clearly.,2,4.3,7468
711,2025-03-26 02:36:15,Produce agent officer professor exist son pretty side.,2,4.8,1598
712,2025-04-10 16:38:21,Believe too true list worry beyond.,4,3.8,8740
713,2025-10-03 07:52:15,Hair fear I.,1,3.8,4863
714,2025-07-21 11:25:58,These thought door.,4,4.6,6268
715,2025-03-07 15:41:52,State system property become hand.,3,3.0,4575
716,2025-04-23 09:22:40,Base blue along again.,1,4.0,922
717,2025-05-20 17:09:43,Question hotel stay eye.,5,3.8,568
718,2025-04-19 07:11:50,Four father somebody pick ago who.,4,4.5,5650
719,2025-06-28 07:51:13,Who quality ready executive.,4,5.0,1971
720,2025-07-19 08:54:20,Above fast relationship imagine.,4,4.7,815
721,2025-06-01 05:20:09,Prevent more eye mind simple radio.,4,4.3,7957
722,2025-06-21 03:48:59,Who pass police service.,3,3.3,6184
723,2025-08-18 14:43:58,That occur thousand.,5,4.6,5789
724,2025-10-14 21:22:46,Side specific few author century my.,1,4.9,4066
725,2025-05-30 03:16:32,Beat see Mrs live.,3,4.4,2481
726,2025-04-19 04:43:16,Produce Congress campaign responsibility.,2,3.4,1976
727,2025-09-21 11:26:06,Factor general will there business me language.,5,3.2,1138
728,2025-05-25 18:41:18,Land have threat scientist stock general.,3,4.5,2408
729,2025-03-31 08:20:34,Power occur discover end just high yes.,1,3.3,7302
730,2025-08-09 22:42:18,Experience nothing charge.,1,4.8,5050
731,2025-07-16 14:59:45,Food doctor bit throughout while local course.,5,3.3,8896
732,2025-10-20 20:11:55,Happy charge personal send.,2,4.1,8593
733,2025-05-12 21:08:10,Not television commercial visit consider fill.,3,4.0,8246
734,2025-07-07 12:26:52,Hair machine half according enter.,3,3.2,1110
735,2025-03-11 17:24:40,Great woman rich different.,4,4.5,7148
736,2025-10-13 02:46:31,Moment hold appear might billion serve.,3,4.0,1459
737,2025-07-24 21:19:43,Crime green exist democratic account why many.,2,4.4,3074
738,2025-02-03 02:39:17,Have Mrs deal enough voice various happen.,2,4.4,8546
739,2025-08-13 22:46:19,Concern under fall free lose two relationship.,1,4.3,5256
740,2025-03-04 05:13:37,One site follow listen from.,5,4.9,4761
741,2025-11-07 17:59:37,Herself against natural or.,5,3.3,2739
742,2025-09-29 18:04:19,Same either special suddenly.,4,3.4,9286
743,2025-04-09 16:19:45,Better never low law improve throughout.,5,3.1,9533
744,2025-09-02 17:55:10,Almost author number option describe.,5,4.8,8539
745,2025-10-05 02:30:44,Front hand economy part door live.,4,3.6,7542
746,2025-02-12 14:18:55,Must direction blue until.,1,3.3,7025
747,2025-08-06 22:43:53,Gun anything also avoid run matter say.,3,4.3,8529
748,2025-11-15 05:01:57,Federal if rest individual cost develop board.,3,4.5,3605
749,2025-02-28 14:33:17,Should information knowledge war.,5,3.7,3741
750,2025-07-10 13:03:13,Speak ball particular report wind back.,4,4.7,228
751,2025-03-14 23:56:58,Probably success relate travel purpose fine investment.,2,3.4,112
752,2025-03-17 07:24:12,Manager on attack full responsibility.,2,4.6,5719
753,2025-03-31 15:28:26,Image write suddenly he.,1,4.2,9903
754,2025-04-08 12:54:11,Operation far analysis again save.,4,3.2,5272
755,2025-01-08 17:14:51,End community blood plant public green economic.,3,4.5,5567
756,2025-02-12 14:01:00,Laugh yeah stock describe race.,4,4.9,1894
757,2025-03-07 00:56:41,Fine become sing conference.,4,4.6,7776
758,2025-02-07 23:53:07,Action any nice officer job safe.,3,4.1,79
759,2025-07-13 01:14:30,Professional her second remain method glass effort.,1,4.1,9765
760,2025-10-14 23:35:09,Coach fire whatever positive me law.,3,5.0,5736
761,2025-03-08 16:22:50,Reach kind tonight Mrs light.,1,3.7,8825
762,2025-10-15 18:26:35,Field decade service international PM stock never.,2,3.5,4008
763,2025-09-28 11:13:25,Wrong movie face check.,5,4.6,296
764,2025-03-06 06:19:34,Throw already thus.,2,3.7,5400
765,2025-10-27 07:48:37,Throw option practice ability although experience.,5,4.4,3808
766,2025-03-23 03:12:43,Her hard huge fly media anyone.,4,4.7,9713
767,2025-01-29 16:21:15,Employee of field safe least heart follow.,2,4.9,7319
768,2025-04-28 09:18:00,Realize few room hear move one wide.,1,4.7,8718
769,2025-02-20 14:48:16,Claim interesting lot stand serve resource.,4,3.3,7861
770,2025-02-10 17:42:47,North base poor behavior evidence until.,3,4.6,1777
771,2025-02-07 02:22:11,Size my generation young with forget third.,5,4.5,7657
772,2025-06-20 16:55:16,Develop better believe nearly produce teach example.,3,4.5,926
773,2025-01-03 22:28:02,Region staff threat reach world.,3,3.7,910
774,2025-08-03 01:33:53,Ok knowledge cut American front create strategy.,2,3.1,1745
775,2025-01-13 17:31:37,Lose quite base learn cup result trip.,1,3.0,5783
776,2025-05-30 02:57:26,Laugh ok then network.,3,4.5,5352
777,2025-07-23 07:17:02,Food at ahead free realize long.,5,4.4,718
778,2025-06-21 01:32:26,Head paper bad bed much why.,2,4.6,5338
779,2025-08-08 10:10:01,Popular trouble entire against own dream.,2,4.2,6167
780,2025-10-28 12:48:25,Ready huge lawyer man night.,4,5.0,7002
781,2025-05-27 22:44:26,Fly protect culture behind kitchen.,2,4.8,5266
782,2025-03-16 19:12:30,Several white myself road.,5,3.6,9673
783,2025-06-18 07:40:48,Development energy account campaign game test.,1,4.6,6599
784,2025-04-15 02:07:41,By television way former language like.,1,4.9,5510
785,2025-06-07 06:11:06,Break couple present.,5,3.4,9680
786,2025-10-31 16:43:43,Big fill and whatever audience manager message.,4,3.8,8774
787,2025-05-27 12:25:19,Boy might kind happen ground science.,3,4.4,6068
788,2025-11-22 08:01:37,End or trial east.,4,3.4,1099
789,2025-06-22 20:59:20,Always mother stock.,1,3.1,6234
790,2025-10-22 14:23:09,Guy carry effect staff the those subject.,4,4.8,1906
791,2025-08-30 17:07:01,Former best officer condition book collection heavy.,3,3.8,6492
792,2025-05-18 07:58:03,Final weight list hundred president develop share.,3,3.3,5152
793,2025-06-16 15:44:20,Woman however American say.,3,4.2,1302
794,2025-04-18 15:44:53,Language yard choice they alone expert offer.,3,4.0,632
795,2025-04-14 11:23:16,Goal accept within weight full hotel create.,1,4.7,3304
796,2025-05-26 05:59:35,Resource wish marriage bill always myself.,4,4.7,3128
797,2025-04-25 12:22:58,Quite maybe opportunity down popular information human.,4,3.7,7732
798,2025-02-28 14:20:20,On other red simply yes just which minute.,3,4.6,1846
799,2025-06-03 10:58:49,Century soon collection local just may in.,5,4.7,8293
800,2025-07-30 09:31:15,Without subject minute loss.,1,3.3,5432
801,2025-08-12 13:21:26,Anyone shake middle star police.,5,4.3,6396
802,2025-04-03 18:57:31,Suddenly oil once shake develop training role whatever.,3,3.2,6053
803,2025-04-13 15:03:34,Hit sing argue debate hot.,1,3.1,5584
804,2025-10-18 05:31:34,Right later student strategy.,1,3.7,9149
805,2025-08-07 09:48:04,Free stock trouble child forward tax.,4,3.2,1729
806,2025-08-11 17:22:38,Box sing plant situation generation along.,1,3.2,7081
807,2025-03-11 06:33:03,Relate cold little sea leader.,5,3.0,7105
808,2025-09-08 11:43:30,Task including beautiful focus very serious bar talk.,2,3.9,801
809,2025-10-07 11:48:51,Card town several.,4,4.5,44
810,2025-11-12 13:13:58,Family east soon present.,1,3.5,5755
811,2025-06-17 21:15:41,Traditional available space wonder.,5,4.0,576
812,2025-09-15 01:56:45,Past type whatever game account suffer keep.,3,5.0,952
813,2025-11-14 10:13:03,East arrive why describe yeah.,3,3.8,996
814,2025-09-08 11:55:44,Let bank knowledge significant section officer office.,1,3.2,3859
815,2025-10-10 18:10:52,Speech figure ever inside very glass establish.,2,4.1,7446
816,2025-07-04 18:56:27,Owner already medical rule population.,3,4.4,1848
817,2025-09-05 08:00:03,Common best church baby after fund growth.,1,3.3,7093
818,2025-09-16 12:22:42,Lawyer there nothing serve it financial room.,4,3.4,7652
819,2025-04-30 17:17:53,Get issue together.,3,3.7,5821
820,2025-07-14 03:01:18,Memory study week wonder he.,4,4.3,9498
821,2025-09-17 09:23:47,Note onto perhaps personal road open forward building.,4,3.4,1943
822,2025-01-21 23:13:34,Indeed only industry author employee cost make.,5,3.3,7745
823,2025-11-24 17:36:59,This include risk account data such town.,2,3.7,603
824,2025-03-18 03:27:56,New last week onto.,4,4.3,3605
825,2025-07-02 01:57:58,Represent tend cell large class.,2,4.4,5274
826,2025-03-19 19:24:51,Former crime material campaign soldier now hundred.,3,3.3,2810
827,2025-03-23 03:48:45,Stay by political bring knowledge responsibility.,2,4.3,6625
828,2025-03-15 18:37:24,Son before perform raise radio continue.,3,3.6,3664
829,2025-04-20 08:16:50,Black just such glass court attack.,1,3.7,5613
830,2025-06-12 21:12:35,Scene stage large ok apply.,1,5.0,8620
831,2025-03-15 09:01:12,Out for research hand trouble country.,4,4.0,6797
832,2025-04-02 03:36:15,May measure service alone eight.,2,4.4,9495
833,2025-03-30 15:44:58,Admit collection forward security throughout.,2,3.2,2781
834,2025-11-12 14:17:47,Fly population partner girl.,5,4.7,7665
835,2025-04-02 05:38:49,Ten American boy center evening eat.,3,4.6,3242
836,2025-03-29 04:00:11,As stock modern window throw.,4,4.5,5738
837,2025-07-25 07:32:53,Walk study big central someone even.,4,3.4,6421
838,2025-08-11 12:43:41,Course success stop pressure image.,4,3.7,7472
839,2025-08-29 17:11:46,Sea little society.,5,3.3,2075
840,2025-08-01 19:13:28,Statement someone tough onto line listen successful.,5,4.5,3496
841,2025-05-07 13:36:40,Open either couple.,5,3.2,402
842,2025-02-18 06:24:56,Seem your group media hotel type fine.,1,3.1,7018
843,2025-07-14 09:44:46,Computer guess executive political house remember.,1,3.4,5873
844,2025-01-10 13:48:16,Become show page center impact.,4,4.7,3992
845,2025-08-14 11:39:34,Writer industry order improve fly table.,1,4.8,5162
846,2025-08-05 10:32:47,Institution doctor page task.,1,4.9,9816
847,2025-10-03 04:07:18,Set throughout me mention only.,2,3.7,6385
848,2025-09-24 19:37:10,Late economic light less.,4,4.9,8031
849,2025-09-04 10:04:47,Can wide scene sound move window major gas.,2,3.9,6599
850,2025-01-12 13:46:12,Animal represent take news trouble hand.,1,3.3,249
851,2025-11-07 22:56:07,Campaign manage positive western establish too.,2,5.0,3864
852,2025-07-21 23:31:52,Practice difference defense difficult country.,3,4.2,2910
853,2025-05-26 02:29:43,Sign best born child.,5,4.8,217
854,2025-07-01 08:48:19,Boy sit make bring baby item issue.,2,3.0,1718
855,2025-09-23 08:45:42,Cup company similar individual about interview off treatment.,4,4.9,1383
856,2025-05-02 04:33:23,Structure pressure where cultural wide.,5,4.9,6063
857,2025-10-23 13:30:48,Rise ability several spring.,2,4.7,7070
858,2025-06-08 08:08:29,Others couple policy behavior.,5,4.7,9994
859,2025-03-12 03:21:12,College office brother plant push together.,1,3.3,9481
860,2025-11-19 01:30:33,Or leave stand system painting nice decision.,4,4.1,7335
861,2025-08-20 05:56:22,Card oil Mr expect stuff stuff.,2,4.4,5305
862,2025-10-14 09:27:50,Happy dark explain general difficult factor.,3,5.0,3161
863,2025-08-07 06:24:47,Model church let thousand until art.,5,4.7,7579
864,2025-08-11 21:54:06,Green different put morning.,2,3.1,5685
865,2025-03-10 23:29:14,Church still value arm much board.,2,4.7,6529
866,2025-06-27 20:28:05,Rule knowledge wife court effort high pull.,3,3.9,633
867,2025-07-02 07:22:10,Stay old ok candidate early strategy economic.,2,5.0,8782
868,2025-02-06 23:17:58,East speak everyone send drug rest.,5,4.4,8538
869,2025-08-29 05:37:01,Health set man office game thank.,2,4.5,4299
870,2025-05-02 23:19:20,Then wide PM decide detail site stage.,4,4.5,3324
871,2025-06-15 05:29:19,Attack affect history often shake discover.,3,4.9,8540
872,2025-04-16 11:48:25,Light owner former stage from foot gas.,1,3.1,5964
873,2025-08-07 05:08:34,Enough anything raise wife within.,3,4.9,9238
874,2025-01-21 17:20:17,Try guy fear than heavy political.,4,4.1,3678
875,2025-02-13 13:53:23,Reason such condition soon politics record seek.,3,4.2,4026
876,2025-04-14 16:49:14,Various task away data about design serious.,2,4.7,5157
877,2025-03-29 05:03:57,Majority try three lay where money draw.,2,4.1,2708
878,2025-02-14 11:06:36,Mission high scientist seat drug fire song.,5,3.1,9092
879,2025-06-29 17:02:17,Way bad short show manage wait.,3,3.7,7589
880,2025-07-07 01:00:08,Style form people.,3,3.5,9247
881,2025-01-10 08:11:49,Really operation language mention.,4,4.0,1541
882,2025-04-21 09:37:36,Politics take accept Mrs director kind newspaper.,3,4.0,6486
883,2025-03-25 14:29:43,Then test most at serious resource break.,3,4.2,6327
884,2025-04-08 21:24:25,Treat until program own of professor trial.,4,4.9,34
885,2025-06-05 13:08:40,Like blue laugh business.,2,4.2,3271
886,2025-04-27 07:36:57,Season serious production huge save.,4,4.3,8430
887,2025-02-24 23:26:43,Another beautiful meet bank idea glass happen house.,5,3.5,2406
888,2025-08-21 20:47:25,Perform recent team view case.,1,4.6,7346
889,2025-04-19 20:26:15,Respond interesting discover performance quality see.,3,3.8,8006
890,2025-01-24 02:53:39,Democratic environment operation consider anything floor red fine.,5,3.8,9523
891,2025-02-27 22:26:16,Major represent culture industry.,2,4.2,3507
892,2025-04-06 07:28:17,Interest stuff region spend small local toward board.,3,3.9,2988
893,2025-01-26 18:22:27,Open best party begin measure hour.,4,3.6,4399
894,2025-10-02 05:59:03,Line parent worry natural throughout.,4,4.8,5212
895,2025-04-07 02:54:04,Measure let end modern appear capital beat method.,1,3.6,4562
896,2025-03-02 15:24:26,Onto partner call among.,2,3.5,7563
897,2025-02-27 08:39:25,Medical character control return child.,2,4.4,8868
898,2025-06-26 10:15:12,Simple score contain off.,4,4.9,8508
899,2025-10-31 12:13:56,Learn play include continue.,5,4.7,9518
900,2025-09-23 18:57:51,Nature bill news.,5,3.5,8523
901,2025-07-31 00:36:59,Enjoy their he kind.,2,3.8,629
902,2025-06-15 18:04:04,Increase room daughter region bed.,2,3.2,5336
903,2025-05-10 09:26:05,Feel card always tax try vote.,4,4.1,9281
904,2025-05-29 07:44:39,Hold from series be history space.,2,4.2,4703
905,2025-08-24 10:14:47,Yeah down lawyer card.,3,4.8,7788
906,2025-03-20 20:00:26,Stock politics white charge like.,2,3.3,7317
907,2025-02-27 12:39:36,Manager month recent ten plan start letter state.,3,4.8,6503
908,2025-10-07 07:10:07,Soon team arrive such west common difficult.,4,3.6,2586
909,2025-04-05 06:10:44,Market two alone tough.,3,3.5,5130
910,2025-08-16 17:14:36,Police policy beyond foreign theory white.,3,3.9,3075
911,2025-03-29 09:23:37,Security man pass data thing.,3,3.2,7395
912,2025-07-17 09:03:11,Approach it must memory rich.,1,3.1,1880
913,2025-07-27 09:10:51,Customer south leg main.,3,4.7,6044
914,2025-09-15 02:20:04,Shoulder investment future sister keep.,3,4.8,9274
915,2025-02-13 09:01:08,Nice two scientist long.,4,3.3,8720
916,2025-08-28 14:34:29,Result middle plan miss remember three rich.,2,4.5,3166
917,2025-01-21 03:48:55,Perhaps network discover prove suffer.,1,4.9,7271
918,2025-10-07 03:33:38,Crime maintain instead staff.,5,3.1,9114
919,2025-07-11 01:41:30,Past situation doctor however college and.,4,4.4,5250
920,2025-09-25 08:33:32,Leave ability past run break.,5,4.8,2488
921,2025-01-26 02:28:46,Interest tell performance American scientist.,1,4.5,8711
922,2025-03-28 21:19:25,Fish hold nothing focus watch determine.,3,4.4,7475
923,2025-09-20 12:59:13,She fine baby large miss behavior.,3,4.4,9992
924,2025-08-28 07:16:30,Million ago beyond leave employee continue.,3,4.6,9493
925,2025-08-07 03:14:23,Project within view degree way attorney stuff too.,5,4.7,1016
926,2025-09-07 12:59:12,Though among too pattern.,4,3.8,9667
927,2025-09-20 05:29:11,Base research more seven accept keep.,5,4.4,9020
928,2025-05-22 07:51:30,Avoid financial business focus.,3,4.6,2517
929,2025-05-20 05:07:09,Price religious able election affect world ten again.,4,3.8,4449
930,2025-05-25 05:39:56,Herself let station challenge student.,3,3.2,3421
931,2025-09-14 19:22:23,Window meeting discussion.,4,4.2,2817
932,2025-08-06 01:56:42,All action together company.,1,4.1,597
933,2025-09-14 06:58:37,Push through standard skill mind campaign pick.,1,4.5,6159
934,2025-04-28 21:07:15,Series four industry prepare help carry.,2,4.8,2962
935,2025-09-14 14:33:37,Imagine kind network I bar act Congress.,3,3.5,839
936,2025-11-19 04:54:40,Friend according doctor give approach.,4,4.8,369
937,2025-10-12 05:39:26,Bit pattern kid stock poor even guess quickly.,2,3.3,5331
938,2025-05-30 09:09:04,Fire think food authority business strong seat.,4,4.3,1925
939,2025-01-31 19:45:48,Provide machine and trial.,3,3.7,9285
940,2025-07-17 23:10:00,Can garden partner reflect benefit message coach.,2,4.9,6825
941,2025-07-01 14:08:19,Pm low sport large show company including.,5,4.3,5728
942,2025-04-22 19:35:35,Range history wide project page movement.,2,3.7,9580
943,2025-05-29 06:50:44,Action real hit away region night they.,4,4.1,7212
944,2025-05-15 20:15:59,Return trial history let.,5,4.9,116
945,2025-05-19 08:10:12,Analysis for apply good television.,1,3.5,9796
946,2025-03-06 18:49:54,Increase building company that the memory who.,4,4.2,7504
947,2025-03-28 01:29:25,Occur bed market help into military.,1,4.3,3400
948,2025-09-18 09:00:21,Remain public bank term democratic also start store.,2,4.8,7441
949,2025-02-05 10:43:50,Born since from bill service.,1,4.4,2708
950,2025-10-10 23:12:44,Car fly manager bad.,3,4.4,8708
951,2025-11-20 04:32:44,Factor share risk write view shake after sign.,3,3.8,2355
952,2025-10-12 07:17:40,Half tax final team college stand history must.,5,4.9,6168
953,2025-09-27 17:54:05,Society theory argue American.,5,4.7,696
954,2025-01-10 08:59:15,Suffer step environment each air red reach.,5,3.2,3792
955,2025-08-21 05:29:50,Us father heavy professor.,3,4.4,8831
956,2025-05-24 09:25:49,Bad economic continue.,3,4.2,4629
957,2025-08-26 00:05:49,Skin interesting feeling after quickly every relate edge.,5,4.2,6886
958,2025-01-24 22:28:13,Artist understand we happy story any.,5,3.3,718
959,2025-05-22 20:51:08,Movement watch thing themselves.,4,4.7,6174
960,2025-08-30 13:31:40,Movement bag lawyer.,3,4.6,3932
961,2025-06-21 04:08:59,Nice get two manage care.,3,4.0,2946
962,2025-11-17 16:11:36,The far start foreign race.,2,4.3,9540
963,2025-10-09 17:32:43,Guy fall each well hundred fight I.,5,4.5,4010
964,2025-10-15 22:25:48,Maintain official let wall sort.,1,3.7,2698
965,2025-11-01 23:04:06,Foreign less any line compare.,2,4.3,6839
966,2025-02-27 13:41:35,Suddenly local blue box deal.,4,3.9,3312
967,2025-07-06 04:11:16,State think magazine customer.,4,4.6,5179
968,2025-03-12 19:54:43,Share former result enjoy long.,5,3.3,8436
969,2025-11-18 12:58:11,Get blood owner pay prepare director before.,1,3.9,5374
970,2025-07-01 01:44:04,Participant most value impact.,3,3.3,9306
971,2025-08-25 16:02:00,Marriage without role stand price investment foreign.,4,4.5,1716
972,2025-03-28 10:14:39,Sell hope same popular stand.,4,4.8,5817
973,2025-09-18 10:29:00,Control other hear drug store respond.,5,4.1,8293
974,2025-01-25 22:04:12,Nation majority best today interview should star.,5,4.2,5660
975,2025-08-10 13:32:42,Anything college purpose employee.,2,4.8,1852
976,2025-09-23 17:57:37,System air better.,2,3.1,788
977,2025-01-13 06:42:26,As simply behind lead growth guy door soldier.,2,3.2,590
978,2025-07-06 04:56:32,Blood fine else least.,1,3.6,7616
979,2025-02-28 05:29:32,Charge without then animal police every response almost.,1,3.4,2725
980,2025-10-03 12:02:05,Daughter himself build suffer me minute young.,1,3.7,8774
981,2025-11-04 18:36:55,Feeling risk that law effort build.,4,3.9,1865
982,2025-08-11 21:31:13,What foot purpose book.,4,4.3,3434
983,2025-08-09 05:30:05,Have hundred reason see accept raise huge.,1,3.5,2252
984,2025-03-04 20:44:23,Window outside action argue which address.,5,3.2,3402
985,2025-02-23 10:18:48,Site end improve force doctor than various.,5,4.2,584
986,2025-05-18 04:18:30,Piece end professor before left as staff.,5,3.9,9471
987,2025-01-09 23:26:18,Data what available box participant Democrat.,4,4.3,4360
988,2025-10-27 18:34:05,Well apply article response week others.,1,3.6,3033
989,2025-01-17 23:45:20,Watch guess attack big you.,3,3.8,6447
990,2025-01-10 05:49:32,Material heavy summer the western walk young.,2,3.6,6839
991,2025-10-11 03:11:05,Green begin know win necessary minute.,3,4.2,2005
992,2025-07-07 08:02:36,Way change we anyone nearly nearly.,4,4.8,5486
993,2025-05-06 03:02:13,Factor paper put old not himself.,1,4.8,561
994,2025-06-02 23:34:22,Need sit start carry economy.,4,3.7,8419
995,2025-04-03 03:06:54,Return sister hold president however really already.,4,4.7,7771
996,2025-05-25 04:01:19,Usually media check hospital there impact.,5,4.9,9669
997,2025-06-15 20:32:50,Medical painting ability under indicate.,5,3.6,9315
998,2025-11-01 05:02:47,Never particular trouble level perform respond call.,1,3.1,832
999,2025-01-27 16:30:31,Suddenly information air hot speech Democrat.,4,3.3,4039
1000,2025-11-14 09:41:33,Least attention candidate know chair voice.,1,3.2,3876
1001,2025-09-10 23:28:19,New expert visit fast.,2,3.8,595
1002,2025-01-17 22:10:47,Music fall watch particular.,3,4.6,4748
1003,2025-02-18 10:38:24,View author security bed also choose.,3,4.7,9825
1004,2025-09-14 14:37:40,Exist help talk director level story affect challenge.,3,3.7,5045
1005,2025-01-22 17:11:11,Science meet walk seven air agency pay energy.,5,3.4,1605
1006,2025-01-06 17:52:51,Of her imagine report.,3,4.4,9235
1007,2025-08-17 09:00:09,Bar front each live American face.,1,4.0,1208
1008,2025-05-12 10:35:08,Community approach field over reflect without.,1,4.5,6554
1009,2025-08-25 12:32:31,Task thing few section now debate.,2,4.7,9411
1010,2025-11-09 14:37:40,Claim hour administration whole him.,3,4.0,7070
1011,2025-02-14 01:58:32,Great very by personal.,4,3.1,6712
1012,2025-07-31 05:49:01,Safe true strong.,4,4.7,3355
1013,2025-02-21 01:40:05,Able watch response task face common reality.,5,4.0,8760
1014,2025-01-08 13:45:14,Perform firm before white serious if available key.,1,4.4,7825
1015,2025-04-24 07:30:00,Event accept today you nearly part.,2,3.4,1916
1016,2025-01-31 09:52:01,Visit compare heavy.,4,3.3,4119
1017,2025-08-07 00:51:14,Large one room doctor least.,5,3.3,8364
1018,2025-01-19 02:11:15,Phone expect trouble book heart generation ready.,1,5.0,8262
1019,2025-04-02 16:05:49,Behavior why kid degree yourself would recently data.,5,3.4,3373
1020,2025-08-04 05:29:24,Day Mrs race ground strong over production strong.,4,3.1,5510
1021,2025-03-18 17:55:25,Detail agree imagine what else.,5,4.4,3605
1022,2025-06-12 14:08:05,South head his staff enjoy every kind.,2,4.9,9940
1023,2025-09-22 02:46:54,Himself specific blue large own.,5,4.9,4387
1024,2025-08-20 21:24:47,Nor so body seven upon moment.,1,3.5,2215
1025,2025-02-19 18:42:38,Industry property nice.,3,4.7,8865
1026,2025-09-24 11:28:03,Piece claim recognize a ok.,3,4.7,1428
1027,2025-02-14 04:22:23,Take team art easy campaign quite behavior book.,4,3.8,1772
1028,2025-02-01 17:49:35,Suggest or fight entire day practice mean door.,2,3.9,6283
1029,2025-08-24 19:13:01,Prevent study use deep.,5,4.0,1504
1030,2025-09-22 01:57:24,Enter quickly law song fast.,2,3.7,8139
1031,2025-02-06 03:11:30,Protect time energy moment.,2,3.5,6635
1032,2025-01-19 00:15:35,Experience industry well performance effort floor up.,3,4.9,9571
1033,2025-03-19 10:03:49,Ago better north rule last however.,5,4.4,5634
1034,2025-06-02 02:45:49,Final what interest ball.,3,5.0,2600
1035,2025-08-05 21:29:12,Number picture dark reveal control example.,3,3.1,2629
1036,2025-08-16 04:36:29,Rest civil apply plan.,3,3.9,6134
1037,2025-02-09 07:42:14,Federal hard nice entire.,2,4.4,3332
1038,2025-04-17 17:08:23,Threat economic rich not let.,3,3.8,7856
1039,2025-09-07 03:35:54,Garden law at example.,3,3.1,2513
1040,2025-07-03 11:52:48,Do someone mission form cost.,5,4.9,1021
1041,2025-01-15 11:27:23,Couple theory right system example sort.,1,3.6,7558
1042,2025-02-20 13:40:46,Theory source catch age tell hair.,1,4.1,1692
1043,2025-10-30 04:23:11,Law mind film almost tell sit change.,1,3.7,8865
1044,2025-01-20 11:38:52,Above recent region charge final close central again.,1,4.4,5812
1045,2025-01-04 08:54:44,Imagine occur certainly power food me none.,5,4.2,7286
1046,2025-10-18 17:49:55,Gun second may page nearly.,1,4.3,7099
1047,2025-07-20 01:17:31,Main part realize agent really few write lead.,1,4.6,3590
1048,2025-03-05 15:28:17,To dream billion direction lawyer number.,1,3.6,6508
1049,2025-10-22 04:20:26,Shoulder perhaps off heavy follow.,3,3.6,896
1050,2025-10-22 23:59:56,Mr audience career pay final scientist value.,1,4.4,4183
1051,2025-06-23 00:36:58,Surface if market.,3,4.2,1504
1052,2025-06-14 18:41:59,Along fill treatment follow green dream second.,3,3.1,226
1053,2025-10-30 21:21:31,Or serve mean his result nation daughter should.,5,4.0,274
1054,2025-04-21 19:46:18,Message leader walk establish.,5,4.5,4238
1055,2025-05-11 00:47:07,My many recognize structure capital dark make.,1,3.9,4546
1056,2025-10-20 19:49:27,Begin accept itself use catch old from.,5,4.6,5716
1057,2025-01-03 16:37:14,Real reason car.,1,3.4,6328
1058,2025-02-13 00:24:32,Run method head grow visit remain rest.,1,3.5,8146
1059,2025-04-10 15:11:32,Girl group perform matter drive college movie usually.,2,3.1,1755
1060,2025-07-11 18:19:56,Director force finish like major economy.,5,3.8,2661
1061,2025-04-26 01:11:21,Charge garden main PM.,3,4.6,4962
1062,2025-01-10 14:50:12,Such once reveal responsibility opportunity decade.,1,3.1,8012
1063,2025-01-09 22:39:33,Practice field common respond together several station.,5,3.6,6588
1064,2025-06-01 18:03:31,Control drive four white another.,2,4.5,1664
1065,2025-03-26 10:49:30,Here cause recent structure close firm see.,3,3.9,7703
1066,2025-03-17 03:06:27,Him base in would.,1,3.4,1200
1067,2025-02-20 15:25:51,Level leg very level long general understand.,4,3.6,7641
1068,2025-07-21 10:39:31,Same argue million experience trip thousand audience.,2,3.7,7680
1069,2025-08-17 21:33:07,Nor miss be send sell.,2,3.3,204
1070,2025-08-09 10:52:19,Show so a help both class walk amount.,2,3.6,9118
1071,2025-01-02 21:07:24,Reduce eye once indeed rich which doctor.,4,3.5,1489
1072,2025-02-24 22:36:41,Difficult charge attention.,2,3.7,4736
1073,2025-06-26 05:33:59,Reduce as foot than.,1,4.7,7362
1074,2025-05-12 04:55:49,Sit above generation.,4,4.9,5589
1075,2025-06-07 11:49:04,So customer enough without.,1,4.2,2283
1076,2025-03-14 14:05:18,Fear idea he their cost gas.,1,3.2,2548
1077,2025-11-24 13:03:31,Player seven late experience even.,2,4.6,2846
1078,2025-11-22 16:31:51,Line score huge western.,1,4.7,2517
1079,2025-03-14 04:41:36,Peace conference identify base.,2,3.7,706
1080,2025-11-03 21:44:38,From book exist officer partner.,4,4.6,1541
1081,2025-08-30 16:28:01,Piece clearly defense positive.,1,4.0,6414
1082,2025-04-28 10:59:11,Throw letter message.,3,4.3,8685
1083,2025-03-23 12:39:13,Wrong finally sign shake food itself.,2,4.4,7572
1084,2025-03-09 05:32:57,Century carry college difference part indicate imagine.,4,3.5,5906
1085,2025-02-11 12:42:18,When receive win study shoulder than.,2,3.8,9077
1086,2025-08-13 18:18:38,American statement water degree war.,1,3.8,8329
1087,2025-03-24 07:01:16,Research administration owner change piece.,1,3.2,7118
1088,2025-06-29 08:30:02,Few fund character.,1,4.1,9296
1089,2025-04-16 16:36:28,Stock show leader speak expect style American.,4,3.6,4535
1090,2025-04-01 17:51:15,Pay same investment focus.,1,4.4,6373
1091,2025-08-29 19:06:51,Level attorney morning admit close.,1,3.3,2378
1092,2025-06-28 09:43:22,Share gas process if customer deal.,4,3.6,6806
1093,2025-07-02 15:32:43,At type boy investment.,3,4.1,4822
1094,2025-06-05 10:47:54,Pretty nor attorney.,4,4.9,4011
1095,2025-03-09 21:15:55,College his day.,4,4.0,2370
1096,2025-10-18 03:48:33,He subject commercial race pull.,2,4.3,2389
1097,2025-08-27 16:41:06,Check arm anything though ahead recent try.,2,3.2,988
1098,2025-02-16 00:12:22,Affect know forward young thing.,3,4.5,5155
1099,2025-11-05 12:42:21,Mother stage debate.,3,4.7,6348
1100,2025-05-04 14:44:59,Begin from conference blue.,3,4.6,6838
1101,2025-01-19 02:56:04,Politics boy knowledge wish.,4,4.1,5304
1102,2025-08-24 23:12:49,Consider budget money land then dinner.,4,3.5,4884
1103,2025-03-27 00:41:44,Protect close as understand girl community doctor.,1,3.9,687
1104,2025-09-10 10:38:45,Born rate foot class likely rather agent.,5,4.4,4197
1105,2025-02-01 01:43:23,Market very security start do cost sound them.,2,3.5,7784
1106,2025-03-20 20:00:34,Radio mouth lead watch.,3,3.8,8493
1107,2025-01-06 19:56:32,Image business address suddenly for memory able.,4,4.1,1128
1108,2025-05-25 11:45:38,Generation door town.,3,3.3,2558
1109,2025-10-21 03:00:39,Visit all next before state close.,2,4.3,3589
1110,2025-01-13 08:49:47,Hot push three claim tax.,3,4.0,6505
1111,2025-09-25 13:42:12,Still down voice your beautiful threat.,1,3.9,8961
1112,2025-07-24 13:05:38,Camera data spend down hear argue office.,3,3.8,3452
1113,2025-07-20 18:14:40,Huge others character group responsibility usually down.,3,3.8,5321
1114,2025-02-28 00:20:56,Role cup economy dream send argue adult.,5,3.4,2378
1115,2025-02-05 00:36:48,Conference bank travel new early production.,5,4.4,6211
1116,2025-02-21 00:57:00,Street smile message either.,5,3.9,5396
1117,2025-04-06 19:17:50,Enough peace what the record dark each.,1,4.0,1590
1118,2025-04-23 23:11:43,Whatever sense ahead president.,5,3.7,8528
1119,2025-08-18 06:26:14,Its environmental perhaps tend rule take check.,4,3.3,3726
1120,2025-01-24 06:26:51,Enjoy kitchen enjoy partner federal return prove.,3,4.3,8048
1121,2025-10-17 14:34:55,Owner stay particular buy life recognize feel.,1,3.5,4086
1122,2025-04-07 05:34:59,More market food answer summer husband.,5,3.2,2147
1123,2025-08-02 03:03:44,Form town they country.,4,4.3,6748
1124,2025-08-27 04:05:47,She program marriage see.,2,3.2,7687
1125,2025-09-16 04:19:49,Many able can.,5,4.2,9669
1126,2025-01-30 14:40:05,Television order instead shoulder people leg wear.,4,3.3,7317
1127,2025-05-15 10:03:53,Form understand white reduce expect.,3,3.2,3451
1128,2025-01-09 10:21:28,Message police pass task go especially fall.,1,4.8,7677
1129,2025-09-03 17:11:56,Follow economy list father between.,2,3.7,3526
1130,2025-10-07 04:29:25,Research idea arrive response.,4,3.3,2355
1131,2025-07-19 02:02:23,Forget money many relate different near.,2,3.6,8707
1132,2025-02-17 04:28:02,Democratic generation letter daughter stop.,3,4.7,3687
1133,2025-05-08 19:42:53,Read star nice instead later recently positive.,1,4.7,1652
1134,2025-01-29 07:23:15,Radio table young degree likely last continue.,3,4.2,3073
1135,2025-08-29 17:46:05,Determine visit resource word think actually take.,2,4.3,2617
1136,2025-09-05 18:48:45,His through stock age relationship from.,5,4.8,2622
1137,2025-06-09 03:06:37,Example fast traditional great picture road.,2,4.8,7625
1138,2025-09-09 04:28:44,Our knowledge see total political.,4,4.5,6628
1139,2025-08-16 20:09:40,Financial wall official industry above hot.,2,3.1,3755
1140,2025-02-07 20:00:30,Few often present board nothing.,5,4.6,5231
1141,2025-10-29 02:19:59,Someone room set reflect traditional air language.,2,4.8,6730
1142,2025-04-09 15:47:35,Firm buy actually myself former.,3,3.2,8723
1143,2025-10-04 15:08:19,Coach bad life major than factor fly.,5,3.2,4341
1144,2025-03-09 09:16:24,Success point happy indeed later stop attention.,5,4.0,9026
1145,2025-02-13 19:06:42,Statement method how back trial six.,3,3.8,5075
1146,2025-08-21 13:31:52,Class step soldier ago.,3,4.5,9417
1147,2025-01-12 17:31:33,Especially cultural sort money truth.,5,4.0,5292
1148,2025-10-07 01:42:18,Mean safe property food education care.,5,3.0,9250
1149,2025-03-20 04:12:16,Friend bar artist good.,4,4.8,6359
1150,2025-05-15 18:53:42,Responsibility popular determine who century particularly hour improve.,1,4.6,4325
1151,2025-07-14 02:20:11,Film hear total may newspaper.,3,3.1,2342
1152,2025-03-09 21:41:53,Whose own fill box book owner.,2,4.6,4988
1153,2025-06-18 03:03:38,Often benefit level.,5,3.2,340
1154,2025-03-07 07:02:19,Fund such later threat yard must week.,3,3.5,3827
1155,2025-01-11 21:45:03,Production remember data better rock until level federal.,1,4.6,4188
1156,2025-03-14 14:28:17,Teacher speak act happy.,3,3.8,773
1157,2025-07-28 05:50:11,Time hospital business wonder space son.,3,4.1,7148
1158,2025-09-17 01:02:46,Under those such letter page.,5,4.6,4595
1159,2025-05-13 05:05:23,Many cause grow true raise nothing shake.,1,3.3,3847
1160,2025-10-01 21:30:00,Act religious each painting reflect as leave American.,4,4.2,5459
1161,2025-02-18 09:23:41,Conference think than serious woman.,1,4.1,3030
1162,2025-06-20 14:04:14,Film enough north need.,1,3.3,2177
1163,2025-03-01 15:44:28,Understand why street authority southern condition.,4,3.9,2072
1164,2025-10-26 22:30:57,Important hair growth garden worker.,4,3.8,4767
1165,2025-07-23 19:14:47,Without claim of kitchen nice.,5,3.1,8176
1166,2025-07-29 21:23:03,Bill image maintain energy race major.,4,3.2,9107
1167,2025-08-12 10:40:36,Sing much wrong same information.,2,3.4,3195
1168,2025-08-14 22:46:33,Across idea authority many about.,3,3.9,5479
1169,2025-02-28 15:24:40,Along impact last.,2,4.7,4233
1170,2025-07-19 03:10:47,Couple type yes career make present.,4,4.1,8212
1171,2025-01-15 12:56:20,Everybody stuff sport charge point.,2,3.7,4973
1172,2025-08-11 01:07:33,Source set authority small security program tough.,2,4.3,9324
1173,2025-05-17 22:27:11,Environment sure develop rock animal business.,4,4.4,5378
1174,2025-01-20 14:23:34,Benefit specific certain professor establish any current from.,1,4.7,4972
1175,2025-11-14 00:25:32,Nation left cold sound daughter whom hundred.,5,3.8,7324
1176,2025-03-25 01:39:48,Impact story manage.,1,3.3,2650
1177,2025-10-06 21:42:12,Show news seven light military nation.,2,3.7,4866
1178,2025-09-14 02:50:58,Color type write able always simple easy near.,1,3.8,315
1179,2025-05-18 09:42:51,Reality rule term music true serve a.,2,3.5,8559
1180,2025-04-01 10:49:16,Peace imagine table behind call.,5,4.7,111
1181,2025-06-28 16:25:22,Third section against more.,4,3.3,2906
1182,2025-01-31 21:27:17,Piece lot military talk sure so issue.,5,4.4,1639
1183,2025-05-20 23:16:27,Pay speech field fill use near.,3,4.8,5489
1184,2025-01-11 03:11:59,Position cost industry address left those.,4,4.7,6485
1185,2025-05-26 21:45:30,Foreign send risk talk between child.,4,3.0,6451
1186,2025-11-17 21:04:18,Admit moment time fact third work land.,1,3.7,4642
1187,2025-09-05 07:27:45,Nearly others yourself thus real.,5,4.9,3812
1188,2025-09-10 15:46:47,Weight statement ever.,3,3.8,6688
1189,2025-10-13 12:09:40,Party interest executive tax.,4,3.5,8327
1190,2025-11-13 22:19:12,Because draw building firm behind analysis wish.,2,4.3,8232
1191,2025-07-11 01:25:35,Than quite support among this subject.,5,3.7,2000
1192,2025-01-17 20:44:55,Billion institution response base feel.,5,3.2,6218
1193,2025-04-01 00:26:25,Will whatever quickly upon reveal.,2,3.3,5190
1194,2025-06-03 23:33:18,Official memory education fine soldier.,1,4.9,9928
1195,2025-10-27 04:45:42,Prevent data human fast.,5,3.9,4042
1196,2025-01-24 07:10:56,Court treatment marriage actually.,5,4.1,4326
1197,2025-03-11 11:59:01,Ago responsibility final bed.,3,4.1,654
1198,2025-04-07 07:40:25,Light health family group administration provide.,5,3.5,2875
1199,2025-06-20 09:46:00,Morning have yourself.,2,4.2,302
1200,2025-09-04 10:27:31,See bit just my single.,5,4.7,5973
1201,2025-07-26 03:09:12,Represent which white professional part.,4,4.4,9027
1202,2025-10-18 03:20:28,Medical son woman why at first what.,4,3.2,9287
1203,2025-05-15 22:07:20,Phone much college along camera.,4,4.2,6403
1204,2025-10-13 08:30:41,Miss point magazine soon.,4,3.2,9324
1205,2025-04-02 16:14:40,Hot go education race world.,2,3.5,5535
1206,2025-10-16 00:42:10,Near care truth some.,2,3.3,5018
1207,2025-10-27 13:53:16,Thank matter call purpose which sea few.,4,4.7,7732
1208,2025-02-01 11:25:00,Life girl these outside perhaps.,4,4.3,9026
1209,2025-02-10 00:52:34,Group media during difficult analysis.,2,4.5,4793
1210,2025-02-22 12:23:28,More account meet leg financial.,5,4.3,9924
1211,2025-05-21 20:02:34,Forward write prove control control.,2,3.4,2803
1212,2025-06-09 23:32:42,Democratic she each skin.,2,3.5,1988
1213,2025-03-09 03:13:05,Event share hair claim tonight board thus.,1,4.0,9467
1214,2025-08-06 00:12:36,Me open news similar.,3,3.4,9876
1215,2025-03-02 11:24:39,Evidence tax soon various parent happy carry.,3,4.7,2088
1216,2025-09-09 23:10:28,Process admit soon per exist money.,3,3.8,7451
1217,2025-01-06 10:02:05,Interest energy bring baby run.,4,3.8,9121
1218,2025-10-06 08:26:29,Although own something arrive quite.,5,4.6,5766
1219,2025-05-12 14:39:26,Citizen herself certain identify important offer more.,1,4.6,3454
1220,2025-01-23 01:08:39,Realize why piece paper son edge.,2,3.6,6299
1221,2025-05-21 17:47:05,Pretty hair believe red.,1,4.1,6122
1222,2025-01-19 01:27:32,Watch election hundred.,5,4.8,8522
1223,2025-08-29 10:56:23,Condition general couple computer foot.,4,3.5,5880
1224,2025-05-26 12:55:25,Continue see wind represent.,3,4.9,9188
1225,2025-01-07 15:31:42,Energy authority film physical trouble build both.,2,4.3,3964
1226,2025-02-06 00:06:31,Thought hair do rise.,4,3.9,3117
1227,2025-07-17 12:01:51,Bar evening under place.,2,5.0,3991
1228,2025-06-04 22:58:33,Herself senior each audience opportunity meeting.,3,3.1,3
1229,2025-10-13 12:27:51,Player break third firm election police computer each.,4,4.1,1875
1230,2025-07-09 18:42:08,Interview mind sense list practice mission size.,1,4.6,1667
1231,2025-04-09 11:37:23,Although five reach.,2,3.0,4811
1232,2025-06-22 07:57:46,Almost others near how.,5,4.6,1066
1233,2025-03-23 05:16:57,Body week college drop professional truth continue only.,1,4.3,1705
1234,2025-03-10 23:13:22,Collection pressure operation medical become anyone.,3,3.4,2400
1235,2025-06-18 14:37:45,Attorney rule behavior a.,1,4.4,7565
1236,2025-08-31 12:56:11,Congress knowledge human middle very gas.,5,3.9,7092
1237,2025-04-12 09:42:32,Also part fall car thousand.,2,4.2,5018
1238,2025-06-06 15:13:23,Side buy them.,4,3.5,2842
1239,2025-01-18 11:39:32,Cut particular mention always when nation.,3,3.4,5097
1240,2025-04-18 18:51:19,She Mrs benefit side.,1,4.8,5618
1241,2025-10-21 16:03:16,On data art idea these.,3,3.9,7989
1242,2025-10-25 14:28:52,Night surface late.,1,4.7,54
1243,2025-04-22 23:28:23,Official increase scientist next Republican.,4,3.8,7780
1244,2025-03-10 14:52:21,Never message rock mother surface view manager.,4,3.9,9823
1245,2025-08-11 20:54:33,Pattern machine case occur director.,4,3.4,9100
1246,2025-09-25 21:13:54,Fund able will small finally off eight.,4,4.8,5480
1247,2025-01-11 02:07:33,On deep run agent.,3,4.8,4094
1248,2025-06-05 11:55:41,Over clearly people expert.,2,3.3,5881
1249,2025-07-28 12:48:06,Law seem goal budget statement.,2,4.5,7953
1250,2025-10-26 05:26:39,Instead investment movie report.,1,4.0,6083
1251,2025-08-16 08:02:51,Catch seem scientist.,1,3.2,6775
1252,2025-04-10 01:12:22,Owner marriage region.,5,4.5,2688
1253,2025-11-01 17:36:07,Theory yes pretty think sort.,1,4.4,1536
1254,2025-07-07 08:19:20,Onto improve dream.,3,3.5,8695
1255,2025-06-14 01:19:47,Only point collection theory assume improve rise.,2,3.9,7089
1256,2025-03-09 15:09:37,Put identify process.,5,4.2,1533
1257,2025-10-26 05:02:05,Always nation customer.,1,4.0,6631
1258,2025-09-02 17:02:30,Authority style it born easy.,2,4.6,3952
1259,2025-02-13 22:08:43,Imagine affect sometimes approach.,4,4.9,7451
1260,2025-09-11 06:34:38,Hard ago camera church certain personal.,3,4.3,5019
1261,2025-07-10 05:55:11,Still let get while happy.,1,4.0,3965
1262,2025-01-18 22:40:53,Leg half protect human if yourself.,5,3.7,1907
1263,2025-01-16 05:20:19,Everything recently forward per especially indicate.,1,4.6,1293
1264,2025-09-05 01:18:47,Face decide successful maintain many expect customer.,4,4.1,6282
1265,2025-06-19 22:43:09,Early commercial challenge stand.,2,4.7,5240
1266,2025-02-05 17:30:33,Myself protect tax believe dark summer.,2,3.1,8794
1267,2025-07-05 18:43:17,Article marriage offer.,2,3.9,3860
1268,2025-06-25 09:11:16,Laugh foreign anything carry attack.,1,4.1,6679
1269,2025-04-03 09:54:08,Maintain agreement class data.,4,3.3,4693
1270,2025-05-21 10:51:23,Amount machine bag authority here break.,3,3.6,3854
1271,2025-09-23 21:58:24,Born receive company.,4,4.5,7764
1272,2025-11-16 09:28:26,Line stay indicate need research.,5,4.5,4105
1273,2025-06-22 18:48:37,Almost what score successful various.,4,5.0,340
1274,2025-01-21 06:23:12,Always teacher age pick large inside more.,4,4.7,28
1275,2025-09-24 21:51:44,Enjoy exactly some know.,2,3.6,538
1276,2025-07-30 03:21:01,We industry yeah store region my support.,1,3.6,5169
1277,2025-07-29 11:05:04,Some whatever him glass look after.,2,4.5,8837
1278,2025-06-19 04:45:53,Buy against story black shoulder live improve.,4,4.4,6385
1279,2025-05-12 08:22:55,Five and across.,2,5.0,4475
1280,2025-02-19 13:04:41,Reality area recognize fight southern top appear.,5,4.1,3469
1281,2025-08-29 05:06:55,Health into degree pretty technology.,3,4.6,5006
1282,2025-01-08 23:12:49,Figure including seven.,4,3.6,6965
1283,2025-01-10 21:56:14,Yeah wait right again house.,2,4.1,881
1284,2025-08-16 16:22:04,Manage thousand protect many theory low.,2,4.4,8481
1285,2025-10-19 03:30:31,We focus issue evening number.,1,3.3,3582
1286,2025-01-19 12:18:08,Pretty suffer but seven arm bank into above.,1,4.6,3306
1287,2025-10-06 08:31:55,Song tell our standard should particularly car.,4,4.9,9480
1288,2025-06-20 05:53:42,Product difference maintain boy pick water community.,1,3.6,5671
1289,2025-11-16 03:44:06,Performance through traditional later have check statement.,5,4.2,9578
1290,2025-10-28 18:17:16,Though short young pass part citizen.,3,4.8,3982
1291,2025-10-15 00:01:59,Suddenly present away.,2,3.2,2435
1292,2025-09-12 02:13:47,Hope nor agent wind executive.,1,4.8,8724
1293,2025-01-09 17:07:30,Audience top without rise again town.,3,4.7,596
1294,2025-01-31 11:20:12,National hour start.,4,3.7,986
1295,2025-06-29 22:28:17,Tree person dog quality begin north.,4,5.0,5809
1296,2025-04-09 03:04:12,Assume area message tell become hard game.,3,3.4,6375
1297,2025-02-10 14:40:20,Speech decide interesting nothing significant never billion least.,3,4.6,4998
1298,2025-11-02 17:28:00,Gun rise career career discuss check husband those.,4,3.7,6784
1299,2025-01-10 14:11:10,Different door behind protect question.,1,3.0,9751
1300,2025-02-08 02:02:31,Own agency become reach sound would.,5,3.8,4753
1301,2025-07-10 09:22:35,Can chair into shoulder.,3,4.1,4908
1302,2025-08-01 15:51:04,Stand eye structure which.,3,4.5,4913
1303,2025-02-12 20:41:41,Season question information term language until themselves old.,3,3.6,4678
1304,2025-05-12 13:38:33,Specific network democratic notice give body.,3,3.5,3857
1305,2025-07-06 00:18:31,Live short baby reveal nation.,4,4.0,8776
1306,2025-08-06 03:00:04,Republican eight magazine suggest product mouth.,5,3.7,7728
1307,2025-11-05 02:15:02,Interest probably doctor scene.,3,4.6,1619
1308,2025-09-15 05:41:49,Car man while meet better.,4,4.0,5659
1309,2025-03-09 20:38:44,Including modern bit behind simply whom.,5,3.4,8362
1310,2025-08-11 04:36:43,Participant everything minute business live.,5,4.3,1131
1311,2025-05-26 07:45:28,Sound run table let.,1,3.8,6289
1312,2025-10-17 09:07:33,Expert hand daughter front care tree stock.,5,3.6,292
1313,2025-01-25 18:37:15,Car someone out write media ok ask.,3,5.0,5554
1314,2025-10-13 12:52:33,Role foot hear who.,1,4.3,2184
1315,2025-08-04 15:08:22,Religious truth respond local matter enter south.,5,4.7,2400
1316,2025-04-28 17:28:19,Democratic two cup national.,3,4.6,3669
1317,2025-03-31 15:39:59,Participant around fire can include cup hand.,4,4.3,6113
1318,2025-03-28 15:51:10,Meeting work perform person.,1,4.4,3371
1319,2025-10-10 11:13:31,Describe news type face.,1,4.8,1525
1320,2025-04-28 10:28:30,Old rather situation other next money spend.,4,4.7,4549
1321,2025-01-15 12:50:53,Still while option ahead cold.,1,3.3,1338
1322,2025-08-28 06:01:56,Or Republican how son.,3,4.6,4474
1323,2025-02-12 21:09:33,During including chance those.,3,3.8,342
1324,2025-09-08 12:38:52,Likely seven with better seat.,4,3.7,4342
1325,2025-04-09 10:28:25,Yourself always public throughout director.,3,3.7,6644
1326,2025-03-21 09:28:54,Head series white society.,4,3.3,2378
1327,2025-07-21 01:58:15,Sea decide particularly respond technology.,4,4.7,2220
1328,2025-03-19 04:17:33,Pretty book necessary two teach.,2,4.7,385
1329,2025-02-20 08:55:47,Probably far surface make send war space.,5,3.2,2999
1330,2025-11-23 21:11:09,Number national whole interesting protect.,1,3.9,9221
1331,2025-09-15 13:01:56,Several low especially risk fear need right.,5,4.0,8957
1332,2025-03-01 09:52:51,Enter inside never least continue instead let certain.,5,3.1,8333
1333,2025-06-17 07:05:32,Pretty usually second guess around office view international.,2,4.2,5092
1334,2025-03-15 09:13:00,Fact people however suffer.,5,3.1,4161
1335,2025-04-13 16:58:45,Expert evidence north by.,3,3.1,3453
1336,2025-06-15 22:17:16,Sit generation relate turn green address art.,1,4.4,7717
1337,2025-08-02 08:19:29,Catch particularly throughout the.,5,4.6,9585
1338,2025-09-06 14:24:00,May where rest summer sound shake.,1,4.5,548
1339,2025-06-12 15:20:20,Certainly build result society.,5,3.3,7486
1340,2025-01-20 05:13:17,Against bit color campaign theory sport.,3,4.6,3847
1341,2025-06-22 23:55:13,Than grow imagine measure provide.,3,4.3,9167
1342,2025-10-27 21:52:11,Phone different no officer south lawyer.,4,4.9,1261
1343,2025-01-17 09:31:24,Follow key everyone later plan head experience.,1,4.2,2522
1344,2025-04-09 18:15:46,Effect allow west image small.,3,3.3,2442
1345,2025-08-23 03:10:20,Back lot never wrong evening later.,1,4.7,9069
1346,2025-09-16 03:55:05,Number loss behavior class American experience.,2,3.7,6836
1347,2025-10-27 15:54:43,Staff big bill perform if available measure.,2,3.7,4083
1348,2025-09-17 20:23:10,Soon team hold.,3,4.8,6870
1349,2025-01-06 18:12:48,End most music good.,3,5.0,9623
1350,2025-03-11 10:45:18,By especially stock image military.,3,4.8,4106
1351,2025-11-22 11:41:34,Too white fight figure.,2,4.3,6169
1352,2025-04-05 18:40:32,According moment later easy.,5,4.5,4696
1353,2025-01-12 02:06:49,Memory between artist can glass class respond.,2,4.7,2989
1354,2025-11-01 11:05:36,Course let team its shoulder very.,5,3.2,8129
1355,2025-05-01 18:07:17,Factor sport large.,4,3.4,5647
1356,2025-07-06 06:49:04,Land also magazine form only message.,5,3.3,8956
1357,2025-04-14 04:26:00,Class music government person between vote probably.,5,4.6,8994
1358,2025-11-05 03:20:34,Day walk poor family machine.,4,4.3,9471
1359,2025-07-21 13:40:48,Current again black guy close.,4,3.6,4652
1360,2025-06-28 10:59:02,Place rather be consumer pick.,3,3.2,4916
1361,2025-03-03 05:46:49,Able everyone strategy she indicate pass.,4,3.5,3451
1362,2025-09-24 02:33:01,Happen conference nearly cost partner we.,1,4.0,7074
1363,2025-06-28 05:27:33,Throw perform same ahead.,5,4.2,5628
1364,2025-10-29 19:42:30,Woman whether instead.,3,4.6,7862
1365,2025-09-29 10:05:54,Away drug walk trip.,3,3.9,3848
1366,2025-04-17 16:25:57,Chair brother sea fly plant turn each.,1,5.0,7181
1367,2025-02-12 01:52:01,Chance page single defense itself remain bar.,2,3.0,5931
1368,2025-04-23 13:33:36,Investment guess skin marriage event moment identify they.,2,3.2,2415
1369,2025-09-03 03:22:12,Shoulder prove election pass.,4,4.6,5516
1370,2025-04-20 15:34:52,Building skin surface wait.,2,3.7,8077
1371,2025-10-09 03:36:41,Suggest suggest toward check return once.,1,4.1,8016
1372,2025-05-18 02:56:52,Over show wide who.,2,3.5,6757
1373,2025-11-12 02:03:52,Probably mention read pattern wear box yeah.,3,4.5,6111
1374,2025-10-15 06:24:03,Clearly find dark carry trade per process like.,4,4.6,968
1375,2025-09-25 03:25:01,After few soldier present.,5,3.1,9804
1376,2025-11-03 14:10:16,Likely together during.,2,3.4,3574
1377,2025-11-08 10:24:31,Money under think show quality size.,2,4.6,6807
1378,2025-09-28 16:23:49,Site first increase never enter material make.,1,3.4,9904
1379,2025-11-09 11:36:11,Wonder particular almost write.,4,5.0,6926
1380,2025-01-04 11:17:16,Rest century already gas.,4,4.8,9973
1381,2025-01-25 19:29:18,Fly he huge suddenly mention travel.,2,3.5,1172
1382,2025-04-13 13:40:56,Leader drug station current run.,4,4.2,10
1383,2025-05-08 23:35:50,Individual between sister level outside less street.,2,4.7,5542
1384,2025-01-12 23:34:53,Already reduce reduce wrong less.,5,4.9,9278
1385,2025-02-18 08:27:42,Toward include mind man stuff southern.,1,3.1,1459
1386,2025-04-26 09:28:46,Number class from building in.,4,4.7,1372
1387,2025-10-21 09:24:46,Whom bit talk training down.,5,3.6,3015
1388,2025-04-20 22:22:27,Step three purpose.,3,3.3,9502
1389,2025-01-18 16:54:26,Question speak detail event whose crime.,2,4.3,751
1390,2025-11-04 11:07:03,Good today anything who black.,5,3.4,2395
1391,2025-01-27 03:43:23,Their apply reason than.,3,4.9,8641
1392,2025-10-06 12:00:19,As per help leader like history.,4,3.7,6914
1393,2025-01-06 23:40:58,Style piece course week summer military house.,2,4.3,9141
1394,2025-09-21 15:37:21,Give book hot public so key.,1,4.7,8067
1395,2025-08-19 06:19:15,Too turn executive detail point since out.,5,4.9,3345
1396,2025-10-09 08:57:31,Goal back suddenly.,4,4.0,7195
1397,2025-02-27 13:48:47,Car shoulder buy success name.,1,3.8,3474
1398,2025-02-13 10:51:31,You generation new either apply deal.,4,3.5,6262
1399,2025-07-07 20:31:49,Unit power authority energy value thought possible carry.,4,3.2,2379
1400,2025-01-04 20:29:31,Debate personal defense according director theory.,3,3.2,8333
1401,2025-09-26 18:12:22,Within memory rich.,3,3.5,3386
1402,2025-04-23 17:11:33,Guy middle interest senior environmental.,4,3.9,2046
1403,2025-09-18 22:30:30,His someone big strategy article sure.,1,3.1,5090
1404,2025-06-05 23:15:32,Building blue will trial human computer especially.,3,3.5,959
1405,2025-09-30 19:23:10,Deep argue head minute.,1,3.3,8734
1406,2025-02-11 01:40:35,Pretty bag college career magazine.,3,4.8,822
1407,2025-03-13 12:02:30,Song national network way town ability.,3,4.0,9870
1408,2025-02-21 03:29:13,Line head attorney radio voice note between.,5,5.0,2267
1409,2025-02-26 14:41:22,Figure actually young interview best later some possible.,2,4.7,2097
1410,2025-09-04 08:25:04,Loss against American as peace garden letter.,1,4.4,2492
1411,2025-02-18 18:50:51,Successful hope character.,1,4.6,4403
1412,2025-08-04 19:08:25,Society news address interest song.,2,3.9,7137
1413,2025-11-02 17:40:16,Letter education wear hot forget bit yet knowledge.,2,3.2,9525
1414,2025-07-25 01:10:57,Day church herself.,1,3.2,7335
1415,2025-10-21 10:34:35,Wear improve at of look life protect.,2,4.0,8238
1416,2025-06-09 18:52:06,Box fund world field employee break.,2,4.8,9485
1417,2025-02-23 23:44:57,Data manager wonder impact ask American than.,5,4.7,7217
1418,2025-01-23 05:07:16,Tv information than.,3,3.9,776
1419,2025-08-21 19:19:22,Team east citizen.,3,3.5,5720
1420,2025-10-01 06:22:36,Which bit name six action culture world.,1,4.9,253
1421,2025-11-11 17:48:22,Nothing blood today cover agreement authority relationship.,4,4.5,9304
1422,2025-08-18 23:40:50,Others high by skill understand player town value.,4,3.2,7004
1423,2025-09-24 16:17:22,People early government big.,4,4.4,585
1424,2025-11-08 02:49:20,Pressure who push yes debate local if.,2,3.8,1921
1425,2025-09-26 18:45:01,Suffer part nation contain actually there.,2,3.9,7939
1426,2025-06-09 03:15:26,Office attack improve strategy near need piece we.,2,3.8,9503
1427,2025-06-15 05:13:31,Fast hold newspaper hotel kitchen guy.,3,4.0,4579
1428,2025-08-16 14:42:04,Produce service fine hand.,1,3.7,3368
1429,2025-02-11 23:45:22,Ready short factor thing many loss record.,1,3.4,899
1430,2025-11-21 03:26:24,Attorney conference step spring since call.,5,3.2,3282
1431,2025-08-12 18:56:35,Put admit whether always economic important wide.,3,3.6,6701
1432,2025-01-21 18:46:05,Yard woman development different forget rate.,4,4.1,1815
1433,2025-08-01 08:26:01,Water expert side central meet machine.,3,4.1,3441
1434,2025-06-23 13:41:00,Mention she minute scientist single name be four.,5,3.4,1171
1435,2025-06-18 22:01:35,Bit without see store investment.,3,3.6,6909
1436,2025-03-23 09:23:21,Sure future car find we evidence purpose business.,4,4.3,4774
1437,2025-04-06 23:05:57,Service call able during population find analysis.,3,4.4,2294
1438,2025-03-23 10:39:11,About behind second them material lawyer actually sport.,1,5.0,1511
1439,2025-11-06 21:55:33,Blue standard man camera north thought close seat.,4,4.1,6514
1440,2025-01-19 13:32:24,Carry investment act then view.,1,5.0,7769
1441,2025-06-03 02:00:04,Still enjoy final evening clearly leader bag general.,4,3.0,5889
1442,2025-05-28 16:31:19,Prevent their official.,1,4.4,7693
1443,2025-10-18 15:56:35,Future yet ahead common concern second.,4,4.2,7879
1444,2025-06-18 21:03:20,Response stage reality just especially pretty.,4,4.0,5657
1445,2025-07-28 23:37:43,Best expect player season.,3,3.2,7414
1446,2025-10-07 13:30:33,Every air thought church enter.,5,4.6,1013
1447,2025-01-09 18:12:33,Blue where war accept bad occur.,2,3.7,5589
1448,2025-10-17 10:19:17,Dream answer people sing something.,3,4.5,4445
1449,2025-02-12 18:47:54,Statement program civil include player.,2,3.2,6206
1450,2025-09-25 09:45:52,Doctor air financial several choice rich.,2,4.2,4115
1451,2025-03-25 10:55:54,Blood over small within federal.,3,3.3,899
1452,2025-08-13 02:26:37,Seem bill kid better here yeah.,2,4.5,3706
1453,2025-07-18 10:44:12,Head two race director.,3,3.7,6745
1454,2025-04-06 05:04:13,Fact trial end get eye.,4,4.4,2698
1455,2025-02-15 07:20:03,Their science he woman.,3,3.7,2246
1456,2025-08-27 13:49:50,Race improve current sing.,4,3.4,3037
1457,2025-09-27 05:36:57,Story common when name laugh example study.,5,4.7,7081
1458,2025-11-05 22:05:24,Six receive generation range truth today their.,4,4.7,7149
1459,2025-04-13 13:07:22,Old peace wonder theory.,4,3.3,1658
1460,2025-08-22 19:22:53,Be class economy.,1,5.0,5878
1461,2025-04-13 04:27:44,Southern prevent store reality.,2,4.9,8244
1462,2025-09-19 22:11:23,Movement manager sing strategy.,3,3.7,4716
1463,2025-08-19 09:21:42,Fund let make outside care.,2,4.0,2030
1464,2025-03-08 10:19:15,Reason money born south.,4,3.4,9524
1465,2025-08-20 10:30:38,Impact without kid.,4,4.6,7963
1466,2025-06-15 18:34:56,Matter main common mouth it administration all education.,1,3.6,3048
1467,2025-09-28 21:06:23,Still vote draw yes sit.,3,3.7,5151
1468,2025-10-02 05:32:06,Wide radio allow pass several purpose.,4,4.5,4338
1469,2025-05-05 23:12:14,Realize first why husband buy chance.,3,4.6,2895
1470,2025-01-10 07:47:46,Nice away kind seat kitchen administration.,2,4.9,6921
1471,2025-03-31 01:02:29,Difference face picture.,5,3.5,4334
1472,2025-06-12 19:54:31,Event job participant movie.,3,4.9,84
1473,2025-07-10 08:39:50,Letter read clear teacher order decade.,1,4.8,4848
1474,2025-08-27 02:39:59,Candidate poor which company sea society.,3,4.5,8712
1475,2025-06-08 13:04:40,That eye less down society total product.,1,3.2,6737
1476,2025-08-18 08:21:20,Build why move business key decision many.,3,3.7,7366
1477,2025-03-27 01:12:33,Open discover owner community.,3,3.1,8042
1478,2025-07-27 15:41:20,Race section take low pull who.,1,4.7,7538
1479,2025-02-10 14:20:09,Chance environment carry soldier here throughout.,2,4.1,3907
1480,2025-01-09 17:11:42,Base role central.,1,3.7,2510
1481,2025-03-14 15:31:33,Where add agent bad action other.,1,4.1,4023
1482,2025-10-23 11:25:05,Once dark program pressure evidence position note force.,1,4.7,4912
1483,2025-10-18 20:26:05,Attack while same.,5,3.6,5046
1484,2025-10-06 02:12:01,Low it avoid seek ten.,3,4.2,8575
1485,2025-03-25 11:30:00,Method represent leave bed.,2,4.8,6495
1486,2025-09-11 21:44:31,Purpose moment audience prove.,2,3.9,293
1487,2025-07-09 16:26:10,Serious article fill consider.,3,3.2,1678
1488,2025-09-04 16:08:28,Blood tax fund choose several consumer east.,5,3.5,1737
1489,2025-02-06 01:04:18,Difficult better should special.,1,3.8,2631
1490,2025-10-30 07:14:29,Sound interest beat.,3,3.2,6279
1491,2025-08-09 15:22:47,Air improve write.,3,4.8,8433
1492,2025-05-12 11:54:11,Politics Democrat even own staff music.,4,4.2,4900
1493,2025-05-27 01:38:24,Need work main consider red state enough.,5,4.2,4615
1494,2025-06-26 12:55:55,Form pull unit environment treat them happy.,2,3.3,7302
1495,2025-02-09 23:42:59,Down report whatever kind admit rate back.,5,4.4,1504
1496,2025-08-23 00:00:51,Positive move result three himself enjoy.,3,3.7,1841
1497,2025-10-29 12:35:39,Show week friend area him arrive.,4,3.0,7721
1498,2025-04-11 23:22:40,Program population ok pressure save.,5,4.9,1334
1499,2025-02-26 16:30:57,Data serve issue final guy bag score wife.,2,3.8,2316
1500,2025-03-13 10:58:36,Food care race team dark.,1,4.9,6730
1501,2025-01-13 07:29:54,Camera brother support church.,5,3.5,6459
1502,2025-07-26 04:33:30,Energy radio shake sport half everyone.,1,3.5,477
1503,2025-08-10 14:58:38,Have pressure cause race.,4,3.9,443
1504,2025-06-08 03:53:15,Piece relationship table mouth natural.,2,3.4,3476
1505,2025-07-29 08:54:55,According discussion position that.,1,4.7,1980
1506,2025-01-20 04:12:38,Hundred station recent especially where price contain.,5,3.1,9806
1507,2025-04-08 12:12:10,Family miss opportunity of.,3,3.2,7454
1508,2025-11-01 04:16:32,Nearly cultural thank happen agree real plan officer.,5,3.7,9211
1509,2025-07-05 01:01:05,Us yes language role start certain information skill.,3,3.2,456
1510,2025-09-08 16:57:09,Art rule together specific scene.,3,3.1,1710
1511,2025-08-05 13:20:25,Subject idea computer produce very.,4,4.2,1325
1512,2025-09-28 06:49:38,Form part authority focus.,4,3.3,2236
1513,2025-04-19 05:10:53,Push lead right against professor same.,3,4.5,2064
1514,2025-08-01 07:18:25,Congress the health glass leave week direction.,5,4.1,9085
1515,2025-11-02 21:56:28,Job research rise people several.,3,3.2,8259
1516,2025-02-13 14:28:06,News board go including.,5,3.0,4510
1517,2025-01-18 23:01:36,Team at happen grow.,3,3.4,2919
1518,2025-05-29 13:20:53,Three behavior table program.,1,3.1,7776
1519,2025-03-17 22:20:18,Training onto tough loss.,2,3.4,2114
1520,2025-01-19 06:34:45,National everybody build nearly.,3,3.0,1078
1521,2025-09-08 20:40:07,Develop leave almost west help old walk.,1,3.8,1732
1522,2025-02-27 07:17:08,Plant offer soldier push skin compare data.,5,4.3,9644
1523,2025-06-30 19:51:05,Improve once night always.,1,3.1,332
1524,2025-02-19 13:35:55,Require born oil newspaper here.,5,4.0,7404
1525,2025-05-09 15:08:43,Argue become school growth student prevent poor.,3,4.1,9629
1526,2025-07-13 20:16:40,Herself season level present green city.,2,4.9,162
1527,2025-05-06 21:04:50,Experience could charge respond report.,4,4.8,8145
1528,2025-09-13 06:15:59,Though letter test perhaps yes soldier.,5,4.4,8900
1529,2025-09-08 03:00:59,Shake Democrat PM should.,5,4.1,9790
1530,2025-02-07 02:48:10,Never position per prepare best election lead.,3,4.6,1909
1531,2025-02-04 13:36:58,Church item discover.,2,4.0,510
1532,2025-10-16 12:15:19,Rate in career surface foreign memory tough.,5,4.1,9220
1533,2025-09-01 01:12:34,Summer voice successful ago it whatever force.,4,3.6,2182
1534,2025-04-25 13:45:50,Star tonight candidate.,2,3.6,4566
1535,2025-04-08 05:19:07,Continue upon I concern body property goal.,2,4.8,7109
1536,2025-03-28 09:24:44,Someone movement one foreign determine window type.,5,4.9,2048
1537,2025-02-19 03:39:15,Capital successful help create young.,3,3.7,5758
1538,2025-10-21 17:47:33,Recent me alone high draw enjoy week.,1,3.3,9817
1539,2025-08-30 17:52:14,Claim modern wide traditional nearly writer activity.,4,3.6,8966
1540,2025-10-29 15:11:20,Relate between another very.,1,3.1,7418
1541,2025-07-07 21:00:11,Read just condition support administration enough night cultural.,1,5.0,8099
1542,2025-10-07 09:47:31,Religious board room particular think loss.,5,4.2,6426
1543,2025-09-22 01:01:26,Join specific third operation.,4,4.4,4004
1544,2025-01-04 06:00:31,Get you practice interesting.,3,3.8,5290
1545,2025-05-22 07:27:59,Activity degree security lawyer population economic cause.,4,4.9,7305
1546,2025-07-03 04:51:15,See hour up born member city character.,4,3.2,8439
1547,2025-08-09 17:01:28,Perform great day expert these threat.,3,3.1,994
1548,2025-10-20 09:31:18,Else little point experience.,3,3.5,2783
1549,2025-02-17 17:22:08,Picture after camera sure over.,2,3.5,2107
1550,2025-01-10 12:59:21,During start get foot third.,1,4.5,4169
1551,2025-01-21 03:56:47,Example part performance year.,5,4.4,3771
1552,2025-07-18 01:06:14,Determine day even behind be agreement after.,2,4.4,8612
1553,2025-07-09 20:08:09,Indicate what interview record glass like.,1,3.8,3577
1554,2025-10-21 09:28:50,Sea gun history seem allow.,4,3.6,215
1555,2025-11-01 16:26:03,Somebody central support deep staff real.,3,4.5,4334
1556,2025-11-12 22:22:23,Note perform cell on picture not.,1,4.5,77
1557,2025-10-03 01:45:35,Myself leader work kid.,3,4.6,44
1558,2025-08-20 10:03:26,Of such figure shake play.,1,3.0,3342
1559,2025-07-28 14:52:12,Draw live read position front cut use.,2,4.5,6194
1560,2025-08-15 13:15:19,Service walk thousand concern best free north.,1,3.7,6281
1561,2025-03-05 15:47:49,Every able red oil.,5,3.3,361
1562,2025-11-05 12:30:53,Lawyer question might.,2,4.8,2218
1563,2025-01-09 06:11:49,Special bit follow use street.,3,3.8,1813
1564,2025-04-11 00:39:47,Almost world food study gun all.,2,3.9,9499
1565,2025-01-12 14:27:44,Only save alone our.,5,3.3,4725
1566,2025-08-31 00:16:06,Heart try push box sing.,3,4.7,7575
1567,2025-06-06 17:35:08,Great way seat summer sign.,2,3.4,454
1568,2025-10-20 23:05:04,Behavior according pass structure not can standard.,1,3.5,9049
1569,2025-06-19 16:00:02,Mission participant determine leave deep me.,4,4.9,2779
1570,2025-03-23 02:17:55,Radio cup large why suggest occur together.,4,4.4,9811
1571,2025-11-10 10:21:06,Add drop way gas member billion.,2,3.9,8704
1572,2025-04-27 23:25:18,Partner answer pass behind enough drop hold.,3,3.2,5557
1573,2025-10-19 14:33:02,But benefit beat several.,2,3.7,8388
1574,2025-01-19 23:09:46,Huge statement system improve girl material plan.,5,4.7,3787
1575,2025-05-15 08:12:42,Car stand its step environmental.,2,4.5,6397
1576,2025-01-27 02:39:09,Leader seven get event.,1,3.2,4543
1577,2025-04-22 14:37:15,Few these protect.,1,4.1,122
1578,2025-03-23 19:19:25,Bad song fine first.,5,3.5,8456
1579,2025-08-13 16:19:05,Production include much capital real next direction agreement.,1,4.6,5911
1580,2025-04-19 19:34:08,Reflect forward economy idea rich left.,4,4.2,2318
1581,2025-01-03 04:43:47,Enjoy suffer realize property newspaper much middle.,4,3.0,786
1582,2025-10-18 18:18:37,Raise mouth authority education.,2,3.7,7579
1583,2025-02-02 14:18:49,Gas writer success camera reduce experience because.,1,4.3,2026
1584,2025-05-13 05:33:05,Work head late.,4,3.3,7315
1585,2025-08-17 09:25:46,Attorney eye of.,1,4.0,8648
1586,2025-03-31 08:05:57,Recognize fine public executive.,1,3.3,7532
1587,2025-04-27 02:44:48,Stand catch share make affect.,5,3.5,5587
1588,2025-08-27 17:57:08,Beyond three wish tough firm.,5,3.7,5314
1589,2025-04-16 04:38:51,Amount position term.,5,4.5,25
1590,2025-01-06 01:23:00,Scene protect character glass physical government.,2,4.7,773
1591,2025-04-27 05:39:55,Cause hard dinner political approach help.,1,3.2,6548
1592,2025-02-04 16:25:03,Condition wall later sport.,5,3.1,7713
1593,2025-10-01 23:12:23,Edge next have table.,5,3.2,4311
1594,2025-11-19 08:29:20,Community level experience myself civil table condition.,3,3.7,6352
1595,2025-09-12 22:49:13,Week car indicate or about herself.,1,4.1,9247
1596,2025-08-12 19:43:52,Year region team better happy.,2,3.3,7446
1597,2025-03-30 02:48:43,Spring next world camera.,2,3.4,7673
1598,2025-05-08 01:23:29,Rock science near though financial argue never herself.,1,4.5,2115
1599,2025-09-11 10:13:27,Sort east possible former heart.,2,3.4,1902
1600,2025-05-30 16:38:37,Early team group son.,3,3.0,3086
1601,2025-01-25 01:08:33,Player reason south hotel.,2,3.2,878
1602,2025-06-08 19:24:13,What generation field watch site.,1,3.8,3639
1603,2025-05-23 02:39:31,Cover seek throughout continue for service up agreement.,5,4.5,7659
1604,2025-02-25 21:50:44,Production school possible claim.,3,4.3,569
1605,2025-02-14 11:08:26,Evidence enough financial.,2,3.7,6817
1606,2025-05-17 18:37:43,Begin money might begin build ball open.,4,3.3,4283
1607,2025-09-04 16:39:34,Bed know it.,4,4.9,8368
1608,2025-02-24 22:55:56,Truth reveal a candidate.,3,4.2,7108
1609,2025-04-09 12:58:30,Everything religious character beat option top term enjoy.,5,3.6,1448
1610,2025-11-08 16:32:00,Necessary five carry there region worry sometimes.,2,3.5,3620
1611,2025-06-15 04:22:14,Song will authority enjoy notice course hard.,5,3.6,7114
1612,2025-11-04 06:29:19,Budget camera pull pay author health visit.,4,4.0,346
1613,2025-07-25 04:31:43,About serve glass bill huge health which staff.,1,4.1,7605
1614,2025-05-06 07:41:21,Clearly three agreement force yeah.,2,3.5,4224
1615,2025-08-04 02:06:30,Particularly eight social edge.,5,4.1,3105
1616,2025-06-04 10:11:24,Budget cold show want million possible.,2,3.9,7798
1617,2025-01-04 08:02:26,Themselves must trial some scientist top.,5,4.2,8757
1618,2025-10-24 15:49:26,Matter cover figure.,3,4.2,9073
1619,2025-11-18 05:19:14,Successful wait suffer sure listen.,1,3.1,67
1620,2025-06-01 13:05:38,Score pay perhaps between.,4,4.1,9266
1621,2025-05-31 03:23:07,Follow foot build discuss out.,1,3.4,6132
1622,2025-02-26 16:16:04,Policy must fear chance.,1,3.6,353
1623,2025-01-05 23:26:01,Hour mention difference entire today thank.,4,3.4,4562
1624,2025-07-07 12:30:26,Fund condition certainly once paper ready.,4,4.9,4953
1625,2025-10-19 21:34:14,End question here fund others.,2,5.0,2890
1626,2025-03-28 13:44:41,Act explain main approach fly according.,2,4.5,733
1627,2025-10-19 16:21:11,Later standard represent.,5,4.2,9010
1628,2025-07-06 15:41:38,South seek glass later effort cultural performance.,1,3.1,4007
1629,2025-10-18 20:28:22,May woman debate write billion name factor reduce.,5,4.3,1556
1630,2025-05-09 19:37:14,What even entire like marriage.,3,3.4,4135
1631,2025-07-30 02:33:43,Sell mind successful worker.,5,4.4,96
1632,2025-08-18 17:57:50,Fly their public simply.,4,4.2,4584
1633,2025-08-29 07:54:57,Alone successful where.,1,3.5,4652
1634,2025-01-26 02:05:28,Important guy but next current firm.,5,4.7,504
1635,2025-05-14 03:00:24,Heavy per sport recently direction team.,1,3.6,790
1636,2025-04-21 15:07:35,Hear present century future cost.,4,3.4,1777
1637,2025-07-08 08:30:04,A clear reality form no during art toward.,5,3.5,4874
1638,2025-02-05 19:02:10,Dark base across sound tend.,1,3.7,3738
1639,2025-10-22 03:32:10,Take develop director safe treatment.,5,4.0,9815
1640,2025-07-12 00:40:06,Employee become officer threat voice shake long.,5,4.6,9078
1641,2025-10-09 15:46:42,Reveal hour nature one spring.,5,4.6,3086
1642,2025-02-25 14:56:24,Record since suggest season from.,4,4.0,9056
1643,2025-06-04 20:41:24,Either sea arrive avoid he ago nothing.,2,4.4,3884
1644,2025-06-05 17:13:53,Scene eight war open everything save.,5,3.9,5666
1645,2025-02-04 07:39:23,People sense something possible.,2,4.0,2028
1646,2025-09-19 17:21:06,Phone once option it property.,2,4.6,1024
1647,2025-04-24 21:04:32,Street ask into available day.,1,4.4,4357
1648,2025-09-30 21:43:42,In imagine above head.,4,3.7,2903
1649,2025-02-05 10:26:16,Particular service discuss deal.,5,3.8,9736
1650,2025-02-07 22:54:43,Country build know report clear.,3,3.7,4862
1651,2025-07-19 11:07:46,Include itself south us crime member.,3,4.2,1051
1652,2025-02-20 18:01:42,Fly agreement west natural why vote note.,2,3.6,10
1653,2025-07-31 18:25:33,Window today heart party.,2,3.9,7769
1654,2025-11-14 19:29:26,Him manage notice already civil participant.,5,4.8,2423
1655,2025-07-03 23:07:50,Exist may exactly resource raise lose decide.,3,3.2,5954
1656,2025-06-27 16:32:21,Run body prevent reduce staff on.,2,4.7,2073
1657,2025-08-21 14:52:02,Professor baby know difference.,1,4.6,5011
1658,2025-10-10 23:32:34,Magazine against carry meeting.,5,3.4,1869
1659,2025-05-16 01:47:18,Receive under against able image herself large.,3,3.9,9200
1660,2025-10-27 07:50:02,Real source approach fight week partner.,3,3.7,1841
1661,2025-07-01 14:36:55,Model role kitchen language cup.,1,4.0,1945
1662,2025-09-12 22:31:27,Court certainly full move pattern far time.,1,5.0,3262
1663,2025-05-22 17:24:17,Until stock account explain truth head add.,2,4.0,9042
1664,2025-03-21 22:36:41,Future rise manager.,4,3.1,1325
1665,2025-10-11 02:12:59,Myself factor control.,1,4.3,6760
1666,2025-02-04 09:53:00,Determine evening cost perform political purpose.,3,4.5,1211
1667,2025-05-10 17:33:44,Benefit decade around.,4,4.6,7437
1668,2025-09-17 22:04:24,Much change ground assume common late.,3,4.5,5109
1669,2025-04-30 10:25:21,Free produce walk Republican or.,5,4.3,2200
1670,2025-03-05 01:17:59,Walk usually character society traditional adult true main.,2,3.9,5414
1671,2025-02-12 21:57:07,Here city opportunity issue.,2,3.8,6718
1672,2025-03-29 20:34:56,Nearly ago the game three.,5,3.5,2777
1673,2025-05-23 08:06:26,Window know course foot friend factor first.,3,3.2,1376
1674,2025-05-22 03:26:01,Data federal control.,1,3.6,9378
1675,2025-04-17 11:55:55,Magazine interesting forward finally so.,4,4.0,2543
1676,2025-08-08 11:20:04,Serve beat sea mention.,5,3.6,7448
1677,2025-11-01 20:48:39,Cover cup central compare believe responsibility.,4,4.4,2258
1678,2025-09-02 19:32:30,Scene either tend no anything about painting.,3,3.4,7449
1679,2025-02-17 22:13:29,Remain tree car political chance.,5,4.6,9054
1680,2025-01-01 23:49:24,Five walk tough.,1,4.0,4700
1681,2025-11-04 01:36:54,Drug rule since though rather box later.,1,4.6,6077
1682,2025-01-31 01:00:08,Back you call sense.,5,3.4,2350
1683,2025-09-28 11:04:06,Lead smile prevent explain happen.,5,5.0,1890
1684,2025-07-03 09:07:07,Method chance across later hope.,4,4.7,2388
1685,2025-10-06 07:11:38,Happy however run class wonder system stage since.,1,4.5,9688
1686,2025-04-12 16:29:47,Tv man onto like natural live price trip.,1,3.8,6521
1687,2025-04-01 14:17:28,Picture front region miss happy perform his feel.,1,4.8,3985
1688,2025-05-13 15:18:36,Democratic thus Democrat bar minute.,1,4.5,8353
1689,2025-02-19 01:33:34,Next support attack understand note future.,5,3.1,4828
1690,2025-10-07 03:00:25,Tv stuff yourself.,5,4.5,2323
1691,2025-06-21 19:25:57,Current kitchen particular world organization thus.,5,4.7,414
1692,2025-07-01 00:18:40,Several or program institution high professional.,1,4.9,9830
1693,2025-06-07 09:25:05,Mr cell business trade practice modern.,1,4.8,4406
1694,2025-07-29 14:44:13,Special return close true the.,3,3.8,7903
1695,2025-06-22 03:18:32,Book our now call.,5,3.8,3172
1696,2025-10-03 01:06:26,Wish room away page treatment partner surface.,4,4.5,6678
1697,2025-09-13 22:19:59,Base evidence provide statement.,2,3.6,3922
1698,2025-10-03 13:34:25,Eye us for town rather voice.,1,4.0,5750
1699,2025-08-04 07:07:09,Oil agency feel long hundred.,1,4.1,4836
1700,2025-07-22 05:28:24,My through direction article power.,3,3.5,5389
1701,2025-11-11 06:18:29,City fly become evidence major.,1,3.5,9213
1702,2025-10-26 02:33:16,Different season coach.,3,3.7,5325
1703,2025-01-29 11:48:13,Say already set little call Congress example.,4,4.1,5173
1704,2025-03-03 08:35:19,Hear with determine yet ago section.,2,4.1,1901
1705,2025-06-03 15:23:28,Suggest around education partner home least.,5,4.0,5009
1706,2025-06-06 11:38:49,Though economic society writer.,5,4.4,6213
1707,2025-01-30 15:03:53,Wonder miss such.,4,4.4,4134
1708,2025-03-30 22:13:50,Woman newspaper old pretty organization already.,1,3.9,9596
1709,2025-10-30 18:08:36,Off pressure property right approach.,5,3.9,1163
1710,2025-08-15 21:03:04,Why career order cold great.,4,3.2,2819
1711,2025-06-19 11:40:26,Us week available nor first event record.,3,4.9,3116
1712,2025-04-27 02:59:58,Interest white its point plant.,1,5.0,2596
1713,2025-07-16 01:01:31,Democrat spring many cause.,1,3.6,9263
1714,2025-07-12 08:20:15,Figure especially job one.,4,3.9,3693
1715,2025-02-20 05:12:20,Responsibility oil including own.,3,4.7,4687
1716,2025-08-10 03:34:07,Source author check southern.,5,4.0,8964
1717,2025-02-15 22:47:53,Station mind must place home box nation.,4,4.2,6351
1718,2025-03-28 22:44:28,Opportunity be over wear season study.,1,3.9,7438
1719,2025-01-16 02:42:20,System easy success floor left nice movie.,4,3.8,3715
1720,2025-08-20 22:19:35,Teach oil son camera not.,5,4.0,4668
1721,2025-04-19 11:05:25,Meet increase beyond life.,3,4.0,1378
1722,2025-10-23 18:16:08,Year bring water clearly take example.,1,3.1,1275
1723,2025-04-11 07:11:55,Special none growth thus measure range trip.,2,3.1,5662
1724,2025-05-03 09:19:33,Tree thus ability hundred or artist.,4,3.8,237
1725,2025-01-30 10:53:09,Personal skin idea likely within various.,3,4.6,3888
1726,2025-02-14 13:57:01,Phone hospital something.,1,5.0,2397
1727,2025-08-03 08:12:22,That purpose training door system himself job.,1,3.7,7342
1728,2025-01-27 10:55:18,Movie term officer finish enjoy.,2,3.7,5881
1729,2025-03-02 13:47:15,Firm pass enter author tough.,3,3.1,8646
1730,2025-04-19 22:15:23,Explain dog story green both with commercial.,4,4.9,7694
1731,2025-02-08 03:08:03,Skin water keep eat claim method.,1,4.9,7384
1732,2025-11-24 15:28:14,Next window if sense occur no.,1,4.9,4508
1733,2025-04-09 16:39:09,Low quality decade.,4,4.9,4943
1734,2025-07-11 02:34:31,Relate yet window break.,3,3.0,2136
1735,2025-11-09 19:56:34,Lay maintain foot live.,2,4.0,2030
1736,2025-01-16 04:18:43,What situation story prevent later.,1,4.6,6989
1737,2025-04-28 09:16:24,Performance value get foot town front head.,4,3.0,7879
1738,2025-11-24 16:22:29,Court soldier sometimes building couple whether consumer.,3,3.8,6226
1739,2025-10-26 01:57:08,Southern age above action suffer forward.,2,4.0,7871
1740,2025-02-23 03:57:49,Feeling generation present party nature per reason issue.,4,4.0,4609
1741,2025-01-30 05:50:44,Middle why bar young trial eat southern.,3,4.4,5790
1742,2025-09-07 23:52:51,Market within bring over how instead.,2,3.5,6657
1743,2025-05-07 04:12:46,Event job shake director.,5,4.1,3554
1744,2025-02-28 09:09:06,Act trouble thank receive crime face understand.,1,3.2,6740
1745,2025-06-26 00:51:17,Skill read security.,5,4.5,3322
1746,2025-09-13 11:16:37,Stuff star better music among.,1,5.0,6432
1747,2025-06-22 09:57:21,Expert happy enjoy have cell project.,5,3.9,3751
1748,2025-07-15 09:21:24,Cost very do well type.,2,4.7,9482
1749,2025-05-03 14:07:58,Event environment key green himself garden.,3,3.5,7180
1750,2025-09-22 12:37:56,Item direction when away small.,2,4.7,5
1751,2025-03-08 14:57:36,Program note leg include kind recognize.,2,5.0,909
1752,2025-04-07 06:46:50,Process really allow hold piece effect.,5,3.1,4425
1753,2025-09-21 15:41:43,Successful who if without interesting.,2,3.1,327
1754,2025-01-21 09:03:20,Might second home skill account both each.,3,3.8,8711
1755,2025-03-31 04:58:02,Remain from kid seek simple.,2,4.0,1270
1756,2025-01-22 06:15:06,Prepare black family condition.,1,4.4,9565
1757,2025-08-24 11:21:22,Congress note occur likely.,3,3.8,4260
1758,2025-08-12 05:07:23,Author name create war.,4,4.8,7633
1759,2025-09-14 22:19:53,Including her protect majority wind.,4,4.6,483
1760,2025-02-14 23:55:59,Matter development she benefit opportunity detail husband political.,3,4.2,275
1761,2025-09-30 20:50:12,Fight often rest back PM.,1,3.6,405
1762,2025-05-01 02:13:55,Notice star alone young full.,5,4.0,7745
1763,2025-07-26 16:17:08,Wonder choice project it them support light.,3,3.2,4068
1764,2025-05-24 03:24:35,Special imagine partner.,5,3.2,1952
1765,2025-11-15 13:20:09,Arm economy appear pressure cold guy material.,5,3.3,8537
1766,2025-11-19 20:27:42,Like reach they her people.,2,3.7,2385
1767,2025-01-15 20:40:39,Stock full hand seat professor usually begin.,4,3.4,1757
1768,2025-08-04 01:23:36,Sea son knowledge enjoy artist control add.,2,3.9,2180
1769,2025-05-02 16:58:29,Including give pattern institution dog sing.,5,4.2,6175
1770,2025-03-24 18:20:00,Throughout kid goal early card similar effort part.,1,3.8,1854
1771,2025-07-24 18:18:09,Moment center successful Mrs mean.,2,3.4,6870
1772,2025-02-08 09:42:37,Staff Democrat cause including away area.,3,3.2,2565
1773,2025-09-11 13:57:22,International theory phone.,5,3.2,5204
1774,2025-06-23 01:36:01,Specific part material modern picture current.,2,4.4,7068
1775,2025-04-03 13:14:18,Before on local once their.,3,4.5,2978
1776,2025-09-26 00:40:54,Point interesting continue agent.,4,3.3,6716
1777,2025-04-16 06:35:41,Call along cause why.,4,4.5,3336
1778,2025-08-30 04:59:00,Choose religious build probably station there.,3,4.9,7661
1779,2025-09-20 03:58:44,Hospital budget discuss option with ball.,3,4.0,655
1780,2025-07-25 04:49:50,Occur goal identify admit.,4,4.4,4838
1781,2025-07-13 14:31:51,Glass floor take suggest that be skill.,5,3.6,5407
1782,2025-09-19 00:31:44,Others show Democrat half bag and.,3,4.7,6855
1783,2025-04-17 22:45:55,Street store floor fill.,3,4.5,1076
1784,2025-08-21 22:08:19,Inside court this condition majority they degree.,2,4.4,7939
1785,2025-06-02 14:27:00,Table important north car hot quality.,2,4.9,9263
1786,2025-08-13 07:42:22,Design fish school street why until.,2,3.7,1292
1787,2025-01-13 13:50:30,Movie eat increase into either outside need inside.,5,4.8,5272
1788,2025-03-25 10:11:02,Firm purpose require form.,1,3.5,5810
1789,2025-02-25 12:58:34,Much keep movie decision describe.,3,3.1,2410
1790,2025-10-06 01:49:32,Charge item both just data.,1,3.0,6915
1791,2025-04-12 12:52:33,Discussion authority worry sport argue.,4,4.9,9974
1792,2025-06-14 19:49:16,Son nice American act reach certainly nice.,1,4.0,6881
1793,2025-08-10 03:22:50,Such television with pretty.,4,4.3,6988
1794,2025-05-26 11:39:33,Impact debate husband service agreement light itself commercial.,3,4.0,6498
1795,2025-04-16 11:17:10,Visit light future exist none.,1,3.0,3755
1796,2025-06-04 02:12:00,Let spring reduce then worker.,1,4.7,9434
1797,2025-05-18 04:56:07,Visit receive size safe tax much.,1,3.7,6208
1798,2025-11-07 02:10:42,Another share billion treat us loss benefit.,1,4.1,5175
1799,2025-10-12 21:55:53,Trouble agent just animal somebody his series.,5,4.2,6866
1800,2025-11-11 10:23:51,Require process important join rest them sister in.,3,3.6,3943
1801,2025-04-27 10:11:54,Sense new ask indeed such low.,2,3.6,2351
1802,2025-08-23 01:48:52,Number wrong example through certain follow arrive.,4,4.7,9548
1803,2025-02-25 19:58:15,Challenge bar while those offer answer even.,5,4.6,5813
1804,2025-03-31 05:33:46,Garden huge century affect stop actually teach subject.,5,3.8,6130
1805,2025-09-07 20:17:03,Ten right lawyer along affect important little director.,4,3.0,1803
1806,2025-05-03 23:11:53,Stuff wind answer they.,1,4.9,691
1807,2025-01-04 20:21:58,Institution someone avoid play early indeed.,5,3.6,532
1808,2025-04-17 16:23:28,Mother bed mind yes prove check.,5,3.9,8096
1809,2025-03-04 16:42:18,Necessary seem fire TV serious church thing yet.,5,4.5,7125
1810,2025-07-17 04:52:42,Its leg news allow visit half better.,4,4.1,4642
1811,2025-07-22 18:47:28,Now one be the life high.,2,3.1,4763
1812,2025-07-18 18:26:15,Military exactly thousand ball effort think.,5,3.2,3138
1813,2025-03-26 00:22:36,Appear them decision step they message.,1,3.2,5109
1814,2025-06-02 07:13:26,Rather any condition risk.,1,4.2,9588
1815,2025-02-17 01:14:39,Chance fire fast father walk.,4,4.1,1334
1816,2025-02-28 16:32:32,Change unit Mr generation.,5,4.0,9608
1817,2025-08-12 04:25:02,Military friend page.,2,4.5,2951
1818,2025-09-06 19:33:30,Majority concern describe value.,4,3.5,1575
1819,2025-01-30 03:27:25,Read church campaign low.,2,3.3,9782
1820,2025-04-13 17:51:00,Resource seat along care building civil growth.,1,4.8,4055
1821,2025-08-18 12:42:57,Despite hold write ago within.,2,4.4,5572
1822,2025-08-11 07:51:04,South instead pull word meet.,3,4.2,1384
1823,2025-01-30 14:10:32,Career appear couple question civil six pretty.,1,3.0,3563
1824,2025-06-28 15:26:07,Bill serve test.,1,4.1,656
1825,2025-05-02 14:15:22,Surface fund win Mr.,1,4.0,1399
1826,2025-01-27 21:26:56,Collection leg hot reduce tend.,5,4.7,8454
1827,2025-10-31 08:42:50,Pay law office north value.,4,3.2,6323
1828,2025-07-11 21:29:43,Network city everyone fast son field.,5,4.6,6711
1829,2025-09-13 05:34:03,Town cup radio.,5,3.2,2214
1830,2025-08-22 00:29:41,Stay music itself food.,2,3.5,9658
1831,2025-03-29 20:36:08,Author need until knowledge thing bag.,2,4.2,2405
1832,2025-03-17 18:21:32,Attention area economic but light seat report.,4,4.6,3612
1833,2025-03-31 16:33:39,Sister lawyer determine feel kind.,1,3.3,5707
1834,2025-02-01 00:34:54,Skin can vote teach southern.,1,4.0,4686
1835,2025-02-18 00:44:42,Impact mission movie me.,5,3.1,5360
1836,2025-06-26 05:27:31,Any act score toward your.,5,4.9,6750
1837,2025-07-11 07:56:11,Writer face part enter machine road.,1,4.8,5565
1838,2025-05-15 03:59:16,What former focus program next to.,2,3.9,4027
1839,2025-05-28 02:36:20,Race field seven loss month strategy ball.,3,4.0,3600
1840,2025-01-04 08:36:47,Laugh collection my second despite accept.,3,4.2,4032
1841,2025-08-22 22:41:46,Thank life relate level second eight be.,1,5.0,3250
1842,2025-01-16 12:20:57,With new show movie step.,4,4.8,3626
1843,2025-09-05 14:16:50,Floor community painting again number respond throughout production.,2,3.2,4146
1844,2025-09-02 08:00:53,Catch name able participant Mr challenge.,2,3.1,9370
1845,2025-06-08 01:46:58,Its area one popular author study.,5,4.2,472
1846,2025-01-14 03:07:52,Among large from might wall real.,2,3.4,2200
1847,2025-06-07 10:30:29,Face program action throw perhaps treat.,5,3.3,1826
1848,2025-04-16 16:51:09,Yourself how think nearly service.,1,4.7,5439
1849,2025-06-24 22:59:25,Race feeling majority story ground.,1,3.7,4821
1850,2025-01-27 06:25:51,Quality family marriage blue rate school agree ready.,4,4.1,1610
1851,2025-03-30 14:42:52,Land end season century summer hair.,4,3.8,8050
1852,2025-08-21 21:40:47,Store nice admit example computer.,1,4.5,6871
1853,2025-04-23 21:23:41,Will morning add for risk check far.,5,4.7,9393
1854,2025-09-15 13:37:43,Risk skill ten strong.,1,3.7,9379
1855,2025-03-24 03:51:38,Send interesting those last director build.,4,3.2,5355
1856,2025-06-18 14:39:49,Evidence turn knowledge media summer similar until.,5,4.8,8220
1857,2025-07-11 16:40:28,Particularly believe dog professor window up describe.,2,4.5,5747
1858,2025-10-10 06:21:32,Base various authority particularly begin.,3,4.9,6768
1859,2025-04-07 04:25:37,Agent worry return national.,2,4.6,4495
1860,2025-06-27 05:07:58,Total figure traditional civil.,1,4.1,7408
1861,2025-04-28 09:25:43,Not economic professor official evening.,5,3.8,5635
1862,2025-08-25 06:54:01,Bit use meeting ability stay certainly lay attack.,1,4.1,69
1863,2025-11-02 10:00:40,Power different although pretty success.,5,3.5,7664
1864,2025-03-18 19:01:10,Use she behind huge training suffer contain.,2,3.1,2354
1865,2025-08-20 07:19:23,Activity focus understand.,2,4.9,3169
1866,2025-01-31 03:24:14,Image instead indeed discussion make red.,5,4.0,8222
1867,2025-04-14 17:53:45,Arrive everybody resource rest.,3,4.9,9152
1868,2025-05-11 02:55:05,Kind seek build case also.,3,4.1,4379
1869,2025-07-18 09:28:20,Fast size prove whom top season difference.,3,4.3,6064
1870,2025-04-08 10:14:13,Whatever main summer education.,3,3.9,1745
1871,2025-10-22 02:50:57,Southern I mind knowledge author.,2,4.6,7568
1872,2025-05-17 21:39:17,Without serious themselves statement action woman.,4,3.2,579
1873,2025-08-02 04:17:16,Member drive protect language.,5,4.5,6029
1874,2025-08-19 10:36:40,Able back understand.,3,3.4,9193
1875,2025-07-29 21:41:47,End every store piece law.,4,4.5,916
1876,2025-11-20 08:42:32,Town couple game could bag practice.,4,4.7,6928
1877,2025-04-16 01:14:56,Door hair marriage.,1,3.1,967
1878,2025-04-29 09:11:03,Represent raise type service after region result.,5,3.0,1332
1879,2025-11-09 23:47:08,Front them short hope design successful final.,4,3.7,4220
1880,2025-08-01 02:59:01,Yet rise different past claim others budget.,4,3.6,1781
1881,2025-08-18 21:31:47,Successful determine scene speech continue less.,4,3.8,2494
1882,2025-05-12 13:30:16,Into shake thing gas.,5,4.7,371
1883,2025-03-05 18:00:11,Almost seat customer traditional water idea article.,4,3.1,1897
1884,2025-10-23 16:17:55,Cold rule run Congress.,2,4.4,1686
1885,2025-09-07 07:46:44,Race exactly tonight production.,4,3.2,2644
1886,2025-11-11 08:06:44,Story inside treatment guess will hour most.,5,4.8,7223
1887,2025-02-09 17:35:42,Couple heart wife company series catch.,2,4.3,8971
1888,2025-05-06 16:20:35,Wonder mention Mr cup risk season.,1,3.5,9786
1889,2025-08-26 09:21:07,Which not stay social near citizen responsibility.,4,3.0,3884
1890,2025-07-30 01:46:34,Check single daughter certainly.,4,4.2,4810
1891,2025-09-26 13:38:50,How manager effort receive.,1,3.4,7616
1892,2025-10-01 09:50:06,Real per concern.,4,4.7,5341
1893,2025-02-04 06:42:34,Far result most.,3,3.4,4447
1894,2025-04-16 21:01:35,Fact fire candidate dark reduce.,5,4.1,1577
1895,2025-05-10 16:00:04,In analysis to.,3,3.5,6410
1896,2025-10-14 01:51:37,Sound like before attention shake information throw coach.,3,4.3,3801
1897,2025-09-30 20:15:56,Investment whether without.,2,3.6,8048
1898,2025-10-23 19:09:47,I present alone concern environmental few.,1,4.8,1211
1899,2025-05-01 21:26:07,Grow box far up role push back board.,1,4.1,6039
1900,2025-11-16 22:13:03,Try yet almost art culture pattern.,3,4.0,1288
1901,2025-10-21 08:39:50,Move career approach treatment success ago.,1,3.3,423
1902,2025-08-08 03:56:27,Staff ask final raise author.,3,3.9,3344
1903,2025-10-06 09:11:21,Brother open test house fire.,3,3.7,215
1904,2025-07-21 02:09:59,Water southern region reason member into firm.,2,5.0,1616
1905,2025-04-15 20:39:13,Item care series its operation.,4,3.0,8336
1906,2025-05-27 19:55:51,Whatever international name fund.,3,3.1,7965
1907,2025-11-13 21:47:51,Treat one bad get you coach.,2,5.0,676
1908,2025-08-23 05:08:54,Leader however stand father.,3,4.8,1549
1909,2025-05-10 18:49:07,Television close along real maintain occur others.,3,4.1,1818
1910,2025-03-15 13:36:07,Other east white attack to ten.,3,3.7,1730
1911,2025-11-23 17:23:59,Step national walk form.,1,4.0,6512
1912,2025-06-23 21:05:30,Especially notice role out.,5,3.8,2377
1913,2025-08-21 15:03:05,Think parent control away give radio actually.,5,3.6,2467
1914,2025-10-28 03:22:10,Commercial police describe.,4,4.5,2214
1915,2025-06-14 05:11:39,Such action home couple dinner.,3,3.2,7153
1916,2025-01-13 14:26:03,Pay large line almost ball.,3,3.2,9339
1917,2025-01-25 09:38:43,Rich particular across poor.,4,4.3,7305
1918,2025-07-23 19:19:27,Believe also compare form husband look.,5,3.1,5724
1919,2025-03-22 12:09:41,Pull few bring list stock likely.,3,3.1,7503
1920,2025-04-22 11:30:25,Cold Republican church understand summer also nature news.,2,3.5,4666
1921,2025-08-07 14:57:44,Half reveal under idea.,1,4.5,3390
1922,2025-08-06 06:48:07,Build economic resource upon total quality skin.,5,4.3,6507
1923,2025-06-03 20:13:06,His month win talk whole large.,3,4.8,9831
1924,2025-11-20 11:45:39,Tree which occur coach benefit nation adult.,2,4.7,1376
1925,2025-05-15 14:39:20,Necessary same as through sense mouth group.,4,3.7,457
1926,2025-06-03 08:04:36,Eat however since yeah serious medical.,2,4.3,3752
1927,2025-07-16 16:39:34,His third sense although able.,2,3.9,6422
1928,2025-02-16 19:01:49,Country quickly commercial stop whom collection.,2,3.3,1693
1929,2025-05-06 17:52:05,Laugh score share common tonight could provide.,2,4.4,3970
1930,2025-02-02 07:38:28,Look eight ready improve morning so adult.,5,4.4,7744
1931,2025-06-06 11:02:13,Make opportunity feel.,3,3.8,6506
1932,2025-10-15 18:51:51,Statement end say run forward side dark.,1,4.1,6486
1933,2025-06-05 06:38:31,Down tonight wind yard point.,5,3.6,8483
1934,2025-09-17 22:14:19,Culture kind group contain style either start.,1,3.4,4859
1935,2025-06-20 22:05:18,Sign scientist young stand improve.,1,3.7,1508
1936,2025-06-02 02:34:27,Feeling myself that cup far.,1,4.0,5765
1937,2025-04-18 10:43:25,Understand fill goal six left move various.,5,4.2,6442
1938,2025-06-26 02:39:49,College until more son risk message hospital.,3,3.3,7480
1939,2025-03-23 03:35:06,Society compare fear begin draw development technology have.,5,3.4,2024
1940,2025-06-16 10:22:44,Today really kitchen dark into keep economic never.,2,3.5,2503
1941,2025-03-23 01:42:24,Soon month bad money fact.,5,4.2,1878
1942,2025-06-25 16:20:30,Author actually international computer employee.,1,5.0,6727
1943,2025-03-30 05:06:48,Provide type suddenly bad nothing weight.,3,3.2,8299
1944,2025-05-08 14:42:53,Garden drug beyond show ground best old behind.,2,3.6,275
1945,2025-02-09 07:46:08,Piece window air card possible movie.,3,3.1,8038
1946,2025-10-17 14:36:13,Will western series store page tough.,1,3.2,9893
1947,2025-03-01 00:13:58,Official walk medical.,5,3.1,3935
1948,2025-08-28 21:12:26,Affect religious skill minute indeed human.,2,4.4,9033
1949,2025-04-11 17:18:43,Mr spend strong pull on may middle.,4,3.2,6525
1950,2025-04-16 09:32:28,Produce often recently mean sure computer bar.,2,4.4,7908
1951,2025-10-07 14:25:49,Will shake whatever build under subject medical.,1,4.3,5062
1952,2025-03-30 02:55:22,Call skin learn line authority.,4,4.7,5100
1953,2025-07-18 22:26:02,Spend black attention catch account information public.,5,5.0,9251
1954,2025-08-27 00:18:14,Key buy simply themselves prove.,4,3.9,8207
1955,2025-04-28 02:07:28,Challenge environmental now performance.,2,4.5,638
1956,2025-11-21 11:00:16,They vote cause expect.,4,4.3,6897
1957,2025-01-09 19:58:47,Factor easy star attention.,4,3.9,5034
1958,2025-05-09 15:49:29,Final site behavior land.,1,3.8,6361
1959,2025-06-29 09:17:17,Story stay program fight year industry.,2,3.8,3738
1960,2025-02-16 13:33:47,Him former clear do purpose heart more.,3,4.3,3279
1961,2025-06-14 20:24:15,Mother too involve never business site.,5,4.1,8284
1962,2025-04-12 12:50:46,Kitchen miss those truth last stuff.,5,3.9,5606
1963,2025-08-24 09:09:31,Sing indicate system herself.,1,3.5,7539
1964,2025-07-17 20:37:15,Network father enjoy could.,1,4.0,6417
1965,2025-01-29 19:49:26,Night center class green down.,2,4.0,7439
1966,2025-05-28 22:09:33,Event but real effort.,1,3.8,4116
1967,2025-11-10 04:29:37,Prepare sign commercial lead investment behind attention peace.,1,3.3,6090
1968,2025-08-30 13:51:25,One gun system door the professor floor.,2,3.7,7831
1969,2025-02-19 11:59:26,Contain worry although possible.,5,4.6,1744
1970,2025-08-11 20:35:37,Right thank exactly tax specific available take town.,4,3.4,6641
1971,2025-07-08 01:57:28,Course employee room magazine administration whether TV.,3,3.5,9407
1972,2025-03-27 04:43:58,Make change section almost act affect coach end.,5,4.7,5765
1973,2025-01-12 13:47:21,Simply environmental organization without people also.,2,3.4,1012
1974,2025-07-25 09:56:06,Benefit single single cut the.,1,3.5,4922
1975,2025-10-23 07:46:12,Cultural old democratic describe back fill.,1,4.7,8874
1976,2025-08-03 15:02:34,Start yard car left away occur camera.,5,3.7,8851
1977,2025-11-05 18:37:25,No off specific manager discuss use.,5,3.7,6161
1978,2025-07-15 09:00:57,Phone upon thought rich personal whatever message check.,5,4.7,5942
1979,2025-10-07 16:03:01,Day war himself gas form attention radio.,3,3.6,737
1980,2025-04-13 17:14:05,According event serious outside least bed must.,3,4.2,6055
1981,2025-11-13 21:44:36,Cup laugh last everybody.,3,3.7,7251
1982,2025-11-25 15:26:10,Country study sure investment.,5,4.6,9184
1983,2025-09-25 12:32:43,Pay pass score player.,3,4.7,2847
1984,2025-09-28 09:53:29,Fine age today prove.,4,4.4,5983
1985,2025-06-12 18:23:10,Manage although central participant.,3,4.1,145
1986,2025-05-06 00:55:10,Heart democratic nature career serve.,2,5.0,3686
1987,2025-07-09 17:31:15,Early child than get.,3,3.2,6576
1988,2025-09-16 09:58:12,Life direction yard stay.,2,4.8,1278
1989,2025-01-10 14:13:48,Why thank probably size think smile door.,1,4.9,8835
1990,2025-03-11 12:34:36,Officer big tax director marriage.,1,5.0,9115
1991,2025-01-07 08:17:17,Now yard not film.,1,4.4,4618
1992,2025-03-31 07:51:55,Season wish six would none us behind.,2,3.9,3965
1993,2025-07-02 18:13:50,Third player pick space.,4,4.5,6278
1994,2025-01-04 00:55:45,Human appear system almost garden ground would.,4,4.0,4358
1995,2025-08-31 06:40:55,Measure challenge hour wait worry article section.,5,3.2,2666
1996,2025-01-19 02:02:33,Reality class moment create television.,3,4.8,5328
1997,2025-01-05 20:34:17,Million report represent people likely.,3,3.4,5051
1998,2025-03-05 07:53:31,Marriage yourself computer food animal receive anything.,5,4.0,8384
1999,2025-02-08 00:36:39,Station through sort leg.,2,3.7,4510
2000,2025-10-23 13:17:58,Ever Mrs hard agree toward.,3,4.3,5251
2001,2025-10-16 23:24:31,Hospital foreign end without address ten watch.,3,3.2,2723
2002,2025-02-24 17:45:02,Leave less soon available treat.,4,3.5,1796
2003,2025-10-12 21:22:20,True why also garden painting energy behind within.,1,4.8,1720
2004,2025-08-04 08:34:09,Course call program head always factor office type.,3,4.3,6785
2005,2025-08-06 17:45:23,Mouth position year outside.,3,3.7,148
2006,2025-09-22 21:34:31,Ground shoulder great the reflect nature writer.,3,3.9,2704
2007,2025-01-15 16:07:24,Authority message compare just end social send.,3,3.1,7925
2008,2025-03-25 23:35:12,Say huge land order.,2,4.1,8243
2009,2025-07-14 14:29:21,Position power drive job like whether sister.,1,4.6,4789
2010,2025-11-15 20:09:01,Probably turn role ground score.,1,4.2,4901
2011,2025-09-11 02:54:36,Plan possible lose whose turn world police among.,2,4.7,1956
2012,2025-01-17 23:04:00,Life once why pay line computer manage.,4,3.2,4314
2013,2025-02-19 01:00:50,Several thing carry same.,5,5.0,2218
2014,2025-05-17 19:59:34,Field leave soldier food local probably.,2,3.7,6509
2015,2025-10-13 01:23:45,Weight meet usually him part board suffer.,1,3.6,104
2016,2025-06-15 23:06:51,Each scientist return order evening letter challenge.,1,4.4,9329
2017,2025-09-24 09:01:11,No seat enter.,2,3.2,4553
2018,2025-11-08 07:51:24,Table three mind beat these group.,3,3.8,9832
2019,2025-07-25 15:58:23,Main church apply cost him speech.,1,3.5,342
2020,2025-11-22 15:20:17,Effect knowledge prevent value among deal such.,3,4.8,2906
2021,2025-07-27 00:05:34,Suggest Republican plant.,5,5.0,2137
2022,2025-02-25 21:08:05,Finish number up bill culture sport.,1,3.1,2988
2023,2025-06-01 00:53:29,South book expect start.,1,4.4,8778
2024,2025-02-15 21:02:35,I I western million happy finally successful.,1,4.4,4625
2025,2025-11-13 09:55:18,Set southern hair campaign store box.,5,3.8,7725
2026,2025-09-26 02:56:17,Capital age agency he camera.,4,3.8,5219
2027,2025-09-09 10:53:48,Present require new major provide land data.,2,5.0,8612
2028,2025-05-17 03:16:25,Live feeling candidate care decade large.,5,4.7,3080
2029,2025-06-05 20:52:28,Financial newspaper present traditional.,5,3.7,1557
2030,2025-10-26 08:18:48,Remember doctor cell answer fast night.,4,3.5,6524
2031,2025-05-26 16:09:07,Look school director well couple teacher call.,3,4.9,6625
2032,2025-08-25 13:32:24,Later protect same reflect body magazine.,2,4.0,2744
2033,2025-08-05 00:59:05,Five suggest move suffer whole model.,1,4.4,4697
2034,2025-01-20 10:28:39,Wait Mr figure behavior future theory.,4,4.6,6796
2035,2025-07-07 21:57:57,Your citizen phone claim through just reveal.,5,4.0,914
2036,2025-06-13 19:51:58,A off cut wrong skin win news writer.,4,3.9,516
2037,2025-11-19 01:06:16,Nature mission he stand.,4,3.7,9426
2038,2025-09-27 09:18:34,Left parent particular painting.,5,3.3,6337
2039,2025-09-28 10:07:29,Particular blood several center control with open indeed.,3,3.3,5875
2040,2025-04-10 13:10:00,Discuss few listen region.,3,5.0,9751
2041,2025-04-20 14:49:20,Experience spend model behavior head.,5,3.5,1794
2042,2025-03-18 11:09:50,By us couple where.,4,4.7,733
2043,2025-07-29 01:15:20,Base part line should space family amount card.,1,3.5,3320
2044,2025-11-11 00:22:58,Organization popular themselves oil never industry.,1,4.4,1811
2045,2025-01-13 17:40:31,Understand according partner during however.,3,3.9,8504
2046,2025-05-08 19:42:31,Skin him ahead look organization.,2,4.7,8773
2047,2025-11-10 16:09:34,Car hair above compare pay trial.,5,4.3,1492
2048,2025-08-12 12:58:16,Part fly ahead least think believe.,4,4.2,4602
2049,2025-10-08 22:19:46,Responsibility college without large answer though senior.,2,4.4,2361
2050,2025-03-04 02:05:54,Pay cause rise task.,3,4.8,5132
2051,2025-01-01 16:49:44,Resource life claim painting.,4,5.0,2650
2052,2025-04-09 09:02:44,Machine give imagine low customer which.,1,3.8,5690
2053,2025-01-02 04:38:01,Available change hot part.,4,4.7,8150
2054,2025-01-07 16:33:14,Enter major relate chair difficult career with.,1,4.5,9526
2055,2025-01-15 23:15:50,Provide north talk tonight treatment maybe director.,1,3.8,614
2056,2025-07-01 01:32:23,Response lead article chance want TV plan.,5,4.6,5162
2057,2025-11-10 20:08:58,I board back ahead response.,4,3.2,1302
2058,2025-01-29 05:15:38,Return involve dark order point night central charge.,3,3.4,7705
2059,2025-04-18 10:09:48,Detail degree other kitchen.,3,4.6,318
2060,2025-09-13 02:53:40,Type professor skill growth term animal soldier may.,2,3.7,6981
2061,2025-11-20 23:44:25,Perhaps while example business career.,5,3.3,8111
2062,2025-02-03 22:25:29,Wish executive energy meet a seven.,1,4.4,7526
2063,2025-08-06 13:29:42,Field bad also.,2,4.3,3920
2064,2025-09-05 15:12:23,Data tend third service.,2,4.1,2477
2065,2025-02-11 00:28:13,Surface surface region.,5,3.8,8555
2066,2025-06-06 19:37:59,Left should argue system blood.,5,3.9,8290
2067,2025-09-18 06:44:51,According perhaps involve sing note.,3,3.2,5617
2068,2025-08-06 16:05:47,Five order consumer sound yet building final.,2,4.7,4689
2069,2025-02-21 23:28:27,Tree physical receive place.,2,3.7,3189
2070,2025-04-25 11:30:47,Kid arm wall figure why partner admit.,1,3.7,3766
2071,2025-04-26 02:40:12,Our pass benefit pay behavior my mean.,1,4.2,8383
2072,2025-09-11 17:25:39,Likely stuff against catch.,1,3.7,3095
2073,2025-05-08 11:18:02,Sell dark new organization gas.,2,3.8,2104
2074,2025-01-08 21:50:23,Season method final outside entire simple home.,2,3.9,7270
2075,2025-07-28 23:15:20,Society offer show significant discuss another event.,1,4.0,8338
2076,2025-08-24 21:21:58,He pull cause.,2,4.0,9149
2077,2025-04-03 15:37:35,Human early letter pay character card cultural before.,3,4.6,6228
2078,2025-02-24 21:18:31,Let soldier site teach food range.,2,3.1,7410
2079,2025-01-27 09:04:45,Maybe fine everything need spend.,2,3.8,3992
2080,2025-04-23 21:07:09,Development arm majority.,3,4.5,5735
2081,2025-05-10 18:06:52,Positive bag tree couple place threat.,2,4.0,9093
2082,2025-06-29 23:47:14,Through administration which hundred cover ground surface.,2,4.1,4638
2083,2025-11-09 16:05:36,Culture see former evidence police rich.,3,4.7,8457
2084,2025-02-20 23:31:28,Artist catch necessary morning.,5,4.8,3261
2085,2025-04-02 20:58:39,Create place rest.,2,3.1,3246
2086,2025-07-15 10:15:08,Even century pattern none.,1,3.0,247
2087,2025-06-18 11:32:05,Reflect visit tree hair.,4,4.1,894
2088,2025-03-02 22:30:24,Its cause many provide.,2,3.4,8025
2089,2025-01-08 19:49:15,Growth drop Mr certainly building.,3,3.6,1141
2090,2025-10-15 03:08:52,Head through six another population.,3,4.1,5250
2091,2025-02-26 05:59:45,Son whole never specific.,1,4.5,2413
2092,2025-01-15 21:26:10,Together style receive specific.,3,4.8,6635
2093,2025-01-26 00:36:52,Senior administration staff Republican.,2,3.3,6480
2094,2025-02-02 06:28:51,Upon level worry stand course hospital.,2,3.8,8456
2095,2025-01-16 04:41:29,Effect adult let however someone.,5,4.0,6735
2096,2025-10-16 13:02:25,Trouble tough of city themselves interest my.,1,4.0,245
2097,2025-08-07 11:40:22,Significant such important agent until soldier himself.,2,4.3,4637
2098,2025-09-17 12:41:20,Yet hard allow see.,4,3.7,7193
2099,2025-09-14 01:45:38,All of side history.,2,3.8,7544
2100,2025-06-19 02:42:01,Relationship piece then his which pressure law.,3,3.7,3453
2101,2025-11-23 02:04:02,Concern all sit region hair home.,5,3.6,9749
2102,2025-03-05 12:54:43,Something market head difference.,5,3.4,3723
2103,2025-02-23 08:24:24,Money entire step us wind suddenly expect center.,5,3.3,3392
2104,2025-06-10 21:29:08,Eight of score already medical home toward.,5,4.7,2247
2105,2025-01-18 04:12:13,Role modern main rule act.,2,3.2,1769
2106,2025-06-30 02:08:26,No north lay example care.,2,4.8,5726
2107,2025-05-04 09:43:47,Majority poor may onto even how.,1,3.3,4346
2108,2025-11-18 11:16:58,Yard success would sometimes baby edge.,2,3.6,2982
2109,2025-06-27 18:43:40,Attack bit interest black.,1,3.8,3195
2110,2025-09-20 07:42:59,Somebody learn material fish.,4,4.6,1340
2111,2025-09-03 10:30:45,Be yard part avoid campaign apply address anyone.,4,3.1,782
2112,2025-10-22 12:56:06,Together responsibility land.,4,3.7,8288
2113,2025-03-12 14:49:52,Eat admit blood growth decision.,1,3.9,3574
2114,2025-09-28 08:24:23,Section chair should customer human own.,1,4.6,8225
2115,2025-04-15 18:12:15,Painting anything trade little simple.,5,3.6,3384
2116,2025-04-13 19:28:07,Begin institution rock.,1,4.7,5594
2117,2025-04-09 02:36:40,Radio happen reach investment ground second play.,3,3.2,8794
2118,2025-08-14 10:59:09,Smile season spend total.,4,4.0,9499
2119,2025-10-24 13:10:43,Young that simply stand unit yourself.,1,3.0,8522
2120,2025-05-21 01:14:54,Ten not hope hope.,2,3.4,5651
2121,2025-01-12 21:43:30,Another offer door rate institution prove them.,5,4.5,2048
2122,2025-01-24 20:02:37,Almost true section.,4,4.7,5697
2123,2025-02-01 04:40:55,Seek computer special management age cut.,3,4.0,5992
2124,2025-11-13 10:54:31,Would follow movie past together after.,4,4.3,1719
2125,2025-04-26 17:54:45,Entire we camera budget form.,3,3.7,7745
2126,2025-09-16 15:11:24,Wish body yes.,2,5.0,7444
2127,2025-08-20 10:07:27,Born when sea daughter.,1,4.1,3153
2128,2025-04-13 15:51:33,Who professional Mrs.,1,3.3,9135
2129,2025-05-20 14:08:44,Game offer when nice on product.,5,4.0,2677
2130,2025-08-31 04:55:17,Range put college worker administration war perform.,4,3.2,7639
2131,2025-11-11 04:03:00,Test sometimes dream action.,1,4.7,2140
2132,2025-01-20 08:24:00,Husband bag really baby.,3,4.4,1646
2133,2025-09-13 17:12:49,Teacher pattern rise already Congress.,5,4.1,8291
2134,2025-02-22 15:13:36,Any benefit cold compare interest experience.,5,4.9,4320
2135,2025-08-25 19:51:25,Almost moment material main describe.,2,3.9,2905
2136,2025-01-22 19:05:48,Improve less family finish.,1,4.4,438
2137,2025-06-26 04:41:13,Party put kind.,3,4.7,3833
2138,2025-01-05 09:33:50,Meeting town within large crime provide.,1,3.3,4487
2139,2025-06-07 12:04:39,Continue two draw power successful.,4,4.6,321
2140,2025-02-16 01:13:53,Expect so table energy person eight.,5,4.0,291
2141,2025-07-11 09:30:21,Head director data find stand report east him.,2,3.5,9215
2142,2025-11-25 03:38:08,Sense audience night military popular executive.,4,4.1,5446
2143,2025-10-25 13:00:27,Development detail you consider southern others way.,5,4.8,3936
2144,2025-02-25 04:40:49,Night range body power human will attack.,2,4.8,4201
2145,2025-09-23 17:10:51,Be option campaign.,1,4.6,9512
2146,2025-08-11 09:10:28,Region those I low discussion language.,2,5.0,6275
2147,2025-02-15 18:48:19,They investment take manager save across compare.,3,3.5,3920
2148,2025-11-17 11:51:41,Suddenly relate choice improve sell.,1,3.4,8793
2149,2025-03-22 23:16:14,Spring would good write.,1,4.6,7776
2150,2025-11-08 01:51:24,Me style need during mean.,3,4.2,8469
2151,2025-08-06 06:05:54,Training candidate Democrat interview none alone.,1,3.3,9779
2152,2025-11-24 22:53:08,Yeah respond church.,5,4.7,1138
2153,2025-10-19 02:45:18,Plant couple too wonder cause middle scene.,4,4.0,5370
2154,2025-01-16 03:46:58,Price reflect protect.,1,3.7,1296
2155,2025-11-05 08:23:05,Common might artist door week figure.,5,5.0,5235
2156,2025-10-07 14:47:46,Popular air wife too report.,1,3.3,7880
2157,2025-01-11 17:51:47,Change body expert state.,5,4.9,2297
2158,2025-09-27 10:56:31,Practice practice us consider kitchen maybe.,5,4.8,3807
2159,2025-06-04 09:26:24,Class water energy truth sit.,5,4.2,1467
2160,2025-03-16 10:01:25,Morning order heart now stand.,2,3.3,241
2161,2025-07-07 08:11:39,Animal than fast understand clear child support team.,4,4.2,5620
2162,2025-02-05 10:18:59,Low offer boy recognize administration else.,1,3.6,676
2163,2025-03-31 14:52:52,Run sound morning wide.,3,3.6,5297
2164,2025-05-29 19:49:05,Black daughter practice page.,3,3.1,6545
2165,2025-03-26 23:03:39,Sure report almost treatment green dream move itself.,3,3.5,8163
2166,2025-07-21 14:30:57,Week yeah blue father.,1,4.8,2183
2167,2025-01-15 00:59:22,Laugh bed yes speech by list road.,4,3.6,1976
2168,2025-08-04 10:10:28,American capital together it machine.,3,3.2,720
2169,2025-08-09 14:19:21,Prepare car that.,1,3.6,1293
2170,2025-08-12 12:51:54,Join truth improve.,5,3.5,901
2171,2025-11-21 15:01:15,Clearly example ok usually human news.,4,3.8,8850
2172,2025-10-14 19:10:58,Challenge stuff though itself long include ever.,1,5.0,1603
2173,2025-07-31 14:34:26,Arm life oil real story cost.,1,4.9,3624
2174,2025-04-23 06:58:21,Camera sing institution into not.,2,4.1,5653
2175,2025-10-29 18:40:23,Single across accept entire miss.,2,4.3,5568
2176,2025-10-27 17:52:09,Course age under hair president blue final box.,3,3.1,1743
2177,2025-07-26 03:50:11,Fear something church.,1,3.2,6038
2178,2025-06-04 21:32:49,Herself drug offer house.,4,4.7,3780
2179,2025-03-10 14:15:23,This first force project each.,1,4.2,6739
2180,2025-01-14 07:16:34,Detail network arm together role.,1,4.1,647
2181,2025-05-14 13:36:45,Focus pass each design instead bag.,2,3.3,9726
2182,2025-06-12 12:44:28,Score responsibility line hear collection.,3,3.5,2678
2183,2025-05-14 04:45:53,Simply strong government spring care.,3,4.6,8501
2184,2025-09-30 19:23:47,Vote he of north pass.,2,4.5,283
2185,2025-10-02 11:09:22,Such several month different near mind draw rock.,5,3.4,2517
2186,2025-06-15 18:45:56,Deal outside now image single.,3,4.1,453
2187,2025-03-10 04:42:39,Century difficult pick close model stock.,1,3.3,4503
2188,2025-03-25 13:39:00,Stop dark action middle.,5,4.6,527
2189,2025-10-25 07:11:24,Success statement onto response political decade.,5,4.2,6219
2190,2025-01-31 20:36:58,Job offer ever believe behavior.,2,4.8,5826
2191,2025-02-17 19:37:28,Middle quickly town consider.,4,3.7,6225
2192,2025-11-09 05:54:15,Structure amount accept success room stock offer enough.,2,4.0,9233
2193,2025-04-24 01:19:37,Rich like these cup it bit.,1,4.1,2662
2194,2025-04-12 07:30:49,Include provide open exactly kitchen.,2,4.8,589
2195,2025-02-23 02:24:08,Doctor provide enough.,1,4.3,7728
2196,2025-10-06 09:52:02,For enjoy life action while soon mouth.,3,4.7,9817
2197,2025-11-19 12:41:37,Community send maybe Mr.,3,4.9,1713
2198,2025-09-23 17:53:21,Quality seek improve as.,5,3.1,6790
2199,2025-02-07 01:38:39,No still alone position white beautiful.,1,3.3,5657
2200,2025-04-23 03:49:24,Industry last set skin.,1,5.0,3200
2201,2025-09-19 08:50:13,Read process box attention such spring.,5,4.7,9396
2202,2025-05-13 05:52:24,Deep their them sort owner computer.,2,4.9,1120
2203,2025-09-02 19:26:57,Onto term fear usually into much.,5,3.5,7701
2204,2025-05-13 15:23:56,Thing listen which truth.,2,4.8,1971
2205,2025-10-23 01:10:17,Actually culture peace shoulder.,1,4.9,9042
2206,2025-07-15 15:26:01,Hope father born effect fall.,1,4.0,2308
2207,2025-06-16 21:49:00,Behavior personal participant management box Republican rule.,5,4.9,1762
2208,2025-07-22 17:56:09,Student other knowledge approach area degree later.,4,4.1,6047
2209,2025-05-16 03:52:32,Recent event store organization pick president live.,4,3.2,1516
2210,2025-09-23 18:11:25,Computer name red someone building question PM deep.,3,3.6,9796
2211,2025-11-19 17:02:37,Determine use should school performance more low during.,5,4.8,9232
2212,2025-03-15 09:21:36,Mr kid view field up another show.,3,3.4,2870
2213,2025-04-21 02:10:19,Tonight seven use people.,2,3.7,4213
2214,2025-06-12 16:30:13,Nearly station section capital difficult wife.,5,4.4,478
2215,2025-02-15 13:00:16,Six brother everyone collection.,5,3.6,1528
2216,2025-05-12 22:44:17,Floor gun money item situation.,4,3.5,4942
2217,2025-06-13 03:57:11,Half too skin.,1,3.5,5147
2218,2025-03-02 23:58:29,Sort whole recently teacher.,2,3.7,90
2219,2025-02-24 07:26:54,Would easy this significant worker among official.,4,4.8,7991
2220,2025-09-19 05:36:17,Difficult staff interesting religious pass north police responsibility.,3,4.0,2433
2221,2025-07-10 10:26:45,Forget growth type card.,4,3.2,6467
2222,2025-10-05 02:04:50,Military significant play least price ever politics.,2,3.8,8132
2223,2025-10-30 23:00:15,Place yard through toward.,1,4.2,1656
2224,2025-06-29 20:33:32,On consider break.,1,3.7,85
2225,2025-08-11 07:18:10,Rich talk expert my feeling.,1,4.0,1918
2226,2025-03-21 04:25:55,Develop know threat simple every.,5,4.6,3956
2227,2025-01-24 03:14:57,Sport someone science a.,1,4.2,6975
2228,2025-02-19 07:51:19,Success standard likely kind PM hair.,4,3.6,1249
2229,2025-09-19 18:39:19,Senior middle relationship.,1,3.1,828
2230,2025-08-03 00:30:56,Test while include performance international total course.,4,4.3,8814
2231,2025-10-10 20:08:45,Another agree heavy scientist in worry.,3,3.5,7468
2232,2025-10-06 00:00:02,Top upon boy how.,1,4.9,1662
2233,2025-11-06 20:37:04,Skill clear onto kind see.,5,3.4,6995
2234,2025-11-13 16:53:38,Story reduce born send important girl much lose.,1,4.5,6217
2235,2025-08-20 17:03:09,Assume all system year.,3,4.9,3411
2236,2025-01-25 06:00:21,Beat treatment yard sea political suddenly its chance.,2,4.1,2411
2237,2025-05-30 02:49:30,Finish discussion begin participant about through sing.,1,4.2,4276
2238,2025-10-07 21:15:53,Address can thus.,2,3.2,4404
2239,2025-01-02 23:15:54,Avoid get herself war wrong mention together.,3,3.4,5842
2240,2025-01-16 12:35:58,Talk television seven arrive outside technology within.,4,3.3,8396
2241,2025-03-06 16:11:18,Sure always office physical.,4,3.4,5222
2242,2025-08-06 11:15:35,Great usually establish plan.,5,4.8,6001
2243,2025-07-23 01:53:10,Entire stuff price case or.,4,3.8,8076
2244,2025-03-13 20:37:26,Produce future of order loss.,1,4.1,3523
2245,2025-08-30 07:23:58,Southern attention describe soon region PM.,4,4.5,9249
2246,2025-04-29 14:20:37,If send region response serious again.,1,4.6,751
2247,2025-09-21 05:53:59,Year amount conference short where rest media.,3,4.2,2396
2248,2025-11-04 23:02:11,Nor be government say.,2,3.1,7719
2249,2025-02-19 04:48:12,Finally quite movie that cost scientist discover data.,3,3.7,5947
2250,2025-06-12 18:29:00,Ok buy member painting process environmental throw.,2,3.6,9392
2251,2025-03-26 05:33:52,Pass Democrat necessary statement speak.,2,4.6,7071
2252,2025-07-04 07:04:40,Arm most music race institution offer.,5,4.1,5827
2253,2025-03-13 23:10:48,Your important professional crime bill then feel.,5,4.2,9230
2254,2025-09-06 15:17:41,Attention wife act someone ago design.,1,4.9,9018
2255,2025-10-15 13:08:43,Effort yeah everyone movie.,4,3.7,2048
2256,2025-01-08 01:59:04,Throw least interest surface nor stop.,5,4.4,6102
2257,2025-02-11 16:43:53,Action learn hair more make.,4,4.5,505
2258,2025-06-06 18:59:50,Officer hair probably agreement.,1,3.5,7555
2259,2025-06-10 09:46:51,Television human do whom.,2,3.0,6953
2260,2025-03-31 23:37:20,Protect ahead fact list well important.,5,4.7,5186
2261,2025-09-21 13:24:46,Five lot appear else.,3,4.7,6641
2262,2025-10-05 03:29:06,Worker human body official hope time.,4,3.7,6450
2263,2025-11-22 01:35:34,Require science whole center yeah.,3,3.4,2606
2264,2025-01-02 21:24:41,Run federal carry.,4,4.5,8685
2265,2025-03-18 14:28:49,Become can exactly sister environmental child prepare.,5,3.1,7632
2266,2025-07-24 04:59:38,Treat body stand wear without character young.,1,4.2,7503
2267,2025-09-27 16:05:52,Claim develop against specific recently whether north.,4,4.7,342
2268,2025-02-27 05:54:30,Can major sit single as yard let.,1,3.4,9851
2269,2025-03-10 08:10:56,Before return dream hotel always.,2,3.2,7364
2270,2025-01-17 04:28:35,Issue might whole quite.,2,4.2,6390
2271,2025-11-02 10:38:07,Poor rich issue represent good.,2,4.9,2633
2272,2025-05-16 19:39:28,Cover between consumer crime technology.,1,3.2,9098
2273,2025-01-26 03:20:30,Others many any easy hard process.,3,3.5,4638
2274,2025-09-15 16:13:23,About training instead eight tonight.,2,3.2,1384
2275,2025-08-26 08:48:01,Throughout letter study consumer rate every.,5,3.8,7148
2276,2025-04-07 10:18:57,Behavior wonder their away inside.,3,3.6,6028
2277,2025-10-27 03:57:25,Opportunity firm Congress amount.,1,4.5,189
2278,2025-05-06 14:16:34,Best trouble society career never.,2,4.3,6829
2279,2025-02-12 09:52:56,Entire Mrs science none foreign.,3,3.8,4644
2280,2025-01-10 07:44:46,Agency choose light social class out.,2,4.8,7515
2281,2025-01-30 20:36:59,Box let laugh.,2,4.4,5110
2282,2025-08-08 02:08:29,Tax another leg guy listen analysis.,4,4.3,2546
2283,2025-06-02 16:59:33,Report involve recent our beautiful name.,2,4.5,3580
2284,2025-03-14 01:16:09,Really red interesting build read usually will.,3,3.6,2515
2285,2025-06-03 14:30:21,Director more apply price.,4,4.2,1211
2286,2025-03-14 23:12:41,Speech hold ground right simple drug black.,2,4.1,1612
2287,2025-06-28 02:37:57,Somebody generation human result.,2,4.1,7823
2288,2025-04-06 23:30:50,Affect down red job now clear.,2,3.3,1514
2289,2025-07-09 13:30:07,Still explain over fund attack technology.,2,4.0,5661
2290,2025-03-25 11:52:30,Century officer way represent example.,4,3.1,6900
2291,2025-05-06 14:40:53,Certainly material international help window any reduce.,1,4.4,3545
2292,2025-11-10 15:32:37,Change agree him listen address.,1,3.0,5538
2293,2025-05-29 08:58:11,Partner with meet.,4,3.5,3325
2294,2025-09-17 11:26:55,Individual lot save surface.,1,3.1,432
2295,2025-07-07 18:39:35,Address item pick end affect after when.,3,4.5,5469
2296,2025-07-22 01:21:10,Section Democrat different trade subject season because.,3,3.5,3283
2297,2025-06-10 04:48:25,May point matter Congress.,5,4.2,2023
2298,2025-02-23 05:10:34,Kid discuss fund sense might.,3,3.3,1906
2299,2025-04-22 22:06:12,Green receive else.,4,4.2,9830
2300,2025-06-10 06:07:56,Already town idea skill above picture serious.,5,4.4,7079
2301,2025-07-30 03:28:32,Consumer act growth network nature.,4,4.2,5860
2302,2025-07-01 02:15:29,Must standard maybe spend language space without live.,5,3.3,3187
2303,2025-11-14 03:13:54,Nature water all car hear few.,1,3.7,9257
2304,2025-06-22 18:58:31,Stuff any wonder cut.,2,3.5,8213
2305,2025-04-11 11:12:12,Amount ahead speak station establish inside laugh.,2,4.9,9066
2306,2025-01-23 08:00:05,Instead friend too than Mr employee.,5,4.3,7122
2307,2025-03-07 17:33:58,Shake alone smile crime.,2,3.4,9158
2308,2025-06-17 01:32:26,Fine cold admit or.,5,3.7,9174
2309,2025-04-28 10:26:39,Hold old ahead debate information.,5,4.9,2527
2310,2025-03-17 11:43:33,Manager friend wall listen suggest product number.,4,3.4,7377
2311,2025-07-16 05:56:15,Lay shoulder if coach out computer say.,1,4.0,303
2312,2025-10-17 20:12:58,Whether term simply turn raise remain.,3,4.5,383
2313,2025-11-03 04:44:54,Forward try range pretty every hold.,2,4.0,7584
2314,2025-03-07 17:53:14,Interesting story himself wish capital.,4,3.2,3024
2315,2025-03-16 04:35:59,Rock position establish later body benefit finish three.,5,4.0,7487
2316,2025-05-15 12:10:09,Present investment talk agreement find appear which artist.,4,4.1,1557
2317,2025-05-17 19:46:17,Region sure strong.,5,3.9,4134
2318,2025-05-04 22:35:57,Score like successful rock practice.,4,3.1,4246
2319,2025-07-21 13:55:55,Similar sister fill despite hear house age.,5,4.9,4746
2320,2025-01-19 02:41:25,Happy campaign of car.,2,4.4,7761
2321,2025-07-31 12:27:11,Time rule study suffer near.,5,4.3,4801
2322,2025-10-05 22:55:43,Sell former development weight.,4,3.5,4124
2323,2025-11-12 15:01:10,What take life billion very.,4,3.9,6597
2324,2025-01-15 12:12:19,Relationship opportunity minute.,2,4.5,220
2325,2025-10-04 08:19:31,Human either nature usually line.,4,4.4,6967
2326,2025-01-30 02:44:21,Party statement yet wide worker long continue.,4,4.7,5819
2327,2025-03-18 14:34:09,Right operation once finish.,4,4.3,8012
2328,2025-04-17 23:22:25,Myself stock really treat almost his.,4,4.6,1207
2329,2025-07-14 15:04:53,Stand finally building officer nature.,4,3.6,9371
2330,2025-04-24 02:17:52,Because military assume why newspaper.,1,4.1,8698
2331,2025-04-16 12:50:18,Run while image president hope appear.,5,4.2,22
2332,2025-05-26 16:20:45,Surface positive our thought stock measure figure.,5,3.1,948
2333,2025-10-30 01:10:03,Red after same both understand.,4,4.8,9781
2334,2025-06-25 16:07:31,Mention magazine agency hospital main.,2,4.2,3655
2335,2025-11-05 11:46:52,Machine use strategy reach act.,1,5.0,9643
2336,2025-07-04 06:33:08,Sort anything him consider.,2,3.9,657
2337,2025-01-22 07:38:18,Future budget sort wish ago.,2,4.1,4390
2338,2025-03-15 11:18:50,Medical most later.,5,3.1,3450
2339,2025-06-24 06:11:33,Attention sign expect process.,2,4.8,5785
2340,2025-11-13 08:41:26,Memory however politics size red yeah.,2,4.9,1411
2341,2025-04-01 18:58:15,Than onto possible apply sound technology raise chair.,4,3.2,6216
2342,2025-05-18 17:34:39,Listen anything large stay voice claim rate read.,1,3.1,9118
2343,2025-03-21 19:50:14,Ok according maybe save response.,3,3.7,1650
2344,2025-10-11 07:50:43,Suffer discover happy tough under.,2,4.7,9035
2345,2025-05-19 13:26:22,Resource poor people concern sister.,1,4.5,9424
2346,2025-07-20 21:30:58,While organization next send role vote upon.,3,4.6,1645
2347,2025-10-01 13:34:08,Opportunity simply eye back significant story.,3,4.3,346
2348,2025-01-23 13:01:29,Walk ok year continue year.,2,4.0,7871
2349,2025-05-06 17:47:55,Goal significant agree work by table matter.,4,3.9,4092
2350,2025-06-24 00:10:00,Spend but wrong.,1,3.3,9513
2351,2025-08-01 05:12:07,Win both rather without.,1,3.2,6654
2352,2025-04-12 07:46:57,Staff pressure eat still adult development back.,5,4.2,4692
2353,2025-02-18 07:39:13,Her between information race kind.,5,5.0,8626
2354,2025-07-17 12:07:43,Defense institution five add.,1,4.0,3449
2355,2025-01-25 03:56:31,East size ago land east let.,1,3.3,5806
2356,2025-09-26 09:12:06,Entire whatever something edge industry.,2,3.2,4276
2357,2025-01-09 07:04:13,Remain include about cup institution chair.,5,3.4,9414
2358,2025-07-25 09:22:32,Shake thank exactly five.,2,3.5,1437
2359,2025-11-01 14:33:09,According unit southern figure over.,1,4.4,5826
2360,2025-03-29 13:53:19,Now report open sell politics reflect follow.,5,3.3,4557
2361,2025-10-09 16:04:50,Education reason whole modern late such.,1,4.2,3456
2362,2025-08-30 06:47:01,Doctor anyone mouth message less.,5,3.2,1802
2363,2025-09-25 09:03:18,Bring ten color middle require modern.,5,4.6,2149
2364,2025-02-21 08:01:08,Difference morning series cost well coach.,3,4.5,4038
2365,2025-10-03 23:53:20,Owner policy perhaps none management.,4,3.2,2572
2366,2025-04-07 16:40:55,Push hear already evidence single.,1,4.9,7533
2367,2025-02-18 03:05:36,Fill church war spring most tell fight peace.,4,4.9,9423
2368,2025-07-05 19:44:49,Purpose network history front season data.,5,3.0,38
2369,2025-08-25 12:33:29,Window realize trip mission when myself.,3,3.0,8737
2370,2025-06-20 11:01:43,Future within evening drug.,4,5.0,4471
2371,2025-01-06 01:12:38,Sound out education note ability morning skin.,3,3.3,6492
2372,2025-04-04 19:54:24,Assume benefit head project.,2,4.0,7936
2373,2025-04-01 12:49:55,Their meet growth address commercial how police include.,4,3.1,2179
2374,2025-09-02 21:27:03,Talk east both.,4,4.2,350
2375,2025-02-16 16:11:00,Newspaper continue mention analysis successful father.,3,3.6,7466
2376,2025-04-05 11:58:41,Anyone but training value.,4,3.3,3010
2377,2025-08-19 00:30:31,Under media fire area some.,2,3.3,4385
2378,2025-10-14 12:52:21,Increase local watch purpose.,4,3.5,4191
2379,2025-05-07 15:41:25,Religious level work sometimes herself.,5,3.6,2170
2380,2025-01-21 14:16:55,Feeling long low generation condition build theory.,4,5.0,7742
2381,2025-03-25 14:47:54,Common rich hundred feeling.,4,3.8,5476
2382,2025-08-02 20:51:08,Surface when free participant work source.,2,3.1,4478
2383,2025-07-10 02:39:01,Body public draw wife leader skin.,4,4.5,9409
2384,2025-04-03 03:14:41,Population box job although treat home century.,5,4.1,7806
2385,2025-06-15 20:31:12,Life them office late some would property.,3,4.5,8131
2386,2025-06-18 12:26:03,Keep long or send floor give.,3,4.9,6809
2387,2025-07-27 13:24:10,Task show agency thousand although suddenly another.,2,3.1,5051
2388,2025-03-21 01:12:30,Visit hospital author total end majority body.,1,4.6,543
2389,2025-02-24 16:59:27,Research fight race.,5,4.3,7739
2390,2025-05-08 11:52:46,Such explain anyone try.,1,3.2,7300
2391,2025-08-09 16:24:28,Trouble bed bed though.,2,4.8,5675
2392,2025-10-02 11:33:41,Fish them prepare ago quickly.,2,4.3,8095
2393,2025-04-25 03:48:08,Improve attorney term give audience a energy.,3,4.9,4802
2394,2025-09-03 04:27:09,Rate speak water example newspaper threat see end.,3,4.1,4776
2395,2025-03-16 08:42:18,Right how since third.,2,4.8,2539
2396,2025-08-02 20:42:08,Effect why enough within clearly beat.,5,4.6,6132
2397,2025-06-17 09:18:28,Book task while mission fear.,4,3.2,5070
2398,2025-11-08 05:08:44,Although discover seem again story mission.,5,3.3,774
2399,2025-11-10 19:22:40,Then night participant his sometimes discover someone church.,3,3.1,7120
2400,2025-04-23 02:58:05,Budget chair family attack style.,3,5.0,8653
2401,2025-09-25 13:25:52,Assume city land out.,2,4.3,7687
2402,2025-05-31 00:06:10,Painting think city born no team modern player.,4,3.2,1786
2403,2025-03-10 05:04:05,Two in listen policy health even weight.,1,3.9,6555
2404,2025-04-28 17:27:58,Despite voice same particular remember your meet.,3,4.1,4742
2405,2025-05-15 13:41:06,Under floor pull Mrs edge day.,2,3.6,3880
2406,2025-05-27 16:49:26,Heavy Mr international support building.,1,4.5,741
2407,2025-03-20 20:02:07,Radio evening throughout training threat room author.,5,3.3,6713
2408,2025-04-10 14:34:11,Seat of consumer business blue color off.,2,3.9,1544
2409,2025-01-12 07:48:08,Material never recently worry guess model successful.,3,4.3,5229
2410,2025-08-19 02:40:10,We who author professional despite media.,2,3.1,5358
2411,2025-05-29 17:44:50,Check possible herself.,2,3.1,7760
2412,2025-04-26 23:40:00,Beat friend research capital.,5,4.8,2119
2413,2025-11-18 12:10:27,When forget magazine prevent station.,5,4.1,8521
2414,2025-08-24 19:53:07,Agent money factor health politics.,2,3.8,7610
2415,2025-09-30 21:59:02,Baby require believe although.,1,4.7,1275
2416,2025-11-22 04:52:08,Enter also that soldier especially.,3,4.4,2437
2417,2025-10-07 17:37:40,Down wish ability quality.,1,3.2,8343
2418,2025-03-20 23:17:25,Card camera contain.,4,3.7,8097
2419,2025-02-22 06:50:00,Exist civil on guy tonight center beat natural.,4,4.5,1735
2420,2025-07-31 17:43:28,Church believe partner upon sign.,4,4.9,7853
2421,2025-09-12 00:00:03,Blood enough or writer particular.,5,3.6,4403
2422,2025-04-27 05:00:52,Interesting make whose expect.,1,4.5,1115
2423,2025-08-25 03:32:05,Around keep some community fire.,4,4.4,9466
2424,2025-05-28 16:46:47,Cost skill create give.,4,4.5,7494
2425,2025-11-24 05:30:17,Either offer imagine economy.,4,4.1,9299
2426,2025-03-04 14:38:31,Live anyone kid visit physical across send reveal.,1,3.7,5674
2427,2025-03-23 16:32:16,Too every continue rest.,1,4.8,7082
2428,2025-05-16 11:32:37,Available throughout green follow check most herself.,1,3.3,2283
2429,2025-09-09 04:35:49,Way technology about method.,2,3.7,3528
2430,2025-05-25 15:28:40,Store sit arm audience factor system range.,1,3.8,7264
2431,2025-03-31 04:31:30,Look second himself amount ever.,3,4.1,2397
2432,2025-05-13 14:01:57,Size green plan first major sing.,2,4.4,9392
2433,2025-02-15 01:49:34,Company sign blood guess carry civil all top.,2,3.0,7352
2434,2025-11-07 11:36:40,Full child town.,1,3.7,5880
2435,2025-11-13 01:18:24,Thousand security debate big will garden.,4,4.6,3787
2436,2025-05-09 05:40:01,Camera page others.,5,4.0,8671
2437,2025-11-09 02:24:45,Leg late item live inside.,4,4.2,9338
2438,2025-07-22 08:23:54,Part happen series herself American cultural summer.,4,4.9,4232
2439,2025-06-11 15:47:07,Here body onto church sense street left.,1,3.4,8940
2440,2025-07-08 20:34:20,Travel generation stop rise no allow.,3,4.0,9198
2441,2025-02-02 16:28:24,Audience prepare young mother former pattern.,3,4.6,1008
2442,2025-08-23 10:28:20,Stuff structure road task Mr.,2,4.3,5523
2443,2025-05-09 07:33:19,Market voice group list.,4,4.0,2348
2444,2025-03-06 02:14:27,Town generation conference day.,2,3.5,8390
2445,2025-06-27 17:56:09,Wall source hour poor question media under.,1,3.7,9709
2446,2025-09-28 17:07:21,Ahead poor realize TV worry follow goal.,1,3.6,3761
2447,2025-07-30 00:27:07,Choice wonder thank student evening.,5,3.5,5279
2448,2025-05-13 14:20:00,Ten material since agreement hope.,2,4.8,4041
2449,2025-09-05 23:56:15,Claim sport into religious environmental data easy.,2,3.4,7650
2450,2025-02-09 03:33:41,Require receive man.,5,3.3,1126
2451,2025-05-19 08:56:33,Ground ahead everybody develop often almost father research.,5,5.0,3503
2452,2025-08-14 06:10:37,Social again short reach toward.,1,3.4,1239
2453,2025-03-08 13:02:33,Final need suffer in.,2,3.3,3130
2454,2025-08-04 08:31:35,Keep authority we political.,5,4.0,2181
2455,2025-04-03 18:52:17,Season music sister condition gun board.,3,4.3,1141
2456,2025-06-12 22:15:02,Provide see office order but whose dinner.,3,4.4,1987
2457,2025-06-24 07:07:09,Job money above suddenly shake.,5,3.7,9652
2458,2025-03-28 12:00:43,Value born glass important both.,1,4.4,4
2459,2025-05-16 11:13:54,Scientist education individual.,2,4.9,3589
2460,2025-07-05 22:13:59,Once lose serve answer nature despite.,1,3.8,8454
2461,2025-06-12 18:56:18,Smile risk answer election.,5,4.5,9288
2462,2025-10-29 09:04:38,Open yard what treat site.,4,3.3,6198
2463,2025-05-05 23:06:15,Price themselves who offer environment.,1,3.7,9134
2464,2025-09-18 08:45:41,Career physical skin public hour reality.,1,3.8,4684
2465,2025-03-05 10:30:20,Chance first will over.,5,4.6,7441
2466,2025-02-03 17:31:47,Between why approach none business.,4,3.8,2109
2467,2025-03-25 12:48:02,Successful difficult deep sign actually Mrs shake else.,3,4.6,3404
2468,2025-08-27 00:08:04,Individual some how today.,3,4.5,2488
2469,2025-11-25 16:19:15,Method with walk card everyone south.,5,3.9,2042
2470,2025-07-15 10:48:09,Stage author travel traditional general recent force.,1,4.5,1492
2471,2025-07-20 14:50:47,Single speech factor home blood.,5,4.2,2646
2472,2025-04-22 04:36:05,Money low book throughout.,3,3.3,3025
2473,2025-01-03 09:22:55,Address wind thousand assume ok.,5,3.3,2931
2474,2025-05-28 08:15:19,Person may value.,1,4.2,7457
2475,2025-06-27 08:37:47,Source area TV son also well catch executive.,3,4.6,4867
2476,2025-04-10 04:40:23,Than discuss discuss anything remain upon.,4,4.8,2439
2477,2025-01-02 22:32:30,Wind discover we.,3,4.5,4166
2478,2025-09-23 10:10:08,Close drug treat amount son executive.,4,3.2,6192
2479,2025-10-09 12:01:40,Fear story keep kitchen control sure stage miss.,5,3.6,8568
2480,2025-09-23 12:53:43,Apply not Democrat kitchen.,5,4.2,5397
2481,2025-11-07 21:36:23,Model war house plant hear democratic.,5,4.6,8554
2482,2025-04-19 00:07:05,These option protect past care mouth place.,4,3.9,9401
2483,2025-07-03 10:55:16,Last three possible participant than would.,5,3.8,985
2484,2025-05-31 04:22:30,Common TV leader data note last understand sell.,5,3.7,7697
2485,2025-01-14 15:37:05,Color newspaper if response story today environment Mrs.,5,4.5,688
2486,2025-09-28 15:05:23,Similar check cultural serious.,3,4.0,8961
2487,2025-03-08 17:59:55,Professional impact blood though.,2,4.8,5806
2488,2025-09-16 03:49:02,Other option edge mother.,5,3.8,2305
2489,2025-09-21 09:51:41,Old whole final wonder yes.,1,4.3,216
2490,2025-08-19 01:18:37,White decade visit raise.,2,3.3,9282
2491,2025-01-28 20:25:51,Black kid both unit.,4,4.2,3111
2492,2025-09-15 11:06:25,Newspaper base stop direction front go president.,3,3.9,3373
2493,2025-03-20 09:35:14,Relationship turn reduce.,1,3.3,3390
2494,2025-10-11 14:16:28,Throughout authority popular read significant choice.,1,4.0,9746
2495,2025-03-12 14:21:40,Around authority tree region.,1,3.1,2926
2496,2025-05-24 09:23:45,Serious gas method sign building available ever.,3,3.6,8565
2497,2025-02-20 11:31:18,About worry term should memory.,4,4.2,4207
2498,2025-04-04 17:07:35,Player character east.,1,3.6,7175
2499,2025-08-25 02:52:13,Brother chance already morning.,1,4.6,376
2500,2025-09-19 11:26:48,Dog find sound.,3,4.2,1187
2501,2025-06-05 07:09:11,Imagine green second.,2,3.3,6715
2502,2025-05-07 04:23:26,Like capital foreign go identify why.,1,4.6,4942
2503,2025-03-03 20:47:32,Century billion step discuss camera south number.,1,3.3,1969
2504,2025-01-28 19:34:22,Type item professional.,5,4.0,8820
2505,2025-10-10 14:19:49,Your control might break huge we leave unit.,2,4.1,4253
2506,2025-04-24 08:04:10,First exactly music ever ever.,4,4.7,5742
2507,2025-11-01 19:46:39,Her once wide response.,4,4.1,2398
2508,2025-09-24 07:28:59,End reduce toward particularly less.,3,4.8,3145
2509,2025-08-07 00:47:41,Computer manage last senior glass majority matter.,3,4.7,7445
2510,2025-07-02 20:31:15,Director mention something next huge ahead American.,4,4.7,6585
2511,2025-06-30 22:49:15,Project as make minute behavior right.,4,3.3,9930
2512,2025-06-24 00:23:18,Resource tax activity see hear hot.,3,3.3,1340
2513,2025-07-09 22:10:58,Best artist sign case series.,1,3.1,4891
2514,2025-10-31 23:16:07,Reality firm scene.,3,4.2,7894
2515,2025-01-20 21:35:17,Better matter movement fill majority president science.,4,4.5,1797
2516,2025-02-18 00:43:45,Quite participant pick consumer nice evidence item.,5,4.0,1093
2517,2025-06-08 13:57:02,Spring worker near local improve.,4,3.8,8001
2518,2025-07-14 17:46:30,Director prepare company together make soon skill.,1,4.8,7405
2519,2025-11-18 02:24:28,Include base nice appear natural kitchen.,1,4.8,20
2520,2025-03-10 14:41:27,Day environment event notice clearly mission.,3,3.8,7805
2521,2025-05-19 08:07:55,Would TV more power why.,4,4.2,4093
2522,2025-05-23 08:00:53,Paper list recent interesting my down.,5,3.6,9364
2523,2025-06-26 23:22:58,Subject middle process risk.,5,3.9,8214
2524,2025-06-15 02:14:43,White ability per thought.,1,3.1,6274
2525,2025-05-16 12:29:24,Than guess hard.,3,4.7,4697
2526,2025-10-11 08:46:01,Run guess later food worry of.,5,4.2,1864
2527,2025-01-26 06:03:37,Doctor thought attention student worry month although.,1,4.9,6891
2528,2025-01-29 04:33:26,Actually nor bag score begin gas military hot.,1,4.7,157
2529,2025-02-20 08:03:44,Alone study behind least.,5,3.9,8037
2530,2025-02-04 15:30:11,Personal past result person.,2,4.0,1998
2531,2025-08-20 12:43:19,Develop energy look red.,1,4.6,3286
2532,2025-08-19 21:55:38,Everyone never second easy hit.,4,4.1,4220
2533,2025-06-19 13:54:53,Matter sure point move.,4,4.6,1497
2534,2025-01-05 07:58:24,Treatment effect rich season or.,1,3.3,8575
2535,2025-07-16 19:19:20,Change low candidate like responsibility shoulder out wish.,3,4.4,3359
2536,2025-04-26 01:13:24,Important surface oil sister serious know.,5,3.4,6240
2537,2025-03-25 08:31:04,Light standard activity magazine whether.,2,3.8,3630
2538,2025-05-03 22:01:51,Special effect stop leave training rest trouble.,4,3.7,5865
2539,2025-03-27 01:29:43,Special break discuss threat exactly.,3,3.5,2899
2540,2025-04-21 12:02:46,Attorney sister hundred protect.,4,3.4,543
2541,2025-01-10 19:26:11,Exist view local structure body case idea agree.,2,4.5,9443
2542,2025-02-23 23:37:42,Answer large unit medical evidence.,1,4.6,3458
2543,2025-07-25 17:00:09,Take majority find hundred item up a.,5,3.1,7031
2544,2025-01-19 06:03:55,Image media west among.,1,4.6,8631
2545,2025-05-29 21:50:03,Food media front dream.,5,3.6,7068
2546,2025-06-20 17:40:07,Former early name consumer treatment specific.,2,4.2,4339
2547,2025-05-11 09:30:21,Give politics whole member western indeed concern.,3,3.0,271
2548,2025-09-23 18:29:50,Glass seat this thought reflect campaign suffer way.,3,4.1,6384
2549,2025-06-09 22:59:56,Pm tell cold some whole.,1,4.7,5036
2550,2025-03-18 06:01:54,Point step business three senior.,5,4.8,1083
2551,2025-09-15 09:03:32,Cell maintain speak government thought.,3,4.3,8817
2552,2025-03-12 07:51:31,Pull quite short commercial church recently check education.,2,3.2,3930
2553,2025-09-14 12:58:03,Often husband center new number character step.,1,3.1,203
2554,2025-02-26 08:23:13,Reality boy medical young individual along red.,2,4.7,2693
2555,2025-02-20 18:47:45,Drive father either church.,2,3.0,6582
2556,2025-01-28 02:52:14,Feeling claim marriage form read anyone purpose.,2,4.9,8032
2557,2025-08-28 23:03:42,Interesting understand card everything either.,1,3.5,3599
2558,2025-04-27 16:34:35,Realize fund usually defense question bed scene ready.,4,3.4,229
2559,2025-09-27 19:05:56,Single several increase.,1,3.1,3352
2560,2025-05-09 13:36:21,Pick story every above.,2,3.5,8724
2561,2025-09-21 09:46:30,Wide behavior world large operation begin.,4,3.6,8275
2562,2025-01-27 20:45:28,Big degree condition through us apply.,2,4.0,3445
2563,2025-04-25 07:27:03,Trial fall too she true.,3,5.0,263
2564,2025-09-18 04:31:00,Conference today end support side cut Democrat.,5,3.5,8565
2565,2025-01-29 01:22:58,Century indeed morning political east compare mind.,1,5.0,5143
2566,2025-11-19 15:49:34,Customer trade partner energy story deep.,4,4.6,9263
2567,2025-01-19 23:00:12,Control majority some leg.,2,3.2,9149
2568,2025-03-14 10:21:47,Computer discussion smile individual character provide identify recently.,5,3.2,8532
2569,2025-11-16 16:00:40,What order hard view.,3,4.7,4048
2570,2025-07-18 14:15:59,Consumer away clear religious.,5,4.8,6294
2571,2025-04-30 01:47:00,High true per general.,1,4.5,9287
2572,2025-09-30 06:18:09,Myself property east give very movement sister.,2,3.9,3410
2573,2025-09-27 20:14:19,Order American own.,1,4.3,5478
2574,2025-10-24 07:20:14,Consider among reflect appear foot capital.,3,3.4,8181
2575,2025-02-10 03:07:04,Believe market program experience Democrat.,2,4.8,1501
2576,2025-01-11 02:11:53,Situation wind collection brother.,3,4.3,241
2577,2025-07-14 21:47:59,Mention could range camera participant population.,3,3.8,3071
2578,2025-03-20 06:09:08,Into source red learn reality history run.,2,4.1,3822
2579,2025-01-25 14:24:03,Citizen peace reflect nature yes former push foreign.,1,3.2,7315
2580,2025-03-23 15:19:02,Garden current reason good report.,1,4.4,7035
2581,2025-03-06 00:46:18,Style off address buy.,3,4.8,5982
2582,2025-02-19 22:26:23,Daughter low remember break message partner force individual.,1,3.7,1940
2583,2025-08-03 04:43:10,Reflect event table north under.,4,3.2,2028
2584,2025-10-23 01:50:28,Like allow factor find.,1,3.3,6467
2585,2025-07-11 16:06:06,Way test smile last trial among mention.,5,3.5,3162
2586,2025-09-30 04:28:48,Student senior beyond box realize.,5,3.8,2167
2587,2025-01-21 07:12:57,Coach professor consider green pay than week.,5,4.1,3233
2588,2025-06-15 06:13:43,Note own hold social and some too.,1,4.8,9135
2589,2025-01-31 00:03:13,Rest especially item color.,4,3.5,8967
2590,2025-01-09 08:14:05,Reduce raise account set step front together business.,3,4.6,1031
2591,2025-02-25 06:41:30,Material check appear interest black.,3,3.9,1438
2592,2025-05-26 14:03:42,Cut cause old at first ball.,1,4.7,4406
2593,2025-06-28 15:54:53,Spend tax suddenly performance.,2,4.6,7896
2594,2025-11-05 18:28:11,Financial goal represent painting black bring.,3,3.6,8103
2595,2025-08-26 13:40:20,Early between own use.,1,4.0,9490
2596,2025-02-16 19:56:59,Attorney house sign structure make perhaps.,1,3.9,9866
2597,2025-08-30 06:22:19,Drop spend yet fear word add worry.,3,3.1,6875
2598,2025-08-31 05:14:41,Page measure meet power suddenly daughter.,2,3.1,9056
2599,2025-08-24 02:37:41,Report other she usually ten show.,1,4.4,2655
2600,2025-04-04 18:31:37,Fear join long him fight.,3,3.2,5267
2601,2025-04-28 13:40:07,Vote save high find collection father identify.,2,4.7,3519
2602,2025-11-04 16:33:58,Stock establish baby.,4,4.7,2284
2603,2025-07-27 20:48:23,Government kid today.,5,4.5,9729
2604,2025-02-22 00:00:42,Poor push thought media tree risk.,4,3.7,8502
2605,2025-11-24 08:57:09,Represent trial bad administration stand read church present.,2,3.8,2586
2606,2025-01-29 03:39:42,Son either claim speech seven activity.,5,4.2,9584
2607,2025-10-18 04:14:06,Young wind recognize somebody player our data boy.,5,3.2,8984
2608,2025-04-27 15:27:46,Rather physical recognize large.,4,4.9,5726
2609,2025-09-08 07:15:37,Talk a later size national address.,4,4.5,363
2610,2025-01-15 19:26:36,Bank happen avoid turn away measure.,2,4.4,2003
2611,2025-07-18 05:41:52,Common state tax recent would leg.,4,3.6,6295
2612,2025-06-28 20:19:56,Executive heavy drug.,3,3.3,6597
2613,2025-06-20 23:00:34,Painting store who foot strong.,4,4.7,1015
2614,2025-03-25 20:01:38,Win than must.,1,4.5,5180
2615,2025-08-10 08:17:48,Hair many reflect ready debate.,4,4.7,7414
2616,2025-04-30 14:37:12,Organization federal make assume.,4,4.5,7850
2617,2025-05-14 18:21:37,Skin wish type or third control pattern.,3,4.3,1491
2618,2025-11-04 02:04:05,Forget born get sister film treatment.,1,3.2,3975
2619,2025-03-08 18:25:38,Stand half evening around admit product.,1,3.9,2618
2620,2025-01-29 09:55:48,Apply discover officer bank sea.,2,4.0,4302
2621,2025-01-10 19:21:21,Group nearly police give drive reach one.,1,3.9,8975
2622,2025-02-20 16:26:43,Challenge bar too very customer anything between begin.,5,4.8,8039
2623,2025-02-03 10:04:59,Six ask billion such shoulder recent occur.,4,4.7,3880
2624,2025-07-08 16:45:35,Organization yourself then lose.,5,4.5,3988
2625,2025-03-08 09:20:52,Fish personal account throughout.,1,4.1,9348
2626,2025-06-11 20:33:05,Him long story professor study well.,1,3.2,5960
2627,2025-07-16 06:39:32,Party service take relate employee.,1,4.4,4737
2628,2025-11-24 13:16:36,Them study plan west every real dream.,1,4.7,2945
2629,2025-07-23 05:27:15,Record professor operation move true.,2,3.5,8028
2630,2025-01-24 16:17:31,Month sure agency.,4,3.7,2248
2631,2025-09-24 10:55:46,Minute common air black entire own.,2,3.9,4423
2632,2025-11-15 21:41:55,Professor job if watch together for.,1,4.8,1209
2633,2025-11-10 02:10:26,Writer relationship dinner matter court.,4,3.8,43
2634,2025-08-29 03:58:18,Wall low building.,4,3.3,423
2635,2025-08-13 03:28:32,Recently growth view remain fact.,4,4.9,5396
2636,2025-01-26 04:56:45,Matter her good final attack.,5,4.5,4749
2637,2025-09-13 10:09:02,Knowledge dream hope sound.,4,4.8,5680
2638,2025-10-16 23:49:45,Firm exist dog during something behavior.,4,3.4,9786
2639,2025-02-06 05:26:50,Care field leave several expect cup line call.,3,4.2,8499
2640,2025-07-08 15:00:46,Few take maintain too court letter majority.,3,3.5,72
2641,2025-01-19 18:14:13,Piece everything despite agree international thought.,4,4.7,3563
2642,2025-02-27 12:15:01,Benefit anything summer big wide maintain.,5,3.0,4173
2643,2025-02-06 11:49:04,Dark blood image sometimes energy.,2,3.4,9218
2644,2025-06-16 03:37:30,Force whatever cup research door.,1,4.0,5388
2645,2025-07-24 17:15:56,Economic network run interesting explain middle.,3,3.6,337
2646,2025-06-30 12:04:51,Several generation difference sister across consumer.,5,3.8,1875
2647,2025-08-13 01:37:54,Common own should store project same.,2,3.2,2936
2648,2025-03-23 10:07:21,Interview he identify leave already after.,5,3.4,681
2649,2025-02-04 14:05:52,Final child accept establish.,1,4.4,6246
2650,2025-02-23 09:01:41,Prepare kitchen technology her wall score.,5,3.9,9758
2651,2025-06-13 06:46:36,Data subject enjoy identify.,4,3.5,3815
2652,2025-03-15 16:55:59,Throughout avoid instead join.,2,4.6,8449
2653,2025-09-06 19:43:56,Two over group program run lawyer.,1,3.2,9864
2654,2025-05-13 16:13:47,Be professor discover a listen everything.,1,3.2,9510
2655,2025-11-20 13:43:01,Garden effect manager list member arm wide garden.,4,4.9,6113
2656,2025-09-30 07:06:26,Series per million its every base too.,4,4.5,1855
2657,2025-08-06 17:08:59,Law high understand senior send single.,4,3.6,2861
2658,2025-05-20 08:33:27,Chance agree rule plan.,4,4.9,9717
2659,2025-10-09 17:31:34,Leave travel level western full financial.,5,4.6,8301
2660,2025-02-02 13:28:59,Author sure want.,4,3.8,6976
2661,2025-01-22 16:09:07,However available radio side.,5,3.5,327
2662,2025-02-24 10:08:58,Crime matter probably travel away mean development.,2,3.7,2695
2663,2025-02-03 05:52:29,Discover from way mind science.,1,3.4,3776
2664,2025-10-16 17:56:09,Of national church sound center him.,3,3.3,49
2665,2025-03-12 13:36:54,Blue here they friend animal real.,4,4.4,6173
2666,2025-08-14 08:29:11,Long computer check couple add.,1,3.3,1272
2667,2025-03-31 17:25:39,Lawyer risk keep suddenly support camera.,5,4.6,4216
2668,2025-01-03 22:03:59,Land growth share show.,3,4.8,5524
2669,2025-10-12 07:37:52,They where economy against investment decision full Democrat.,3,4.2,5459
2670,2025-11-19 09:03:15,Provide various woman term result third word.,4,4.8,7406
2671,2025-02-15 03:23:21,Rock religious account bank money will article base.,2,3.1,7288
2672,2025-08-20 07:44:10,Really finish difficult account glass rock car.,1,4.4,2031
2673,2025-07-29 22:22:53,Life focus wrong change down control.,2,3.1,8502
2674,2025-06-17 01:58:33,In form common its fly home west option.,3,3.7,7643
2675,2025-09-11 22:22:42,Be now about indeed beyond wish.,1,3.2,8433
2676,2025-02-18 02:30:19,Whom evidence well doctor board short.,5,3.1,6822
2677,2025-02-26 04:59:55,Billion wife role alone assume last.,2,3.9,5688
2678,2025-10-25 08:37:23,Stop design behavior have morning issue political.,1,3.4,7946
2679,2025-02-22 11:50:05,Life provide professor mother painting movement.,5,3.4,9901
2680,2025-04-07 17:34:45,Matter data material may.,4,4.0,6549
2681,2025-02-28 01:58:54,Main they teacher make my type.,4,4.3,7862
2682,2025-01-20 07:39:39,Upon power south social task say change.,4,3.6,4776
2683,2025-04-16 00:57:13,Key name military language term also.,1,3.7,1298
2684,2025-05-21 06:47:52,That network know again ok indeed.,2,3.5,5103
2685,2025-11-12 17:30:52,Strategy bill coach tree plan buy imagine.,1,4.8,8739
2686,2025-08-22 00:24:41,Record second real mouth rather parent manage.,4,3.2,1262
2687,2025-11-10 20:12:59,Huge ability free.,5,3.5,4041
2688,2025-01-15 11:53:23,Case dark including type of begin often.,4,3.6,5197
2689,2025-10-08 12:48:53,Knowledge politics just place specific dinner.,2,4.2,5795
2690,2025-10-26 07:49:14,Responsibility under foreign science music.,2,4.3,6722
2691,2025-10-02 02:18:16,Man unit white everyone.,4,3.4,2540
2692,2025-05-26 16:49:59,Shoulder note impact from.,2,4.8,7621
2693,2025-05-10 17:53:29,Five game ball single coach agency.,2,3.6,1914
2694,2025-07-31 02:55:49,However may son just final.,1,4.0,8705
2695,2025-03-02 00:15:47,Your heart may brother mouth.,1,4.5,2719
2696,2025-01-12 18:33:06,Simply figure through political language.,3,3.4,3563
2697,2025-05-15 22:36:04,Us information American film change item college enter.,2,3.3,6968
2698,2025-03-13 09:09:20,Cause notice themselves myself go arrive.,1,3.3,3324
2699,2025-01-17 12:11:09,Might explain feeling art public.,5,3.3,4550
2700,2025-11-21 20:16:25,Herself clearly three other design.,4,3.2,2990
2701,2025-03-23 05:17:46,Land treatment coach the hear two year there.,5,3.5,1879
2702,2025-02-01 21:27:50,Mr month break eye war.,1,4.0,3699
2703,2025-08-17 02:04:49,Establish remember example professional sort box seat.,3,3.0,529
2704,2025-01-09 07:50:20,While itself strategy buy whom weight agreement.,3,4.0,2234
2705,2025-11-11 07:35:44,Time real popular statement perform church break you.,1,3.3,5525
2706,2025-07-23 03:46:58,Hotel floor may.,1,3.1,9259
2707,2025-08-15 13:47:52,Action animal ask soon.,2,4.9,2423
2708,2025-11-18 06:06:27,Speech final they land director trial.,5,3.8,9707
2709,2025-05-30 16:15:02,Blue far surface plant with.,5,4.0,4198
2710,2025-05-26 19:10:46,Growth military risk kind.,4,4.0,4894
2711,2025-01-17 18:33:57,International discover fall begin.,2,4.0,2442
2712,2025-07-13 15:35:43,Baby head window call.,2,3.5,4486
2713,2025-09-05 01:43:37,Character college entire sure view probably.,2,4.7,4475
2714,2025-09-02 13:12:13,Fact begin interesting front world affect point.,5,4.8,7124
2715,2025-10-10 13:03:06,For administration cause realize agency nation trial feel.,3,4.1,8936
2716,2025-03-03 05:09:32,These nice adult among nor.,3,4.0,6442
2717,2025-03-15 03:03:19,Network certain word response action place agent.,3,3.9,3264
2718,2025-08-19 20:05:39,Office today image understand local growth assume.,3,3.7,3442
2719,2025-10-10 12:29:06,Bad black issue save.,2,4.5,2906
2720,2025-05-05 07:50:20,Guess develop eye house same skill yourself often.,5,4.9,7195
2721,2025-02-28 20:28:51,Discover eight hand try data card.,2,4.9,2105
2722,2025-11-22 01:46:52,Address serious meet.,2,3.0,5058
2723,2025-03-22 19:37:44,Win measure nearly usually space quite financial.,1,4.6,1289
2724,2025-09-12 15:24:22,Agent total central series option may purpose note.,1,3.4,9654
2725,2025-04-17 03:34:02,Own career now.,2,3.7,3063
2726,2025-07-02 07:40:16,Notice process particularly national military may.,3,4.3,6271
2727,2025-04-17 13:18:05,Civil growth situation international.,2,4.2,4102
2728,2025-08-05 05:10:02,We story soon.,1,3.3,708
2729,2025-08-22 21:20:02,Republican life quickly executive.,5,3.6,8149
2730,2025-04-26 07:12:27,Medical item stock ten medical.,1,4.3,948
2731,2025-08-26 07:51:04,Blood modern tend once sister.,3,4.4,1733
2732,2025-02-05 19:31:05,Wear happy ask evening land notice exist Congress.,3,3.4,6567
2733,2025-07-31 22:58:01,Film child possible news.,2,4.5,7148
2734,2025-01-17 08:35:42,True practice manage she.,5,3.8,6401
2735,2025-03-28 02:55:40,Environmental large walk artist our allow.,2,4.8,2447
2736,2025-07-04 07:41:08,Generation safe night require wish.,3,4.2,8412
2737,2025-02-26 06:16:28,Fill section property perhaps those.,3,3.9,21
2738,2025-04-21 10:03:27,Better ten travel despite.,4,4.1,7888
2739,2025-02-04 15:40:28,Good white room book good against point.,2,3.5,8725
2740,2025-08-10 05:18:49,Ahead store citizen southern environmental age sort significant.,5,4.9,7332
2741,2025-02-02 18:20:05,Person work particular power seek couple.,5,3.4,2216
2742,2025-11-09 05:16:59,Country kid eye TV.,1,3.7,6398
2743,2025-03-10 10:21:43,Business space leg.,2,3.3,1179
2744,2025-08-30 05:26:09,Sense blue style charge some senior before always.,4,4.2,1693
2745,2025-05-08 19:21:07,Paper wait amount.,5,4.2,8503
2746,2025-06-01 09:06:15,Water bad bar couple game network bring.,1,3.4,992
2747,2025-04-05 09:43:39,Food mouth enough stuff discuss wait throughout.,4,4.3,249
2748,2025-08-28 22:03:13,Likely according north trial future bar which.,1,4.9,4648
2749,2025-08-19 05:08:42,Nothing change what talk time year.,5,4.8,326
2750,2025-05-07 13:56:01,Cut couple challenge ago apply contain.,3,3.2,4044
2751,2025-03-26 10:35:06,Necessary purpose firm the heavy natural rather.,1,4.8,8491
2752,2025-02-20 08:59:21,Measure simple include again part kid support.,1,4.4,7217
2753,2025-07-08 14:29:26,History middle attention woman next rise free.,4,3.5,3555
2754,2025-02-02 04:42:35,Value tough little environmental fact.,1,4.6,4309
2755,2025-05-30 19:36:16,Member himself news ready hit wrong Mrs.,1,4.1,7052
2756,2025-04-07 19:08:29,Bar city thought follow use fine friend north.,3,4.2,1137
2757,2025-08-08 17:16:34,Voice skin only medical far.,3,4.9,4769
2758,2025-07-04 14:55:15,Choice job top within me hospital.,1,3.3,6555
2759,2025-05-09 20:56:25,Lead maintain indicate.,5,4.8,2753
2760,2025-06-28 15:37:21,Avoid picture spend remember.,2,3.3,9953
2761,2025-10-02 08:02:10,Worry defense fact five medical buy.,1,4.1,2840
2762,2025-11-07 14:53:29,Whether letter person never serve.,2,4.7,5013
2763,2025-11-10 04:42:52,Season purpose whatever particularly site point.,2,3.2,8022
2764,2025-05-25 11:39:29,Half air garden answer base return.,5,3.7,4328
2765,2025-11-04 09:59:12,Person town there exactly loss outside.,1,4.4,9951
2766,2025-09-12 00:42:38,Western quite pressure anything bit.,2,4.2,5065
2767,2025-08-28 03:57:26,Move there current lead window.,2,4.2,8698
2768,2025-04-04 06:03:56,Raise step pretty kid detail.,5,4.0,3898
2769,2025-02-02 14:22:16,Protect pretty either who like wish improve player.,4,4.7,6996
2770,2025-06-04 02:08:25,Both trade order.,2,3.8,4458
2771,2025-09-22 15:18:27,Attack car mother light south suddenly mouth.,1,4.5,2116
2772,2025-06-23 16:17:59,Stay recent office strategy word concern.,4,3.3,4252
2773,2025-04-15 23:30:17,Break benefit will.,5,4.7,5861
2774,2025-02-25 08:22:07,Thing writer eat citizen.,3,3.9,6868
2775,2025-07-28 13:16:36,Good option training ago.,5,4.3,672
2776,2025-01-09 00:41:11,Size argue phone when single such heavy role.,5,3.4,1656
2777,2025-05-10 10:05:22,Yes music indeed protect box approach.,4,3.7,5639
2778,2025-01-14 14:24:54,Mean value yourself others without ten art.,1,3.8,9775
2779,2025-06-02 21:07:08,No mean design military ahead friend.,3,4.1,2641
2780,2025-06-18 09:08:10,Their environmental foot still baby court marriage.,2,4.3,6368
2781,2025-03-07 21:14:49,Rock heart professional rule great person all.,5,3.6,7834
2782,2025-01-26 09:34:00,Ask team professor again air however.,2,3.6,4156
2783,2025-10-27 02:17:24,Person seem note.,4,4.6,1611
2784,2025-01-14 01:49:45,Describe soldier join fight show build realize parent.,5,3.8,5466
2785,2025-07-14 19:11:03,Soldier value house thousand tell week.,4,4.2,6315
2786,2025-08-01 23:27:46,Recognize learn radio human amount.,4,3.1,5478
2787,2025-01-15 07:38:16,Similar human attention camera.,3,4.1,9561
2788,2025-05-03 08:43:16,Never happy report southern commercial laugh.,3,3.2,6540
2789,2025-11-17 01:15:20,Feel reach bill then process.,1,3.7,1269
2790,2025-09-03 17:28:34,Parent city until plant become tell.,5,4.3,5018
2791,2025-02-14 13:45:16,Example time author history arm capital seven manage.,2,3.1,4694
2792,2025-05-09 11:42:04,Family sport store speech economic.,4,4.9,8222
2793,2025-07-23 22:34:27,Two guess thank building design will.,3,4.9,4704
2794,2025-01-19 14:39:31,Include skill direction might.,5,3.3,1223
2795,2025-08-30 10:41:48,Ahead maybe central election.,3,3.0,5655
2796,2025-10-15 06:09:12,Seven quite west tend standard voice.,3,3.5,1047
2797,2025-05-03 15:03:58,Result media pretty community Mr which.,1,4.3,1605
2798,2025-03-07 21:42:03,Laugh seat perform even politics push.,3,4.6,5768
2799,2025-03-15 07:19:19,Design total seek instead source local.,5,4.5,2489
2800,2025-03-23 21:49:59,Back instead myself join include need.,1,4.8,2442
2801,2025-07-28 00:02:53,Direction whole station.,3,4.6,3524
2802,2025-03-20 14:36:45,List news computer lot generation ten role.,5,3.9,6706
2803,2025-07-16 18:34:28,Reflect between whatever when specific fall.,2,4.4,6386
2804,2025-05-13 07:24:52,Interest before environmental with bring.,4,3.9,508
2805,2025-08-10 14:14:26,Behind argue campaign three cultural hit watch then.,5,4.6,1960
2806,2025-03-22 09:58:25,Memory still both loss language summer.,4,3.4,6845
2807,2025-03-20 11:53:44,Administration TV list step.,5,3.4,4623
2808,2025-11-23 00:20:11,Have cultural gun which water.,2,3.0,2760
2809,2025-09-12 14:13:15,Sing rise station home white story.,4,3.6,5489
2810,2025-04-20 22:00:50,Join image certainly research training.,5,4.9,228
2811,2025-03-14 21:56:34,So million require.,5,4.0,8761
2812,2025-10-18 14:20:05,Other between available want technology white.,1,4.9,5167
2813,2025-01-08 15:01:31,Accept education sell space pressure if left theory.,3,3.1,8082
2814,2025-01-06 10:41:04,Often road heart artist hot now number among.,1,3.3,2911
2815,2025-05-10 06:19:56,Summer according lawyer spring think mouth.,1,4.1,1509
2816,2025-08-20 15:22:29,Common hour government treatment.,1,4.8,3953
2817,2025-10-15 12:08:53,Measure trade individual wait level than.,3,3.6,9255
2818,2025-05-29 12:21:56,Inside debate along role again Congress.,3,3.2,4920
2819,2025-04-07 13:39:36,Argue nation easy fire whatever.,5,4.3,3328
2820,2025-09-20 04:34:31,Forget wish trade first seat.,2,3.5,3448
2821,2025-01-27 06:03:19,Often vote work change hit off risk.,4,4.5,7708
2822,2025-10-07 15:58:43,Subject between apply size community.,4,3.9,9041
2823,2025-06-06 21:03:45,Government build collection design individual year film worker.,4,4.6,4217
2824,2025-03-15 00:48:37,Its through structure those.,3,4.3,2256
2825,2025-02-08 23:36:15,Born radio behind because.,2,4.8,9091
2826,2025-03-23 10:24:01,Without writer become almost anyone.,4,4.8,6115
2827,2025-01-13 13:09:01,Everyone yard particular level room.,2,3.4,7071
2828,2025-09-21 12:57:15,Also push painting impact public.,3,3.1,9940
2829,2025-08-02 14:47:32,Truth offer administration understand parent while event.,5,3.4,4455
2830,2025-02-15 21:57:45,Source mother look let yeah day owner ground.,3,3.1,4525
2831,2025-10-22 22:19:37,Beyond focus both member could rather say.,2,3.7,5268
2832,2025-07-02 05:51:56,Arrive next daughter.,4,4.9,693
2833,2025-06-06 21:00:31,Inside risk watch low answer money.,5,4.2,1102
2834,2025-10-15 19:07:15,Campaign single thus to public.,5,3.2,7437
2835,2025-04-25 14:29:08,Professional parent agreement painting.,2,4.4,6248
2836,2025-02-28 01:37:15,Stop star level cut together body.,1,4.8,5512
2837,2025-05-29 00:57:09,Responsibility health change production statement paper.,1,4.9,8294
2838,2025-08-15 00:17:44,Various bag stage entire cover approach recent can.,5,3.3,2932
2839,2025-04-01 15:39:52,Professional pay reach government rule art I.,5,3.7,4991
2840,2025-03-19 23:19:03,Number approach politics yeah boy.,5,3.1,7899
2841,2025-07-24 19:09:01,Moment item wait morning either might agent.,2,3.2,6231
2842,2025-09-24 08:17:58,Top peace address over this name ground.,2,4.6,8257
2843,2025-05-22 09:33:37,It improve think suggest.,4,4.5,9425
2844,2025-07-17 17:08:16,Watch easy yourself mind its carry.,3,4.6,5509
2845,2025-05-23 10:44:36,Other wife staff value stock term agent.,3,4.7,2438
2846,2025-02-01 14:55:44,Of after scene send property.,1,4.9,4622
2847,2025-06-02 19:11:06,Hotel near strong financial.,1,4.7,7593
2848,2025-10-16 18:38:53,Design black indicate toward save stage raise.,2,4.3,8778
2849,2025-09-23 23:20:32,People work impact ask.,2,3.8,7029
2850,2025-10-04 17:16:26,Each nor require sometimes who especially fill.,5,4.3,9034
2851,2025-10-07 09:17:54,System along bar clear find training write.,1,3.7,2170
2852,2025-10-18 17:29:53,Bring offer note summer education.,4,3.9,9105
2853,2025-09-25 02:46:27,Reach good it responsibility avoid road though reduce.,5,4.3,6202
2854,2025-10-09 10:03:55,Politics process half if field style.,1,3.8,1198
2855,2025-08-03 15:58:40,Career detail four trial listen.,2,3.5,4091
2856,2025-06-05 10:03:39,Positive just prove dog.,1,3.1,7329
2857,2025-01-10 20:06:35,Forward everybody partner citizen.,1,4.1,2349
2858,2025-07-21 06:16:07,Can reach dinner.,3,4.8,6913
2859,2025-04-14 10:14:12,Finish garden threat you then whatever window.,4,4.1,7703
2860,2025-06-09 12:31:05,Public that middle fact time begin happy.,2,4.1,1587
2861,2025-02-08 00:30:07,Paper along nor break experience according voice.,3,4.0,7174
2862,2025-02-14 04:38:46,When take husband hot believe great third explain.,1,4.6,9996
2863,2025-08-03 18:25:13,Boy free together too.,5,4.4,8755
2864,2025-05-08 15:24:06,Gun reason when run part why.,2,4.7,9329
2865,2025-01-25 00:53:42,Agent according take something church team son.,5,3.3,4611
2866,2025-10-24 09:08:37,Player effect write bad election carry eat.,1,3.3,6248
2867,2025-04-25 18:41:49,Beat part party arm war but.,4,4.7,9123
2868,2025-03-15 03:15:52,Young several begin appear.,2,3.5,2318
2869,2025-10-31 16:14:46,Give ahead rate suddenly forget environment.,1,4.3,7895
2870,2025-06-13 19:59:15,Far bank mission wear.,5,4.1,6328
2871,2025-11-24 15:28:06,Go win through bring big role see.,1,4.4,4419
2872,2025-05-15 20:00:06,Happy little write threat.,1,4.8,3648
2873,2025-11-21 05:51:59,Agency receive sometimes stock education leave.,5,4.8,5397
2874,2025-03-31 00:42:42,Everyone talk policy compare small kid.,4,4.3,5501
2875,2025-01-15 15:06:08,Song executive window issue spend week mother.,5,3.5,9761
2876,2025-05-15 02:54:37,Work color east measure green why use.,4,3.4,1129
2877,2025-06-15 10:16:58,Hear standard these certain college.,2,3.3,1783
2878,2025-01-04 20:15:53,Very individual our your marriage though set.,3,3.8,6083
2879,2025-10-24 00:51:00,Give receive guy quickly plan.,2,4.8,3578
2880,2025-03-20 20:53:46,Shoulder serious really call color to.,2,3.5,3820
2881,2025-05-16 01:44:52,Produce security green chance fast management.,1,4.4,6744
2882,2025-02-01 10:02:27,Pretty dog pattern dark Republican interesting safe.,5,3.3,8999
2883,2025-04-22 06:33:11,Lead institution black treatment kid.,3,3.4,7018
2884,2025-01-12 17:40:57,Federal beat cause their military go.,3,4.5,1605
2885,2025-09-07 15:53:27,Feeling use politics lead ten soon organization season.,4,4.7,4426
2886,2025-03-01 00:24:39,Century effort student which.,3,4.1,1139
2887,2025-10-23 20:33:56,Focus affect seem.,3,3.6,9271
2888,2025-03-05 19:36:08,Player federal source face fly party view.,2,4.1,337
2889,2025-07-10 09:17:59,Page laugh several price professor especially majority.,4,3.7,3866
2890,2025-08-20 07:44:14,She event learn sure.,1,3.6,8951
2891,2025-08-30 03:34:34,Owner support point miss city would.,5,4.1,5104
2892,2025-10-10 02:41:03,Class pressure perhaps yes modern.,1,3.1,5484
2893,2025-07-03 17:42:53,Carry hit must film everybody role follow.,4,3.9,5955
2894,2025-04-16 21:12:14,View throw wonder hundred.,4,4.4,2055
2895,2025-03-14 11:54:15,Without later assume line.,5,3.5,7035
2896,2025-05-15 05:05:22,Firm throw manager four light market simply.,2,4.2,5672
2897,2025-04-02 06:28:56,Each improve she old.,1,4.8,6485
2898,2025-09-04 09:58:01,Bring challenge church write late character story.,4,3.4,671
2899,2025-10-11 17:55:40,Go whatever create wide Mr easy.,1,4.6,4407
2900,2025-08-31 21:01:58,This movie director newspaper defense.,2,3.3,6912
2901,2025-09-15 10:38:24,Real series kid media raise very.,2,3.1,7691
2902,2025-01-12 22:34:52,Article modern tax design any not.,2,3.5,3625
2903,2025-04-23 18:51:33,Mean bit now tonight less green.,2,4.4,7029
2904,2025-10-24 09:59:30,White large drive couple admit while.,4,4.9,4762
2905,2025-11-11 23:57:15,Son feel amount lead next probably art.,2,4.9,9059
2906,2025-11-08 06:20:19,He action less relationship.,5,3.2,6578
2907,2025-04-20 02:37:31,Party author mention black.,5,4.7,3527
2908,2025-04-27 23:45:48,Change himself arrive free ball office.,2,4.2,4515
2909,2025-05-08 00:43:54,Pick than that box north quality.,2,4.7,3746
2910,2025-07-20 23:12:14,Month other that kitchen particular treatment test.,2,5.0,7572
2911,2025-07-21 14:55:16,Dinner individual before million.,1,3.3,2527
2912,2025-01-02 17:16:49,Prevent continue police forget game nation ability.,4,4.5,8975
2913,2025-04-04 21:10:35,Explain education on machine student religious decision.,2,3.5,8312
2914,2025-09-02 00:10:09,Hospital set enjoy.,1,4.1,7741
2915,2025-07-09 13:15:45,Assume live reason management.,2,3.6,1926
2916,2025-04-22 12:51:58,Detail at ten.,4,3.1,8165
2917,2025-01-07 19:38:44,Participant become get purpose thing bag none dog.,1,3.4,4756
2918,2025-08-24 08:26:52,Strategy even billion analysis owner situation.,2,4.4,8331
2919,2025-10-25 11:24:09,Model position investment task consumer exist.,5,3.7,1982
2920,2025-09-02 10:56:18,Building try check through.,3,3.1,2444
2921,2025-08-15 00:50:05,I opportunity social style top include.,3,4.0,1279
2922,2025-06-08 06:54:55,Stand wait than serious particularly radio.,3,3.6,863
2923,2025-09-08 15:38:29,Tv respond dream cell.,5,4.0,4615
2924,2025-01-02 10:31:49,Case fight fall shake one image develop.,4,4.4,4718
2925,2025-05-21 11:59:46,Girl enjoy grow material turn nor.,4,5.0,7317
2926,2025-05-26 07:50:34,Similar force strong usually life.,4,4.0,2196
2927,2025-01-13 06:16:08,Exactly recognize beyond evening forget.,1,3.7,3829
2928,2025-06-24 19:52:39,Off grow store clearly food.,1,4.3,4298
2929,2025-11-10 04:47:42,Significant behavior including upon member culture reduce eye.,1,3.8,7582
2930,2025-07-13 02:42:40,Ten reality share crime.,1,3.1,4832
2931,2025-08-15 04:07:13,Raise save government give land me.,4,3.5,5804
2932,2025-10-30 14:37:36,Maintain world most race body dog time.,1,3.8,3798
2933,2025-11-24 01:56:32,Sort rise image news.,2,3.5,2623
2934,2025-06-26 02:12:46,Relationship face positive station career behind girl.,4,3.2,1998
2935,2025-04-27 21:51:58,Establish onto imagine grow fund.,2,4.8,7499
2936,2025-08-08 05:55:38,Strong attention capital whom majority.,1,4.4,3221
2937,2025-02-18 17:59:04,Whatever me sport join response.,3,3.6,2051
2938,2025-10-23 03:04:57,Clear simple industry mouth door front.,3,3.9,9746
2939,2025-06-06 00:05:26,Seem box store as prevent knowledge list many.,3,3.6,2888
2940,2025-09-28 21:44:00,Region head mind word trouble do present.,2,4.7,4597
2941,2025-09-20 12:23:05,Arm share culture bill full low sea.,3,4.3,3619
2942,2025-06-12 16:50:35,Open dog section reveal laugh rather need.,1,4.9,1109
2943,2025-09-28 06:15:02,Industry bed event describe oil door music.,5,3.0,7934
2944,2025-11-17 01:01:33,Treatment ability look nor however wonder field.,2,4.8,2425
2945,2025-02-06 09:38:37,Training energy soon way wife nor.,1,3.9,3732
2946,2025-10-14 19:24:47,Notice speak activity nearly read.,4,3.5,4603
2947,2025-03-01 09:08:05,Of minute fast.,2,3.9,3381
2948,2025-01-27 17:41:17,Us cut employee person.,5,3.5,9040
2949,2025-09-02 21:15:33,Good create best term school.,3,3.4,4125
2950,2025-01-22 20:18:10,Foot probably ability team high college positive push.,1,3.4,2254
2951,2025-08-12 00:21:51,Couple make laugh smile series these.,5,4.0,6354
2952,2025-10-23 13:41:47,Together little close indeed account find.,3,4.8,3738
2953,2025-09-25 11:26:56,Security enjoy work film understand pressure.,1,4.4,6020
2954,2025-10-15 14:22:44,Forward population exactly large away represent card.,3,3.2,6318
2955,2025-02-05 13:01:18,White cut buy produce play security.,3,4.0,559
2956,2025-04-19 23:38:45,National your various do exist what.,1,4.8,4509
2957,2025-10-13 07:21:26,Now economic but quality arm among blue.,4,4.0,6618
2958,2025-03-16 04:39:21,Upon natural others outside walk the among start.,2,3.6,6470
2959,2025-06-03 04:15:32,Tax fund real.,1,4.1,3774
2960,2025-05-13 12:42:53,Most rule dog character computer check.,2,3.4,304
2961,2025-04-12 00:33:24,Employee want tree PM.,3,4.8,4567
2962,2025-11-06 00:59:59,Scene prepare not return close whose course.,2,4.6,1641
2963,2025-05-16 00:19:20,Eight development six power.,5,3.3,9551
2964,2025-02-18 10:36:10,Yet they between behind message.,5,3.1,4970
2965,2025-08-13 00:28:07,Rate threat capital according author beautiful.,3,3.6,2682
2966,2025-05-30 05:25:37,Enjoy drug enjoy culture wind draw generation management.,4,3.4,8261
2967,2025-04-05 19:01:10,Speak wall performance give.,4,3.4,7201
2968,2025-06-03 05:57:57,Upon sense tend go pretty billion return final.,4,3.7,4488
2969,2025-09-04 16:39:21,Start use treatment resource.,5,4.3,7955
2970,2025-02-16 12:08:12,Only drive sit where land perform.,4,4.8,9554
2971,2025-04-07 19:24:34,Discuss help building from people safe fill crime.,5,4.0,1699
2972,2025-04-11 07:21:14,Doctor yet single reflect two old discussion.,3,4.2,4544
2973,2025-10-18 19:39:06,Sport whose guess assume choose.,5,3.3,8488
2974,2025-06-11 05:44:43,Return stop customer somebody future rule of.,1,3.4,6768
2975,2025-04-13 19:30:16,Talk next explain site computer office.,2,4.7,7461
2976,2025-08-03 21:45:01,Old fill husband live radio everyone try.,4,3.6,4543
2977,2025-01-11 19:24:54,Dog sport main for.,4,4.8,412
2978,2025-06-02 08:25:05,Woman road game key compare.,1,3.6,6800
2979,2025-05-11 10:26:56,According director once agreement lead several.,5,5.0,877
2980,2025-01-27 13:22:31,Or push individual study everything sister accept note.,4,4.8,1717
2981,2025-10-09 08:53:23,Place catch country painting receive.,2,4.7,6111
2982,2025-01-21 00:16:31,List sport within time whose.,2,4.1,1666
2983,2025-04-01 07:34:18,Compare debate sit laugh degree common.,3,4.1,7290
2984,2025-03-25 09:29:55,Dog listen lot event organization.,5,3.4,3686
2985,2025-03-18 19:11:59,Home clearly bring nothing nothing agent nothing.,1,4.3,5279
2986,2025-01-06 07:05:02,Join this sister step cause develop class.,1,3.4,353
2987,2025-07-02 12:07:10,Federal among experience hundred term keep reach relationship.,2,4.6,4226
2988,2025-09-30 06:54:01,Science prove tonight meeting watch pick.,1,4.1,1764
2989,2025-10-16 09:12:32,Key decide call Republican.,2,3.8,2911
2990,2025-09-29 14:13:08,Opportunity else particularly present sister.,2,4.6,9861
2991,2025-05-29 06:13:17,Seat concern like head six.,1,4.2,9161
2992,2025-04-14 00:02:11,Responsibility task including time today report food cold.,5,4.2,8242
2993,2025-01-30 07:12:12,Vote bar great administration brother.,3,3.5,7008
2994,2025-02-27 00:30:10,Decide already year amount.,5,3.6,3843
2995,2025-03-18 22:22:13,Travel perhaps mother guess.,4,3.1,78
2996,2025-08-22 04:01:42,Prevent program authority success hotel.,5,3.8,750
2997,2025-10-16 16:40:45,Prove tax action soldier minute cost best.,1,3.5,6846
2998,2025-03-25 02:44:47,New organization letter gas result best.,4,4.6,2535
2999,2025-06-12 23:59:57,Strong say even social here when.,5,3.8,3796
3000,2025-03-26 23:02:11,Example wife effect Democrat purpose on.,5,3.1,7258
3001,2025-04-09 10:11:22,Sign them standard admit stock price.,2,3.4,9680
3002,2025-08-28 07:54:07,Just see usually draw development myself.,2,4.6,9313
3003,2025-05-08 00:38:49,Throw power half in.,1,4.8,5896
3004,2025-06-07 03:49:03,Table this sport face sister.,3,3.1,4357
3005,2025-11-10 14:37:01,North reason son entire perform red hope.,5,3.5,2012
3006,2025-07-31 15:38:38,Tell same west indicate know decision hospital.,4,4.3,6670
3007,2025-11-06 16:11:19,Although me read.,3,4.1,2869
3008,2025-06-27 18:24:47,Agency window future movie answer none member.,5,3.9,9126
3009,2025-10-12 05:48:31,Add network product strong instead sort woman.,4,4.6,1940
3010,2025-06-03 12:06:03,Around real high live energy.,3,4.4,557
3011,2025-01-05 05:23:37,Could break director professor range something fast.,5,3.2,75
3012,2025-03-15 16:24:39,Season money involve question.,1,4.3,3288
3013,2025-03-05 23:05:36,Strategy stock feel reflect over.,3,4.0,7637
3014,2025-04-01 01:42:42,Consider but save population age.,4,4.7,641
3015,2025-11-02 20:48:28,Language increase miss.,3,3.7,120
3016,2025-11-15 10:36:35,Degree party send reality more go.,3,3.5,1562
3017,2025-05-19 20:19:46,Alone early bit four thousand crime mind.,4,3.7,3035
3018,2025-10-12 17:36:38,Myself loss Mr water structure environmental soldier.,3,4.4,3473
3019,2025-09-17 06:05:29,Movement hotel best decision sort little these.,4,4.4,7736
3020,2025-05-02 05:43:48,Method it figure company sit leader.,3,3.5,5485
3021,2025-03-31 09:56:30,Discuss nor reveal produce area sound shoulder.,4,4.1,858
3022,2025-05-24 03:25:57,Program throw light rate purpose threat.,5,4.4,7457
3023,2025-03-26 02:43:37,Us through week whom.,5,4.0,6538
3024,2025-07-24 07:48:31,Language drop rule finish.,1,4.4,6185
3025,2025-06-24 18:14:58,Very defense or one institution claim realize outside.,2,4.6,3736
3026,2025-04-26 00:26:47,Rate personal something.,3,3.3,4472
3027,2025-03-31 16:10:38,Finish himself idea give.,4,4.1,2388
3028,2025-09-04 15:17:54,Move over scientist quality group Democrat easy.,1,3.7,7005
3029,2025-09-08 02:23:13,Option late other tough so.,5,3.5,2154
3030,2025-04-07 06:52:43,Generation range something new former structure ready.,5,3.4,2266
3031,2025-01-18 03:21:18,Marriage also idea price major.,2,4.5,3077
3032,2025-10-03 04:59:25,Give policy require help they.,4,3.8,3974
3033,2025-03-15 18:05:33,Performance collection answer public.,1,3.1,5486
3034,2025-04-18 02:50:26,Art memory force effort.,2,4.5,7956
3035,2025-09-09 05:51:29,Crime energy relate road road picture.,1,4.7,2434
3036,2025-04-30 12:38:28,Unit though each than.,3,3.8,2896
3037,2025-04-22 05:15:52,Should probably time reason mission.,3,4.2,2214
3038,2025-03-11 11:44:49,Force management make also fire hotel.,3,4.2,8900
3039,2025-02-14 23:11:02,Court again customer you.,1,3.4,9109
3040,2025-05-15 07:43:06,Environment create free leave newspaper would.,3,3.2,2422
3041,2025-10-15 03:02:51,Explain tell director rock issue Democrat his trade.,3,4.0,1029
3042,2025-09-07 13:15:50,Apply approach major security character opportunity later.,3,3.3,1559
3043,2025-08-18 02:07:52,Cup paper middle glass himself vote identify.,4,3.7,4343
3044,2025-04-30 14:11:38,But capital raise candidate central shake research government.,4,3.4,1944
3045,2025-05-12 01:50:18,Put score clear history we.,5,3.3,5116
3046,2025-07-26 08:22:02,Important down course fire.,5,3.0,245
3047,2025-02-08 07:42:32,School usually yard only law size.,1,3.4,8569
3048,2025-11-04 06:51:54,Age on occur far order course manager several.,3,3.1,8945
3049,2025-02-22 03:43:43,Behavior rule floor.,1,3.2,3579
3050,2025-08-12 08:11:05,Moment hundred hope.,3,3.5,1228
3051,2025-06-16 03:48:34,Majority director story list sit sing Republican.,4,4.8,4852
3052,2025-06-27 07:27:04,Could yourself keep condition stay situation stuff rich.,2,3.3,6391
3053,2025-07-08 10:27:39,Someone rather these reflect carry politics.,2,3.1,7631
3054,2025-09-03 01:14:36,Growth degree report that early great.,2,3.2,7695
3055,2025-11-11 13:33:09,Who increase because despite born property out.,3,3.1,1381
3056,2025-10-04 06:56:36,Find town sell stage later part be.,2,4.9,9905
3057,2025-07-31 00:28:27,Success already soon but certain.,4,3.4,4030
3058,2025-06-07 13:43:02,Almost ten space become.,1,3.7,2293
3059,2025-06-14 19:30:43,Collection such test per air.,3,4.5,8049
3060,2025-02-16 22:09:53,Serve letter firm.,4,3.1,5797
3061,2025-11-25 10:09:29,Camera tell imagine fact painting alone hour.,1,3.1,132
3062,2025-04-07 08:44:44,However food growth business respond.,5,4.3,5128
3063,2025-11-24 09:29:09,Tough wear air south.,5,4.9,6722
3064,2025-06-18 05:19:17,She election mother light.,1,4.5,6593
3065,2025-09-21 11:38:48,Every treat age go of station ever threat.,4,3.8,1103
3066,2025-07-28 10:28:11,Step particular scene management.,5,3.7,1390
3067,2025-02-14 23:00:40,Bank more area service chance worker.,2,4.2,5909
3068,2025-05-01 16:36:04,Wife food music sea.,3,3.5,7385
3069,2025-02-07 20:12:54,Mr speech exactly voice save full training.,1,3.5,9675
3070,2025-03-25 03:49:58,One candidate physical.,2,5.0,9375
3071,2025-11-05 06:18:49,Land expect idea fly official natural return.,2,3.3,8316
3072,2025-06-24 08:23:12,Dog including land.,4,3.0,7839
3073,2025-11-15 23:10:38,Tell I personal appear door along.,2,3.4,5894
3074,2025-09-16 10:04:30,Factor available want authority.,2,4.4,5690
3075,2025-04-14 05:35:05,Food scene woman environmental.,4,4.5,9851
3076,2025-03-05 06:06:43,Indeed reach whose cold production before.,4,3.1,1640
3077,2025-09-30 14:16:47,Occur meeting six manager business.,5,4.2,5235
3078,2025-04-23 13:01:12,Beat dark world door.,2,3.4,9144
3079,2025-02-18 15:03:52,Road marriage magazine.,5,3.2,3644
3080,2025-08-14 08:07:39,Agreement gas wrong work.,4,4.8,1104
3081,2025-01-08 05:17:57,Summer visit husband nearly relate clear.,3,3.4,1587
3082,2025-05-25 01:28:15,Note white space try do.,1,4.9,8472
3083,2025-07-04 03:43:09,Past science wait job baby meet door.,3,4.8,5532
3084,2025-01-01 07:57:44,Better let act rate true note.,1,3.9,7329
3085,2025-09-01 14:28:16,Visit Congress out.,1,4.5,1938
3086,2025-10-14 12:52:31,Strong role relationship man ask yet low.,5,4.3,3549
3087,2025-07-23 01:46:27,Nature high short able research value nature.,3,5.0,6192
3088,2025-06-26 01:27:02,Left effort great state natural front join.,1,4.0,507
3089,2025-09-18 20:54:47,When number success voice challenge.,4,3.5,7166
3090,2025-03-11 00:12:41,Nature mouth any down security mouth small.,3,4.9,6155
3091,2025-07-27 03:11:45,Quality under actually mind tax.,4,4.8,8907
3092,2025-06-10 18:08:23,Always sometimes feel cost.,5,3.8,8390
3093,2025-10-03 19:48:58,Wonder they get simple clearly simply better.,5,3.2,244
3094,2025-08-11 21:24:14,Song wear rise.,3,3.0,2523
3095,2025-08-01 02:03:41,Feeling moment eight knowledge hear happy.,5,3.8,1441
3096,2025-08-25 03:57:25,Food feeling realize fear.,5,4.3,5099
3097,2025-08-16 20:35:48,Answer government address cause page offer they.,3,4.2,2402
3098,2025-03-19 05:35:56,Computer generation decade baby wait amount story.,5,3.3,2235
3099,2025-01-20 17:33:56,Choose maintain become eye which.,3,4.3,8705
3100,2025-07-14 09:02:49,Clear general quickly.,3,3.3,8690
3101,2025-08-12 13:02:24,Herself record turn rest strong.,5,3.4,3919
3102,2025-08-06 02:08:58,Bad father country those culture real news positive.,2,3.9,9615
3103,2025-04-10 07:01:05,Food send coach major.,2,3.0,8556
3104,2025-09-18 14:36:36,Plant have say light.,2,4.3,4886
3105,2025-09-06 04:36:18,Anything in edge them.,3,3.9,6496
3106,2025-08-23 01:14:00,Design charge situation about list identify.,4,4.2,7520
3107,2025-03-13 18:33:14,Glass child public.,5,3.2,8113
3108,2025-05-30 21:32:13,Reflect raise evidence might.,4,4.5,1924
3109,2025-09-24 18:20:36,Company trade common mother move.,1,4.1,8649
3110,2025-03-02 19:17:03,Break only year heavy test daughter.,2,4.4,6888
3111,2025-05-30 00:00:04,Inside the ahead may.,4,4.9,8485
3112,2025-10-15 20:02:02,Nature probably return remember ready beautiful event.,3,4.8,6109
3113,2025-06-12 22:11:43,Sport open doctor store near his.,1,4.6,5357
3114,2025-10-24 07:55:47,Arm behind right sense explain peace series.,3,3.2,3244
3115,2025-01-25 06:48:05,Thank decide glass decision reflect three.,1,3.9,7372
3116,2025-06-23 07:32:13,Garden easy condition money quite.,3,3.1,3384
3117,2025-03-20 09:29:14,Within participant fund.,1,3.0,1143
3118,2025-02-18 19:51:34,Her professor summer billion difference.,3,4.4,8613
3119,2025-03-15 19:41:34,Eight necessary even then draw work mission.,5,3.4,6509
3120,2025-10-29 05:41:33,Everything realize industry today leg too.,5,4.3,271
3121,2025-02-25 18:29:45,Type let Mrs win director.,1,3.6,4315
3122,2025-04-13 05:45:10,Suggest charge color performance instead.,3,4.4,1008
3123,2025-03-29 23:53:00,Develop let bad gun whole until.,5,4.3,4417
3124,2025-04-30 17:28:46,Blood and her what thus police safe.,4,4.1,4363
3125,2025-01-20 11:45:55,Car floor election field sit attention.,4,5.0,3351
3126,2025-10-27 12:12:22,Plant herself former rock dream card.,5,4.8,2913
3127,2025-08-03 22:41:11,Break firm line.,4,3.7,9646
3128,2025-07-01 18:26:28,Court camera maintain course.,5,4.4,3791
3129,2025-05-04 05:38:35,Student name live pattern here bag camera full.,1,4.5,9992
3130,2025-07-21 18:46:52,Always positive decision walk.,2,4.5,9639
3131,2025-08-24 15:24:20,Present despite exactly explain itself.,2,5.0,3595
3132,2025-07-23 07:03:41,Heavy simple place.,5,3.6,4474
3133,2025-07-01 04:04:16,None writer receive top myself character least commercial.,2,3.1,9122
3134,2025-11-17 18:47:09,Thing wall left film former training.,1,4.0,4483
3135,2025-09-13 05:42:46,Point road move citizen authority.,4,4.5,6395
3136,2025-11-09 08:43:57,Create approach owner together could.,5,4.6,2373
3137,2025-11-24 06:04:31,Either assume participant defense individual current business.,4,4.1,720
3138,2025-02-28 00:00:31,Have view home hospital base true product.,5,4.7,2171
3139,2025-04-17 02:08:13,This suddenly low.,4,4.2,4197
3140,2025-05-26 21:14:40,Letter clearly better letter those paper.,5,3.9,47
3141,2025-07-02 16:41:46,Meet fly method this after marriage.,3,3.7,8384
3142,2025-10-13 06:07:49,Product thus most over reach.,4,4.6,8792
3143,2025-11-06 14:21:21,So letter civil perhaps.,2,3.5,4706
3144,2025-01-22 04:25:33,Weight article rest.,5,4.9,9123
3145,2025-05-29 09:35:01,Scene upon what human.,1,4.5,7949
3146,2025-07-05 03:18:26,Others happy money job amount be affect.,1,3.1,6161
3147,2025-04-19 13:03:32,Kid national energy including personal although call social.,3,3.7,4406
3148,2025-07-28 14:18:00,Man under perhaps baby.,4,3.8,2408
3149,2025-08-14 22:43:46,Somebody education stock so daughter officer season social.,2,3.9,6143
3150,2025-02-09 19:29:08,Note whether against show other spring recent.,1,4.4,8169
3151,2025-04-22 10:35:29,Knowledge expect model base thought dinner.,3,3.7,8709
3152,2025-11-03 13:12:37,Throughout skill official decision up drop yet.,5,4.8,300
3153,2025-10-12 03:01:36,Itself economic letter together among fact office.,2,4.4,670
3154,2025-01-24 05:23:46,Reveal cold college cover discussion affect become.,3,3.2,8994
3155,2025-07-10 03:04:07,Leader speech put moment suffer out actually.,4,4.5,1008
3156,2025-07-27 01:43:10,Center way hold move skin large discover.,2,3.2,6657
3157,2025-05-25 04:29:06,Month step during prevent order trip citizen.,4,3.5,9919
3158,2025-08-29 04:25:25,Painting oil woman discuss team.,4,4.8,1347
3159,2025-06-06 19:28:33,Forward oil claim great.,1,4.6,7874
3160,2025-05-22 08:54:35,Decade where somebody class thought.,1,4.9,8287
3161,2025-04-12 10:47:07,Without world represent budget teach.,2,3.4,511
3162,2025-10-13 02:56:06,Decision often home.,1,4.4,4806
3163,2025-04-10 23:50:01,Shake analysis important.,1,4.9,1985
3164,2025-04-22 02:25:20,Program write tell involve from upon.,3,4.6,7376
3165,2025-06-04 10:26:16,Such man sell evidence official.,3,4.1,8660
3166,2025-07-30 09:13:48,Pass series general need.,3,4.0,1196
3167,2025-08-30 23:17:32,Describe floor page president.,2,3.2,105
3168,2025-08-13 02:36:45,Benefit open provide wind value.,1,3.6,1364
3169,2025-06-30 13:30:33,That camera police oil then support.,2,3.5,4022
3170,2025-09-25 17:10:08,Money seem organization team necessary deep.,1,3.8,6207
3171,2025-03-09 12:13:04,Write American describe loss even.,3,3.8,7303
3172,2025-05-29 14:49:55,Rest many deep cell in situation test how.,4,3.5,4412
3173,2025-07-29 03:16:17,Four down should sometimes.,5,3.4,808
3174,2025-10-07 02:29:11,None cut everything list which up gas movement.,5,4.0,4153
3175,2025-03-21 16:22:57,Western may worker perhaps too manage subject.,1,3.9,5163
3176,2025-05-12 13:23:06,Worker hit clearly fact however little.,5,3.6,9982
3177,2025-09-08 05:52:55,Budget discuss few add.,5,3.3,5925
3178,2025-10-23 17:05:26,Probably herself lead where likely.,2,4.5,3222
3179,2025-04-17 18:47:43,Rich small short budget decade never there.,4,4.9,330
3180,2025-02-18 21:18:41,His agency surface yard experience spend listen.,1,4.0,4662
3181,2025-08-09 00:27:28,History more heavy.,5,3.1,4099
3182,2025-02-15 02:46:39,But politics central leg figure hand yourself work.,3,3.4,5444
3183,2025-02-23 17:35:17,Cause want often water upon.,4,4.9,6797
3184,2025-01-29 22:43:47,Drop involve professional buy live sound.,5,4.5,5790
3185,2025-11-20 10:54:23,So technology when.,5,4.6,5781
3186,2025-04-03 02:25:57,Wear their near your many money admit.,3,4.4,9929
3187,2025-04-22 22:06:16,Will produce carry clear exactly theory total.,2,4.8,1644
3188,2025-05-09 09:51:25,Past beyond low return member think.,5,4.2,8177
3189,2025-09-23 04:47:43,Market candidate up.,1,3.3,5266
3190,2025-04-10 10:25:37,Town show near back about ago choose.,5,4.8,6216
3191,2025-04-25 02:40:55,Parent write before environment anything.,3,4.7,3665
3192,2025-09-03 16:45:04,Cup five through away stuff value thing.,4,3.0,7139
3193,2025-09-19 16:34:22,Everyone maybe knowledge.,2,3.9,8865
3194,2025-06-18 22:02:59,Think realize view crime drug between.,3,3.9,5629
3195,2025-04-18 08:26:49,Check beat husband stage section show.,5,4.9,665
3196,2025-03-30 05:36:25,Red like community red event car man woman.,4,4.1,2338
3197,2025-06-09 16:33:29,You save many simple own development price.,4,3.8,7120
3198,2025-08-14 04:10:27,Appear allow writer son environment.,1,3.0,4147
3199,2025-07-12 02:01:39,Will know can general create.,5,4.7,9193
3200,2025-09-06 12:21:50,None situation cause likely.,5,4.3,6480
3201,2025-06-20 00:42:27,Drug half south can law maybe range mother.,2,4.9,2918
3202,2025-11-09 14:12:50,Soldier who those.,5,3.0,9270
3203,2025-10-16 06:08:42,Three lawyer little one writer can of.,3,3.1,1483
3204,2025-02-18 10:28:53,Yet tree nation public blue happen.,1,4.9,3679
3205,2025-08-29 02:14:15,Ground network if apply analysis hot agreement.,1,3.9,62
3206,2025-11-14 02:09:45,Keep network husband inside mouth.,3,4.6,5901
3207,2025-07-02 08:16:14,Month price pay project military statement building.,2,3.2,231
3208,2025-06-26 23:05:08,Too officer than kid energy same.,3,3.6,1252
3209,2025-01-25 05:36:08,Wide before the at floor author write million.,2,4.6,7455
3210,2025-03-31 14:08:52,Baby mind teacher analysis walk turn.,2,4.3,3207
3211,2025-04-14 06:21:19,Size major but but.,5,3.4,713
3212,2025-02-14 16:27:38,Another media lay traditional forget first.,2,3.3,9165
3213,2025-04-26 23:51:11,Lead strategy more collection employee visit.,5,3.1,1790
3214,2025-06-19 13:17:42,General understand focus each sound instead.,2,4.7,8743
3215,2025-02-02 22:36:43,Town own seek its draw card positive garden.,5,4.7,4693
3216,2025-06-10 12:31:44,Herself know out join agency every.,2,4.9,1883
3217,2025-08-01 20:08:58,Industry seek economy pattern professor leave avoid.,3,4.3,4290
3218,2025-05-21 02:26:40,Player successful artist.,1,4.8,8531
3219,2025-01-03 08:56:57,On summer investment television amount.,5,4.2,4968
3220,2025-03-26 12:29:55,Class ball crime push technology computer.,5,4.9,5958
3221,2025-04-10 05:47:13,Community right remain key can face collection.,3,3.7,4440
3222,2025-07-26 18:30:31,Though body fact positive TV environmental.,1,4.0,6015
3223,2025-03-10 02:15:48,Talk this site hair.,5,3.4,6201
3224,2025-08-11 20:05:12,Finish close everything employee.,3,3.3,423
3225,2025-03-12 08:34:23,Plant enjoy it prepare catch from end.,4,4.1,503
3226,2025-04-01 15:48:30,Begin want top wrong.,3,3.6,8678
3227,2025-04-05 13:07:51,Reality piece difference country boy color.,5,3.4,5757
3228,2025-03-22 01:32:12,May law able person.,4,3.1,8698
3229,2025-04-26 15:19:54,Forget of sound.,4,4.4,826
3230,2025-04-12 07:08:08,Determine month even.,4,4.5,6762
3231,2025-03-22 18:50:01,Campaign success but call state.,1,3.6,7318
3232,2025-05-15 18:07:06,Summer all wait ask.,5,3.3,1139
3233,2025-10-09 20:01:15,Government detail everyone.,4,3.6,1398
3234,2025-04-25 03:46:28,Rate herself impact consumer certain fund.,3,4.3,1469
3235,2025-07-06 13:40:34,Choose listen brother return item.,3,3.8,7733
3236,2025-01-31 04:41:49,Sign hair interesting couple who girl serious until.,2,3.0,3891
3237,2025-03-27 04:26:37,Whether out doctor listen.,4,4.8,7397
3238,2025-11-14 15:59:43,Area exist cold amount finish trade election.,1,4.7,1773
3239,2025-10-13 03:32:28,These exist development pass say kid arm.,5,5.0,6741
3240,2025-02-22 21:07:56,Yet sport for impact.,1,4.0,6237
3241,2025-08-16 21:18:19,Part ready gas teacher.,2,3.4,7572
3242,2025-03-19 08:04:40,Real enough four foreign exactly thing might.,4,3.1,2056
3243,2025-07-04 11:02:17,Run fast majority individual week.,4,4.1,8715
3244,2025-08-03 01:14:56,Of author occur indeed.,1,4.3,3120
3245,2025-04-11 13:53:55,Between evidence kitchen bank.,5,3.7,6876
3246,2025-08-03 06:16:01,Everything threat standard.,2,3.7,1362
3247,2025-10-12 12:45:52,Purpose instead plant final husband site employee.,4,4.3,6419
3248,2025-06-29 02:43:54,Recently staff answer.,2,4.6,2275
3249,2025-08-06 20:19:30,Rise wait three recent situation candidate.,1,3.3,9142
3250,2025-03-12 00:46:28,Degree help score easy question leave.,3,4.9,8498
3251,2025-04-01 22:30:10,Second present possible plant head.,3,5.0,6915
3252,2025-09-13 19:11:31,Nor white single adult particularly training.,2,4.8,7498
3253,2025-08-05 05:47:57,You yes which movement authority start parent.,5,3.8,7827
3254,2025-01-18 19:31:12,Thank measure of right military.,2,4.6,5168
3255,2025-09-07 18:20:11,Policy bed bill front perform admit.,4,3.6,9704
3256,2025-10-01 16:39:08,Vote rise during mother art next.,4,3.4,3572
3257,2025-04-28 20:51:58,Future lot campaign church her peace there main.,5,4.6,2553
3258,2025-11-04 10:07:46,Able dark home suddenly PM.,3,3.6,2563
3259,2025-10-13 10:08:51,Fund rise relate million.,2,3.0,3870
3260,2025-08-24 10:56:21,Easy none structure under campaign.,1,3.9,8385
3261,2025-09-01 01:43:12,Past health life among.,1,4.4,5905
3262,2025-02-15 00:51:28,Send heart individual idea.,3,3.4,6943
3263,2025-04-23 00:50:16,Give senior through and parent yet anything.,3,3.0,3760
3264,2025-05-03 14:12:48,Sell research body hair seven player feel born.,5,3.9,6066
3265,2025-04-12 10:07:20,Parent line look common him public.,3,3.7,5813
3266,2025-07-17 13:31:12,Final administration attack concern consider middle.,3,4.4,4950
3267,2025-05-20 10:32:50,Rock fire three heart.,1,3.3,5534
3268,2025-07-04 07:55:59,Indicate generation create.,3,4.7,1839
3269,2025-04-23 02:49:55,Will glass economy air lot.,3,3.7,9378
3270,2025-09-27 23:48:21,Authority it agent next western card.,2,4.7,8149
3271,2025-06-11 04:58:21,Guy science fight human few.,5,4.1,5180
3272,2025-08-09 08:37:46,Employee him outside training night.,4,3.6,3412
3273,2025-06-23 10:59:51,Address begin that quickly perhaps art industry treat.,1,4.8,3419
3274,2025-03-21 08:55:59,Agent especially front even goal church child.,1,4.8,3934
3275,2025-11-04 23:25:34,Anything above enter per relate already.,1,3.6,8592
3276,2025-04-17 16:40:32,Them fear control Mrs mind trouble.,2,4.0,8207
3277,2025-08-07 01:22:21,Community economy accept group marriage true up.,3,3.4,2735
3278,2025-02-23 07:05:44,Week question wall evidence forget.,5,5.0,7404
3279,2025-01-02 18:52:33,Responsibility write realize public star candidate.,5,4.8,8466
3280,2025-06-02 12:02:34,Side must though building left occur determine.,4,3.7,2754
3281,2025-06-10 15:54:17,Magazine along one heavy.,4,3.3,3007
3282,2025-09-28 23:02:26,Which speech election future technology.,4,3.1,4100
3283,2025-03-23 15:45:49,Personal special car fly plan option.,1,3.7,6723
3284,2025-07-02 01:02:50,Business the day prove beat.,3,4.7,5239
3285,2025-01-30 17:44:45,View billion in usually.,1,3.6,2427
3286,2025-03-18 06:53:35,Model example discuss baby although rate.,4,4.4,6768
3287,2025-09-24 04:56:38,Expect consider dog piece writer.,3,4.9,3804
3288,2025-04-13 01:09:05,Hope why since imagine.,1,4.8,9419
3289,2025-05-28 05:35:45,Ok or east style.,4,3.1,5531
3290,2025-11-22 18:17:57,Reason position kid begin travel surface perform.,2,3.3,1911
3291,2025-04-10 15:29:23,Member they maybe white thus police.,2,4.1,1319
3292,2025-03-01 00:59:44,Teach decide stop blood into.,1,4.5,5448
3293,2025-01-07 12:28:33,Difference economic Congress threat your gas support.,1,4.6,3532
3294,2025-04-07 01:18:08,Represent bed two order.,1,4.9,1551
3295,2025-07-02 04:04:57,Clear likely might church need brother production take.,1,3.8,1807
3296,2025-04-13 23:41:30,Different of fish support.,5,4.7,9689
3297,2025-03-23 20:53:28,Find sing fact exist.,1,3.4,9537
3298,2025-02-02 07:45:12,Save act agency information camera bed herself.,1,3.5,5546
3299,2025-09-24 06:16:15,Say message student success speak decide another.,3,3.7,7748
3300,2025-08-30 21:44:55,Girl participant leader bank thank never cut.,1,3.4,2708
3301,2025-03-30 08:11:27,Those short thing radio wife.,4,4.8,583
3302,2025-10-06 00:07:49,Themselves impact moment tonight let.,1,4.7,3078
3303,2025-04-10 16:52:19,Gun through leader man student main huge least.,5,4.6,654
3304,2025-03-13 18:20:45,Way thus fire before.,2,4.9,9934
3305,2025-01-20 19:31:59,Before available employee picture leave.,3,3.5,8202
3306,2025-02-23 12:18:29,Provide sense until center watch law create pull.,4,5.0,314
3307,2025-11-01 08:28:44,Decade style whose determine mind.,2,4.3,225
3308,2025-06-19 11:37:17,Near employee far glass.,2,3.4,1935
3309,2025-11-16 12:16:52,Lose individual administration drug case style part.,4,4.3,3154
3310,2025-08-20 17:27:39,Develop race become between.,5,4.2,5851
3311,2025-04-01 19:40:56,Time page very catch.,4,4.5,4614
3312,2025-01-27 10:02:51,Phone discuss around test make again.,1,4.3,97
3313,2025-01-31 01:34:21,Certainly cause school music yes wall.,3,4.7,6531
3314,2025-04-16 05:53:56,As team drug treat.,3,4.0,5640
3315,2025-09-15 17:15:27,Large son either example its along star find.,2,3.6,3258
3316,2025-06-02 21:55:56,Rule condition region space management reason.,5,4.2,9207
3317,2025-08-23 12:39:45,Recent natural approach your.,1,4.7,7187
3318,2025-03-22 03:50:43,Far effect sit what.,1,4.2,9015
3319,2025-06-02 02:21:52,Particularly best music and be tend.,3,3.7,8479
3320,2025-08-02 23:13:59,Majority get early their cup idea.,5,4.4,9298
3321,2025-02-19 23:41:35,From night over trip fact reality to.,1,3.3,9645
3322,2025-08-22 21:44:19,He suggest figure use.,4,3.8,7920
3323,2025-03-26 12:20:41,Spring start middle yourself compare old.,4,5.0,698
3324,2025-04-15 14:07:12,Far civil performance three.,4,3.3,6621
3325,2025-04-11 17:19:14,Industry head art trial good.,1,4.2,5028
3326,2025-09-24 11:50:08,Woman cell information add.,2,3.2,6966
3327,2025-11-23 06:27:50,Particular loss dream goal fast certainly stand.,4,4.3,3523
3328,2025-10-31 22:15:01,Through ball less tax seem style.,4,4.4,587
3329,2025-02-19 12:26:00,Foreign human get certain.,5,4.0,562
3330,2025-06-21 13:15:33,Lose computer change.,5,4.3,4702
3331,2025-03-31 15:53:56,Kitchen future sound establish culture throughout.,4,3.2,3689
3332,2025-08-16 04:25:29,Firm operation so player relationship drug.,3,3.5,1875
3333,2025-10-18 10:35:06,Test executive arm weight mission alone structure property.,3,4.4,4339
3334,2025-08-27 06:56:58,Chair arrive yourself coach whatever.,3,4.7,6153
3335,2025-04-28 17:14:06,Final record present then political investment attorney teach.,1,4.5,9845
3336,2025-01-31 01:55:42,Increase condition check receive newspaper while property.,1,4.3,1368
3337,2025-06-23 23:56:00,Over major condition since.,1,3.4,7025
3338,2025-05-29 18:08:34,Inside media least we almost gas member.,3,3.2,113
3339,2025-09-21 01:21:40,Provide southern scene tree place result.,3,4.7,266
3340,2025-07-01 05:18:09,Manager garden much successful special.,5,3.2,962
3341,2025-02-16 18:38:50,Somebody where item we capital camera top finish.,3,3.6,2588
3342,2025-01-09 15:30:51,Business simple represent stand suddenly will young.,4,4.4,5570
3343,2025-03-13 13:44:38,Party daughter cost note full public after.,3,3.4,6068
3344,2025-03-23 16:13:30,Such develop doctor.,2,4.1,7646
3345,2025-01-17 20:36:17,Investment dream treat natural PM environment.,2,3.0,4783
3346,2025-07-18 09:19:20,Public office financial dark.,5,4.3,9236
3347,2025-06-22 12:13:58,Easy news my buy film.,2,3.2,244
3348,2025-05-07 16:27:47,Recognize goal add serve save drug find.,5,4.4,7636
3349,2025-02-02 21:34:11,Thousand wife develop throw community rather.,4,4.5,1250
3350,2025-03-15 12:47:31,Three thing whole television.,3,3.1,8355
3351,2025-11-07 05:10:55,Top money try across hand true policy as.,1,4.7,4550
3352,2025-03-28 07:59:15,Feel theory garden central pressure especially back.,1,4.6,6012
3353,2025-11-01 02:55:48,Imagine site firm laugh total.,2,4.6,9681
3354,2025-03-24 11:09:25,Edge fund population.,3,3.9,5512
3355,2025-03-06 21:27:29,Choice purpose but century cold determine western hour.,2,3.2,710
3356,2025-10-13 18:57:37,Your fight face through happen writer.,2,3.9,5192
3357,2025-06-24 08:54:34,Center generation might.,5,3.4,3597
3358,2025-04-06 01:54:58,Career source pull traditional enter.,2,3.7,5546
3359,2025-06-12 19:19:08,Him because reflect talk rather policy.,4,4.9,2255
3360,2025-07-19 11:13:26,Into no would reflect own.,1,4.2,6258
3361,2025-08-29 14:05:32,Nation nature life ok ground character.,4,3.6,4034
3362,2025-09-15 01:52:34,Throw better traditional over raise hand once.,5,3.6,9983
3363,2025-11-19 17:19:17,Theory clear citizen listen age.,3,3.6,5309
3364,2025-09-28 01:27:18,When paper type case pay movie.,1,4.0,330
3365,2025-03-30 09:15:12,Meeting away every election.,3,3.7,4864
3366,2025-09-07 20:53:58,Own grow new his soon edge.,1,5.0,2765
3367,2025-07-09 12:19:09,Hair fund next along ago.,5,3.4,5491
3368,2025-06-03 19:37:04,Glass audience paper.,4,4.5,5154
3369,2025-10-07 19:13:04,Place successful determine worker level mother.,2,4.1,9731
3370,2025-02-14 08:43:21,Child him throw until enter need ok.,2,4.6,6025
3371,2025-11-16 13:31:58,Pressure entire her gas.,2,3.6,1490
3372,2025-02-27 10:25:22,Section fast your letter plant speech.,2,4.7,5926
3373,2025-01-29 17:55:42,Trial back force worry go by tax article.,2,4.4,2427
3374,2025-09-24 03:22:26,You fear money such wrong military resource.,1,4.3,554
3375,2025-09-14 23:38:07,Reason child reality sit might shake pattern plant.,2,5.0,4664
3376,2025-05-10 18:17:58,Direction many myself open song.,4,3.4,9174
3377,2025-01-08 16:28:34,Him meeting chair ask theory view.,2,4.4,4424
3378,2025-07-18 08:07:30,Maintain blue grow foot Mrs degree dark.,4,3.5,7266
3379,2025-04-12 10:15:00,Hot seven reality crime.,4,3.8,7205
3380,2025-05-28 12:49:29,Live seek cut floor manager thank.,5,4.3,3695
3381,2025-02-26 09:20:05,Weight campaign discuss late free finally.,1,3.6,3766
3382,2025-03-15 16:40:33,Officer hope for plan continue hit.,4,4.5,4576
3383,2025-05-02 14:53:40,Live within store forward watch area.,4,5.0,7381
3384,2025-03-23 02:34:42,Bad present simple issue actually.,1,3.8,6240
3385,2025-11-04 18:29:26,Specific public message nearly note share PM.,2,4.6,9607
3386,2025-05-30 03:34:41,Rate trial know.,5,4.4,6804
3387,2025-01-18 06:06:22,Cold yourself also young.,4,3.5,7037
3388,2025-03-22 13:33:28,Full research meeting.,4,4.0,1672
3389,2025-03-10 16:11:35,Mean sound before town head land.,4,3.0,3
3390,2025-07-09 23:34:07,May pick report development science.,3,3.6,4530
3391,2025-04-29 05:09:46,War audience view buy right.,1,4.7,8868
3392,2025-08-31 10:52:04,Magazine anything culture economic.,1,3.2,5756
3393,2025-09-04 10:32:29,Worry activity hair population tonight bed easy.,4,4.1,1320
3394,2025-02-06 10:58:46,Like despite home message candidate mind.,2,3.9,9280
3395,2025-07-16 16:44:24,Trouble phone interest someone.,2,4.8,6785
3396,2025-10-11 06:09:57,None sea technology ago example sign.,3,4.3,584
3397,2025-08-11 19:45:52,Travel nature kitchen argue.,4,3.7,7278
3398,2025-06-26 03:17:01,On democratic position establish.,3,3.3,2077
3399,2025-01-09 13:37:57,Us health contain but design.,2,3.7,3405
3400,2025-10-18 08:24:26,Bit some but.,4,4.4,3481
3401,2025-05-07 11:35:22,Almost style effort reduce far individual.,2,4.7,7793
3402,2025-06-30 14:45:47,Institution must them human lot ground.,1,3.5,9220
3403,2025-11-25 18:18:18,Word dog investment create window bank military.,2,3.8,8274
3404,2025-04-21 07:36:43,Pattern least pass full develop second.,3,3.7,1362
3405,2025-05-14 18:15:21,Return significant how yeah goal that message.,1,4.3,2212
3406,2025-02-22 16:35:58,Pretty meeting their less southern professional.,2,4.1,8460
3407,2025-02-13 01:28:44,Blue ok soon various company thousand.,5,4.4,3704
3408,2025-10-13 17:28:34,Strong alone note miss beat hold.,5,3.7,7382
3409,2025-06-29 17:43:27,Thank community product field sound.,4,3.3,9630
3410,2025-01-07 05:16:36,Force such move hear despite remember shake.,2,4.1,9560
3411,2025-01-04 10:39:00,Whole quickly hold free.,5,3.6,8968
3412,2025-03-04 14:55:23,Picture realize husband theory four government.,5,3.9,4094
3413,2025-07-03 09:23:17,Family heart realize policy lawyer.,3,4.8,4681
3414,2025-11-16 13:21:02,Sing to true occur.,1,3.8,7583
3415,2025-04-24 11:34:12,Song class age kind.,4,3.1,9050
3416,2025-10-29 13:25:19,Suddenly author worker really that.,5,3.1,4574
3417,2025-09-11 22:12:41,Hour education catch.,5,4.3,5819
3418,2025-07-25 03:10:02,Store building movement agree president dark.,1,4.0,4025
3419,2025-07-09 02:06:33,Hotel involve conference hundred part heavy individual.,5,4.9,8594
3420,2025-10-10 02:02:09,Allow easy beautiful government employee respond several.,2,4.7,5782
3421,2025-11-11 22:21:27,Feel career mouth oil significant down.,2,4.0,3826
3422,2025-07-24 02:44:26,Space range small performance rule data so.,5,3.9,4040
3423,2025-03-19 08:53:38,Garden democratic last level culture rock coach.,5,3.5,321
3424,2025-09-25 14:14:42,Line whose go box near.,2,4.1,3337
3425,2025-03-21 22:08:36,Dinner start support table make game.,5,3.8,4200
3426,2025-10-28 00:02:59,Study that drop administration tonight approach.,2,4.7,4253
3427,2025-11-06 11:12:06,Respond drug although home forget full.,3,4.4,4498
3428,2025-02-12 06:19:36,Nor religious loss.,2,3.1,470
3429,2025-11-05 03:29:53,Magazine should increase hospital sign wear kid entire.,2,4.4,6917
3430,2025-07-04 20:00:24,Air political special.,1,4.1,2747
3431,2025-09-11 11:29:20,Rest growth value.,1,3.8,4766
3432,2025-02-26 17:03:53,Protect base seat condition blood bad show.,5,3.2,1007
3433,2025-08-08 06:49:02,Evening spend participant management play.,2,4.3,8705
3434,2025-04-17 06:10:51,Pm wind ago happy week staff age.,2,4.7,6853
3435,2025-06-27 19:15:01,Along his in court could perhaps.,1,4.4,6587
3436,2025-06-06 04:28:36,Challenge whatever tell find movie we pick.,5,3.9,1921
3437,2025-01-28 14:29:39,Across team democratic direction.,2,5.0,3995
3438,2025-03-17 05:57:59,Prepare herself although letter professor.,2,3.5,508
3439,2025-08-07 12:23:36,Full best argue find.,4,3.8,5053
3440,2025-01-11 00:31:44,Piece skin new determine.,2,4.0,2536
3441,2025-08-31 19:49:16,Capital citizen sport until employee sure performance keep.,2,3.8,7812
3442,2025-03-30 16:33:25,Because since loss.,5,3.6,6129
3443,2025-06-04 15:24:33,Event general hospital among general night PM.,4,3.8,7104
3444,2025-05-09 04:44:55,As establish lay determine organization ability.,1,3.1,9284
3445,2025-06-10 14:34:07,Point ball final five main news.,5,3.0,4749
3446,2025-10-06 01:43:37,Serve trade up.,3,3.3,4101
3447,2025-09-29 18:35:13,Remember available performance car either adult.,4,3.1,3567
3448,2025-11-03 17:35:56,Indeed friend apply key out economic card.,1,3.9,2202
3449,2025-02-03 04:32:17,Professor seek Congress.,4,3.5,2479
3450,2025-05-17 09:48:47,Cup help free.,5,4.7,9787
3451,2025-09-04 15:15:48,Me away pretty maybe yes.,4,4.3,5436
3452,2025-06-16 13:14:39,Back start ahead too.,1,4.0,5219
3453,2025-11-20 23:03:22,System level space program south control.,3,3.5,4649
3454,2025-08-24 18:02:22,Democrat sport mission crime born alone face lawyer.,2,3.7,2867
3455,2025-06-01 18:50:03,Head deal politics week left sign.,3,3.0,8320
3456,2025-04-30 17:23:10,Event four institution factor.,5,3.5,8772
3457,2025-08-09 18:43:07,Happy stay tree by.,5,4.7,479
3458,2025-07-28 16:40:05,Someone trade prove reduce receive quite.,3,4.9,8437
3459,2025-09-01 23:07:10,Describe I floor word ten second.,1,3.3,170
3460,2025-05-10 02:08:03,Form occur Mrs according necessary in.,5,4.6,2482
3461,2025-01-22 17:10:51,Director one price fly require move remember.,4,3.0,1510
3462,2025-05-31 22:34:29,Seek plant choose others government here treat bank.,3,3.4,6432
3463,2025-08-31 11:53:32,Throughout often ever but heavy.,2,4.3,8190
3464,2025-03-09 12:32:15,Husband meeting score mind today box relate.,1,3.1,2568
3465,2025-04-29 05:42:50,Position hold well mind sea.,4,5.0,5874
3466,2025-07-23 06:37:03,Send vote newspaper past.,4,3.9,7521
3467,2025-10-03 05:48:05,Read left none personal apply skill feel student.,1,3.8,714
3468,2025-07-28 00:04:29,Issue team report.,4,4.9,4551
3469,2025-05-17 13:18:37,Where special little once thing.,5,4.5,102
3470,2025-05-06 07:52:34,Rise act store hope.,4,4.7,5563
3471,2025-02-12 07:51:34,Official thousand defense rest inside threat involve.,3,3.9,6692
3472,2025-02-09 15:41:06,Design able with similar action instead participant.,1,3.8,9569
3473,2025-07-29 10:15:18,Kid up capital.,1,4.2,6668
3474,2025-04-24 03:09:02,Tree chance mission very spring note.,4,3.9,9667
3475,2025-02-14 17:26:23,Education party value big develop.,4,4.3,8205
3476,2025-03-04 19:14:32,Federal usually could paper.,2,4.3,9358
3477,2025-04-11 19:07:19,Sea any ever offer.,2,3.1,2384
3478,2025-08-22 11:55:29,White save ability room agency.,4,4.7,7616
3479,2025-01-29 01:47:57,Can sea finish politics.,3,3.9,9332
3480,2025-10-20 17:28:34,Result lawyer particular agreement.,2,4.3,8666
3481,2025-07-01 13:27:26,Usually reflect adult truth develop go.,5,4.7,2859
3482,2025-11-02 19:52:14,Floor hard paper inside nothing and moment security.,2,3.7,3807
3483,2025-02-14 20:25:14,None unit customer current executive often.,3,3.1,6991
3484,2025-02-26 17:27:38,Nation yourself blood middle author they.,4,4.7,6075
3485,2025-02-07 05:50:59,Hand leave toward different act life.,5,3.3,4348
3486,2025-07-14 09:21:05,Itself computer put trade traditional save.,2,4.1,6257
3487,2025-01-12 06:33:35,Thousand culture address land rule surface fly.,3,4.0,5733
3488,2025-02-20 16:38:00,Former behavior pretty walk recognize.,5,3.3,3195
3489,2025-02-23 02:21:18,Room seat never stop machine everybody.,3,4.8,9190
3490,2025-07-01 14:38:07,Present benefit quite hour history.,2,3.0,7371
3491,2025-05-04 19:35:31,Someone within its tonight institution.,2,4.6,6731
3492,2025-02-22 03:59:15,One south any.,1,3.6,9286
3493,2025-06-10 02:14:55,Customer occur push lawyer reflect hot theory.,5,3.9,789
3494,2025-06-21 18:35:56,Everyone might white with.,2,4.3,4462
3495,2025-05-14 06:07:17,Campaign these local threat either way.,2,3.3,9619
3496,2025-08-04 08:24:16,Stop last form agree western.,2,3.3,5824
3497,2025-09-10 18:37:06,Old hospital shake step measure.,2,4.1,353
3498,2025-11-06 23:13:48,Wear turn leader carry hot tell discuss.,2,3.4,7041
3499,2025-11-08 14:04:36,Mother too else option resource.,3,3.3,3119
3500,2025-02-16 10:13:39,Various late control meeting into.,3,3.2,2603
3501,2025-10-07 07:53:33,Listen on difference see.,5,5.0,7608
3502,2025-08-04 01:57:19,Stand create short agree help.,3,5.0,1800
3503,2025-10-01 02:47:40,Wife guess feel guess tonight.,3,4.9,1924
3504,2025-03-30 03:29:07,Space open fine group.,3,4.6,2032
3505,2025-06-18 09:46:52,Party forward treatment remain ago window.,5,4.9,8350
3506,2025-10-23 01:01:25,Nothing society site father answer job.,3,4.4,5353
3507,2025-05-08 14:50:12,Produce marriage risk tree term.,5,4.9,3623
3508,2025-07-24 14:59:05,Answer lead as how wait.,4,3.7,521
3509,2025-11-02 11:56:05,Meet want measure tax experience position drug relate.,3,4.3,2582
3510,2025-05-12 17:35:57,Middle theory go new power big.,3,4.4,7415
3511,2025-02-18 14:14:17,Really ok message.,2,4.3,9676
3512,2025-08-15 20:21:13,Month need build.,4,4.0,4638
3513,2025-11-18 03:43:19,Fast area establish accept get provide.,1,3.3,7268
3514,2025-08-03 21:56:39,Foreign peace state throw yard nature either against.,2,4.7,2603
3515,2025-07-26 17:11:25,Until authority side building election.,4,4.1,4784
3516,2025-04-13 00:34:22,However around kind avoid mouth.,4,4.5,7486
3517,2025-03-13 13:21:33,Represent catch state stock my song.,5,4.2,2306
3518,2025-08-20 08:15:32,Exist enough my involve control animal.,1,3.9,9168
3519,2025-03-20 14:59:01,Say rule agreement always fear certainly.,2,3.6,2798
3520,2025-02-25 12:58:24,Though support decade control new say remain.,5,4.3,5454
3521,2025-04-19 18:58:28,Art southern indicate site his forget certain whole.,5,3.0,8680
3522,2025-11-19 11:54:11,High employee view fear they garden.,5,3.2,2194
3523,2025-03-06 09:46:20,Serve some behavior leader in activity glass.,3,3.2,5789
3524,2025-09-01 00:07:41,Black mean key source commercial mean win inside.,3,4.1,3863
3525,2025-06-20 09:33:09,Exist region give billion back role until leg.,4,3.5,931
3526,2025-11-07 18:08:55,Ten rock apply much prepare professor exist several.,3,4.2,468
3527,2025-04-30 20:22:23,Game imagine form.,3,4.5,2328
3528,2025-02-16 10:47:12,Help fast material finish two shoulder.,4,4.1,765
3529,2025-05-08 02:47:45,Body others decade win method.,5,3.4,4069
3530,2025-05-22 13:24:05,Why put above.,4,3.2,2494
3531,2025-10-20 22:03:47,North adult commercial garden budget not fine me.,2,4.0,8037
3532,2025-08-08 21:02:53,Though us chance official staff.,4,4.5,4259
3533,2025-07-28 13:38:40,If where hope.,3,4.2,9205
3534,2025-03-05 00:14:10,Heart family budget wife.,4,4.9,9701
3535,2025-06-16 07:03:09,Very two smile charge business power commercial.,5,4.2,1513
3536,2025-11-16 19:23:30,Home general how away leader no father.,2,4.1,194
3537,2025-07-16 13:41:35,Firm they result itself.,4,4.8,6306
3538,2025-10-13 08:43:52,Item expert doctor education fact.,5,4.5,7343
3539,2025-09-15 09:21:11,Me or theory interesting I pick guy.,2,3.6,5370
3540,2025-03-13 23:07:02,Step debate especially evidence from prevent color rather.,4,4.0,9667
3541,2025-03-05 11:41:52,Congress business fish.,5,3.9,7477
3542,2025-08-26 07:42:33,Land eight all fly me state help several.,4,4.5,5954
3543,2025-04-28 04:56:38,Energy in easy kind accept value.,1,4.3,9249
3544,2025-03-03 00:49:41,Structure who sense.,3,4.9,1634
3545,2025-01-18 13:32:02,Area far person this.,2,4.4,3099
3546,2025-05-23 00:30:01,And six source evidence including believe guy memory.,2,4.3,7135
3547,2025-04-12 01:44:34,Above red tree when easy.,3,3.1,8992
3548,2025-02-13 11:48:03,Table best PM either.,4,4.5,813
3549,2025-02-06 16:12:34,Per cup give night.,2,3.0,8880
3550,2025-06-28 11:56:35,Research day notice hand early forward kitchen personal.,3,3.6,615
3551,2025-08-22 14:37:16,Can Mr everyone song moment smile teacher color.,1,3.9,9695
3552,2025-07-09 05:27:49,Chance statement night produce firm service brother.,3,4.8,7555
3553,2025-01-28 02:17:25,Memory network enough mind.,4,4.0,3218
3554,2025-08-17 02:52:16,Money enough what particular inside share no.,3,3.2,5188
3555,2025-08-17 13:02:33,Own yeah his increase free both minute.,2,4.3,532
3556,2025-10-10 16:23:59,Challenge that almost.,3,3.6,4727
3557,2025-07-02 12:56:08,House among upon light course.,3,3.8,2406
3558,2025-06-21 01:20:30,Bad the good sister office central.,1,4.7,4287
3559,2025-06-03 05:20:58,Make technology production do per.,2,4.5,5757
3560,2025-03-10 09:51:54,Maintain not practice approach season.,1,4.8,6893
3561,2025-07-31 20:07:29,Majority sound behind final prove minute computer.,3,4.3,9013
3562,2025-04-05 07:10:53,Father both ok seven another.,3,3.4,5514
3563,2025-08-15 11:46:55,Party discuss even expect very evidence when new.,3,4.9,4451
3564,2025-09-03 06:32:33,Ask own number yard teacher individual.,2,3.4,6371
3565,2025-04-16 18:16:21,Teacher break politics teach.,1,4.6,1027
3566,2025-01-29 08:02:58,Whether record operation let.,4,3.7,7218
3567,2025-09-20 08:08:30,Hotel fight also part generation and painting range.,4,3.1,3104
3568,2025-11-10 01:59:07,Technology part PM after out authority from.,5,3.3,3853
3569,2025-07-10 00:39:06,Thought national any partner reduce.,2,4.3,6506
3570,2025-08-20 20:46:18,All person international church service.,3,4.1,3960
3571,2025-08-15 10:16:51,Door character economic success happy scientist small worker.,3,3.9,8114
3572,2025-01-12 12:45:26,Do century remember market brother consumer throughout including.,5,3.5,6134
3573,2025-08-22 23:33:35,Reason management evidence improve too bank.,5,4.6,4181
3574,2025-10-25 13:48:54,Man appear rock kid large cause never.,1,4.3,291
3575,2025-05-01 21:06:41,Well page just there.,5,4.4,5378
3576,2025-01-18 15:00:28,Teach serve goal finish former.,5,3.6,1542
3577,2025-06-27 01:14:14,Avoid window physical send beautiful crime.,4,3.6,6916
3578,2025-07-01 13:34:59,Dark sign coach special take direction.,2,3.7,3061
3579,2025-06-25 15:13:44,Pass loss right detail.,2,3.3,8181
3580,2025-03-27 13:03:16,Sell between according senior expert.,4,3.5,4606
3581,2025-02-05 22:04:10,Per part fly direction.,1,4.4,3493
3582,2025-05-27 07:25:55,Soon reveal off protect.,1,4.2,5213
3583,2025-08-13 19:31:24,Move section education.,4,3.1,8936
3584,2025-04-06 23:17:16,Word could candidate across score technology show.,5,3.5,7245
3585,2025-03-23 05:18:49,Age water and who arrive Mr president.,2,3.7,8670
3586,2025-08-04 22:28:55,Congress popular down woman similar since sing.,1,3.2,7683
3587,2025-03-25 02:41:49,Else manage side attorney agree officer history call.,4,4.0,2951
3588,2025-10-22 11:53:21,When allow among respond.,3,3.1,2410
3589,2025-01-12 12:08:01,Follow result similar yard prove strategy quality.,2,4.4,6883
3590,2025-03-13 08:17:30,Science bag ability painting fly history.,4,4.8,8232
3591,2025-09-02 06:04:28,Shoulder success number final system.,4,4.7,404
3592,2025-01-26 22:06:57,Specific west remain quickly sense year also involve.,5,3.1,5605
3593,2025-11-12 11:01:18,Cover knowledge study test candidate what week ready.,5,4.0,3238
3594,2025-01-22 16:13:49,Majority management for song hard of.,5,3.4,4163
3595,2025-05-02 08:01:49,Model similar test.,2,3.4,9058
3596,2025-11-13 17:07:03,Thought prove have.,3,3.5,3840
3597,2025-11-12 09:04:03,Think let ask myself serve itself.,3,4.0,2555
3598,2025-03-09 08:32:36,During share five.,4,3.5,5498
3599,2025-01-09 15:25:50,Better hair so each language.,4,4.5,5298
3600,2025-09-30 17:47:58,Most detail from turn.,4,3.7,7425
3601,2025-05-23 00:40:07,Stock baby policy position he represent.,1,3.1,5515
3602,2025-10-21 09:12:06,Interesting black black poor property whether run.,4,3.0,821
3603,2025-08-20 00:26:02,Yes likely can state dinner worker.,3,3.4,1091
3604,2025-05-04 13:43:14,Value own vote than class pick.,5,4.3,6204
3605,2025-06-13 03:44:58,Off glass herself attention wait travel.,1,4.7,4295
3606,2025-09-29 09:33:17,Prevent night western.,2,3.3,7681
3607,2025-04-15 19:00:24,Stay begin stay important TV full.,1,4.9,5603
3608,2025-06-28 11:18:21,Glass choose official response set politics.,3,3.6,9762
3609,2025-02-24 19:17:54,Herself account personal hope.,2,3.2,7294
3610,2025-02-15 10:18:54,Idea morning sort above bed.,3,4.9,6294
3611,2025-09-25 03:12:35,Beyond sell enjoy this wait usually let.,2,4.7,9462
3612,2025-05-08 06:15:54,Scene soldier offer how gun miss recognize.,5,4.7,4109
3613,2025-09-06 14:33:39,Present fill stay politics control third cover.,3,4.4,1318
3614,2025-07-25 02:01:17,Well kid oil law hope.,2,4.4,5654
3615,2025-04-23 14:19:22,Heart bank forward society under stage the.,5,3.0,4994
3616,2025-08-22 18:31:37,New resource country organization.,1,3.9,6577
3617,2025-04-25 15:11:33,Stage concern station on organization chance east its.,1,3.7,4633
3618,2025-10-18 17:01:13,Boy score loss lot material.,2,4.9,6472
3619,2025-04-06 21:20:23,Choose effort environment professor.,1,3.9,5980
3620,2025-05-11 21:16:33,Kind notice tough rock.,1,5.0,2103
3621,2025-07-18 16:28:36,Challenge lose southern interesting agency.,2,4.7,1210
3622,2025-10-08 10:17:53,Detail first floor trial watch move.,1,3.3,5710
3623,2025-01-11 00:00:40,Already us question.,5,4.4,9277
3624,2025-11-16 07:01:52,Large spend us benefit chair kid pattern.,4,3.5,9629
3625,2025-05-29 14:03:20,Step stay a opportunity suffer sea.,4,3.5,7260
3626,2025-09-09 10:18:07,Focus rich training care forget responsibility.,1,4.8,3463
3627,2025-10-07 12:17:23,Save major ago detail rather down.,4,4.1,9994
3628,2025-02-09 19:07:10,Foreign green west party rock me.,3,3.9,9023
3629,2025-11-04 11:15:40,Tell kind nature sound.,3,4.4,8022
3630,2025-08-15 04:48:48,Actually impact country population magazine quality door.,4,4.9,8147
3631,2025-05-15 17:03:33,Decade her safe address generation realize.,2,5.0,9146
3632,2025-06-30 22:21:26,Home couple thus yourself physical argue.,4,3.3,7356
3633,2025-09-26 10:03:29,Year world another foot range production glass look.,3,4.1,5300
3634,2025-08-18 10:27:04,Cultural wide imagine especially should more social very.,5,3.4,8834
3635,2025-05-31 17:01:10,Hospital create training fly military oil.,3,3.0,7245
3636,2025-02-28 18:39:03,Others cover mention choose quickly.,4,4.0,7017
3637,2025-09-14 13:10:19,Similar federal final north why measure.,2,3.7,1984
3638,2025-02-02 14:01:29,Write figure second plan personal.,4,4.9,7155
3639,2025-07-17 13:51:04,Your bit these.,1,4.3,800
3640,2025-02-09 21:10:15,Range prevent week item consumer police.,2,4.6,3383
3641,2025-04-06 11:11:24,Receive two room television.,1,4.6,8879
3642,2025-10-25 08:26:43,Type key group gun force.,5,4.6,7303
3643,2025-06-29 00:13:33,Free what scientist record hospital maybe space bill.,1,3.4,8502
3644,2025-10-02 20:47:40,Single yes do central statement table establish certain.,4,4.7,6540
3645,2025-04-27 15:04:13,Or exactly more exactly modern.,3,3.7,4770
3646,2025-08-16 11:33:36,Ok indeed candidate trial cup.,4,3.2,2292
3647,2025-10-13 15:36:38,Per big wish two campaign community.,3,3.9,3706
3648,2025-03-26 08:16:18,On member tree his this mission happy.,3,4.4,4125
3649,2025-09-26 04:59:06,Enter standard wide five leader.,1,4.7,2518
3650,2025-11-22 16:00:18,There number type another.,3,4.8,1534
3651,2025-11-08 01:57:30,Plan same important.,5,4.1,4007
3652,2025-02-25 11:32:55,Increase career agency mouth although.,3,3.8,6650
3653,2025-05-31 02:19:28,Identify pull explain staff series PM me toward.,4,3.5,9986
3654,2025-06-19 06:13:49,Only toward head own you firm seven moment.,5,4.2,4145
3655,2025-05-25 01:42:12,Arrive doctor high skin.,5,4.6,895
3656,2025-11-14 01:11:35,East author stand base ago point central.,1,3.7,3946
3657,2025-03-23 00:32:42,Brother which official letter fill.,1,3.7,2746
3658,2025-05-06 14:32:15,Line chair personal.,1,4.6,1722
3659,2025-11-15 05:53:16,Under make social reveal team could.,1,3.4,8141
3660,2025-09-11 14:27:38,Population although word happen.,3,4.5,7440
3661,2025-07-02 02:16:01,Hold attack east increase occur.,3,3.5,1674
3662,2025-11-10 23:15:28,Technology until identify take gun carry floor.,4,3.5,9405
3663,2025-08-07 07:18:21,Pressure skill buy himself though.,4,3.6,3587
3664,2025-01-03 10:28:05,Serious rest myself federal professor.,3,3.9,1103
3665,2025-01-28 19:30:06,Wind him kitchen growth.,2,4.6,4418
3666,2025-09-17 20:27:23,I best artist arrive organization.,2,3.9,380
3667,2025-07-26 12:24:00,Suddenly better money right physical these next sing.,5,3.2,3986
3668,2025-06-26 18:16:23,Price thousand institution dark subject phone.,5,4.0,3155
3669,2025-07-27 12:45:36,Old job ever them opportunity.,4,4.2,4643
3670,2025-02-23 03:05:54,College case trouble music dream true both rich.,4,4.2,4800
3671,2025-06-15 01:41:21,Rate bit fire partner.,5,3.5,2971
3672,2025-02-18 04:24:39,Manage they professor town enter wrong although.,5,5.0,4881
3673,2025-04-10 06:28:45,At hope history avoid stock team think newspaper.,1,4.6,9697
3674,2025-03-01 15:15:08,Industry around himself serve heart administration treatment.,3,4.3,2968
3675,2025-10-25 11:26:19,On senior stand even cut.,1,4.7,9961
3676,2025-07-01 00:27:19,Stop on pass level different.,5,3.2,9758
3677,2025-03-19 13:56:38,Poor affect bring.,2,3.2,4196
3678,2025-07-06 06:14:57,Rock trip animal though.,4,4.5,7427
3679,2025-01-23 21:14:50,Now yard hour.,1,4.6,4717
3680,2025-11-14 05:32:39,Fast practice concern hair television.,4,4.5,9377
3681,2025-03-15 13:21:50,The campaign easy billion.,4,4.0,2373
3682,2025-08-04 09:25:52,Environment campaign one home in program.,3,3.5,5373
3683,2025-09-12 05:00:06,Before should charge agreement win.,4,3.8,6077
3684,2025-02-20 04:10:01,Organization and who few because sport field.,5,4.6,2721
3685,2025-06-05 19:15:23,Bed shoulder though prove.,5,3.4,9941
3686,2025-01-22 12:05:27,Information outside control with thought.,1,3.4,8168
3687,2025-04-07 06:29:29,Bar what until some recognize control ball indeed.,1,3.9,228
3688,2025-03-24 00:46:24,End without source almost particularly.,5,3.2,1709
3689,2025-02-04 09:21:27,Just guy night financial today board citizen enjoy.,4,3.2,4403
3690,2025-10-16 22:35:58,People system ten recent final owner.,3,3.6,9372
3691,2025-10-06 23:15:31,Note prevent once different tend region visit hour.,1,4.1,141
3692,2025-01-22 03:40:21,Fear hair power there member.,1,3.7,2943
3693,2025-04-14 19:24:43,Sit white wife officer difficult.,2,4.9,8488
3694,2025-11-25 12:58:31,Magazine cold key drug base good community third.,4,4.3,8380
3695,2025-10-18 16:24:10,View sister door.,4,4.5,3169
3696,2025-09-07 08:07:41,Baby miss design help available pressure yard voice.,5,3.7,5062
3697,2025-10-31 22:48:19,Teach show party specific.,2,4.0,1736
3698,2025-08-23 12:26:32,These like lose just develop maybe.,5,4.5,2756
3699,2025-11-05 17:21:26,Decade north commercial parent effort.,1,4.8,4945
3700,2025-07-29 15:48:29,Despite social all black often physical charge.,4,3.5,68
3701,2025-10-27 12:31:04,Significant must image same later laugh.,2,3.8,4146
3702,2025-04-28 10:53:59,Whole sea television catch high writer image.,4,3.8,3365
3703,2025-08-21 01:05:38,Charge deal line prepare information lose.,4,4.6,2303
3704,2025-03-15 21:03:23,Task others mean space.,4,3.1,789
3705,2025-06-23 23:17:27,Bar control growth.,5,3.6,1139
3706,2025-01-25 13:15:56,Such doctor could physical.,2,4.6,6846
3707,2025-07-23 02:33:39,Lawyer never employee word.,1,3.6,6157
3708,2025-09-07 04:07:37,General him event explain new hospital level.,3,3.7,6063
3709,2025-05-02 22:38:15,Kitchen he push American he.,5,3.2,2064
3710,2025-09-14 14:46:14,Focus happen beautiful artist blood difficult several.,1,4.3,8698
3711,2025-10-18 04:48:19,Machine rest deal here.,2,4.0,6352
3712,2025-08-06 02:12:50,Indicate design region worry partner stand.,4,4.1,2914
3713,2025-09-01 00:14:23,Company shake source game knowledge realize behind.,2,4.6,8227
3714,2025-10-09 12:05:59,Simple back expect wall vote those conference wife.,4,4.4,1934
3715,2025-03-06 00:59:48,Want worry owner may end player bar.,3,4.9,9492
3716,2025-03-23 09:19:44,Woman moment recognize why but.,5,3.6,1922
3717,2025-05-18 05:24:05,Late until safe we collection.,5,3.8,413
3718,2025-10-11 21:39:02,Spring how care understand part.,3,4.2,4652
3719,2025-03-04 16:28:05,Loss military huge another determine final.,4,3.3,5982
3720,2025-06-17 14:05:34,Water Democrat hot stand weight chair.,3,3.1,1980
3721,2025-09-18 15:51:11,And three one side open clear age.,1,4.3,4787
3722,2025-06-30 15:58:06,Art foot area toward car.,2,4.3,4145
3723,2025-05-03 11:24:42,Party quite unit positive strategy.,5,3.1,1487
3724,2025-06-03 07:34:20,Explain rule language matter half.,1,3.0,4210
3725,2025-11-24 05:22:20,Laugh thank civil parent sea consider better.,1,4.0,5671
3726,2025-10-12 22:40:32,Interest focus page.,5,3.6,2890
3727,2025-10-18 08:40:39,However move point likely red environment expert.,4,3.9,3245
3728,2025-06-05 14:07:09,Hospital street above along since between parent.,5,3.9,1612
3729,2025-11-03 16:00:29,Thousand goal war offer office camera itself.,5,4.2,3391
3730,2025-05-26 09:29:50,With environment product range.,3,3.4,960
3731,2025-11-19 21:40:15,Star something manager ahead.,1,4.2,7520
3732,2025-04-22 02:49:22,Program now truth letter create enough writer.,5,3.8,3764
3733,2025-03-24 05:58:36,Exactly magazine get but during.,3,3.8,1760
3734,2025-03-05 10:11:59,Goal keep wait member.,4,4.7,5626
3735,2025-07-25 14:23:49,Just generation tax specific.,1,3.0,9665
3736,2025-05-23 05:45:45,Edge doctor movement tend participant field former.,3,4.6,3819
3737,2025-08-21 15:07:32,Size something artist.,1,4.9,9498
3738,2025-07-09 12:24:20,Agency certainly position make others little discussion.,5,3.4,1895
3739,2025-11-04 19:44:02,Particularly me blood system important including modern nothing.,4,3.2,2937
3740,2025-04-10 12:08:25,Couple hear media dark.,3,4.7,9539
3741,2025-06-29 09:21:20,Meet bad thing either them.,5,4.8,2969
3742,2025-08-28 18:49:24,For phone could bar popular number dinner.,5,4.2,8283
3743,2025-02-08 23:45:48,Response edge fly compare protect.,1,4.3,893
3744,2025-05-19 00:00:49,Level evidence consumer usually home foot win music.,3,4.4,3041
3745,2025-09-03 05:07:56,Reduce when fight voice better.,3,4.9,5213
3746,2025-03-29 15:07:59,Manage among lawyer support short.,3,3.6,6392
3747,2025-07-05 05:04:19,Line program seem modern.,2,3.0,7851
3748,2025-04-27 04:50:33,My treatment effort report when important window.,2,3.2,9868
3749,2025-01-18 06:46:35,Fall either bill four town.,5,4.3,1788
3750,2025-07-16 21:12:17,Above capital total subject professor.,1,4.9,841
3751,2025-11-01 10:50:35,Then money let able listen soon.,4,3.7,7457
3752,2025-07-23 12:37:12,Member once go out pressure partner.,1,3.8,4900
3753,2025-03-28 20:11:50,Road customer eight method identify.,5,3.6,4291
3754,2025-05-08 03:01:40,Congress specific music head line.,5,4.0,547
3755,2025-07-29 22:29:58,Health tough option stock push manager wrong.,1,4.9,1660
3756,2025-04-11 06:31:49,On policy couple spring.,1,4.2,4212
3757,2025-08-09 02:25:11,Road position allow indicate green significant.,3,3.9,5650
3758,2025-08-26 09:42:49,Not reach term agency go return.,1,3.3,9850
3759,2025-10-23 18:35:48,Skin voice security wait.,5,3.4,2689
3760,2025-01-22 06:59:51,Popular gun audience six operation.,5,4.7,6704
3761,2025-03-14 20:25:50,Nice wonder sense ago.,4,4.9,400
3762,2025-04-09 06:30:36,Glass discuss key box week condition visit.,4,4.2,6456
3763,2025-03-25 00:54:20,Let research pull two commercial prevent.,2,4.3,5829
3764,2025-05-22 06:55:11,Charge far approach add prepare reduce.,1,4.4,9655
3765,2025-09-04 23:32:33,Main rather nothing ability single hard.,4,5.0,2532
3766,2025-08-11 03:14:16,News once from street case share media maintain.,3,4.8,4358
3767,2025-09-27 04:44:32,Certain training avoid quality PM political head.,4,4.0,4057
3768,2025-10-25 08:01:44,Four occur bit sport church.,3,3.1,8355
3769,2025-11-10 07:49:20,Look trouble order director per half station.,2,3.9,4069
3770,2025-08-25 13:21:09,Simple future those simple hot wall.,3,3.9,4054
3771,2025-02-13 13:05:44,Soldier great dog beyond reflect easy.,5,3.7,621
3772,2025-11-22 06:44:57,Available like right spend finish door.,1,4.7,9977
3773,2025-04-15 04:54:54,You product idea hot local both clearly.,3,3.9,7559
3774,2025-05-31 19:52:01,Could itself local reason car indeed.,4,4.3,1923
3775,2025-03-28 00:29:03,Step safe collection sell miss.,5,3.7,7069
3776,2025-01-26 11:50:53,Popular create finally window discover long continue.,4,3.5,5323
3777,2025-07-14 07:12:39,Organization town without address talk green popular.,5,4.4,675
3778,2025-08-22 04:40:56,Interest city beyond.,3,4.8,824
3779,2025-02-28 12:33:47,Day raise record herself carry.,2,4.5,5217
3780,2025-10-20 18:39:58,Above appear usually friend clearly social tree.,2,4.6,4367
3781,2025-09-04 04:42:31,Particular player sister describe long capital lawyer.,3,4.1,5387
3782,2025-05-27 21:33:57,Why person course him care wish government.,4,3.6,4541
3783,2025-11-20 10:50:16,Knowledge price modern stage memory.,1,3.8,9489
3784,2025-03-10 11:49:03,Thousand candidate break whatever single college look.,4,4.1,612
3785,2025-09-06 13:22:16,Follow some guy into law.,4,3.6,398
3786,2025-01-07 18:27:59,Amount morning sure personal important.,3,3.5,3237
3787,2025-10-07 05:10:30,Sometimes stock Mr ability dream available.,4,3.1,245
3788,2025-07-30 03:57:23,Lawyer financial of relate matter tough.,3,3.2,1935
3789,2025-02-19 03:13:17,Today answer government attention standard person across.,1,4.6,5510
3790,2025-06-27 13:13:48,Under subject affect million.,5,4.2,4240
3791,2025-04-14 00:19:36,Positive who minute mission significant reason.,2,3.4,1935
3792,2025-06-21 02:46:32,Economic support seven establish.,4,3.5,6339
3793,2025-07-24 02:57:25,President another laugh.,3,4.8,8482
3794,2025-06-15 20:51:00,Information born her city firm yourself.,2,3.5,9078
3795,2025-08-13 21:05:59,Money organization allow practice art interest society.,1,4.7,27
3796,2025-01-28 06:13:21,Learn support pass hold explain lead call.,2,3.6,2602
3797,2025-02-20 08:03:22,Firm past weight tell accept last.,5,3.6,8505
3798,2025-03-30 01:05:22,Executive network charge nature.,3,3.2,8032
3799,2025-09-28 08:30:19,Strategy business various modern return involve.,5,4.3,2723
3800,2025-04-01 02:46:28,Want current enough Mrs now time federal.,5,3.9,7362
3801,2025-03-13 04:48:35,Inside population test anyone water.,5,4.7,63
3802,2025-04-11 11:24:20,Employee guy serious mouth south.,3,4.9,976
3803,2025-01-04 05:53:18,Charge member two practice involve very listen.,3,4.6,3680
3804,2025-09-26 04:22:04,Partner leader modern leave.,5,3.6,6543
3805,2025-04-22 17:07:29,Growth ability billion social always since rule.,4,3.7,9098
3806,2025-04-29 10:53:41,None sound increase court talk always board serve.,5,4.6,5757
3807,2025-10-02 11:33:51,Discuss support toward good night team business.,4,4.8,6176
3808,2025-05-04 04:10:57,Just me truth design citizen age rather.,3,4.8,6589
3809,2025-04-23 09:54:17,Institution artist ball subject consider bit real.,3,4.7,2663
3810,2025-03-20 16:36:13,Parent today style pretty building.,5,3.9,2554
3811,2025-05-27 01:11:04,Style serve positive guy.,1,3.5,5112
3812,2025-05-25 05:52:11,For arm something.,4,4.8,7690
3813,2025-03-16 21:30:03,Sit majority girl factor professor air onto almost.,1,4.5,2337
3814,2025-07-24 16:31:28,Cover begin care piece certainly.,1,3.1,2183
3815,2025-11-10 12:16:40,Knowledge though center important here friend possible.,5,4.7,7745
3816,2025-01-18 08:02:00,Camera event end shake until news series.,1,4.9,6189
3817,2025-11-05 04:08:11,Either produce could dream reach.,1,4.9,9832
3818,2025-03-08 20:02:08,Again research fly together end short.,5,3.8,1645
3819,2025-06-04 09:28:12,Performance my common conference spend rest.,5,3.2,6315
3820,2025-03-05 11:03:39,Across career phone close former collection.,1,3.4,4158
3821,2025-01-20 12:46:00,Affect around meeting stage according much.,5,4.8,6345
3822,2025-03-13 00:22:06,Threat add effect expect.,3,3.7,7623
3823,2025-05-02 14:16:03,Prepare especially argue meeting three away.,4,4.0,4693
3824,2025-07-23 03:40:43,Various money region always development western.,1,3.1,1906
3825,2025-10-15 19:33:10,Drop simply stay night news television result.,1,3.2,8216
3826,2025-05-20 12:37:18,Economic hot what cell particular appear model.,3,4.2,8870
3827,2025-09-17 20:12:38,Produce successful himself other true.,1,4.5,1313
3828,2025-07-19 23:56:25,General key throughout third.,2,4.6,5331
3829,2025-01-29 04:14:21,Job require travel though professor.,2,4.7,9652
3830,2025-03-24 00:00:50,We finish officer suddenly edge.,5,4.4,9354
3831,2025-08-14 18:46:47,Two nature than blood along current south year.,2,5.0,6917
3832,2025-10-06 08:26:15,Audience role common.,2,4.7,7945
3833,2025-07-24 02:53:56,Off game imagine question could.,4,3.9,8327
3834,2025-11-19 07:51:43,We recognize heavy huge voice option information.,3,4.8,8634
3835,2025-07-10 10:14:21,Stuff maintain positive conference moment scene ball.,1,4.7,5507
3836,2025-01-11 05:23:03,Wear soon form remain leader themselves.,3,4.1,3441
3837,2025-05-27 07:54:07,Place item music.,1,4.8,2484
3838,2025-03-26 06:09:52,Level evening follow power reason.,2,3.2,3813
3839,2025-08-18 21:26:52,Society kid that drive be single.,2,4.4,4435
3840,2025-07-13 14:58:39,Generation stand century.,1,3.2,4522
3841,2025-09-05 15:09:26,Never boy democratic water some former.,1,4.5,8169
3842,2025-10-22 08:02:53,Her memory term baby second material leave focus.,1,3.8,1120
3843,2025-07-27 13:30:01,World end charge feeling measure inside best.,2,4.0,1267
3844,2025-03-20 18:31:22,World pay some adult consumer.,4,3.6,4238
3845,2025-09-12 01:40:41,Half around state girl subject.,3,4.9,7453
3846,2025-10-07 05:44:22,Senior international strategy feeling option woman apply other.,3,4.1,8009
3847,2025-06-26 10:46:11,Space bad chance.,1,3.0,9974
3848,2025-03-04 04:30:05,Alone usually manage book.,1,3.4,4371
3849,2025-04-23 16:07:35,Late coach stuff care family fine.,2,4.1,1377
3850,2025-07-19 17:43:01,Other song there exactly.,1,4.8,5500
3851,2025-01-28 07:33:24,Which another message care trade.,3,4.1,4665
3852,2025-10-05 21:30:04,Player measure product project voice none.,4,4.7,486
3853,2025-06-06 02:46:43,Floor poor official significant usually.,4,3.6,9368
3854,2025-05-12 19:18:57,Must hundred tax campaign.,5,4.1,3911
3855,2025-08-17 10:47:25,Step bed board room set yard toward.,3,3.1,9632
3856,2025-07-19 13:28:29,Pretty provide toward worker look determine.,3,4.5,5083
3857,2025-03-23 08:07:30,Now require my listen rather.,3,3.9,7454
3858,2025-10-01 20:29:00,Others four arm hair happy newspaper.,2,3.2,8982
3859,2025-10-26 12:53:24,We piece member child professional bring institution.,5,4.5,247
3860,2025-05-28 18:05:46,Popular drop hospital.,5,4.6,845
3861,2025-08-06 21:56:33,Per team factor plant affect describe too.,1,3.8,487
3862,2025-08-18 10:55:18,Hour pass quite market none bar both.,3,3.3,6700
3863,2025-10-12 06:22:49,Role still factor democratic reality rate.,4,3.1,9142
3864,2025-11-12 16:54:22,Indicate building suggest institution sense mean.,1,4.5,3671
3865,2025-05-15 15:05:44,Threat student idea girl stage bit worry.,2,4.7,3146
3866,2025-09-21 18:11:22,Check threat open become meeting.,2,3.3,3690
3867,2025-01-08 10:28:47,Require vote interest appear early.,2,3.9,6638
3868,2025-11-04 01:27:01,Someone program bank rise clearly.,2,4.1,2540
3869,2025-11-13 05:22:14,How ability economy theory.,5,4.9,3235
3870,2025-03-18 09:51:06,Common policy in painting.,4,4.1,7395
3871,2025-08-10 11:48:19,Who stop herself civil building far degree.,3,3.8,2731
3872,2025-11-22 01:43:14,Entire east one morning head place rock.,3,5.0,6603
3873,2025-10-22 16:20:18,Hope ok free industry result institution.,5,4.4,1287
3874,2025-10-12 19:05:03,Player create wear do study into green.,2,4.9,2350
3875,2025-05-23 18:10:56,Direction color change matter.,2,4.4,1437
3876,2025-05-18 10:32:40,This decide number policy range.,3,4.9,2856
3877,2025-10-10 15:09:31,City rest hard.,4,4.1,8700
3878,2025-02-14 07:50:01,State along main camera wear.,1,3.0,6202
3879,2025-08-12 09:46:31,Affect beat husband prove smile degree story.,3,4.2,5095
3880,2025-03-28 19:53:24,Interview this establish knowledge close account instead.,2,4.3,8156
3881,2025-01-14 08:06:53,Discover improve especially out see happen Democrat tax.,3,4.4,7623
3882,2025-11-22 05:27:41,Program goal lot big affect new race.,4,3.2,3785
3883,2025-06-02 08:27:42,Magazine relationship bring sea never someone whole.,4,3.2,7162
3884,2025-04-17 21:00:32,Whose story range cold manager he region.,2,3.5,7929
3885,2025-07-30 14:06:09,Wish choice picture get.,1,3.7,9545
3886,2025-01-01 03:01:51,Performance wind executive those.,5,4.2,7175
3887,2025-10-01 10:09:47,Hair leg idea race dinner reach.,4,4.1,9857
3888,2025-09-19 03:24:52,Save occur forget partner audience personal.,5,4.0,4622
3889,2025-05-02 22:05:13,Woman little last step people plant prevent.,5,4.2,2940
3890,2025-01-24 23:08:25,Check agent it early cup order.,2,3.9,1912
3891,2025-05-22 02:59:25,Develop box maybe culture.,3,4.2,5819
3892,2025-10-08 12:25:07,Bring since cut least.,2,3.7,8323
3893,2025-03-12 17:14:31,Parent until newspaper grow these rule.,1,4.7,5872
3894,2025-02-16 03:10:02,The between cut its.,5,4.5,2680
3895,2025-05-15 05:46:39,Though avoid move determine movie also.,1,4.4,43
3896,2025-09-20 09:03:57,Community court view country.,4,4.4,7940
3897,2025-07-06 17:11:41,Deal large send thus way somebody.,4,4.5,7398
3898,2025-01-01 23:51:55,Large image trial fire product more information.,3,3.7,9065
3899,2025-09-21 14:28:00,Father area yeah particular sort.,2,4.1,7076
3900,2025-03-20 23:50:42,Owner present catch young.,2,3.9,4225
3901,2025-05-03 06:18:40,Avoid catch inside force study next.,4,4.0,1563
3902,2025-09-26 23:02:00,Full describe research dream above.,4,4.4,4298
3903,2025-04-22 01:43:14,Pretty real argue room choose.,4,3.2,9232
3904,2025-02-28 14:49:51,Long break left source federal response.,3,4.2,6864
3905,2025-05-16 16:18:45,Mr author possible within available professional.,4,3.2,9156
3906,2025-08-06 10:26:24,Natural focus majority month go there expert book.,4,3.0,9588
3907,2025-01-30 21:17:30,You usually size Republican.,3,3.6,5624
3908,2025-03-11 05:29:23,Ground memory guess well under.,4,4.3,1580
3909,2025-10-12 15:16:23,Conference over live feeling green section again.,3,4.1,3862
3910,2025-01-08 04:17:47,Pass part window area tell kid later.,4,3.1,1170
3911,2025-02-11 12:32:49,Hold sound million million pay.,2,3.8,4286
3912,2025-04-10 04:37:51,Receive recognize coach board road both action.,3,4.1,2857
3913,2025-05-05 19:40:35,Project how establish.,4,3.2,6233
3914,2025-09-11 12:07:28,Write if read attorney idea.,2,4.8,5640
3915,2025-03-04 17:59:29,Have director reduce.,2,4.7,8485
3916,2025-11-20 04:55:48,Stuff girl leave message answer.,3,3.8,7263
3917,2025-03-12 00:49:21,Whatever against recognize coach get.,3,3.1,9208
3918,2025-06-03 19:26:41,Should interest far should per.,5,3.9,9751
3919,2025-09-08 19:06:55,Policy entire follow want politics quite.,4,3.1,1934
3920,2025-08-11 12:52:30,Company agreement from success.,1,4.3,6030
3921,2025-07-22 17:16:59,Ask arm recognize past family candidate else media.,2,4.1,189
3922,2025-03-14 03:30:12,Summer position camera window machine service effect.,5,4.3,2327
3923,2025-07-31 00:10:31,Team happen house set could fly.,5,4.3,6000
3924,2025-03-02 09:03:16,Audience allow five like blood officer.,3,3.7,7983
3925,2025-08-14 22:07:15,Hot particular market them put real picture.,2,3.8,5292
3926,2025-06-15 21:31:14,Exist world conference herself its partner hundred.,5,4.5,8628
3927,2025-09-26 08:01:51,Choose those describe industry.,2,3.8,7972
3928,2025-04-13 06:35:28,Window staff human church development career something.,5,4.1,2468
3929,2025-07-05 02:35:10,Such condition six none.,3,3.6,253
3930,2025-11-20 02:31:53,Then executive stock result.,3,3.0,3152
3931,2025-11-17 05:18:18,Or first stop show.,2,4.5,8099
3932,2025-08-29 12:56:24,Break night current.,3,3.8,777
3933,2025-08-06 03:48:29,Star hot on two.,1,4.3,9131
3934,2025-03-14 05:00:35,Despite establish operation capital.,3,3.1,2826
3935,2025-01-31 14:59:06,Any one economy relationship huge evidence music.,3,4.6,395
3936,2025-11-17 05:18:59,North bank consumer bed significant.,2,4.0,5115
3937,2025-10-07 18:16:45,College reality position design central necessary.,2,3.4,8850
3938,2025-06-18 18:31:40,Wait if prove here expect.,1,4.4,5300
3939,2025-08-30 11:03:45,Reduce side stuff end beyond rock east.,5,4.0,424
3940,2025-03-26 13:35:32,After explain any life memory.,4,3.4,4008
3941,2025-02-18 00:44:45,Question too win example record side pay.,3,4.0,9019
3942,2025-07-16 23:41:38,National leg agent lawyer.,4,4.4,4990
3943,2025-04-29 00:12:34,Its notice voice hear.,4,4.1,5038
3944,2025-09-27 16:25:39,Also short begin above girl use traditional.,2,3.4,2567
3945,2025-03-31 17:14:37,Plan enjoy quality.,4,4.0,4394
3946,2025-09-28 04:54:18,Green audience anyone activity system cup yeah.,5,4.0,5065
3947,2025-02-04 20:29:56,Just should most carry.,4,3.3,3611
3948,2025-07-09 10:44:48,Argue character drug.,4,3.7,8795
3949,2025-02-25 03:19:13,Value next mind radio.,1,5.0,777
3950,2025-08-22 17:25:20,Issue nothing note just character.,1,4.8,3638
3951,2025-08-04 02:13:10,Page begin listen pretty stage create process enjoy.,3,3.2,4245
3952,2025-03-11 00:59:47,Expect north occur with nature occur.,3,4.3,5594
3953,2025-10-11 01:44:52,Style hospital television building focus term.,2,3.5,8439
3954,2025-11-06 10:35:55,Friend less start relationship produce accept relate.,2,3.7,7321
3955,2025-04-17 19:17:06,Worker notice long benefit impact industry be.,1,3.4,2554
3956,2025-09-20 22:41:24,Mrs suggest democratic list.,2,3.7,8013
3957,2025-03-23 06:25:56,Those part company Mrs difficult process.,3,3.9,3079
3958,2025-05-20 23:31:24,Then budget theory according big specific whether purpose.,2,3.3,7602
3959,2025-09-06 14:00:26,Beautiful decide idea current new.,2,4.5,3799
3960,2025-07-06 17:12:01,Test camera strong contain boy.,3,4.7,5952
3961,2025-09-13 17:30:03,So likely himself.,2,3.7,7603
3962,2025-10-03 15:01:24,Especially off quite thought.,3,3.5,3182
3963,2025-08-14 22:27:54,Safe tax he trip.,3,3.8,5357
3964,2025-11-10 07:19:42,Policy wonder door wish music.,4,4.4,3063
3965,2025-02-04 13:04:43,Do front hour simply gas card population force.,1,3.2,3171
3966,2025-02-19 06:46:48,Outside street everyone difficult inside value check learn.,3,4.6,8236
3967,2025-07-02 19:47:13,Leg give television bar financial.,4,3.4,7333
3968,2025-01-16 15:57:18,Above could machine house candidate senior into stuff.,1,3.5,3627
3969,2025-06-16 18:33:10,Just arrive or thought image.,3,4.1,2509
3970,2025-09-15 09:21:13,South ago defense necessary like employee major.,5,4.0,1684
3971,2025-10-31 20:56:35,Realize today tax certainly.,2,3.1,3120
3972,2025-05-06 15:22:15,Suffer yeah population community.,4,4.9,7599
3973,2025-01-11 19:06:47,State painting economic safe.,1,3.1,4924
3974,2025-11-14 12:17:17,Perform class cup street pressure fall close.,2,3.8,9552
3975,2025-06-25 10:46:28,Good entire yes own idea against.,4,4.6,537
3976,2025-09-03 23:51:42,Thing detail wait statement condition main return impact.,2,3.2,4667
3977,2025-05-23 19:29:36,Seem parent management customer what specific.,3,3.5,1404
3978,2025-03-18 04:47:20,Must she of finally.,4,3.4,4005
3979,2025-08-10 05:13:52,Song resource middle stuff.,4,4.4,8832
3980,2025-05-17 04:49:43,Image heavy out step attorney available maintain ever.,4,3.1,1639
3981,2025-06-08 02:41:42,Score bar personal apply reduce.,5,4.1,8360
3982,2025-11-06 14:28:00,Method on son.,5,4.6,8881
3983,2025-07-07 21:50:49,Edge gas apply series mean.,1,5.0,8152
3984,2025-05-12 18:53:17,Sport medical member here drug pay environment someone.,1,3.2,9162
3985,2025-05-01 09:06:19,Whom compare popular something.,1,3.2,4512
3986,2025-09-08 15:29:49,Increase former worker else cold street.,3,4.6,3760
3987,2025-09-25 17:36:30,Last fine beat draw.,3,3.2,4314
3988,2025-01-23 03:53:46,Issue decade notice range something.,4,4.7,4677
3989,2025-03-04 12:36:02,Ground quality standard some some notice space.,4,3.8,1435
3990,2025-02-21 06:12:53,Source probably exist during these race.,5,4.4,7549
3991,2025-07-28 19:45:41,Law collection cost player easy brother against.,3,4.3,6363
3992,2025-03-14 01:39:02,Billion town position to.,3,4.0,201
3993,2025-09-04 02:42:46,Step those product land pull particular cup.,4,4.8,807
3994,2025-03-05 14:01:00,Matter same kid ahead.,2,4.9,4224
3995,2025-10-09 03:09:09,Sea almost between reflect move figure.,2,4.0,1984
3996,2025-08-19 02:59:08,Around newspaper mouth foreign series chair.,3,3.2,8588
3997,2025-04-24 07:43:47,Bring country voice agree.,5,4.6,5651
3998,2025-01-30 09:50:17,Hospital old stock response pick first.,5,3.7,1982
3999,2025-06-27 18:32:45,Expect ever true story stand we usually.,1,4.3,7838
4000,2025-10-16 10:54:54,Main wind blue statement response explain section.,1,3.6,4031
4001,2025-11-14 11:22:38,Turn against buy down career.,2,4.8,5410
4002,2025-10-11 15:35:38,Beautiful quite work authority.,4,4.9,8367
4003,2025-07-05 21:03:08,Consider minute picture news town smile Republican.,3,3.3,9000
4004,2025-05-20 07:08:47,Value defense edge.,5,3.2,2865
4005,2025-11-11 01:46:03,Blood together management interview add.,1,4.4,1975
4006,2025-04-19 01:04:49,Might pass picture whole event.,5,3.6,2988
4007,2025-06-13 09:41:18,Song big structure reality spend activity candidate of.,1,3.7,5139
4008,2025-08-24 15:19:21,Car benefit wide front recognize life stay.,1,3.3,2912
4009,2025-08-28 20:12:55,All such base.,2,3.5,5466
4010,2025-06-14 09:35:46,Case final seat we rich.,1,4.1,1007
4011,2025-02-13 08:31:21,Collection off involve fly hair oil.,3,4.2,3635
4012,2025-06-30 22:31:33,Activity safe may yes image task.,4,4.8,2585
4013,2025-02-18 14:42:08,Argue guess resource leave maintain.,5,4.9,9668
4014,2025-07-22 10:06:55,Trial try less.,3,3.7,1542
4015,2025-11-06 15:30:02,About suffer improve form.,4,5.0,9256
4016,2025-07-23 16:32:20,Wrong push prove hit south hold.,4,3.7,6021
4017,2025-09-17 05:56:45,Institution various rate on.,1,3.7,3540
4018,2025-10-27 13:38:48,Road consider race.,1,3.9,2587
4019,2025-09-28 10:52:03,Hard visit claim meet part test put.,5,4.3,9866
4020,2025-05-21 14:22:39,Record coach beat mind trouble teach suggest.,5,3.5,3147
4021,2025-03-21 15:15:22,Speak out majority region bank.,3,4.2,8185
4022,2025-08-22 21:53:41,Find sell mean appear.,1,4.1,810
4023,2025-05-21 18:32:30,Summer administration receive.,1,4.2,4034
4024,2025-02-25 17:56:00,Exactly control imagine radio third table skill.,1,4.5,7617
4025,2025-08-18 08:13:42,Serious bit suggest field huge action score.,2,4.2,1782
4026,2025-09-05 21:49:38,Thing deal book matter catch oil young himself.,4,4.9,3813
4027,2025-09-25 02:34:11,Bad image dinner window pass budget drive.,1,4.2,955
4028,2025-01-19 17:48:06,Game rule cover agreement.,2,4.5,1488
4029,2025-08-06 11:37:33,Remember by game political.,3,3.2,7297
4030,2025-08-31 05:48:28,Guess wife realize new performance.,2,4.6,7880
4031,2025-09-01 23:44:14,Prevent western wear both six.,1,4.7,6296
4032,2025-09-23 12:05:23,Finish million including article.,2,4.9,7873
4033,2025-11-06 03:24:00,Way task billion campaign central dinner.,4,4.3,9647
4034,2025-07-19 18:33:44,Name director mouth project.,1,3.4,1406
4035,2025-02-08 18:46:24,Most opportunity school little how eat.,4,5.0,2077
4036,2025-03-29 16:38:38,Everything response traditional assume behavior.,3,4.0,8393
4037,2025-03-11 23:54:58,Thought star offer them mother five current.,2,4.3,9614
4038,2025-08-02 06:23:00,Son wait he wind night past industry assume.,2,4.8,2848
4039,2025-11-15 17:44:31,Race weight style.,4,3.6,5919
4040,2025-08-02 02:21:02,Natural same edge wide in.,2,5.0,3422
4041,2025-10-21 14:21:00,Deep every it kind.,2,3.3,9523
4042,2025-09-02 12:05:01,Between fly his dinner trade.,4,4.5,3252
4043,2025-04-24 21:22:24,Kitchen only onto skin next movie rich.,2,3.9,8478
4044,2025-08-16 11:03:34,Eat else fly line science.,4,3.4,9721
4045,2025-05-28 01:03:46,Under base do company alone himself seem.,2,3.6,5349
4046,2025-05-02 03:50:01,Court everything behind talk he.,3,3.7,3662
4047,2025-08-18 11:47:34,Age bag claim movie big.,1,3.6,2848
4048,2025-03-05 15:14:36,Ball season surface in song sense.,1,3.0,3261
4049,2025-02-09 12:49:23,Themselves shake position two environment without firm.,5,4.3,944
4050,2025-03-03 08:09:03,Develop adult become interesting increase never.,2,4.1,1227
4051,2025-10-10 17:18:27,Maybe husband teacher wind.,4,4.3,3637
4052,2025-09-26 22:50:24,Able blood bank edge.,5,4.1,6560
4053,2025-02-25 12:10:24,Radio again trade product bed pretty accept.,1,4.4,627
4054,2025-07-19 10:38:55,More either no talk place participant station herself.,1,4.9,8537
4055,2025-01-07 00:31:35,Than body floor.,2,4.9,3728
4056,2025-10-23 19:47:33,More at occur also blood plant affect poor.,5,4.0,7819
4057,2025-05-09 03:46:04,Out job gas learn.,3,4.6,2686
4058,2025-05-16 09:43:45,Hundred night sister adult.,3,4.8,7926
4059,2025-03-27 01:49:52,Begin among list station phone.,3,4.2,6238
4060,2025-01-04 00:12:05,Nor prove church law.,3,4.5,613
4061,2025-04-16 09:22:57,Around street clearly role less nature poor.,2,3.5,806
4062,2025-04-27 10:58:50,Her some now capital surface.,3,4.6,7624
4063,2025-09-17 22:53:35,We improve scientist cold fund believe power.,2,4.1,655
4064,2025-09-15 04:34:04,Several serve whatever green perform.,1,3.5,1917
4065,2025-07-08 06:23:36,Against small they yet top according.,2,4.8,8994
4066,2025-05-10 02:36:25,Set grow station Mrs light knowledge pick.,1,4.2,1323
4067,2025-06-30 19:34:11,Every music not seat.,3,3.8,418
4068,2025-02-12 11:25:48,Himself win choice.,2,4.6,8797
4069,2025-06-01 09:36:57,With head official own industry garden.,1,3.5,3631
4070,2025-01-03 12:45:43,Star tend will democratic.,5,3.8,5025
4071,2025-05-16 19:19:37,True foot walk social attorney.,5,4.8,630
4072,2025-02-11 09:20:57,Particularly voice power mind support court risk.,3,3.2,9943
4073,2025-05-18 19:56:02,Reason also force save firm.,1,4.1,861
4074,2025-06-30 11:04:57,Bad nation environmental assume throw.,1,3.0,1521
4075,2025-06-02 13:35:59,Speech leader discover democratic civil study.,3,4.6,5367
4076,2025-08-16 14:59:17,Will out receive force drive full white head.,4,3.7,6571
4077,2025-01-10 06:16:19,Fall forget wait budget how candidate evening.,1,3.5,6246
4078,2025-01-30 02:31:51,Onto pay season sort community first.,1,3.3,3919
4079,2025-09-29 11:58:19,Everybody since include entire name hair.,1,4.3,1497
4080,2025-10-10 20:44:15,Soon prevent base majority debate house.,2,3.9,7092
4081,2025-06-04 14:09:31,Second tend pick beyond throughout once.,4,4.7,8126
4082,2025-09-08 15:17:55,Cost public beat per ten.,4,3.2,4816
4083,2025-05-22 01:45:51,Ready around agree heart become question.,5,3.1,4128
4084,2025-08-02 22:55:50,Do I impact unit knowledge.,4,4.1,8855
4085,2025-04-23 22:42:52,Clear sign arm group.,2,3.6,4257
4086,2025-04-08 18:54:50,Suggest body send boy.,1,4.1,822
4087,2025-06-15 19:43:11,Successful but board rather enough.,3,3.5,5312
4088,2025-11-25 15:58:27,Save begin ask fight together.,2,3.4,8244
4089,2025-05-09 16:17:50,Watch grow vote however skin evidence owner.,5,3.0,9490
4090,2025-05-29 09:09:08,Across cover former line he.,1,3.1,7260
4091,2025-01-07 22:45:30,Allow two collection sing figure picture.,2,3.7,7990
4092,2025-04-19 15:31:19,View beyond play home table call.,5,4.4,1981
4093,2025-01-05 13:46:21,Physical account health win send ten support red.,2,4.1,5486
4094,2025-08-19 20:36:08,Big pay various home significant.,3,4.4,1623
4095,2025-08-25 23:19:09,Difficult investment phone response relate miss.,2,4.6,1865
4096,2025-03-29 08:37:55,Ground ever head coach which director agency student.,4,3.1,3325
4097,2025-04-29 22:48:08,Guess from account represent help as far.,4,4.5,3753
4098,2025-10-18 15:07:52,Thousand measure write wonder involve child.,1,3.5,8534
4099,2025-03-27 08:25:46,Economic week student enough.,1,3.6,5449
4100,2025-01-26 21:07:24,House anything something election.,3,3.6,2381
4101,2025-09-24 16:02:37,Sea region real another peace onto.,3,4.2,3556
4102,2025-02-28 14:06:28,Few day door pull our someone pressure.,3,4.8,1326
4103,2025-10-01 17:29:31,Understand hotel unit local open.,2,4.7,3959
4104,2025-10-12 12:35:54,Western professional available heavy now.,2,4.5,7324
4105,2025-05-12 16:54:50,Particular economic have yet common newspaper.,3,4.4,7583
4106,2025-07-29 21:50:19,Decade home low news lead must goal other.,3,4.4,944
4107,2025-03-01 18:06:05,Mission end accept north.,2,4.9,8453
4108,2025-08-26 20:18:06,And program somebody style couple.,5,4.7,3537
4109,2025-06-28 13:02:55,Though game and bring spend speech.,1,3.5,1087
4110,2025-09-23 21:10:19,You detail why.,3,3.3,603
4111,2025-08-11 01:29:08,Carry far think a education.,2,3.5,8836
4112,2025-06-13 02:59:44,Dog ball control stop.,2,3.2,6774
4113,2025-11-12 10:45:29,Despite nature direction job position option travel.,1,4.2,4137
4114,2025-07-08 23:55:10,Almost drug region standard southern special.,5,3.2,8997
4115,2025-10-27 13:23:47,Seven agreement team how candidate marriage reason.,2,4.1,4790
4116,2025-07-16 03:51:27,Newspaper positive direction wear value water.,5,3.9,8140
4117,2025-10-13 12:24:52,He quickly individual serious forward prepare investment present.,3,4.8,1560
4118,2025-11-13 18:52:24,Full whatever doctor key artist.,5,3.3,1725
4119,2025-08-24 14:44:38,Education lose free rate crime could late.,3,4.1,1676
4120,2025-07-20 18:49:21,Letter quality clear positive.,1,3.4,8031
4121,2025-10-09 06:20:52,College sometimes safe ball.,4,4.9,5197
4122,2025-07-13 07:42:30,Than structure cell federal real relate among pretty.,1,3.3,2271
4123,2025-08-26 01:21:06,So live newspaper travel before.,1,4.4,4110
4124,2025-10-29 13:37:16,Value husband along.,4,4.7,4377
4125,2025-06-03 04:55:16,Put thing western local company game individual.,3,4.9,8989
4126,2025-09-14 05:46:54,Standard arrive behavior city stock story so believe.,5,3.3,9688
4127,2025-09-28 14:27:49,Successful social remain suffer control medical trial.,5,4.3,6632
4128,2025-06-23 21:03:17,Tell language seat young rich customer majority.,2,4.0,2556
4129,2025-09-19 03:57:21,Several who short stock baby exist.,3,4.8,1637
4130,2025-01-15 10:21:29,North source floor.,1,3.3,1626
4131,2025-03-21 19:31:19,Much role miss ten million figure.,1,3.3,9832
4132,2025-05-10 12:12:04,Lead finally physical anyone society task.,5,3.4,7144
4133,2025-08-31 22:15:45,Entire picture claim talk.,4,3.9,7782
4134,2025-07-30 07:52:38,Too explain experience answer.,1,3.6,8522
4135,2025-11-23 23:35:17,Positive site data training.,5,3.9,9281
4136,2025-07-22 07:57:58,Serious job mention.,3,4.1,5809
4137,2025-10-11 08:03:08,Realize bag what gas about blue season mind.,2,4.1,7813
4138,2025-04-03 03:33:27,Add note wind.,4,5.0,5143
4139,2025-11-05 23:40:54,Represent whose loss stuff learn anyone.,2,3.1,8186
4140,2025-07-12 14:17:46,Long produce west.,5,4.0,6187
4141,2025-10-15 20:10:20,Push system dark environmental catch.,5,4.8,630
4142,2025-04-13 18:43:45,Much network spend low mention month.,5,3.6,4838
4143,2025-04-24 21:00:03,Figure once husband.,5,3.2,463
4144,2025-07-01 17:44:54,Bring animal on.,5,3.0,8860
4145,2025-11-03 16:50:21,Brother future drive state wide.,1,4.5,4317
4146,2025-10-08 22:06:10,Including social television a entire guy film.,4,4.6,9194
4147,2025-01-12 20:38:58,Nearly discussion skin wish deal school have.,1,4.4,9059
4148,2025-11-11 20:21:35,Prepare than pretty trial method camera.,5,4.0,7029
4149,2025-08-28 10:54:24,Account candidate process hope year than.,4,3.7,1057
4150,2025-11-06 23:26:12,Watch hot floor realize.,4,3.4,2762
4151,2025-08-20 08:08:52,Such concern share team level move accept.,3,4.5,4326
4152,2025-10-06 00:20:01,Under true not opportunity who.,4,3.6,5201
4153,2025-02-26 08:43:27,Approach oil history voice research purpose.,1,3.8,3848
4154,2025-09-26 05:46:40,Affect order cause book.,3,3.9,9238
4155,2025-05-25 05:51:28,Difference even mother address and.,1,4.0,3108
4156,2025-08-28 21:15:16,Station long exactly four national according join.,5,3.9,6277
4157,2025-01-05 16:14:12,Run garden many exactly boy move.,1,4.1,596
4158,2025-03-13 02:07:46,Town music worker hold work number.,2,3.9,1580
4159,2025-02-28 22:38:56,Budget song performance during yes.,5,3.2,2750
4160,2025-10-19 05:17:37,Establish quality which deep reason one.,1,4.9,3698
4161,2025-05-10 00:41:55,Remain ability major resource describe mind.,1,4.7,5604
4162,2025-10-07 03:48:39,Whatever involve kind course certain require couple language.,2,4.2,8885
4163,2025-11-22 15:03:16,Economic per in give ten.,5,3.1,5377
4164,2025-10-06 11:44:25,Seek citizen several father particular hear.,4,4.4,4318
4165,2025-08-10 03:52:43,Foreign describe expect describe early sell.,4,4.4,4811
4166,2025-05-07 01:50:00,Same rock company light everything fast.,3,3.1,5914
4167,2025-01-18 12:55:01,Money soon friend alone bill along.,2,3.2,5891
4168,2025-04-18 09:41:53,Article poor beautiful right.,5,3.2,1282
4169,2025-01-19 19:33:34,Painting memory ground suffer administration.,5,3.5,6433
4170,2025-10-25 08:35:20,Benefit policy door room sort.,3,3.2,5616
4171,2025-07-17 05:56:34,Quite debate shake security create.,2,3.0,2262
4172,2025-01-20 21:22:10,Early southern if.,2,3.4,7646
4173,2025-02-09 12:45:21,Price read everybody organization fast conference.,4,3.6,4565
4174,2025-08-18 23:56:53,Red forget receive common hard.,2,3.7,2423
4175,2025-08-04 00:57:27,Seven attention first difficult safe money leader successful.,1,3.5,9390
4176,2025-03-21 01:42:20,Old more time parent.,3,4.9,8051
4177,2025-05-25 01:06:32,Assume inside new age chair officer.,1,4.3,184
4178,2025-05-29 08:04:57,Any message training computer full former blood.,4,4.7,5176
4179,2025-03-08 00:03:14,Grow always positive gas.,4,5.0,2528
4180,2025-01-29 08:07:52,Anything lay group decision skin hold agreement.,1,3.9,4187
4181,2025-07-30 22:11:28,Often too their will letter break.,2,4.9,5056
4182,2025-06-18 22:20:33,Room film somebody worker rule.,5,4.5,3198
4183,2025-10-05 11:31:24,Party add surface else.,1,4.2,9329
4184,2025-10-23 01:19:31,Throughout policy voice without world around.,1,3.5,7875
4185,2025-06-19 02:11:47,Pm nature develop both right chair year concern.,3,4.2,2576
4186,2025-07-03 12:36:07,Similar provide every bed seek manage cost.,3,3.7,746
4187,2025-08-04 22:45:27,Deal method point interview inside worry send.,3,3.7,9209
4188,2025-06-23 14:47:26,Provide cultural pull face within.,3,3.9,8976
4189,2025-06-13 04:23:31,Move check paper ten one quickly.,4,4.5,7073
4190,2025-04-13 01:06:08,Five deal get article model budget.,1,3.4,8673
4191,2025-07-11 20:23:27,Against management line culture guess cost.,4,4.8,7008
4192,2025-10-19 03:46:13,Friend member later candidate.,2,3.7,3581
4193,2025-08-06 08:02:19,Head move affect stand huge.,4,3.5,8636
4194,2025-01-27 10:05:00,Around behind return pull including behind around.,1,5.0,45
4195,2025-09-10 20:29:05,Open meeting until somebody out hot.,1,4.3,4001
4196,2025-03-25 04:13:08,Agree cost sit poor partner community later.,2,3.2,88
4197,2025-09-19 04:26:40,Ever heavy agent lead word fact risk.,5,3.5,2774
4198,2025-09-17 22:54:59,City enough cost ball find.,3,5.0,3905
4199,2025-01-15 03:17:46,Military fall material party interview around particular.,4,3.3,9518
4200,2025-06-30 20:01:44,Image town yeah war general police.,1,4.3,3828
4201,2025-10-10 09:40:58,Maintain thing PM consumer our audience fight.,5,5.0,7398
4202,2025-09-15 12:01:44,Wife agency claim.,3,3.2,6735
4203,2025-01-09 01:32:30,Tough hotel positive play read movement.,2,4.3,7719
4204,2025-10-11 02:08:40,Son under any about central argue democratic give.,4,4.0,2263
4205,2025-02-01 02:25:58,No new first treatment size.,1,3.5,8935
4206,2025-04-26 10:36:37,Seven continue offer government standard page.,2,4.0,5169
4207,2025-01-10 05:15:21,Family beat address anything apply its then real.,3,3.1,2372
4208,2025-11-06 08:46:39,Put fine later protect his system lot detail.,5,3.6,8278
4209,2025-09-01 11:44:07,Manager single ten time significant.,1,5.0,35
4210,2025-09-16 18:02:13,Another a art store organization force.,3,3.1,398
4211,2025-01-15 16:25:35,Read old buy think.,5,4.6,2009
4212,2025-01-21 17:11:59,Probably commercial agency human sound.,4,3.9,1534
4213,2025-02-24 03:52:19,Executive enter summer majority.,4,4.9,192
4214,2025-07-02 12:38:36,Free a collection perhaps price amount on level.,3,4.8,1423
4215,2025-07-07 00:02:03,More author response fund full.,1,3.6,6667
4216,2025-05-03 06:53:14,Enter friend kitchen.,3,3.6,7978
4217,2025-02-13 03:00:51,Class skin various movie bring.,1,4.5,6380
4218,2025-07-16 15:24:52,Sometimes sport ten trade something white.,1,3.9,6101
4219,2025-02-14 21:15:48,If but many indeed people second.,2,4.0,6405
4220,2025-05-16 12:54:31,Task general can card simply.,2,3.4,5416
4221,2025-09-09 19:13:56,Popular how hear book read news hard understand.,1,4.5,5749
4222,2025-05-19 00:25:43,Must everything it commercial herself week.,1,3.9,7744
4223,2025-09-01 22:03:33,Man true indeed raise investment rise American prepare.,5,4.3,7411
4224,2025-01-11 16:07:07,As accept pick quite from take.,2,3.4,6016
4225,2025-11-16 19:53:16,Now receive figure do white color detail.,3,4.1,9622
4226,2025-01-04 04:20:02,Rich prevent interest value.,5,4.1,2004
4227,2025-11-18 11:35:09,Science arrive operation finish raise reality.,4,3.2,9325
4228,2025-02-19 04:23:35,Fund pretty some your language structure.,3,4.2,7155
4229,2025-04-05 05:30:47,Answer computer among.,5,4.0,6810
4230,2025-09-15 09:29:04,Near matter deep behavior research hear.,4,3.2,5890
4231,2025-08-17 23:24:38,Dream high reality nation fish.,5,4.7,2904
4232,2025-04-02 05:43:49,Must among game generation.,5,3.4,2851
4233,2025-08-04 20:59:48,About miss later animal actually generation thus.,5,4.7,8018
4234,2025-07-27 08:55:52,Improve thank voice bring six.,5,3.6,5297
4235,2025-03-28 04:25:47,Break become understand.,3,3.4,3485
4236,2025-05-22 03:35:36,Suggest cut wide accept name.,2,4.4,7701
4237,2025-09-18 05:09:46,Indeed stand room sell community protect national.,1,4.3,1895
4238,2025-05-05 10:14:15,Bar these stuff tax term whose.,3,3.4,9652
4239,2025-09-13 05:09:14,Gas town attack capital.,1,3.9,2741
4240,2025-03-02 12:41:00,Left the growth statement wife.,5,4.8,3051
4241,2025-11-04 03:45:33,Poor room everyone discover song.,5,4.6,7250
4242,2025-09-07 07:35:25,Listen knowledge gas against response apply social.,4,3.9,9024
4243,2025-10-09 07:04:21,Clear recently night include young husband glass population.,3,4.0,7958
4244,2025-01-15 00:18:10,Throughout more wait camera pattern.,4,3.3,2594
4245,2025-06-07 14:31:42,Research along officer thousand star.,4,4.6,1519
4246,2025-11-20 19:42:32,Assume experience professor smile wear future.,2,4.4,5986
4247,2025-02-19 13:55:06,Sing that design ever born.,3,4.4,1715
4248,2025-08-09 03:47:02,Spring response beat admit hold law.,2,4.8,9189
4249,2025-08-10 06:23:27,Manage reflect assume town.,4,3.5,1774
4250,2025-04-30 22:28:01,Explain personal defense.,1,3.5,726
4251,2025-02-02 10:42:08,Board though understand follow total.,2,4.9,477
4252,2025-04-17 18:42:06,After finally yet whole.,4,4.8,4284
4253,2025-04-23 15:00:21,Pull attention into her.,5,4.9,2418
4254,2025-05-15 18:00:01,Try out happen care though billion.,4,3.2,3495
4255,2025-05-15 07:40:19,Girl civil always see begin parent.,1,4.8,1947
4256,2025-02-02 15:21:07,Hold rich reflect first performance yes.,4,3.5,8040
4257,2025-10-29 18:57:24,Face vote tell.,3,3.3,8942
4258,2025-09-23 11:40:35,High might entire than party manage almost.,4,4.0,9696
4259,2025-08-28 19:33:17,Human return sort say five across follow.,1,5.0,5407
4260,2025-06-19 16:24:52,Discussion instead million continue.,4,4.0,7536
4261,2025-11-02 03:41:13,Agreement scientist instead establish between concern tree no.,3,4.3,8481
4262,2025-03-30 09:28:39,Eight son and chance.,3,4.9,2660
4263,2025-08-12 04:52:49,Recently seat modern clear study.,2,4.8,9311
4264,2025-08-29 20:59:21,Health success act suddenly particular.,3,3.5,8395
4265,2025-05-05 18:40:06,Hour give house PM growth bed newspaper.,1,3.5,4394
4266,2025-06-05 22:16:55,Small black long interesting ever north country.,2,3.4,1500
4267,2025-07-26 08:41:07,Save this include require bank project.,4,3.4,3520
4268,2025-03-04 08:44:08,Likely traditional paper plan although.,5,5.0,9752
4269,2025-04-05 00:23:08,Tell mention hospital stock big second fact.,4,3.9,8020
4270,2025-07-21 11:58:37,Toward leg western sign.,4,3.7,3616
4271,2025-09-27 11:17:08,Shoulder perhaps treat eat specific.,4,4.6,7696
4272,2025-07-28 18:22:38,Become believe explain office road so even.,3,4.9,9306
4273,2025-06-23 20:02:33,Go kind sort group bed read central.,1,3.5,3686
4274,2025-07-02 00:16:40,Friend light hour wife officer strong shoulder.,5,3.2,5283
4275,2025-05-27 02:14:34,Majority participant on various into help consider.,2,4.2,7449
4276,2025-04-30 03:01:41,Performance debate tough eye visit.,1,3.9,269
4277,2025-11-21 09:35:21,Evidence hour thus meeting part employee sure.,3,3.4,8617
4278,2025-11-01 08:44:09,Detail reveal this.,2,4.3,9381
4279,2025-09-20 12:33:55,Administration how art wide.,1,3.7,9401
4280,2025-07-09 03:32:02,Beyond speak want.,5,4.6,9593
4281,2025-05-04 11:06:15,Plant none yet.,5,3.1,5272
4282,2025-04-24 12:32:21,Young fine behavior while them a.,2,3.3,8659
4283,2025-06-14 11:31:30,Price save sport mouth.,4,4.9,5841
4284,2025-03-13 16:12:58,Able view crime finish none single.,1,3.1,5216
4285,2025-03-06 22:20:59,Worker road kind move sure bag decade.,2,4.4,622
4286,2025-04-25 15:00:00,Reflect impact outside ground ahead.,2,4.6,5378
4287,2025-01-13 19:24:14,Color investment support common since.,1,4.4,2027
4288,2025-07-28 19:03:20,Worry only relate.,1,4.3,8120
4289,2025-06-15 06:20:57,Try civil writer good gun argue.,4,4.2,5493
4290,2025-05-27 02:24:41,Number color team ago.,4,4.4,6926
4291,2025-03-26 09:11:37,Institution drive course ask maybe help.,2,4.2,1572
4292,2025-09-23 02:28:30,Surface yeah size charge drive analysis.,2,3.4,275
4293,2025-01-03 15:47:10,Foot gas indicate environment ahead.,1,4.9,4459
4294,2025-09-14 07:26:39,Turn reason who card.,3,4.4,6578
4295,2025-10-29 01:08:28,Forget have challenge good finally share.,4,5.0,5177
4296,2025-05-02 21:02:18,Father process capital car cost.,4,3.8,148
4297,2025-06-07 08:22:33,Face throughout himself imagine agent.,2,3.3,2669
4298,2025-11-05 16:58:52,Player often against among bit look notice.,4,4.6,9089
4299,2025-07-06 19:59:27,Truth until bill well lawyer special.,4,4.9,7480
4300,2025-11-16 18:16:21,Not save around step according lay lay.,3,3.0,9251
4301,2025-05-26 04:43:36,Say president bring over research.,2,3.7,1635
4302,2025-09-30 15:39:17,Save amount sea adult.,1,4.1,9449
4303,2025-02-16 15:24:18,Minute five interview control court ever wonder.,1,3.8,1669
4304,2025-07-01 23:02:10,Law later body manage.,4,4.2,1293
4305,2025-10-08 14:17:43,Decide treatment yeah current particular.,1,4.6,2948
4306,2025-01-18 02:59:27,Former series police lawyer building do.,5,3.5,9895
4307,2025-10-04 22:33:54,Son have your important meet year.,3,3.8,3801
4308,2025-11-11 14:02:08,Eye second will some actually cause.,5,4.8,7114
4309,2025-10-28 15:30:47,Inside may discuss arm arrive opportunity.,3,3.5,6106
4310,2025-10-06 08:31:19,Set run this eye despite.,5,4.8,4035
4311,2025-04-19 23:13:36,Now buy around bring.,5,3.7,1262
4312,2025-03-05 12:53:10,Book color fine feeling across.,2,3.8,6419
4313,2025-01-25 18:28:21,Need join special benefit real.,2,3.1,1979
4314,2025-09-22 10:41:40,No inside today machine for.,1,4.7,4578
4315,2025-08-18 10:19:04,After choice itself candidate forward.,4,5.0,1830
4316,2025-04-10 20:27:05,East three until establish common.,2,4.3,2048
4317,2025-04-10 09:02:35,Town value would wish.,5,4.7,4605
4318,2025-09-16 07:45:28,Away sit know four official art.,3,4.6,411
4319,2025-03-20 20:21:04,Field blood summer institution challenge.,4,3.0,8282
4320,2025-07-26 01:17:04,Item form yard.,5,4.7,1237
4321,2025-10-12 11:06:18,Night project level air national goal develop.,1,3.7,6560
4322,2025-08-28 03:39:56,Crime character after different goal girl mean class.,1,3.7,6171
4323,2025-04-07 15:52:48,Son Mr dark movie system capital.,1,3.5,8543
4324,2025-08-13 18:13:02,Here operation her hold member fast mind society.,4,3.4,2092
4325,2025-06-02 03:44:43,Kid require safe standard.,2,3.6,1704
4326,2025-01-18 00:27:17,Paper soon safe expert senior center standard.,3,3.8,6145
4327,2025-09-23 13:09:29,Down fly may citizen above want.,5,3.6,4633
4328,2025-04-05 02:35:17,Upon structure so.,5,4.2,4121
4329,2025-05-27 07:15:56,Foot theory form team remain.,2,3.3,5014
4330,2025-09-18 16:00:04,Nice test beat music which during college.,3,4.0,6591
4331,2025-04-18 00:35:26,Point collection of.,5,3.1,4804
4332,2025-01-02 02:41:46,Board assume pull room for.,4,3.9,7147
4333,2025-02-03 19:44:22,Perform red house field language group create.,5,3.1,7511
4334,2025-01-24 09:31:34,Account on allow with each throughout.,4,4.5,2723
4335,2025-10-04 07:04:56,Ten production future image.,1,4.1,5184
4336,2025-08-31 09:05:41,Among view task none most outside high.,3,4.8,9937
4337,2025-04-13 09:19:10,Outside child big thousand.,5,4.0,1189
4338,2025-09-19 06:53:00,Later idea born where policy wait wife.,2,3.1,6129
4339,2025-08-21 22:01:26,Get ask prove over history simply.,2,4.6,6808
4340,2025-03-24 22:32:41,Hair environmental shoulder each often company.,3,3.8,1863
4341,2025-07-31 05:49:39,Turn scientist necessary discussion me mention finally.,3,4.4,8199
4342,2025-09-26 00:59:43,Name woman environment reduce else address drug.,2,3.0,3899
4343,2025-10-26 14:03:47,People vote knowledge person.,1,3.9,316
4344,2025-01-23 07:14:38,Reality news note.,3,3.8,2018
4345,2025-02-03 11:20:30,Worry coach every base.,2,4.2,1410
4346,2025-08-14 14:11:15,Measure eat analysis through song arm seek vote.,5,3.2,9972
4347,2025-05-24 15:09:00,Rich maintain wind response account.,4,3.3,2237
4348,2025-11-04 01:34:40,Weight color report bag finally north.,5,4.7,3832
4349,2025-07-06 14:45:37,Must trial food know officer.,1,3.4,3186
4350,2025-11-06 08:40:20,Enter past explain official during.,5,3.8,5468
4351,2025-04-30 09:51:37,When daughter miss surface house.,2,4.8,9099
4352,2025-07-15 15:03:39,Between term control son.,1,4.8,8899
4353,2025-10-07 07:49:13,History edge what color computer.,5,4.9,915
4354,2025-06-04 10:07:47,Language market hear and.,1,4.5,6517
4355,2025-11-05 17:30:29,Role month every new important be.,3,4.1,9697
4356,2025-02-18 12:38:08,Drop eight quite realize community begin attack former.,2,4.6,3361
4357,2025-09-04 13:23:00,Music before guess another usually.,3,5.0,8313
4358,2025-07-28 06:08:27,Second none phone fish loss.,1,3.9,3528
4359,2025-10-26 09:38:59,Difficult evidence window method.,3,4.3,184
4360,2025-02-24 07:18:26,Bar under throw lay usually stuff think fish.,2,3.1,9703
4361,2025-07-02 19:05:32,Gas forget by industry ago support.,2,4.9,1088
4362,2025-10-13 07:21:18,Support floor nearly kid authority surface floor simply.,1,4.0,4837
4363,2025-08-14 06:18:11,Lead describe fight oil product usually.,4,4.8,1284
4364,2025-07-22 12:29:15,Thus very forget majority memory street town.,5,3.3,7177
4365,2025-10-16 15:49:48,Health wind year school firm air.,5,3.5,2987
4366,2025-08-23 05:55:45,Management win subject then case same ask.,5,4.1,9226
4367,2025-03-09 08:15:50,Small shoulder sit challenge century their between own.,1,3.9,9319
4368,2025-11-03 16:29:04,Region along report.,4,4.3,8152
4369,2025-05-17 05:03:22,See their finish yes need.,1,4.9,3764
4370,2025-09-09 16:25:22,History concern section person.,1,3.8,6556
4371,2025-08-17 02:03:52,Past culture process indicate consumer third.,5,3.2,6226
4372,2025-03-29 16:57:23,Factor door figure.,3,4.0,2894
4373,2025-01-29 23:10:51,Staff million also anyone politics.,1,3.6,1577
4374,2025-08-15 13:10:56,Thousand how know law.,3,4.5,3161
4375,2025-10-11 22:45:21,Item I Democrat major.,5,4.6,9591
4376,2025-09-11 12:11:46,Politics pick old.,5,3.4,7817
4377,2025-06-13 11:39:25,Professional husband hotel.,5,3.8,2054
4378,2025-05-08 13:18:54,Seek ground wife size somebody buy since.,5,4.6,5387
4379,2025-10-08 07:57:13,Laugh weight treat life.,5,3.6,5646
4380,2025-07-02 05:49:15,Here red activity organization.,5,4.3,3711
4381,2025-06-01 23:24:09,Her past wrong allow account myself.,4,4.1,5357
4382,2025-11-01 10:18:09,Put be executive memory.,4,3.5,6498
4383,2025-02-16 18:05:36,Medical hospital on modern.,2,4.6,6667
4384,2025-03-10 23:51:07,Between husband information anything street imagine.,3,3.2,6375
4385,2025-09-27 03:39:04,Your fear former become plant prepare.,2,3.9,9401
4386,2025-05-21 03:02:27,Cell society how cultural term international.,3,3.3,5339
4387,2025-11-21 10:22:12,Cost worker visit education.,4,3.3,9128
4388,2025-02-21 08:14:59,Property investment see.,1,3.1,9561
4389,2025-01-19 04:31:25,Term behind power goal property.,4,3.4,2119
4390,2025-09-24 22:09:41,Response top address program also dinner decide.,5,3.1,8948
4391,2025-01-13 09:20:23,Economy someone four bit.,2,4.6,1007
4392,2025-10-13 19:55:44,Whose mouth south.,2,3.5,8180
4393,2025-11-14 21:24:29,Travel fly sure success.,2,4.6,6852
4394,2025-02-22 02:27:39,Red read open child tax reduce writer.,1,3.5,5206
4395,2025-05-15 10:45:31,One toward spring ok leave.,2,3.4,3893
4396,2025-09-03 01:17:53,Realize side similar understand of decision hold.,5,4.9,3575
4397,2025-10-05 23:25:01,Speech reason test get agent someone amount.,1,4.9,1431
4398,2025-07-15 23:58:29,Notice address within east.,4,3.1,446
4399,2025-02-06 09:07:49,Similar recognize soon foreign agreement.,4,4.8,2633
4400,2025-02-17 05:07:20,Show hit leave attack threat.,1,4.0,5945
4401,2025-10-11 05:03:54,He Congress wear food size however raise.,3,4.8,1568
4402,2025-08-25 07:09:38,A single listen increase.,5,4.5,5983
4403,2025-06-30 14:27:03,Travel see bag loss.,2,4.7,788
4404,2025-10-31 07:39:19,Democratic south military science guy.,4,3.9,6671
4405,2025-07-01 07:18:25,Far almost child under which matter.,3,4.4,3845
4406,2025-09-10 00:01:33,Image research street level accept across too.,5,4.1,2544
4407,2025-03-01 13:41:08,Account toward cost perform.,4,4.9,4656
4408,2025-07-11 08:56:23,Nature five outside third too clear nothing.,1,4.6,8789
4409,2025-04-18 15:45:05,Majority degree able doctor key expect soon.,3,3.8,2762
4410,2025-05-12 08:40:27,Life wind individual seek.,4,3.4,7966
4411,2025-04-13 16:49:53,Never bill subject eat individual family.,4,3.2,3960
4412,2025-05-19 22:11:56,Specific day over score during.,1,3.4,9124
4413,2025-05-17 20:44:57,Reduce development suffer teacher space movement forward.,2,4.0,8693
4414,2025-07-20 09:19:32,Last marriage north hold this second.,5,3.6,3685
4415,2025-08-29 09:52:03,Same ok or stage describe.,2,3.9,5457
4416,2025-10-31 05:32:02,Boy catch it.,1,3.1,9008
4417,2025-06-28 00:13:11,Out just table best type participant.,4,4.3,2918
4418,2025-08-03 10:32:56,Fight forward better coach after out lose pay.,3,3.7,3732
4419,2025-08-06 06:12:55,Raise energy wonder none work really show sell.,1,4.6,9775
4420,2025-09-14 00:07:13,System teach author animal.,2,4.2,5438
4421,2025-10-02 19:58:14,A house partner.,3,4.5,614
4422,2025-05-30 05:08:41,Concern although several most whatever account.,5,5.0,5637
4423,2025-05-18 16:48:32,Few provide thing thank.,5,4.1,613
4424,2025-08-17 14:08:28,Music word stage way then choose Mr.,3,4.7,732
4425,2025-05-25 02:17:53,Gun laugh or week despite data.,2,4.3,1835
4426,2025-04-13 20:17:24,End various attorney mean.,4,4.0,8940
4427,2025-06-26 20:54:58,Assume push tend less.,2,4.3,5155
4428,2025-02-01 17:36:24,Piece message phone black including citizen bank.,2,4.5,9382
4429,2025-07-23 23:23:21,Civil debate reach yet.,1,3.8,7226
4430,2025-10-21 18:04:54,Dark street everybody.,3,3.2,4672
4431,2025-10-31 20:46:55,Letter enter coach full.,1,3.6,9856
4432,2025-06-29 16:43:27,Behind society on when direction still decide.,4,4.6,7469
4433,2025-07-27 00:25:08,Forward color race budget thought hundred us.,2,3.3,4005
4434,2025-07-27 16:53:14,Western reality ten may.,3,4.7,8082
4435,2025-09-22 01:45:41,Some particularly same Democrat.,4,4.5,1253
4436,2025-06-04 06:11:20,Because leader item cup no box.,5,4.8,1397
4437,2025-11-21 20:37:26,Son note blue specific song grow.,2,3.7,1018
4438,2025-02-22 03:29:17,Choice him method during.,4,4.3,5057
4439,2025-03-23 13:40:01,Building buy laugh stage teach such write.,3,5.0,4438
4440,2025-10-19 04:12:36,School card someone training thousand.,2,3.8,9275
4441,2025-01-14 03:46:05,Happen out risk choose accept.,2,3.9,7357
4442,2025-11-07 17:39:45,Much record citizen dark.,3,4.0,5234
4443,2025-04-15 11:10:19,Drive wish sure collection hard expect sometimes.,4,3.4,6340
4444,2025-08-06 05:06:57,Street put floor girl whose past event office.,4,4.6,6094
4445,2025-08-08 19:10:40,Surface building large agreement.,2,4.9,6936
4446,2025-11-08 08:51:42,Our age send million.,2,4.3,7796
4447,2025-06-22 08:51:14,Different run miss technology may.,2,3.5,8211
4448,2025-11-01 02:31:45,Prove necessary market.,1,4.1,3396
4449,2025-03-21 09:35:40,Art imagine spend enjoy board friend.,1,4.4,106
4450,2025-10-12 12:17:03,Analysis loss sing.,1,3.1,2465
4451,2025-04-23 13:31:08,Score into kitchen successful ok on blood public.,1,3.4,3620
4452,2025-02-07 20:46:47,Push cold tree us example tend really control.,3,3.6,6292
4453,2025-02-06 17:37:34,Pay couple responsibility leave.,5,4.0,1338
4454,2025-06-07 13:24:11,Condition for thousand treat piece.,5,3.5,725
4455,2025-05-08 16:11:32,Network apply buy city career attorney.,3,4.8,2003
4456,2025-01-13 10:32:23,Share him sure.,1,3.5,2633
4457,2025-04-28 00:53:14,Believe sign foreign least.,3,3.7,4631
4458,2025-07-01 08:18:50,Against partner we today Republican middle hour.,4,3.3,2301
4459,2025-06-30 10:20:55,Indeed court local edge live mean.,4,3.7,194
4460,2025-07-24 22:57:46,Later seat alone offer.,5,3.4,8663
4461,2025-08-24 01:02:18,Time research also.,2,4.7,6303
4462,2025-08-29 17:57:54,Teach such usually despite.,3,3.2,210
4463,2025-05-31 01:04:54,Take many mention road around.,1,4.8,3447
4464,2025-11-25 16:11:35,Music sort hour drug phone.,4,4.6,566
4465,2025-06-05 13:40:52,Try which class million.,4,4.2,2360
4466,2025-04-15 22:45:00,Detail use bring hope.,4,3.8,2895
4467,2025-03-30 17:55:16,Fish high billion often.,5,3.4,7764
4468,2025-07-07 02:43:45,Special fast reduce vote responsibility feel work.,1,3.4,9777
4469,2025-05-14 20:15:54,Member whether choice party those stuff.,2,4.5,8456
4470,2025-03-29 09:21:42,Relate political reach.,4,3.5,2791
4471,2025-10-27 14:59:18,Character customer magazine your similar effect tend.,5,3.0,447
4472,2025-07-27 02:39:10,Yet stock partner center affect arrive out.,5,3.3,1459
4473,2025-04-12 12:57:56,Hospital miss up benefit its anyone.,4,4.9,6562
4474,2025-07-30 08:33:28,Same money here thank.,3,3.0,2105
4475,2025-11-22 18:21:46,Year head out series.,5,3.3,1885
4476,2025-11-16 00:58:20,Son treatment feel.,4,4.4,3346
4477,2025-10-24 11:12:42,Small religious forget expert himself lawyer.,4,4.1,3438
4478,2025-08-10 12:26:35,Executive size model environmental local difficult day note.,2,3.9,7438
4479,2025-07-05 03:42:39,They role standard book.,2,3.6,2411
4480,2025-05-09 03:35:21,Us against state national.,2,3.6,3815
4481,2025-08-26 00:07:51,Dog resource end response somebody owner meet modern.,5,3.3,7720
4482,2025-07-25 09:40:44,Economy cold if argue because.,3,4.8,9843
4483,2025-01-14 11:21:08,Federal bit public since town.,4,3.8,3965
4484,2025-10-16 15:40:22,Range force these collection certain scene.,1,3.7,2324
4485,2025-06-03 15:29:38,Garden never many up also guy wife.,4,4.5,5469
4486,2025-07-22 18:17:53,His win least back democratic.,2,4.9,6653
4487,2025-08-10 14:21:20,Especially itself name identify.,5,3.5,2299
4488,2025-11-06 22:12:49,Understand decade example they girl.,5,4.6,6569
4489,2025-04-15 12:23:24,Skill let political police record community exactly.,4,4.0,8703
4490,2025-10-19 16:38:14,Require resource still special tend modern thousand.,2,4.4,5811
4491,2025-02-02 10:54:32,Lay clear training certain on other spring step.,2,4.3,9134
4492,2025-01-20 11:27:35,Like market ball near material.,2,4.7,9953
4493,2025-01-24 23:10:51,Compare side political these.,4,4.1,4387
4494,2025-07-03 08:12:44,Its store today executive focus bill two.,3,4.3,2207
4495,2025-11-23 15:03:40,News often medical.,3,3.5,7083
4496,2025-03-29 10:03:10,Street clear probably.,3,4.3,21
4497,2025-04-15 00:00:16,Here individual though car four.,5,4.9,8489
4498,2025-07-20 23:06:42,Season quite take suddenly.,1,4.7,3714
4499,2025-01-30 15:05:08,Positive return already hospital fall subject.,2,3.1,3664
4500,2025-06-22 03:54:30,Machine on enough report box idea work.,3,4.0,5972
4501,2025-01-26 14:25:47,Officer easy one deep improve.,5,4.1,1928
4502,2025-11-14 21:12:51,Truth social three these add recently mention.,5,3.1,2086
4503,2025-06-08 23:42:23,Station us economy from.,2,4.7,4811
4504,2025-06-20 03:54:47,Write type everybody agency.,4,3.4,184
4505,2025-04-21 13:55:32,Southern small college no eat language leave lay.,5,4.9,6435
4506,2025-11-04 05:33:53,Push ground pattern.,4,3.8,3075
4507,2025-08-08 15:12:38,Chair big president half.,5,3.5,4660
4508,2025-08-17 05:17:13,Site write yeah control father state unit.,3,4.5,8231
4509,2025-04-14 00:21:04,Institution citizen condition travel.,5,4.4,5158
4510,2025-09-23 23:26:21,Baby develop response officer purpose a.,5,4.9,5506
4511,2025-06-08 08:18:35,Sister who member two.,1,4.2,5394
4512,2025-10-02 02:14:53,Read check resource role.,2,3.4,9174
4513,2025-01-29 12:51:48,Subject deal expect.,2,4.8,8349
4514,2025-11-15 07:40:12,Item choose child next time me deal operation.,1,3.4,7808
4515,2025-07-03 08:11:34,Wish every center enough approach.,2,4.6,3913
4516,2025-01-27 18:27:22,Ago ball role black note.,1,3.8,9669
4517,2025-10-23 11:20:29,Simple who establish find mind six care color.,4,4.0,5009
4518,2025-10-25 17:40:27,Give thought message miss picture.,5,4.3,7587
4519,2025-07-02 01:38:54,Newspaper public responsibility few kitchen.,1,4.0,897
4520,2025-11-06 01:01:32,Serious base tax quite network information discuss campaign.,5,4.3,7203
4521,2025-02-21 07:49:06,Rest American ago run resource.,3,3.9,8842
4522,2025-10-03 07:52:35,Dog tree writer land hope pull my.,4,4.9,7543
4523,2025-10-02 06:05:55,Personal once only else machine cost eight.,3,4.4,8281
4524,2025-02-03 17:57:39,Number process talk.,3,3.1,2185
4525,2025-07-27 16:45:25,Before fact theory leg.,1,3.0,3502
4526,2025-05-09 22:34:31,What his us fire decade nor.,5,4.2,5022
4527,2025-03-07 13:51:18,Money animal local environment lay back make politics.,2,4.8,7113
4528,2025-03-10 15:28:36,Strong lead age they fund push.,4,5.0,9713
4529,2025-08-11 20:23:12,Hot before strategy also true last nature.,3,3.3,1490
4530,2025-03-15 23:08:59,Sound trouble show wear international them.,5,4.6,6621
4531,2025-07-11 15:14:00,Art bit however somebody dog.,1,3.1,8435
4532,2025-04-29 18:48:52,Area he business environmental wonder practice type.,4,3.6,2414
4533,2025-08-17 10:14:20,Guess campaign produce foreign.,2,4.1,2947
4534,2025-01-19 11:49:27,Agreement hear manager whose daughter reality member.,3,3.8,3373
4535,2025-05-03 11:12:19,Blood sit home adult day focus price.,5,3.2,971
4536,2025-02-17 21:00:38,Along do remain.,4,4.0,4716
4537,2025-08-28 01:28:37,Two production civil site.,1,3.4,4364
4538,2025-07-17 05:42:58,Find tough success number sound policy.,3,4.1,537
4539,2025-03-22 21:46:47,Leave commercial better management feel town.,2,4.7,4411
4540,2025-01-24 21:51:50,Old statement surface state reduce piece.,4,4.6,7819
4541,2025-10-02 13:43:11,Wait near present.,4,4.3,9603
4542,2025-03-04 21:08:04,How begin only choice miss visit policy.,2,4.2,952
4543,2025-01-24 08:06:52,Wait region claim impact brother physical result.,1,3.6,2543
4544,2025-06-26 04:54:45,Social mission on while guess travel western.,5,3.3,82
4545,2025-06-24 19:53:11,Skin into very free available.,3,4.0,7885
4546,2025-05-29 19:51:09,Teacher support home father debate.,3,5.0,1744
4547,2025-07-03 07:22:21,In heart important thought dark test.,3,3.3,8899
4548,2025-06-05 06:08:51,Knowledge remember third hundred.,3,4.7,2916
4549,2025-02-17 05:25:18,Still put certain easy ground when me.,2,4.9,1780
4550,2025-11-03 23:31:34,Miss its deal dream plant turn.,5,4.5,8321
4551,2025-01-03 08:23:28,Lose mother pull area.,5,4.3,523
4552,2025-11-21 00:12:38,Business window those.,5,4.9,6351
4553,2025-10-21 02:39:04,General campaign thus wonder so.,3,4.8,4612
4554,2025-07-13 06:50:46,Example bit until network degree.,4,5.0,2621
4555,2025-11-15 14:40:39,That room watch significant table poor couple experience.,2,3.6,7846
4556,2025-04-11 17:51:57,Increase road rest military.,2,4.7,7814
4557,2025-04-24 15:07:52,International better hit close administration benefit house.,2,3.9,6503
4558,2025-03-31 05:02:25,Score two generation career head worker start.,3,4.6,4511
4559,2025-04-22 19:49:31,Bar together half according protect building benefit analysis.,4,5.0,6867
4560,2025-10-06 10:01:23,Receive may million you expert.,2,3.8,8699
4561,2025-04-24 13:29:40,Building know but design edge receive nothing his.,1,3.9,4979
4562,2025-05-01 10:13:35,Turn writer service sit.,2,3.9,1597
4563,2025-03-21 14:44:03,Address my contain push.,2,4.3,1504
4564,2025-04-18 10:18:39,Seek news too each building TV production.,5,4.6,3642
4565,2025-06-28 16:52:52,Thus expect movement car to kitchen.,2,4.2,3802
4566,2025-01-29 18:17:18,Radio letter system address almost west.,4,4.4,1524
4567,2025-03-10 23:21:17,Indeed wonder project actually street significant.,1,4.1,377
4568,2025-05-18 14:28:36,Apply realize wall almost everybody.,1,4.8,8292
4569,2025-07-21 06:24:14,Enjoy hope Republican west develop avoid power themselves.,1,3.5,5489
4570,2025-03-07 21:14:38,Sport represent create.,4,3.6,7110
4571,2025-01-22 08:01:01,War production most edge.,5,4.8,289
4572,2025-11-09 15:26:40,Nature during that subject resource against high.,4,4.8,8595
4573,2025-08-20 06:20:55,Power goal usually despite baby.,2,4.9,5563
4574,2025-10-18 12:54:30,Collection no here only again team by.,1,3.9,5495
4575,2025-09-22 05:48:16,During evening site ahead.,5,4.1,5631
4576,2025-07-18 21:53:55,Include born national age movement.,2,4.7,3255
4577,2025-07-17 15:51:00,Responsibility time action picture news first change.,1,3.6,4722
4578,2025-09-05 11:24:53,Majority I know beyond full fill.,4,4.6,9947
4579,2025-02-19 15:54:26,People hair action where apply question.,5,3.9,9525
4580,2025-01-16 18:42:22,Day upon someone general beautiful.,2,4.4,8410
4581,2025-04-08 11:55:57,Beautiful challenge church still recent decide toward professor.,1,4.1,19
4582,2025-03-21 01:07:53,Herself same standard bad move public.,3,4.2,9356
4583,2025-08-11 15:55:55,Society friend move about become majority piece.,2,3.8,5818
4584,2025-08-22 07:47:15,Budget budget picture water.,5,4.8,5497
4585,2025-04-06 22:08:50,Book key modern.,3,4.4,7052
4586,2025-07-24 00:08:25,Make realize college magazine contain lay.,2,4.1,5349
4587,2025-08-30 12:13:24,Customer film again budget three street water.,2,3.8,5677
4588,2025-08-23 17:48:29,Gas fill process big party.,2,3.3,3360
4589,2025-04-13 04:26:33,Event turn tough different with vote knowledge.,1,3.2,6886
4590,2025-01-15 03:46:36,Or him weight yourself reveal thousand.,3,3.4,8355
4591,2025-06-07 23:52:42,Hotel kind water force.,1,3.5,4391
4592,2025-04-03 13:20:27,Civil gas campaign return art these leader.,1,3.6,9180
4593,2025-01-11 22:26:56,Marriage simply face fire must us floor here.,4,4.2,5786
4594,2025-03-11 02:36:48,Source us executive car this.,3,4.6,5067
4595,2025-02-15 03:14:07,Rest author case middle challenge.,1,3.4,7001
4596,2025-01-23 18:45:43,Own daughter on just throughout another case top.,5,4.2,1234
4597,2025-07-14 00:59:31,Lay even little long technology politics.,1,3.4,6982
4598,2025-10-26 04:54:12,National after air thought able school.,5,4.1,3090
4599,2025-11-18 04:34:11,Art maintain table decide visit person.,2,4.7,7110
4600,2025-03-17 13:05:41,Mind another federal heart company none.,4,4.1,2273
4601,2025-11-19 23:44:51,Issue floor actually her.,5,3.3,4040
4602,2025-06-03 11:47:10,Middle whatever story ask fill those.,1,3.2,6109
4603,2025-05-21 05:30:13,Where see right past.,4,4.2,3393
4604,2025-02-20 04:41:54,Box reveal discover church sign audience season student.,1,4.1,1389
4605,2025-07-26 07:22:06,Try red every network watch purpose magazine understand.,2,4.6,241
4606,2025-08-07 04:04:16,Wind her whose stage style.,5,4.2,5587
4607,2025-09-03 14:08:40,Young car quality.,3,4.8,6617
4608,2025-03-17 12:49:39,Throughout argue might onto benefit forward.,1,3.9,5330
4609,2025-03-25 22:16:37,Do reflect case education born available.,2,3.4,5212
4610,2025-01-18 14:44:27,During say hand administration design fill positive.,3,4.8,4558
4611,2025-03-12 17:59:21,Life require school at computer arm ability.,4,3.4,7824
4612,2025-05-22 21:56:59,Few not form miss.,5,3.5,8309
4613,2025-06-19 09:48:15,Else alone Republican culture example despite.,2,3.6,6400
4614,2025-07-26 10:05:49,Single pressure person evening speech need.,3,4.1,7873
4615,2025-06-11 05:15:26,Agent audience market send peace eight.,2,3.7,2131
4616,2025-09-02 02:29:53,Direction politics kind my.,1,4.2,4105
4617,2025-03-13 02:55:20,Who station somebody indicate.,3,3.2,8561
4618,2025-03-09 08:48:23,Perform use a line moment west.,4,3.1,8712
4619,2025-08-12 11:17:34,Bank later president certain pay air.,2,4.4,9275
4620,2025-03-24 22:50:42,Ball such cut stand system magazine however.,3,4.4,2949
4621,2025-07-29 01:00:56,Fund note foreign now finally.,2,3.0,2790
4622,2025-05-27 02:55:04,Scientist possible consumer.,1,3.6,2952
4623,2025-07-16 08:26:07,Understand dark turn behavior.,4,4.1,4274
4624,2025-10-29 21:14:03,Risk very early industry.,1,4.3,8133
4625,2025-08-20 19:29:07,Market eat week successful condition newspaper.,3,4.9,4688
4626,2025-05-17 04:34:09,Somebody run social leave detail information find.,2,4.5,62
4627,2025-05-18 22:05:17,Spring area picture tree court.,4,3.8,3098
4628,2025-07-25 19:29:49,Crime condition reality south live Republican.,4,3.1,2741
4629,2025-05-16 00:18:30,He here learn drop.,5,3.7,1064
4630,2025-02-11 18:25:46,Reflect idea individual ball list house to dark.,3,3.1,7618
4631,2025-04-03 17:59:58,Somebody machine tell take.,5,4.7,7817
4632,2025-03-15 03:30:31,Enough offer street fund.,1,5.0,9218
4633,2025-11-24 21:20:02,Reveal section thank.,5,4.8,3852
4634,2025-11-02 18:29:20,Sea best understand recognize.,5,4.8,4342
4635,2025-09-30 00:59:10,Activity news road probably individual goal meet.,3,3.8,9712
4636,2025-08-22 11:22:21,Produce personal sport hear one series attack.,5,4.8,6293
4637,2025-03-20 19:01:43,Win carry fall black than ground.,1,3.8,9830
4638,2025-05-03 16:57:46,Who current shake discover speak network business.,3,3.0,3703
4639,2025-06-12 16:49:42,Join reason throughout recognize least.,5,3.7,9065
4640,2025-08-04 18:01:11,Support outside effort at hard.,3,4.5,837
4641,2025-01-08 18:09:28,Within know else sign popular mention organization whose.,1,3.8,8101
4642,2025-10-31 00:09:13,They job stock within.,2,4.9,9019
4643,2025-07-04 03:53:54,Board instead country into push partner.,1,3.0,2867
4644,2025-05-10 00:25:06,Recently wear information feeling school score speech.,3,3.8,9409
4645,2025-11-10 05:54:03,Environment show market number bad.,3,5.0,5367
4646,2025-01-28 11:43:20,Toward phone any those make name certainly.,5,3.9,2752
4647,2025-03-20 05:30:13,Nature reality check finish hand nice lay.,3,4.3,6955
4648,2025-05-13 09:28:18,Form hold build candidate.,2,3.4,8507
4649,2025-10-16 03:19:59,Mean would foot analysis whose.,2,4.9,9348
4650,2025-04-08 10:23:13,Available rock section discuss environmental sea star.,4,3.0,6008
4651,2025-06-28 01:34:32,Beat sure firm body.,2,4.3,9929
4652,2025-05-10 10:30:29,Guess PM fish easy garden Democrat back several.,4,3.8,6653
4653,2025-08-22 03:44:47,Appear effort include talk.,3,3.6,4489
4654,2025-09-04 06:56:34,Push class soldier degree part likely section.,3,4.8,9807
4655,2025-04-23 01:45:04,Resource manage dinner.,3,4.7,4213
4656,2025-01-01 19:54:13,Main return glass interview along interesting.,1,3.2,7600
4657,2025-07-29 03:11:44,Draw reflect type near camera election up upon.,4,4.9,6629
4658,2025-11-20 03:43:32,One seem process real perhaps easy.,5,4.3,8971
4659,2025-02-07 16:19:21,Size into factor continue laugh picture rule.,1,3.1,782
4660,2025-01-29 08:37:22,Number manager bit admit manager somebody.,2,3.2,6204
4661,2025-07-10 03:33:41,Six place occur interest.,4,3.3,341
4662,2025-08-27 07:44:45,According responsibility technology director prepare produce particularly.,3,4.1,2726
4663,2025-07-28 22:29:19,Range special window else number radio.,2,4.0,8788
4664,2025-11-01 08:58:09,Entire care subject or establish choice.,2,4.7,5093
4665,2025-06-03 23:10:39,Yourself them step business check until her.,3,3.6,9670
4666,2025-07-11 08:55:56,Answer experience from high wait.,1,4.6,8287
4667,2025-06-15 11:39:54,Board child song act.,2,4.9,8545
4668,2025-04-23 03:49:08,Start very scientist bar.,1,3.5,5892
4669,2025-06-01 01:09:01,Successful ground western tend blood cultural.,3,3.8,5288
4670,2025-10-04 21:12:29,Read according window war story.,3,3.1,9914
4671,2025-06-22 07:04:56,Doctor name threat north.,4,3.6,9023
4672,2025-05-13 11:40:31,Meeting program really nothing.,2,4.1,7100
4673,2025-07-07 17:08:34,Summer population hundred type occur party.,2,3.1,5326
4674,2025-09-25 09:01:41,Chance including able yet.,5,3.0,1942
4675,2025-04-22 22:01:45,Mean all wife create involve nice financial.,2,3.3,6349
4676,2025-04-20 17:31:15,Detail finally claim watch management cost.,5,4.1,3167
4677,2025-05-02 10:09:30,Rise lead appear star either discussion.,4,3.9,4015
4678,2025-06-26 11:52:57,Technology or resource environmental represent word small authority.,3,3.5,946
4679,2025-07-26 04:24:36,Forward carry building.,1,3.2,7115
4680,2025-06-17 10:41:06,Peace if shoulder difference decide answer cover.,4,3.2,6671
4681,2025-05-15 09:32:29,Whose indeed state enough set.,1,4.1,428
4682,2025-04-08 16:08:37,Item trial defense late become.,5,4.4,1843
4683,2025-08-21 14:12:35,Best piece stand list food discussion.,2,3.4,7126
4684,2025-08-09 06:16:40,Inside eight friend become Mrs.,3,4.8,7161
4685,2025-11-01 23:01:45,Focus someone nor son real really rest.,2,3.1,4074
4686,2025-08-30 18:20:18,Trial truth thus stand.,2,3.3,2243
4687,2025-03-07 10:08:19,Suffer kind teach ready prove smile money great.,1,4.0,1479
4688,2025-04-18 06:35:09,Once institution him sing.,4,4.6,6221
4689,2025-04-12 10:21:11,Impact put property particular.,3,3.4,3779
4690,2025-11-09 08:14:35,Each on play story.,2,4.4,2255
4691,2025-04-04 01:33:19,Guess focus evening step.,2,4.9,4841
4692,2025-07-19 17:04:04,Suggest wrong listen art role focus.,3,3.4,413
4693,2025-03-14 13:59:31,Society head report operation.,1,4.6,7263
4694,2025-11-04 05:11:34,Fill trouble note group trouble sign since.,4,3.1,9603
4695,2025-08-24 13:58:36,Blood of really.,3,3.9,5966
4696,2025-03-15 07:57:23,Near late tend owner support power yeah war.,4,3.5,8898
4697,2025-03-27 23:36:59,Hold one visit instead anyone institution.,3,4.9,4262
4698,2025-05-21 10:29:30,Family religious understand degree together.,3,3.8,4654
4699,2025-06-15 05:45:05,Song modern artist box mind tend should.,3,3.1,9913
4700,2025-02-11 09:31:21,Final difference whole history.,3,4.3,3384
4701,2025-04-15 10:43:58,Board other understand ever.,2,4.4,8484
4702,2025-10-03 18:46:48,Guy require child grow age.,1,3.5,4657
4703,2025-03-20 10:37:04,Standard lay report card.,2,4.8,5899
4704,2025-07-13 18:52:59,Gas everything really course parent.,3,4.3,8348
4705,2025-03-12 09:31:56,Treat particularly project resource else cell.,1,4.8,2876
4706,2025-03-25 01:57:49,Financial structure team program participant people.,3,3.4,1562
4707,2025-05-20 10:16:44,Ok network list return mother another population thousand.,4,4.7,7270
4708,2025-03-17 06:00:43,Morning good chance likely vote.,3,4.9,4139
4709,2025-05-27 20:12:25,Give term car seven current.,1,4.2,8385
4710,2025-08-12 15:44:49,Cultural left language.,4,3.4,4842
4711,2025-11-03 02:48:18,Drive morning respond responsibility nice guess however.,3,4.5,5334
4712,2025-04-11 05:35:03,Television my effort structure follow surface well remain.,3,4.1,5014
4713,2025-05-19 07:17:18,Prepare might even against whole might.,3,4.5,138
4714,2025-06-19 08:27:38,Party tell everything last recognize.,5,4.8,6670
4715,2025-01-25 10:44:44,Big expect interest about government.,2,3.9,1095
4716,2025-08-12 20:23:58,Keep I rock everybody box fine.,2,3.9,1712
4717,2025-06-15 20:35:01,Note them second kitchen allow piece.,3,4.8,6343
4718,2025-07-02 20:21:50,Radio everyone interesting professor support dog clear.,1,3.9,3394
4719,2025-11-16 22:27:31,Culture director design.,3,3.8,8798
4720,2025-08-22 12:57:27,Consider end American foot.,4,4.1,8996
4721,2025-05-18 23:59:04,South another continue some wind.,3,3.3,8502
4722,2025-04-14 05:50:09,Town person opportunity summer process.,1,4.1,5383
4723,2025-11-16 00:39:18,Wall authority offer answer final.,3,3.6,4504
4724,2025-09-19 10:50:55,Practice attention center through return where.,3,4.7,4162
4725,2025-07-20 18:47:48,Little special address its.,2,4.2,670
4726,2025-05-08 14:49:52,Certain maybe next model enough.,3,4.9,4311
4727,2025-04-03 11:24:53,Break second do option.,3,4.4,5253
4728,2025-02-09 14:57:46,Pretty evening time point.,5,3.4,1789
4729,2025-02-07 14:29:11,Whole trouble family who.,3,4.6,4761
4730,2025-08-18 18:03:45,Show event hit mention culture minute my without.,1,4.1,2570
4731,2025-03-31 15:57:10,Material either prepare across.,5,4.8,4041
4732,2025-08-01 17:54:01,Improve probably party prove.,5,4.3,1838
4733,2025-04-17 00:22:07,Participant turn before send approach yes.,5,3.7,9473
4734,2025-10-29 10:36:51,Both dinner sing thousand low science.,5,4.0,6658
4735,2025-03-30 01:52:22,Window control college government prove human interest.,1,4.1,1760
4736,2025-11-25 08:16:52,Method agree learn her let response.,2,4.8,8396
4737,2025-08-19 00:37:51,Step large team might likely science behind.,2,4.1,9506
4738,2025-06-24 22:47:26,Play west measure strategy respond foreign.,3,4.1,8908
4739,2025-01-31 04:07:05,Onto line head be return few capital.,5,3.4,2963
4740,2025-04-18 09:47:58,Black deep crime trip exist hospital.,4,4.5,6179
4741,2025-03-24 21:15:27,Land kitchen seven laugh call.,5,4.9,6677
4742,2025-10-11 12:46:12,Opportunity thing show red provide me.,4,3.5,4922
4743,2025-01-24 17:51:16,Market then tax left resource as.,2,4.0,4605
4744,2025-05-04 02:08:10,Entire relate meet consumer guy defense affect fish.,3,3.3,9825
4745,2025-09-12 13:28:05,Just join eat finally strong form near.,5,5.0,7727
4746,2025-09-06 04:49:30,Become foreign employee rise center the scientist.,3,4.3,8015
4747,2025-06-09 22:49:20,Parent image himself.,3,4.7,6690
4748,2025-10-12 05:45:03,Bad they same sure.,1,3.6,6120
4749,2025-09-27 20:03:40,Kind it hope tell arrive hair.,3,4.0,4332
4750,2025-07-24 05:55:32,Gas be us particularly near stay.,3,3.5,5042
4751,2025-02-25 06:43:09,Pay skin especially war cultural.,2,5.0,2753
4752,2025-11-13 07:13:48,Me your add government.,5,3.6,2005
4753,2025-04-10 16:39:12,Conference push community increase base modern.,4,3.9,3860
4754,2025-11-10 18:44:46,World also bill all past size statement.,4,3.2,8805
4755,2025-08-05 04:40:54,Think seem something none particularly.,4,3.6,5457
4756,2025-01-21 12:50:10,Goal conference might development relate lead board.,2,4.8,1719
4757,2025-05-03 20:36:55,Ask painting professional range letter.,5,3.3,7020
4758,2025-02-06 02:09:22,List debate gun morning picture also.,2,3.9,6564
4759,2025-06-10 06:39:50,Author assume go bar onto together population.,1,4.5,8145
4760,2025-05-02 08:04:24,Call character check happen.,2,3.9,9992
4761,2025-08-25 05:32:58,Image defense white production commercial local.,2,3.3,8511
4762,2025-03-18 16:30:38,Reduce task author standard central summer entire.,5,3.8,1104
4763,2025-10-01 22:12:01,Magazine cut study avoid type ready understand.,3,4.2,4458
4764,2025-05-04 07:18:05,Strategy second interview community future loss organization.,4,4.4,3262
4765,2025-10-12 09:12:10,Western most value send citizen.,4,3.4,8119
4766,2025-01-06 04:55:45,Pick smile well institution political.,4,3.5,9478
4767,2025-04-14 14:20:59,Whether spring reveal difference result.,1,3.5,9165
4768,2025-05-23 23:20:47,In accept source real cause perhaps into.,3,3.3,1171
4769,2025-03-10 08:49:20,Computer kind together participant cover.,3,3.2,1625
4770,2025-07-27 01:18:52,Record senior trade should whether.,3,4.9,1837
4771,2025-06-22 16:51:08,Leg after note language them.,2,3.2,1726
4772,2025-02-26 10:00:40,Century turn individual minute add affect product.,5,3.1,2152
4773,2025-05-07 13:54:59,Answer region blood employee skin.,2,3.7,3026
4774,2025-04-04 10:27:56,Personal nation analysis town.,4,4.9,1076
4775,2025-10-04 21:02:06,Safe which organization suggest.,4,3.3,608
4776,2025-01-15 08:26:13,Box box one mention art.,4,3.9,8724
4777,2025-02-20 08:12:04,Attack worker cover voice future suddenly.,1,4.4,2233
4778,2025-08-07 21:16:10,Actually billion major include rich year.,1,4.8,5809
4779,2025-04-08 11:03:29,Everyone money recently week us.,1,3.7,7151
4780,2025-11-16 22:38:46,Add though dog structure marriage store.,5,4.3,8200
4781,2025-09-28 09:53:00,Society money long protect explain.,1,4.7,7103
4782,2025-09-23 00:25:16,Through know nature.,2,3.1,970
4783,2025-07-08 08:57:59,Response air middle.,2,3.3,5872
4784,2025-03-24 10:36:27,Sell spring positive understand just any chair she.,3,4.0,1460
4785,2025-08-04 15:18:57,Probably hit as view.,4,4.8,9948
4786,2025-03-20 05:29:31,Discuss century American media.,2,4.3,2024
4787,2025-03-04 19:23:09,Nice authority off race.,4,5.0,6495
4788,2025-04-12 11:42:50,Enter according continue somebody accept occur.,5,4.2,2665
4789,2025-09-11 14:02:22,Reason college population game exactly billion.,5,3.8,5542
4790,2025-11-19 03:43:02,Staff Democrat pass finally father world bank.,5,4.6,3667
4791,2025-07-06 04:04:43,You center describe although better.,2,3.8,6364
4792,2025-04-25 07:35:16,Building music treat.,3,3.3,5128
4793,2025-09-26 19:44:38,Look have who return day will tell.,2,4.6,4332
4794,2025-09-09 07:36:55,Create really machine yeah.,1,3.1,3647
4795,2025-03-06 10:08:09,I rate growth stage member nor country.,5,3.3,1806
4796,2025-01-05 21:10:42,Form by notice degree environment.,4,4.8,8911
4797,2025-02-25 02:56:08,Western owner sort continue.,2,3.7,8473
4798,2025-05-30 05:24:22,High service these alone play.,3,3.7,8169
4799,2025-07-04 22:20:58,Father bag purpose audience.,3,4.2,1364
4800,2025-07-29 15:30:56,Ahead several let region old chair.,2,4.1,1466
4801,2025-02-17 01:30:31,Claim know either per air pretty decade.,5,4.1,5671
4802,2025-03-13 00:34:29,Me quality ability bar.,2,4.3,9075
4803,2025-07-13 23:30:15,Ok range type political.,1,3.9,5603
4804,2025-06-01 05:49:16,Possible town picture three coach strong.,2,3.3,2393
4805,2025-09-13 17:25:43,Five we try fall hold cause.,3,3.3,5074
4806,2025-03-05 08:38:43,Wear democratic prove state Mr worry.,2,4.9,3607
4807,2025-01-05 06:48:05,Technology environmental city tax.,1,4.8,8380
4808,2025-01-07 19:20:31,Design white wish.,3,4.2,853
4809,2025-07-29 13:55:10,Ready need another lay every.,2,3.3,6138
4810,2025-02-09 11:28:49,Nothing rock hair tend western.,4,3.4,7742
4811,2025-08-20 14:06:32,Which program research.,5,3.9,426
4812,2025-02-22 16:18:23,Respond box than fast.,2,4.0,9844
4813,2025-11-17 12:21:57,Whose take dream community talk dinner long.,5,3.0,7597
4814,2025-08-16 18:51:15,Of movement authority fear film avoid.,3,4.0,6702
4815,2025-09-30 15:55:24,Nation worker car often environmental.,1,3.1,2866
4816,2025-07-08 15:07:37,Test training style whom smile nearly recognize until.,3,3.6,3062
4817,2025-03-28 21:46:49,Society recently consumer Congress relationship be.,4,4.1,6373
4818,2025-09-27 19:49:38,Magazine final so industry.,5,4.6,2508
4819,2025-04-30 23:39:39,To age join various laugh but deal.,1,3.4,6186
4820,2025-07-17 07:19:03,Popular pick science there affect our hit sure.,5,4.5,6462
4821,2025-10-08 20:45:35,Ground instead ground adult window tonight to.,4,4.0,9333
4822,2025-09-28 14:33:26,Resource expert special night modern Democrat model generation.,1,4.4,6192
4823,2025-02-09 06:40:27,Feel base feel so.,5,4.1,7278
4824,2025-06-07 04:35:25,Much key still large number.,1,3.4,4973
4825,2025-07-25 12:13:22,Leader show method.,2,4.7,2908
4826,2025-08-27 17:35:18,Defense daughter Mr very receive mother window.,3,3.4,996
4827,2025-08-22 03:05:39,Stock small significant late.,1,3.4,9153
4828,2025-11-24 01:09:28,Similar exist wide just understand wish focus.,2,3.8,3758
4829,2025-11-12 19:53:00,Officer kitchen with fine commercial drug out.,5,4.3,2276
4830,2025-04-01 05:32:38,Truth level within enter deep.,4,3.3,8933
4831,2025-02-07 15:32:49,Over cost sea current picture.,4,4.7,4871
4832,2025-07-22 19:12:02,Treat any arrive set.,5,5.0,9628
4833,2025-07-20 14:25:44,Baby west room.,2,4.2,1748
4834,2025-07-14 00:18:19,Peace ahead else laugh significant.,3,3.4,1625
4835,2025-06-12 09:10:36,Commercial himself recognize.,1,3.3,862
4836,2025-09-11 02:13:44,Action get form final.,2,3.1,8224
4837,2025-05-03 11:48:56,Tonight another and try within.,4,4.1,2319
4838,2025-05-09 09:15:28,Organization something audience performance.,3,4.8,4982
4839,2025-08-01 05:00:42,Cup player himself bring buy artist bed all.,1,3.3,8424
4840,2025-01-29 11:44:01,Age under door.,5,3.1,8458
4841,2025-07-23 18:26:35,Evening affect notice.,3,4.4,4959
4842,2025-09-03 01:23:18,Beautiful focus they next near instead represent.,3,3.2,9092
4843,2025-10-18 01:37:43,Herself instead character.,5,3.4,4848
4844,2025-07-10 20:46:57,Blood herself recently.,5,4.2,6135
4845,2025-03-30 09:42:56,My thousand beat election.,1,4.3,4696
4846,2025-09-15 11:35:18,Course force current product southern history benefit interview.,5,3.2,1424
4847,2025-02-26 14:15:29,Language human single campaign including yeah data here.,1,3.4,6366
4848,2025-08-25 02:53:15,Wear artist wall somebody site evening tough.,3,4.6,7866
4849,2025-07-29 03:05:55,Section anyone government none.,1,3.5,3205
4850,2025-10-27 05:32:16,Compare push administration fish fast card likely.,2,4.1,3671
4851,2025-02-02 15:54:48,Lot necessary off live.,1,4.9,3953
4852,2025-11-20 00:26:27,Record practice imagine.,2,4.1,4490
4853,2025-07-26 10:44:46,Enter option message kitchen.,2,3.7,4625
4854,2025-05-14 23:35:03,None great mention season charge.,1,3.3,7220
4855,2025-09-08 18:14:02,Million play benefit theory tell.,2,4.7,5742
4856,2025-04-23 16:03:17,Stage determine security nor.,5,4.0,7106
4857,2025-02-09 00:29:49,Physical technology enjoy more their too language.,3,4.3,4196
4858,2025-11-18 00:29:13,Account state crime series focus control executive.,2,4.1,7488
4859,2025-07-30 20:06:11,Area affect hundred while.,3,3.6,9914
4860,2025-04-07 18:43:01,Whose not model station.,2,3.5,4629
4861,2025-02-16 00:33:57,Break thank yard short together hotel.,4,3.3,2428
4862,2025-04-27 13:10:50,Word table best sign company important rich.,3,4.6,7025
4863,2025-09-17 02:08:10,Thing unit still list.,1,3.4,3473
4864,2025-02-08 15:01:23,Personal floor join maintain.,4,4.1,5466
4865,2025-06-18 05:49:52,Next actually record box.,1,4.1,9678
4866,2025-09-29 17:25:27,Picture consumer happen alone leg whose.,3,3.6,8567
4867,2025-10-12 22:14:25,Moment project total picture answer test chance.,2,3.7,59
4868,2025-08-01 12:48:43,Family style though agency certainly agent share.,1,3.1,8889
4869,2025-09-05 18:33:32,Official case break race.,2,4.1,9990
4870,2025-06-26 13:42:31,Three with against company.,5,5.0,745
4871,2025-07-23 03:28:32,Each behind when.,3,4.0,511
4872,2025-08-07 06:03:32,Build population picture fine.,1,3.7,4654
4873,2025-11-21 02:48:08,Place actually information animal mission nothing.,2,4.5,7158
4874,2025-04-06 17:49:03,Few doctor possible level there particularly gas.,2,4.8,3609
4875,2025-10-06 07:08:08,Really will state.,2,4.6,7347
4876,2025-11-14 16:11:54,Bit somebody them itself.,1,3.9,6963
4877,2025-01-18 03:19:50,Anything open office.,4,3.4,9662
4878,2025-09-11 16:04:35,Though than paper score despite.,5,3.9,3326
4879,2025-02-08 14:02:11,Their magazine wife exist modern itself project.,3,3.5,5576
4880,2025-05-02 23:18:47,Bit discuss mouth study hour sport green.,3,3.1,7429
4881,2025-11-03 22:16:38,Result throughout I.,1,4.3,8534
4882,2025-05-15 09:38:56,Somebody air appear create site hold suddenly prepare.,4,3.4,3075
4883,2025-06-05 20:39:50,Provide teacher see us physical.,3,3.9,2378
4884,2025-01-28 21:09:55,Camera produce population partner pull point arrive.,1,3.4,3583
4885,2025-02-13 20:08:08,Republican subject five me lay at by.,3,3.8,6051
4886,2025-10-28 05:34:03,After situation state approach manager experience.,2,3.4,9667
4887,2025-08-08 10:43:48,However since defense.,4,4.8,8402
4888,2025-02-05 08:29:19,I sign continue pattern finish.,4,4.3,5935
4889,2025-07-22 20:15:00,Wonder join choose bring.,2,4.0,8017
4890,2025-01-12 15:53:28,Person series new travel only wall unit travel.,5,4.8,5392
4891,2025-01-27 22:20:06,Will cultural model position should all perform population.,4,3.7,7824
4892,2025-02-26 11:12:05,Fund describe money interesting though either south can.,5,4.5,7736
4893,2025-08-08 23:04:24,Interesting bad before hotel where.,2,4.6,4053
4894,2025-11-23 23:13:03,New how firm drug bit.,5,3.4,1709
4895,2025-11-11 00:58:25,Machine suffer away.,5,5.0,274
4896,2025-03-03 03:41:51,Amount deal east watch sit.,2,3.4,8273
4897,2025-08-19 22:50:35,Experience final effect soon.,2,4.8,7207
4898,2025-02-02 14:38:20,Simply company star task admit he.,2,4.9,3693
4899,2025-06-02 15:49:02,Discover everything rather moment industry space tell.,5,3.4,353
4900,2025-06-07 13:10:09,Travel gun lose.,1,4.2,3894
4901,2025-02-02 01:22:38,Purpose management particularly where include.,3,5.0,2346
4902,2025-01-07 07:52:23,Prepare large well might.,3,3.6,9735
4903,2025-07-20 23:41:12,Assume technology chair candidate.,1,3.8,5897
4904,2025-11-20 21:06:02,Lawyer whether while often worker.,2,3.8,9550
4905,2025-02-28 19:51:33,School training interview song heavy amount.,1,4.5,1434
4906,2025-07-17 07:52:36,Opportunity which various available product face win.,2,4.7,3911
4907,2025-03-08 20:42:08,International develop second sort.,4,4.2,4786
4908,2025-03-17 20:47:16,Author there since bar meet.,5,3.5,5141
4909,2025-10-13 12:51:52,Side such measure do not.,2,3.3,3721
4910,2025-06-27 16:01:10,Bank fall write help show.,4,3.3,3750
4911,2025-04-14 22:34:13,Soldier admit be own opportunity they either weight.,1,3.6,7428
4912,2025-05-19 16:32:14,Manage face wife rule pull would industry.,3,4.2,3975
4913,2025-11-13 21:39:41,Body store something leg check drug compare.,2,3.1,3026
4914,2025-05-25 18:17:19,Condition office history avoid between measure factor.,3,3.0,9363
4915,2025-08-30 08:36:33,Question run concern cold.,1,3.3,4913
4916,2025-06-11 22:35:41,Deep evidence research employee wear according watch.,5,4.1,5356
4917,2025-03-29 23:30:27,Traditional bit sign building.,4,3.0,1928
4918,2025-11-16 19:17:30,Smile keep better different movement as.,1,4.6,2960
4919,2025-02-03 09:08:13,Final physical sister news by guy hour.,4,3.3,963
4920,2025-09-13 18:26:03,Participant form trade admit ground other.,2,3.6,3312
4921,2025-06-08 10:06:10,Minute own guy beat.,5,3.9,8691
4922,2025-08-31 02:26:42,Everybody table manage blood force artist.,1,3.4,562
4923,2025-10-27 21:43:35,Color consumer try poor treatment success under.,1,4.0,7535
4924,2025-01-01 10:53:38,Recently have buy school break vote.,5,4.1,4178
4925,2025-10-22 02:46:25,Buy main save worry give task cut.,3,4.8,4562
4926,2025-10-23 18:49:34,Wrong career small type cover.,4,5.0,4903
4927,2025-06-16 02:36:28,Surface that relate mention member interesting.,3,3.4,9472
4928,2025-06-29 11:16:56,Citizen available several debate past case.,1,4.7,3072
4929,2025-01-07 02:34:42,Share impact doctor save sit.,2,4.3,7514
4930,2025-01-09 03:27:34,Others white defense.,5,4.2,2490
4931,2025-08-08 03:53:19,Heart media score idea save science admit.,4,3.1,44
4932,2025-07-10 23:52:39,Seat sing attack ok day despite throw.,1,5.0,472
4933,2025-10-02 01:04:59,Share military owner real above some effort.,2,3.4,370
4934,2025-09-29 09:27:08,Write accept especially agency.,4,4.3,6622
4935,2025-05-25 11:57:39,Side church society hour.,2,3.5,7139
4936,2025-10-02 10:53:07,Himself sure represent when anyone small tree new.,5,4.8,418
4937,2025-02-28 17:42:43,Law together begin case rate people.,1,5.0,4363
4938,2025-09-30 06:50:51,Now country option pass.,3,3.6,81
4939,2025-11-12 01:15:36,Test contain beat with suffer simply.,1,3.2,6950
4940,2025-06-07 04:56:10,Market clearly which standard professor approach adult.,5,4.3,4565
4941,2025-03-21 18:28:46,Message community project.,1,3.0,8949
4942,2025-07-26 20:52:11,Eight check professor defense leg issue.,4,4.7,8451
4943,2025-07-05 14:16:13,Experience approach quickly force.,2,4.3,1679
4944,2025-07-10 14:25:28,Dream could investment almost training structure matter.,4,4.7,4661
4945,2025-11-22 17:34:17,Good agree medical road system fine last.,4,3.4,5095
4946,2025-08-11 12:56:09,Daughter the find hard degree.,3,3.0,9261
4947,2025-01-02 15:52:21,Mouth decade teacher career bed then month.,3,4.8,503
4948,2025-02-14 17:26:43,Affect song hour head nation protect third data.,4,3.3,3861
4949,2025-03-25 16:59:43,Medical consumer visit your gas hit court.,3,4.6,3759
4950,2025-09-13 00:04:10,Customer traditional few social night itself production.,1,4.7,8242
4951,2025-10-31 01:21:20,Near again movie work analysis serve court.,1,4.4,668
4952,2025-08-27 11:32:07,Nearly determine little during.,2,3.5,8921
4953,2025-03-10 09:38:33,Least real result account course finish different.,1,4.6,2702
4954,2025-08-28 22:55:48,Style treatment amount project cold line.,3,3.4,3358
4955,2025-01-23 03:51:13,Institution sometimes officer party positive should.,1,4.0,9688
4956,2025-01-05 10:36:57,Effect treat own affect.,4,3.4,9450
4957,2025-03-24 03:29:38,Face defense government stand small.,1,4.9,6457
4958,2025-07-08 00:00:21,Loss point safe plant happy blood or.,2,5.0,3002
4959,2025-02-19 19:25:33,Business medical character her few dinner.,3,3.2,5265
4960,2025-04-22 19:41:59,Usually prove reason Republican.,1,3.3,7467
4961,2025-01-13 15:07:37,Phone include decision manage half police set.,3,4.3,5319
4962,2025-08-08 13:58:00,War law around.,1,3.3,5013
4963,2025-07-10 02:23:22,Positive much century strong name travel.,1,3.9,8322
4964,2025-08-31 14:21:56,Bed home low left while someone.,2,4.4,3671
4965,2025-10-13 02:02:53,Guy upon that agent fire.,5,3.4,6475
4966,2025-04-01 01:44:33,Property brother government couple picture child get.,2,4.2,726
4967,2025-09-15 16:00:09,Professional available treatment open future.,1,4.7,1
4968,2025-04-23 16:08:19,Add name group ago now.,3,4.2,8832
4969,2025-06-29 16:10:50,Like list they approach recognize it consider whole.,2,3.1,4654
4970,2025-09-19 22:49:34,Necessary food experience sport show himself road.,1,3.0,6484
4971,2025-09-09 23:34:19,For writer wrong notice little important continue.,5,3.2,1233
4972,2025-05-16 15:46:33,Free soon decade generation structure me star.,3,4.8,5691
4973,2025-09-12 08:00:39,Whatever city behavior himself including watch over half.,5,4.8,5712
4974,2025-11-04 19:11:53,Approach happen foot number.,1,4.6,8700
4975,2025-03-22 15:24:47,Simply gun mention.,5,3.9,4473
4976,2025-02-04 10:38:18,Beautiful near soldier easy.,5,4.6,2721
4977,2025-01-23 03:50:03,Make need of product daughter keep hear.,4,4.9,3836
4978,2025-05-13 12:47:55,Force others number set nature interesting true.,1,3.7,1228
4979,2025-04-15 15:49:09,Garden smile today most easy.,4,3.9,5940
4980,2025-02-02 06:26:48,Thank up kitchen audience quality report.,4,4.5,9981
4981,2025-05-10 06:07:35,Program certainly station teach land political probably.,4,4.9,3549
4982,2025-10-09 06:42:15,Impact many work argue group forget gun.,4,3.7,1138
4983,2025-03-30 07:19:11,Able artist hotel.,3,4.1,974
4984,2025-11-11 21:34:51,Eight room economy candidate however think.,1,3.8,9934
4985,2025-03-13 16:49:07,Start unit hear reality.,2,4.2,6073
4986,2025-06-10 08:12:19,Bed hear mission issue way say.,2,3.3,9172
4987,2025-05-20 14:00:08,How mean meet lay.,1,3.6,1677
4988,2025-11-11 02:45:39,Much write student cup.,3,4.5,828
4989,2025-09-29 07:12:28,Hope story example summer both cell.,3,3.9,6919
4990,2025-03-31 23:15:35,Half require important show structure heart better.,3,3.7,1277
4991,2025-01-07 14:38:47,Mother within into care herself thought.,2,3.6,7829
4992,2025-09-28 19:52:31,Management the let campaign.,2,3.2,7232
4993,2025-10-11 02:45:14,Organization add try view quickly century picture.,5,4.5,7106
4994,2025-05-25 16:45:13,Clear loss structure them.,3,4.2,1535
4995,2025-04-13 10:04:46,Threat talk worry realize respond.,2,3.6,8457
4996,2025-01-08 16:08:49,Their actually every today voice rate strong.,4,4.2,5427
4997,2025-05-09 03:09:09,Carry continue stage strategy house increase field everything.,3,4.8,3521
4998,2025-11-07 02:20:20,Mention exactly wrong maintain remember.,1,4.8,3234
4999,2025-10-30 10:25:49,Traditional threat ball listen under.,2,3.5,7600
5000,2025-11-14 12:08:19,Hold if notice reveal.,3,4.4,7374
5001,2025-03-14 12:42:00,But consider present cold.,4,3.3,6070
5002,2025-10-16 21:40:27,Day state be note seat send ever.,2,3.2,7129
5003,2025-04-10 12:10:56,Allow street read pass program cup agree.,4,4.9,5869
5004,2025-11-21 20:51:50,Technology art bank benefit.,5,3.9,1654
5005,2025-03-09 13:20:04,East evidence current similar certainly take trial.,3,3.6,5385
5006,2025-04-23 22:14:04,Think front entire.,2,3.1,2793
5007,2025-07-02 23:49:03,Instead pressure certainly far not.,4,4.1,3708
5008,2025-03-25 05:24:04,Near conference since media.,1,4.5,1651
5009,2025-06-08 09:02:25,Never natural alone land occur front.,1,4.2,6646
5010,2025-10-25 04:27:10,Large general lead.,3,3.7,3381
5011,2025-09-29 12:32:20,Tend between partner politics theory enough.,4,3.4,4690
5012,2025-02-08 20:20:33,Fall home its pressure fine keep.,5,3.5,2464
5013,2025-03-14 04:59:20,Recognize class bit.,1,3.5,6940
5014,2025-01-12 00:19:12,Current music number account mission.,5,3.5,5291
5015,2025-10-19 05:28:38,You read themselves recently property.,4,4.7,1621
5016,2025-07-29 12:51:24,Per why could enter country various from.,1,3.9,8694
5017,2025-01-11 08:20:49,More discover industry everyone.,4,4.6,9266
5018,2025-05-20 11:01:27,Item career west.,1,4.0,2789
5019,2025-11-20 10:13:10,Ahead reduce something suffer return anyone poor.,4,4.8,8841
5020,2025-03-05 21:48:31,Foreign right happy form.,2,3.9,8517
5021,2025-04-25 13:31:41,Toward then box together husband contain.,3,4.9,218
5022,2025-01-12 20:30:31,General draw stay important on.,2,3.2,4195
5023,2025-06-20 04:52:34,Discussion soon true Democrat win sort.,5,3.7,4677
5024,2025-08-28 07:37:59,Show or development.,1,4.8,5874
5025,2025-01-22 13:26:22,Where choose big foreign society.,5,3.5,9109
5026,2025-03-04 07:36:47,Anything everyone lawyer nothing discover.,2,3.5,3830
5027,2025-05-18 04:38:29,Away his simple cell move person.,5,4.6,3808
5028,2025-09-02 10:54:25,Consider simply start.,3,3.4,9363
5029,2025-09-03 11:57:01,Red forget hard street protect view four.,1,3.8,7713
5030,2025-10-24 16:43:57,Hour open require event.,2,4.7,819
5031,2025-07-13 05:04:45,Baby draw something serve.,5,3.6,1415
5032,2025-06-12 08:59:07,Value prevent sea produce first indicate.,2,4.0,9723
5033,2025-07-15 22:57:22,Over recognize decision like.,1,3.2,6506
5034,2025-11-09 09:56:15,Watch blue industry matter add.,4,3.1,6578
5035,2025-03-15 14:46:33,Century sister foreign memory.,5,3.5,1801
5036,2025-02-01 08:54:25,Lay wind red current possible sure cell.,5,3.1,2849
5037,2025-11-21 15:45:57,Task note deep argue.,4,3.7,2039
5038,2025-02-02 23:12:55,Door hundred several simply shake right above.,3,3.9,1710
5039,2025-07-19 15:40:20,Data movement item ability cause family.,1,4.5,8318
5040,2025-02-24 19:29:56,Him natural face perform walk.,1,3.9,2163
5041,2025-03-27 03:18:28,Six course million act.,3,4.5,3484
5042,2025-04-07 23:29:00,Help eight describe machine surface very care.,4,4.3,4381
5043,2025-03-02 01:06:59,Then various land prove upon ball.,4,4.5,7358
5044,2025-10-24 01:33:33,Hold site public language character approach long.,5,3.6,6603
5045,2025-09-20 17:41:19,Economic interesting so tend.,1,4.5,1427
5046,2025-08-02 06:30:49,Growth successful point mean lose get.,1,3.4,3215
5047,2025-08-24 00:03:32,Three education change poor piece.,1,3.3,4517
5048,2025-11-24 05:59:37,Yeah throw fly participant stock decade thought.,3,3.3,1747
5049,2025-07-16 18:04:02,Almost social expect season last president.,1,3.9,2354
5050,2025-02-27 15:39:02,Both lay official cost country.,4,4.2,8400
5051,2025-03-02 07:17:13,Teach big successful reality let information.,1,4.8,461
5052,2025-09-14 20:55:51,Analysis sit woman.,5,4.9,4149
5053,2025-01-09 15:42:28,Leader sing center current material.,2,3.1,9984
5054,2025-05-12 09:46:48,Any design there house few support part.,4,3.6,5964
5055,2025-08-10 08:05:14,Project responsibility type remember soldier look police.,1,4.0,3029
5056,2025-05-17 11:58:50,Quite really approach direction under suggest.,3,3.2,6582
5057,2025-03-25 15:50:04,Ground itself bag clearly total yes boy care.,5,4.7,1360
5058,2025-06-23 02:16:10,Despite quickly purpose benefit exactly issue party else.,1,4.6,8722
5059,2025-03-05 16:27:19,Production according place word key form assume.,4,4.6,5610
5060,2025-07-24 15:17:04,Civil hospital leave make either while idea.,2,3.3,6776
5061,2025-03-24 03:33:13,Ever group either.,3,3.4,2570
5062,2025-05-09 16:47:13,Simply reason start sound.,3,4.8,5585
5063,2025-02-08 09:01:55,Now modern statement head audience number.,1,4.3,2862
5064,2025-11-21 08:21:53,Country analysis discover even.,2,4.5,2893
5065,2025-01-23 01:33:15,Situation future history data pressure quality voice.,3,3.3,8100
5066,2025-07-09 11:31:47,Build fill president American page.,1,4.2,1955
5067,2025-05-29 09:47:50,Treatment smile person until lot involve.,2,4.8,3674
5068,2025-01-01 19:54:59,Money line inside spring baby.,1,4.9,6295
5069,2025-09-08 12:25:49,However girl Mrs entire PM.,4,3.4,9659
5070,2025-05-19 10:12:27,Accept few seat establish kitchen will drug.,1,4.9,9361
5071,2025-09-19 17:17:13,Explain section soon consumer.,2,4.6,5457
5072,2025-04-20 03:16:19,Daughter our happen strategy similar.,5,3.4,6224
5073,2025-05-10 11:08:59,American man require follow treatment affect.,4,3.3,1889
5074,2025-01-30 15:03:04,Official clear budget catch.,2,3.3,5311
5075,2025-06-01 21:53:36,Interesting next school day.,4,3.4,8234
5076,2025-01-12 11:21:51,Level author own see enough.,4,3.2,4910
5077,2025-07-02 16:29:41,Account number defense condition.,3,3.3,625
5078,2025-05-28 04:24:43,Bit say box there need indeed.,5,4.1,4301
5079,2025-02-16 05:26:46,Finally task special provide officer among.,2,4.0,2457
5080,2025-09-03 20:36:45,True admit have wait really.,4,4.1,3001
5081,2025-04-23 05:02:01,Follow music too help technology.,5,4.6,3846
5082,2025-04-22 15:16:00,Pass only camera from condition side movie mother.,5,3.7,7701
5083,2025-08-26 00:27:50,Follow story month two southern write.,2,3.1,586
5084,2025-03-03 00:08:24,Serious author stop mouth prepare want blue.,5,3.9,8428
5085,2025-04-26 09:19:22,Skin democratic moment student.,3,3.1,7628
5086,2025-07-11 20:01:20,Order ready audience investment.,1,4.5,6569
5087,2025-01-28 10:20:21,White accept former else both character.,1,3.4,435
5088,2025-02-23 19:27:44,Be would discussion space while everyone.,2,4.7,4060
5089,2025-08-29 16:27:43,Though various between.,2,3.5,5872
5090,2025-01-24 15:30:09,Floor professor official.,3,5.0,1625
5091,2025-10-11 10:09:34,Executive system test school first game understand shoulder.,2,3.5,9390
5092,2025-08-29 14:27:06,Sound yet father.,4,4.0,1184
5093,2025-10-21 03:33:15,Memory population least last chair our.,5,4.9,3350
5094,2025-10-03 07:14:24,Much economy some sure.,3,3.3,4816
5095,2025-01-26 23:59:05,Because program grow offer number.,3,3.7,9262
5096,2025-02-07 03:11:13,Draw before have final program series mention.,4,4.6,9177
5097,2025-10-07 12:08:34,Sport ground reason reveal.,3,4.2,1359
5098,2025-05-11 23:41:47,Church than raise white network.,3,3.9,9548
5099,2025-11-03 15:35:04,Fly unit simple southern attack.,3,4.2,4918
5100,2025-02-06 07:24:54,Public woman single spring movie.,5,4.4,1565
5101,2025-05-01 01:00:26,Work season century by.,1,4.2,2941
5102,2025-07-20 18:11:37,Fear put lose care north reflect central agent.,1,4.5,8224
5103,2025-10-21 13:13:44,Risk TV rule draw morning.,4,3.8,2194
5104,2025-11-10 12:27:39,Loss gun structure whether space.,4,3.1,4691
5105,2025-02-21 15:24:34,Try threat color movement.,5,3.2,9881
5106,2025-10-03 15:19:59,Product time prove concern cell.,4,4.1,2283
5107,2025-03-16 23:45:45,Speak crime eye prepare no important.,1,3.5,2047
5108,2025-07-17 05:56:35,Risk parent various green because.,3,4.9,9057
5109,2025-07-25 16:15:10,Unit federal outside around physical fish job.,4,3.1,8528
5110,2025-10-16 21:05:05,Institution mission defense college network performance big.,2,3.1,5039
5111,2025-05-07 09:10:28,One whether so reduce.,1,4.0,9935
5112,2025-06-17 04:53:49,Team too performance region training upon.,5,4.0,7230
5113,2025-04-09 07:39:09,Somebody job building structure.,5,4.9,409
5114,2025-01-21 22:12:13,Administration rule shoulder then fine form.,3,4.1,4257
5115,2025-03-16 23:51:15,Interview next force total science read article.,2,4.2,3709
5116,2025-08-02 16:40:45,Determine first year resource.,5,4.4,7583
5117,2025-10-28 21:02:46,Consider lawyer land relationship discuss ball say.,2,3.9,1656
5118,2025-11-12 17:04:47,Sea reach success tonight.,5,4.0,946
5119,2025-06-12 14:32:23,Bag town operation adult thus mouth.,1,3.2,9922
5120,2025-06-29 10:27:53,Item mother single his strong standard.,5,4.8,1578
5121,2025-01-22 14:37:05,Stand beat strong follow life out.,5,4.5,2674
5122,2025-09-03 14:32:22,None return five.,3,4.6,3749
5123,2025-02-15 13:40:11,Series effect result dog.,5,4.5,3473
5124,2025-04-21 05:23:08,Enough too doctor improve.,5,4.2,9760
5125,2025-09-08 06:51:22,Page maintain market drug president discussion rise protect.,1,4.4,3227
5126,2025-06-05 05:01:58,Three plant high garden government image.,4,4.8,4711
5127,2025-09-16 10:17:11,Community knowledge beyond yard.,1,4.1,6616
5128,2025-04-11 04:18:35,Bed actually structure ask value social.,5,5.0,8418
5129,2025-05-05 01:30:41,Who administration none with system.,2,3.8,902
5130,2025-05-09 21:11:36,Poor wish challenge reality rate.,2,3.3,7194
5131,2025-06-16 06:19:51,New brother standard star event entire many.,3,4.6,9063
5132,2025-07-28 22:08:22,Service sense plant film floor.,3,3.0,5599
5133,2025-08-28 22:46:59,Child Mrs fine.,3,4.4,9529
5134,2025-01-16 19:28:30,Cut hold argue program whatever.,1,3.8,3913
5135,2025-06-19 14:43:08,Writer effect number baby organization star.,1,3.5,411
5136,2025-02-17 11:23:38,Fill take raise around before about.,5,4.4,4634
5137,2025-07-17 19:36:50,Cup than dinner hear drop.,4,4.4,6384
5138,2025-05-14 13:16:36,Shake court either dinner range as poor.,1,4.9,857
5139,2025-04-01 03:11:22,Issue actually pick money.,1,3.9,9962
5140,2025-10-30 15:17:57,Technology everyone expert member stop.,4,4.8,1369
5141,2025-10-14 19:42:57,Left as rule top later arm job.,4,4.0,66
5142,2025-09-21 09:48:34,Become should debate family.,1,4.9,4079
5143,2025-06-19 20:30:43,Price sit body civil since physical.,4,4.4,9168
5144,2025-06-18 16:38:51,Miss manage officer individual skin back.,5,4.8,8529
5145,2025-08-06 21:14:59,Management note sure involve government.,2,5.0,3933
5146,2025-09-04 15:12:57,Nation whatever style great number fine.,1,3.6,6749
5147,2025-01-07 17:42:07,Our them surface sound.,5,3.0,1210
5148,2025-10-21 21:21:02,Reality four common.,1,3.6,251
5149,2025-07-23 21:22:47,Whole man quality size.,4,3.2,7230
5150,2025-10-07 07:46:04,Student design rock resource source create century something.,3,4.4,8842
5151,2025-02-20 05:28:15,Federal source thank green father parent image.,1,4.9,1339
5152,2025-09-22 20:40:29,Item school his manager late happen just.,2,4.0,5238
5153,2025-01-02 15:14:31,Toward view stop sound later.,4,4.7,6780
5154,2025-04-11 04:51:54,Society investment coach very.,4,4.5,3332
5155,2025-04-14 02:17:10,Difficult pay exactly scientist paper activity life cup.,2,3.1,729
5156,2025-01-18 10:53:20,Result still dark high.,1,4.7,9732
5157,2025-01-22 23:31:13,Performance level month wide consumer themselves interesting.,3,3.9,6036
5158,2025-11-21 16:48:04,Know student education.,5,4.7,721
5159,2025-01-21 11:47:35,Economy day mission push make she citizen.,5,3.6,9338
5160,2025-07-24 04:45:44,Official run travel marriage this agree.,2,4.7,8673
5161,2025-11-18 04:31:47,Place product face and.,5,4.0,5267
5162,2025-09-06 14:07:47,Since help including price sort spend maintain enough.,5,4.4,3240
5163,2025-03-31 08:05:46,Threat agent approach.,3,3.8,3852
5164,2025-06-30 14:20:15,All democratic break low if let.,3,3.7,443
5165,2025-06-25 10:55:51,Education beat page present.,4,3.4,3869
5166,2025-08-05 08:50:55,Including road authority figure.,2,3.2,1986
5167,2025-06-22 02:04:42,Blood hear foot work garden Mr.,1,3.4,1325
5168,2025-04-14 12:16:34,List work heart under get read themselves follow.,4,3.9,4768
5169,2025-03-17 21:45:23,Bed political dog sign.,3,4.9,6737
5170,2025-02-16 01:31:49,Black might big toward military.,2,3.8,2654
5171,2025-08-03 15:20:20,Total local specific your opportunity along.,5,3.3,304
5172,2025-11-14 01:21:50,Memory example save seem exactly set.,4,4.4,9168
5173,2025-01-16 17:23:50,Main soldier none unit pick.,5,3.1,7576
5174,2025-06-18 01:03:31,Animal institution start theory.,1,4.4,8977
5175,2025-11-02 22:25:00,Not wind region cold meet.,4,3.0,2300
5176,2025-02-10 01:50:54,Pay capital pay religious.,4,4.4,7600
5177,2025-07-07 18:11:32,Culture church pay let vote reach.,4,3.0,4199
5178,2025-07-02 15:59:21,Toward recent country manager sound accept order interest.,2,4.4,7921
5179,2025-09-22 15:35:57,Environmental recognize issue situation available director.,4,4.3,9093
5180,2025-11-22 21:25:09,Read upon media would.,1,4.4,1077
5181,2025-11-09 22:02:16,Building capital allow different trial nearly.,1,4.8,2180
5182,2025-08-15 03:19:22,Organization degree night.,1,5.0,8549
5183,2025-08-19 20:48:41,Painting that wear why heart college.,1,3.0,8445
5184,2025-02-21 04:38:13,Administration strong century whose.,5,4.1,4141
5185,2025-09-26 17:08:31,Pm describe source culture.,2,4.5,9689
5186,2025-03-06 04:42:27,Watch true as.,5,3.4,4451
5187,2025-10-19 10:25:36,Realize add great produce cold stuff at.,5,3.1,9639
5188,2025-04-26 16:13:40,Level third however.,3,4.2,9617
5189,2025-03-23 21:58:07,Finally dream point.,4,4.6,1279
5190,2025-03-27 10:09:38,Matter which three most green available area market.,3,4.4,5144
5191,2025-10-24 11:09:20,Become lead program.,5,3.3,9672
5192,2025-02-12 20:43:45,Area page age attack only common sister.,2,3.5,5493
5193,2025-03-04 20:52:18,Goal light someone base computer.,2,3.0,3346
5194,2025-01-19 15:53:53,Answer article few difficult color teacher run.,5,3.5,6652
5195,2025-07-10 17:53:40,Tonight hit believe Republican system.,2,5.0,5986
5196,2025-08-01 06:46:00,Light position three off exist cultural ask.,4,4.4,3288
5197,2025-10-23 10:42:31,Arrive while positive window.,1,3.8,1489
5198,2025-04-11 17:46:24,Role run note through chair side.,5,3.7,7588
5199,2025-04-28 06:07:40,Prevent check about.,2,4.2,3194
5200,2025-06-29 08:33:18,Low spend upon color baby top woman.,4,3.7,2622
5201,2025-09-28 08:27:27,Agent all understand.,5,4.6,187
5202,2025-05-20 04:02:37,New per include officer girl soldier.,3,4.1,4576
5203,2025-05-29 07:57:32,Remember improve smile road.,5,4.4,1816
5204,2025-04-18 06:15:34,Budget later young since stay see whom.,3,4.7,4580
5205,2025-03-04 06:17:57,National tell still above to.,4,4.5,3232
5206,2025-07-30 16:43:35,Sign surface enter so floor dream throughout move.,5,3.0,3760
5207,2025-05-26 03:13:27,Building control commercial of truth.,2,4.9,9342
5208,2025-10-23 13:17:53,Picture too according only.,5,3.6,10
5209,2025-06-08 04:25:19,Fall history page cover cold report.,4,3.2,5090
5210,2025-01-27 20:32:49,Season someone decision get attention team save purpose.,2,4.8,7082
5211,2025-08-04 17:03:19,Dark pull during note society stuff study.,4,3.8,4281
5212,2025-08-05 16:58:24,Test civil fish tonight space.,1,4.2,464
5213,2025-02-23 04:31:28,Try force occur standard college practice year.,2,4.9,7132
5214,2025-06-19 00:11:03,Bring card economy really back bad.,2,3.2,6131
5215,2025-03-22 02:00:02,Few local major themselves small majority.,5,3.2,2223
5216,2025-09-08 06:05:09,Value foot middle daughter best manager.,1,4.3,5001
5217,2025-03-08 17:46:05,Various term might same almost apply present page.,2,3.7,726
5218,2025-04-16 00:25:49,Part Republican say big today edge task.,5,3.4,8748
5219,2025-08-13 02:21:46,Language difficult white outside.,2,4.7,7307
5220,2025-09-21 22:31:37,Interest wrong a represent however admit those.,3,4.4,2984
5221,2025-08-07 11:45:28,Next establish campaign idea.,1,4.6,8947
5222,2025-10-29 07:17:03,Use score style.,4,4.6,7846
5223,2025-10-10 17:08:08,Play friend want.,1,3.8,4732
5224,2025-07-16 14:48:32,Miss enter like strong get though game.,2,3.4,8570
5225,2025-02-23 12:42:47,Wind modern likely threat middle.,1,4.9,7111
5226,2025-03-06 19:13:12,Cultural behind age understand.,2,4.3,7131
5227,2025-08-12 11:06:22,Front size would create federal deep happen.,3,4.0,9365
5228,2025-10-11 07:39:36,Marriage agent during morning often drug own opportunity.,2,3.9,6383
5229,2025-05-26 07:21:39,Deal send general rather hospital pressure gun culture.,3,3.3,2982
5230,2025-08-07 19:21:18,Threat act nature no just move outside.,1,3.3,2387
5231,2025-05-15 01:59:49,Late policy instead nor pay specific movie.,4,4.1,1143
5232,2025-01-09 09:02:58,Clear here interview.,4,4.9,868
5233,2025-03-19 02:52:45,Policy fall lead his thing result talk.,2,4.2,9991
5234,2025-07-13 05:48:54,Eye religious program never.,2,4.8,8444
5235,2025-04-14 04:26:03,Dark public while contain.,5,3.3,1045
5236,2025-08-24 02:25:25,Fall in thousand employee.,4,4.6,1869
5237,2025-04-27 23:53:44,Treatment green real resource better education international.,4,4.1,6735
5238,2025-03-12 20:15:22,Around market off great office.,1,5.0,1327
5239,2025-08-27 01:45:01,Project fall none ball either attorney enjoy.,1,3.1,2335
5240,2025-05-07 05:50:38,Professional here use.,2,4.9,3939
5241,2025-01-22 10:10:58,Two game wife protect.,3,4.0,4118
5242,2025-04-29 07:38:23,Policy hard head.,2,4.5,679
5243,2025-10-28 23:36:15,Save government life challenge party care blood.,1,4.4,2814
5244,2025-08-28 06:02:53,Protect recent back network future.,3,3.3,2708
5245,2025-10-26 15:53:35,Factor this writer hour recent traditional one lot.,1,4.6,6055
5246,2025-04-28 10:57:53,Peace else country.,5,3.1,2045
5247,2025-10-08 10:32:14,Feeling job edge sell cover certainly position.,1,4.6,314
5248,2025-03-13 07:35:35,Power hotel answer yard read.,4,3.3,9910
5249,2025-06-13 06:47:25,Floor many coach everyone watch certainly ask.,3,3.9,8264
5250,2025-05-17 02:31:48,Authority budget design modern.,3,4.4,3170
5251,2025-10-25 11:52:48,Six because skin TV above.,3,3.7,4104
5252,2025-01-16 09:58:27,Billion generation past force teacher after.,4,3.5,5046
5253,2025-08-13 16:08:55,Possible participant whom PM.,1,3.7,8985
5254,2025-11-13 11:42:37,Score family claim many federal account there.,3,4.2,9544
5255,2025-08-06 22:56:39,Sit maintain form size organization.,3,3.7,7861
5256,2025-04-28 15:34:42,Finish ten along experience next within check.,5,4.2,6951
5257,2025-07-17 07:28:43,Degree perhaps ever particular voice new.,4,4.8,8743
5258,2025-03-26 00:38:19,Small just cold appear.,5,4.0,4901
5259,2025-01-16 09:09:22,Explain tax word sort.,1,3.2,3133
5260,2025-10-12 03:33:24,Wear feeling kid for once letter.,1,3.3,8469
5261,2025-10-31 04:27:04,Task turn actually serve describe spend card.,4,3.9,771
5262,2025-08-24 16:45:08,Anyone everybody able central field state.,4,4.4,2263
5263,2025-07-03 16:46:40,Discuss PM radio better camera.,5,3.4,6910
5264,2025-01-18 13:57:07,Analysis appear investment pass.,4,4.0,5232
5265,2025-06-26 06:35:40,Where too professor call for a.,3,4.4,1060
5266,2025-04-30 08:48:12,Lay safe manager detail.,5,4.9,4852
5267,2025-06-25 02:48:29,School against certain today.,4,4.1,2169
5268,2025-08-25 16:48:27,Church appear myself well society thing support.,4,3.7,9999
5269,2025-04-21 23:57:10,Ten else goal beyond chair energy.,4,4.9,9038
5270,2025-09-03 16:02:37,Herself might cover fast player point should.,2,5.0,3526
5271,2025-09-04 03:00:52,Everything young group usually my.,1,3.5,5121
5272,2025-09-26 21:23:37,Loss machine by rather simple whose.,3,3.8,7820
5273,2025-05-23 04:34:37,Same full when might parent try three.,5,3.9,3607
5274,2025-01-31 22:06:27,Large example PM admit seven bad cup.,4,3.2,4662
5275,2025-04-09 11:46:07,Teacher particularly go specific stay heart.,5,4.5,1634
5276,2025-08-27 03:37:38,Cut time social establish assume.,5,4.6,4798
5277,2025-10-18 06:46:54,Yeah rich stuff four ready usually.,1,3.4,3123
5278,2025-03-01 08:12:02,Simple budget now order perform huge.,2,3.1,1127
5279,2025-11-14 23:54:23,Wife reality bill population cause dinner street girl.,3,4.3,8842
5280,2025-08-02 23:51:00,Old religious although likely pull institution.,5,4.3,3222
5281,2025-07-21 21:38:26,Itself about politics particular play ready day happy.,4,4.5,5725
5282,2025-10-30 20:47:41,Agreement account behind service also perhaps bank piece.,3,4.3,2445
5283,2025-10-10 10:17:47,There war personal argue power.,1,4.5,7846
5284,2025-03-26 02:27:02,Way specific can.,4,3.9,8032
5285,2025-02-13 16:57:35,Phone team against society race truth either.,3,3.4,2348
5286,2025-09-14 14:59:25,Military leg total true feel true.,3,3.2,7697
5287,2025-06-08 10:31:56,Brother offer guess inside.,3,4.7,6499
5288,2025-03-06 05:41:14,Audience especially such common.,5,3.8,3286
5289,2025-10-16 19:31:30,Every its speech building they senior.,3,4.9,429
5290,2025-08-05 11:41:36,Member music five threat.,5,4.4,9816
5291,2025-07-28 15:33:28,Firm interesting hot create listen.,1,4.6,4679
5292,2025-04-18 06:37:28,Success there end himself.,5,4.0,7811
5293,2025-07-10 21:46:21,Girl role able focus that enter.,5,3.5,306
5294,2025-11-04 10:55:10,Natural marriage girl west dark agent.,3,4.4,474
5295,2025-03-27 20:50:34,Trade although listen able attack.,2,3.1,3648
5296,2025-04-03 14:32:42,Make away figure speech here better idea.,5,4.7,2182
5297,2025-04-04 13:47:41,Act area game explain expert.,5,4.7,9866
5298,2025-10-30 13:33:13,Guy successful sister policy throughout.,2,3.0,5850
5299,2025-04-02 15:10:47,All keep test court right necessary.,4,3.3,124
5300,2025-03-08 15:31:36,Upon want many debate leg plan blue to.,2,4.6,2089
5301,2025-02-06 08:27:34,Win term only thank.,2,3.9,8619
5302,2025-07-24 16:20:57,Heart list mean feeling can doctor around foreign.,5,3.9,1027
5303,2025-05-11 11:07:17,Coach heart be chance walk.,1,3.6,5765
5304,2025-01-06 22:27:37,Property western hour new special I.,4,4.3,6648
5305,2025-11-11 03:50:53,Drop population list idea.,2,3.1,74
5306,2025-04-18 09:24:02,Husband future hope conference trial.,5,4.6,931
5307,2025-04-08 16:31:14,Republican science test for around.,5,3.8,3575
5308,2025-01-16 04:57:11,Arrive two key stay clearly.,4,3.8,4402
5309,2025-11-08 16:33:42,Gun role himself today spring baby head.,3,4.2,9929
5310,2025-04-14 05:52:21,Edge land these time.,5,4.3,9868
5311,2025-01-27 00:52:48,Million standard take company.,2,3.8,1804
5312,2025-08-27 21:23:38,Them bag traditional eye return.,5,4.2,3555
5313,2025-05-15 16:30:21,House serve clear war son.,4,3.5,208
5314,2025-11-13 22:47:20,By Mrs community agency key.,4,4.2,2448
5315,2025-08-07 19:08:18,High resource door consider.,2,3.6,660
5316,2025-05-19 20:31:23,Let show material star study pressure image inside.,5,3.0,4983
5317,2025-09-01 05:30:48,Table indeed wish various heavy degree surface.,3,3.0,1126
5318,2025-09-12 14:32:11,Board society upon standard fish lawyer live.,5,4.5,792
5319,2025-08-16 16:11:38,Identify education crime professor community government book.,4,4.3,1988
5320,2025-01-17 00:31:58,Safe security be happy stop.,5,3.9,3237
5321,2025-11-13 15:32:13,Public reason bank none protect lead list raise.,3,4.5,5790
5322,2025-05-31 09:08:11,Professional them scene piece take as production.,5,3.3,7673
5323,2025-09-24 04:31:41,Pull leg I.,3,4.3,7243
5324,2025-03-08 11:33:38,Structure gun politics debate section.,4,4.0,2472
5325,2025-05-03 10:04:07,Speak find stay maybe.,2,4.2,4115
5326,2025-08-15 00:15:10,Organization difficult whether fire.,2,4.1,2559
5327,2025-09-16 18:08:51,Measure shoulder large north final success pass beautiful.,4,4.8,697
5328,2025-09-26 17:14:06,Home tell along mother.,2,3.9,5050
5329,2025-11-16 22:30:49,Admit energy admit others television bar course.,1,4.6,7749
5330,2025-01-08 13:11:48,He single impact four PM dinner.,3,4.4,9857
5331,2025-07-18 12:07:42,Chance they season just back return trip push.,5,4.0,4872
5332,2025-06-17 06:22:57,Executive green new everybody government management have might.,2,3.7,8062
5333,2025-09-05 18:16:26,Actually upon rise rich travel top.,1,4.9,637
5334,2025-06-16 16:34:07,Air skill my whose itself style.,4,4.8,2255
5335,2025-03-31 02:05:18,Operation professor fact high business forget get pull.,3,3.7,7552
5336,2025-10-03 09:09:36,Decision near line agreement street trip knowledge.,4,4.0,8564
5337,2025-10-30 19:44:19,Catch question large sell bar Mr should.,2,4.5,8446
5338,2025-02-14 19:51:41,Yet enjoy reality office future forget.,2,3.6,1477
5339,2025-01-28 01:29:10,Bar idea claim conference general you.,5,3.6,598
5340,2025-04-04 02:32:49,Perform truth service window discover.,2,3.6,6757
5341,2025-06-20 21:30:04,Head million some machine agent response today collection.,5,3.0,1825
5342,2025-02-16 14:43:52,Chair stand first hit also simply.,1,3.1,6172
5343,2025-01-22 01:10:08,Party appear truth.,3,4.2,794
5344,2025-07-28 16:59:44,Number seat environmental short.,1,4.7,9830
5345,2025-07-17 20:54:52,You too prove again alone.,2,3.3,9592
5346,2025-05-28 02:18:03,Of information feeling tell early who.,3,3.2,993
5347,2025-05-21 03:53:25,Nearly threat mention.,5,3.8,5704
5348,2025-10-24 03:54:46,Alone hair challenge.,3,4.4,671
5349,2025-01-03 02:14:52,Man appear practice front coach Mr.,3,3.8,5805
5350,2025-01-23 14:40:43,So eight plan local drug discuss.,5,4.9,8555
5351,2025-09-22 00:46:34,Relate carry Mr idea.,1,3.5,7585
5352,2025-09-27 14:14:26,Simply billion should trial word hour at.,1,3.4,2786
5353,2025-10-02 16:20:40,Opportunity matter answer president professor always.,2,3.6,7924
5354,2025-11-15 01:17:40,Discussion ball under remember reveal image themselves.,2,5.0,3522
5355,2025-08-03 13:29:39,Media recognize example total notice adult policy.,2,3.8,5174
5356,2025-08-27 20:40:59,Respond music stuff on.,1,4.6,2573
5357,2025-05-21 09:29:55,Quickly even consumer bill.,2,4.2,3626
5358,2025-02-19 21:17:14,Already dark term hear service develop truth.,2,3.3,1094
5359,2025-03-15 14:08:20,Hold thank technology yeah fund.,1,4.9,6016
5360,2025-05-27 12:03:33,Worker allow through continue policy matter trial.,1,4.6,8692
5361,2025-07-10 21:32:11,Worry statement both edge perhaps this.,1,3.9,7204
5362,2025-07-20 09:40:05,Eat feel reach draw.,3,4.6,9961
5363,2025-04-23 13:55:36,Yes bag customer walk standard buy.,1,3.1,8722
5364,2025-09-24 21:09:15,Service add for turn dinner response campaign.,3,4.2,4481
5365,2025-09-08 13:11:47,Budget score identify drop who entire necessary nor.,3,4.5,2187
5366,2025-03-20 07:03:17,Ever account player on event lot.,1,3.9,2061
5367,2025-09-24 07:43:10,Foot fact Democrat because become bad.,1,4.7,8899
5368,2025-10-17 13:49:29,Give rest marriage system artist determine lot improve.,1,4.7,2090
5369,2025-01-06 21:36:03,Place method trial win thank owner world animal.,4,4.4,6506
5370,2025-11-21 15:46:24,Our job we trial special.,2,3.0,1471
5371,2025-08-22 12:01:39,Your nearly though those.,5,3.3,1093
5372,2025-06-03 19:39:44,Onto impact control each available factor.,3,4.0,6333
5373,2025-11-14 11:58:54,Win everyone sit.,3,4.4,8724
5374,2025-11-11 16:45:58,Traditional cell magazine movement scene marriage.,2,4.8,8298
5375,2025-06-21 09:02:08,Doctor ago market every guy class hot.,1,4.9,4003
5376,2025-11-16 14:56:13,Break official bit.,2,4.0,8238
5377,2025-03-27 01:01:44,Low begin human age him government position.,2,4.7,6072
5378,2025-09-12 01:14:38,Morning follow on.,2,4.2,5909
5379,2025-11-08 10:20:56,School do feeling them wide.,3,4.1,2587
5380,2025-07-26 14:47:27,Language prevent action family training full.,5,4.1,8221
5381,2025-05-06 04:13:06,Skin toward music none candidate clearly economic.,5,4.6,5917
5382,2025-04-24 23:24:54,Policy light notice thing.,4,4.2,4192
5383,2025-04-19 13:29:53,Eight protect space drop include now.,1,4.1,677
5384,2025-11-19 05:55:43,Focus huge decade.,1,3.3,740
5385,2025-09-12 09:24:35,Campaign off anything evening argue method.,2,3.1,4433
5386,2025-05-23 02:02:39,Room five movie marriage impact you sometimes.,3,3.7,9839
5387,2025-01-03 11:00:23,Room difficult position Mr various as.,2,4.5,7706
5388,2025-10-11 20:46:41,Need and stand argue offer several blue.,5,3.2,6119
5389,2025-04-07 19:14:48,Suddenly talk about ago control.,2,5.0,7933
5390,2025-04-04 15:01:21,Factor side during lawyer.,2,3.3,6202
5391,2025-11-14 14:44:20,Major money soldier form.,5,3.5,8595
5392,2025-09-28 22:46:45,Speak Mrs management.,2,4.8,3103
5393,2025-01-27 04:11:10,Determine have box six understand.,2,3.0,6167
5394,2025-05-04 20:15:09,Bad whatever safe of.,1,4.9,54
5395,2025-03-24 04:22:11,Growth gas decade between manager later.,2,3.8,2922
5396,2025-07-31 17:11:25,Carry to offer.,2,3.5,5895
5397,2025-01-13 23:58:04,Material theory hold alone response.,2,3.9,5198
5398,2025-06-11 03:28:03,Concern popular better chair place far dream.,2,4.6,2690
5399,2025-04-27 08:14:44,Situation parent suffer officer happy treatment provide.,3,4.0,2257
5400,2025-03-17 12:15:29,Direction carry black power.,3,4.1,7338
5401,2025-02-22 22:51:31,Behind bag information break.,4,3.4,1559
5402,2025-03-07 06:11:25,Early many wide I also design range.,3,4.0,9119
5403,2025-08-31 06:44:53,Professional each move goal far perhaps.,2,5.0,8947
5404,2025-05-18 19:36:57,Force baby close coach.,4,3.4,1773
5405,2025-02-08 15:44:50,Poor current same not over.,1,4.1,2092
5406,2025-02-11 23:45:30,Church car house bad painting guess president foreign.,2,3.3,7129
5407,2025-06-30 16:29:02,Start deal election discover debate.,3,3.7,6756
5408,2025-08-02 07:18:46,Training participant blood.,4,4.1,8123
5409,2025-06-29 11:07:55,Back prepare crime.,5,5.0,93
5410,2025-07-13 05:28:29,Consider clearly maintain few.,3,3.0,7524
5411,2025-10-23 10:23:59,Available someone many listen.,5,3.6,1808
5412,2025-02-10 04:55:41,Religious perhaps little.,4,4.9,5305
5413,2025-07-20 14:02:46,Chair agent put recognize she seek field.,2,3.7,1313
5414,2025-09-13 18:06:58,Tonight why thus tend happy leg scene require.,5,4.5,2712
5415,2025-09-13 15:06:02,Body south note political budget.,4,3.4,6748
5416,2025-02-03 15:58:12,Full page tell.,2,4.4,5935
5417,2025-05-05 18:56:14,Later summer dinner want official energy.,5,4.7,2237
5418,2025-03-22 18:11:47,Policy then usually short as citizen.,1,3.3,8555
5419,2025-10-13 10:27:28,Draw attack realize support interview laugh.,3,3.4,1379
5420,2025-06-27 06:08:53,Whether price religious end exist find.,4,3.9,3301
5421,2025-07-30 14:05:15,Town price past high say.,4,3.5,8981
5422,2025-02-28 06:06:23,Help rich country coach behavior drug area rather.,4,3.9,5132
5423,2025-10-13 22:52:12,Money forget base course away member well station.,4,4.6,5457
5424,2025-03-08 03:39:35,Cost reveal rule.,5,3.2,9133
5425,2025-01-05 10:22:16,Alone street them learn.,3,3.2,2309
5426,2025-07-21 20:24:01,Be student energy form rule center pass piece.,1,3.3,9468
5427,2025-01-09 22:35:29,Sell teacher represent measure yet more.,4,4.2,5614
5428,2025-06-13 08:11:11,Themselves strong represent coach you.,1,3.1,5065
5429,2025-06-30 15:11:42,Still enter south then during.,5,3.8,257
5430,2025-02-16 13:21:29,Issue create work.,2,3.3,1858
5431,2025-07-28 23:45:07,Main personal open concern executive control man finish.,4,3.9,9594
5432,2025-01-29 19:43:36,Team financial painting suddenly.,4,4.9,1476
5433,2025-09-08 21:05:50,Election record easy continue west live serious.,1,4.9,6727
5434,2025-05-26 04:23:16,Group available keep long.,4,4.2,2034
5435,2025-08-12 07:05:56,Factor ten especially student rate upon.,4,4.7,5654
5436,2025-01-27 06:46:51,At guess head nor.,2,3.4,3683
5437,2025-06-27 16:30:24,Defense only sort mother hold leader.,4,5.0,500
5438,2025-03-18 21:36:15,Lead compare decision here lead away.,1,3.5,7772
5439,2025-02-27 16:56:31,Share candidate always usually generation lawyer a.,5,3.7,2714
5440,2025-04-13 18:12:40,Out spend child necessary.,3,4.6,1392
5441,2025-07-11 02:12:13,Travel today concern role usually marriage.,5,3.6,8964
5442,2025-05-27 12:51:36,Beat financial decision speak fish.,3,3.7,3281
5443,2025-07-29 20:36:44,Player happy material.,3,4.6,392
5444,2025-08-30 21:30:56,Collection itself decade build form similar.,5,4.9,6078
5445,2025-02-28 12:39:18,Land shoulder everybody off.,5,3.1,3452
5446,2025-03-10 21:12:18,Federal serve kind white.,5,4.2,9259
5447,2025-02-06 03:26:16,Course focus name somebody become minute raise.,5,3.7,9510
5448,2025-11-15 08:45:44,Create security challenge skin present against.,5,4.3,3300
5449,2025-01-29 14:21:28,Bad place car.,2,4.5,9971
5450,2025-01-03 01:33:20,History seem check.,4,5.0,7536
5451,2025-08-12 10:55:20,Citizen owner up under.,2,3.2,9572
5452,2025-11-12 12:19:26,Friend work probably cultural always spend.,2,4.0,450
5453,2025-09-07 03:28:05,Heavy play despite smile attorney.,4,4.1,5215
5454,2025-06-06 06:41:23,Walk approach subject can condition play common.,2,3.2,3199
5455,2025-09-24 03:07:22,Represent clearly collection trouble glass nice like.,4,3.5,9229
5456,2025-07-11 01:10:09,Arrive billion ask clearly.,4,4.6,8600
5457,2025-09-07 05:05:46,Trip put leave voice sport develop Congress.,1,3.4,9548
5458,2025-03-01 10:50:42,Reality experience onto type.,3,4.0,4885
5459,2025-05-19 02:07:34,Test quickly more table behavior for man rock.,1,4.7,8058
5460,2025-10-27 19:47:25,Agent meet bad share clearly when onto.,1,3.0,4658
5461,2025-07-21 16:19:44,Example sign sign much enjoy test several.,4,5.0,7272
5462,2025-02-17 12:53:28,Career fire hit than.,4,4.3,8864
5463,2025-02-18 06:28:56,Seven rich involve class material case cost.,5,4.8,35
5464,2025-04-14 21:00:36,Close data power today.,1,3.6,3891
5465,2025-10-30 05:18:15,Strategy have here outside.,2,4.4,6047
5466,2025-03-15 01:12:30,Picture friend meet bring agree similar.,2,4.0,2696
5467,2025-02-02 16:38:33,Game a computer too information.,2,3.7,9325
5468,2025-06-02 18:04:33,Enter send alone.,4,4.9,2239
5469,2025-10-03 07:42:56,Increase detail dream guy language statement what.,4,4.0,1426
5470,2025-06-10 23:07:09,Summer yourself pull loss name.,1,4.8,6553
5471,2025-03-22 07:09:59,Positive word issue strategy job management above.,5,3.7,1300
5472,2025-07-16 02:32:05,Ready interesting skill former message hear agree especially.,3,4.3,7900
5473,2025-06-09 21:47:33,Accept middle especially money court.,3,3.7,2516
5474,2025-03-31 14:46:05,Clearly nearly collection fund.,4,4.2,9756
5475,2025-05-28 05:52:45,Time responsibility laugh suddenly technology enjoy front.,1,3.1,1098
5476,2025-09-28 19:17:26,Huge good after allow.,2,4.4,4247
5477,2025-02-23 02:03:49,Begin find rich.,5,3.2,4301
5478,2025-04-15 13:08:16,Claim speak question population my simple of.,3,3.6,4263
5479,2025-05-27 10:07:15,Democratic receive company along discussion.,4,4.8,8348
5480,2025-01-17 23:47:22,Right miss quality action.,4,3.8,452
5481,2025-05-05 23:30:58,Approach itself serve must serious.,5,3.1,7780
5482,2025-10-19 18:08:25,Finish age police be sport blue.,5,3.9,4254
5483,2025-03-09 15:45:52,Send save school growth teach institution trade.,2,4.2,7760
5484,2025-05-30 16:43:30,Particularly American much against.,4,3.1,1250
5485,2025-08-05 20:43:55,Them exist decide wear.,5,4.6,7727
5486,2025-08-18 03:13:49,Consumer force foreign.,4,4.9,1775
5487,2025-10-12 20:25:03,Agree school rest opportunity factor Republican television.,2,4.0,9689
5488,2025-05-28 21:56:51,Tax town political doctor anyone make.,4,3.7,836
5489,2025-05-14 19:27:02,Attack student adult dog rock choice particularly.,2,3.8,7910
5490,2025-11-07 20:13:38,You hand effect thus.,5,4.7,6979
5491,2025-10-10 20:14:28,Effect ok stand.,1,4.0,2751
5492,2025-05-21 13:15:38,Agreement history culture result heavy particularly leg.,2,3.5,1821
5493,2025-06-25 08:59:49,Weight though look you feeling peace.,3,3.6,5092
5494,2025-03-23 09:19:42,Yeah ball citizen trip issue name realize war.,4,3.4,6563
5495,2025-02-19 19:16:05,Mrs manager beyond every democratic question point.,5,3.1,9388
5496,2025-07-27 21:57:54,Certain place listen value.,4,5.0,875
5497,2025-09-20 02:19:23,Style single where smile Republican recognize young.,4,4.0,3739
5498,2025-10-20 02:28:52,Ask minute bill sure between still study.,2,3.3,1601
5499,2025-03-24 12:39:31,Personal make moment raise partner together.,1,3.0,652
5500,2025-10-31 01:45:15,Fire morning attention certain off newspaper.,1,5.0,995
5501,2025-09-02 08:31:48,Speak behavior power mention before.,3,4.5,6164
5502,2025-09-21 07:58:13,Hundred record meeting create safe dream fine.,3,4.1,8680
5503,2025-07-25 17:05:28,Security particular produce huge drop hospital staff.,3,4.7,3030
5504,2025-09-26 23:40:29,Good around government mind score impact.,5,3.2,303
5505,2025-07-13 17:09:16,Light election drug record send operation.,2,3.3,1538
5506,2025-01-13 08:45:46,Smile do answer find without appear goal.,1,4.0,3800
5507,2025-11-16 12:59:32,Child throw wall mission hope friend someone entire.,1,3.3,9043
5508,2025-01-07 22:17:17,Contain remember care.,1,3.2,6388
5509,2025-04-24 15:27:36,Involve federal question phone safe with type apply.,5,3.8,3533
5510,2025-09-12 01:03:32,Whatever western where design thousand.,5,4.1,1136
5511,2025-07-18 20:04:34,Total worry support cup start too.,1,4.6,5298
5512,2025-07-28 06:31:25,Main he alone team along per.,5,3.3,6384
5513,2025-03-29 00:23:55,Himself paper skin rest seat year dinner.,2,3.8,4919
5514,2025-09-07 18:10:37,Small score standard prepare happy blood social.,4,3.4,4425
5515,2025-08-09 11:25:56,Development point family off food worker system rest.,5,4.2,5161
5516,2025-05-09 13:29:55,Pm moment then.,5,4.5,9359
5517,2025-02-14 07:40:16,Fine instead time good.,1,3.8,4258
5518,2025-05-02 15:58:36,Strategy piece wonder form seven.,1,3.7,4802
5519,2025-07-31 11:46:48,Site top have billion.,3,4.6,9597
5520,2025-04-18 12:12:20,Treatment long mind listen.,5,4.7,733
5521,2025-10-12 10:00:02,Capital economic benefit minute ask away.,2,4.0,6011
5522,2025-08-15 16:00:18,Education stuff across today world well experience officer.,3,4.0,4275
5523,2025-08-23 09:16:31,Cell among Congress peace author drug.,3,4.1,6001
5524,2025-08-26 11:38:24,Lawyer safe along start again most wonder.,1,3.8,7350
5525,2025-07-25 20:58:11,Hope field practice never or begin face.,3,3.9,9342
5526,2025-05-01 01:13:33,Away water purpose same shoulder tax.,4,3.1,9269
5527,2025-06-03 14:27:13,Least another number suddenly.,3,3.0,5268
5528,2025-05-03 05:22:02,Change share whose group probably.,5,3.3,7575
5529,2025-03-17 09:44:29,Cultural popular movie front.,1,4.6,1969
5530,2025-05-20 07:32:09,Audience necessary culture store son performance effect.,2,4.9,4661
5531,2025-02-27 09:20:09,Goal almost evening prove several.,3,4.7,6264
5532,2025-06-20 00:04:02,Either bring simple particularly matter.,4,4.4,1332
5533,2025-03-31 13:56:41,Financial daughter small.,5,4.7,2606
5534,2025-06-06 14:46:50,School kid these difference movement defense five.,4,4.3,8559
5535,2025-08-26 23:34:18,Front experience peace local side join.,4,3.2,4113
5536,2025-05-22 17:44:10,Resource current order by relate.,4,4.0,1231
5537,2025-01-11 22:40:14,Reduce song information.,4,3.9,2511
5538,2025-03-30 01:39:51,Drug return as pretty two himself consumer our.,1,4.2,3070
5539,2025-04-06 16:05:43,Manage theory child leave herself yard name election.,4,4.8,9367
5540,2025-02-14 23:31:16,Today team environment dream.,1,3.6,3942
5541,2025-03-04 03:56:17,Explain senior owner various.,3,4.0,9791
5542,2025-06-29 07:10:10,Thing hold bag serious improve these writer.,1,4.6,1522
5543,2025-01-28 19:49:13,Hope certain accept animal tonight manage necessary glass.,3,4.2,1792
5544,2025-08-30 09:23:42,Join across season two.,1,3.4,2706
5545,2025-11-09 21:03:29,Religious but within decision food.,3,4.7,9780
5546,2025-11-07 04:48:15,Simple key always think through financial.,2,4.4,5391
5547,2025-03-12 19:00:38,Important under employee institution voice.,4,3.0,4627
5548,2025-04-22 09:07:09,Report table sell live artist.,3,4.4,9284
5549,2025-11-22 12:24:02,Into tonight morning stand impact.,1,4.7,4250
5550,2025-03-12 15:31:21,Price skin expect career.,1,3.9,4565
5551,2025-08-14 14:10:46,Suddenly three meet federal experience.,2,4.4,244
5552,2025-07-13 00:08:57,Note foot myself anything order air develop.,2,4.1,8717
5553,2025-07-09 03:38:42,Like place end floor life something.,1,3.5,9803
5554,2025-06-16 14:40:15,Now child word official.,3,3.6,2369
5555,2025-11-17 07:57:55,Half expert bank mention.,2,4.5,8958
5556,2025-10-24 05:19:29,Season political artist without enjoy subject.,3,4.9,6705
5557,2025-02-03 21:16:51,Her approach smile player nearly fight.,3,3.5,4763
5558,2025-04-08 23:49:22,Interesting easy such son couple early purpose.,1,3.7,1892
5559,2025-01-25 21:54:12,Return language product pass.,2,4.6,2261
5560,2025-04-06 06:19:50,Seat knowledge term wall.,2,3.4,6157
5561,2025-01-14 13:58:45,The rich because.,5,3.5,5484
5562,2025-11-25 06:32:07,Site what control.,2,3.6,3119
5563,2025-03-13 19:06:04,Staff girl others industry worry organization rule trouble.,1,4.0,7694
5564,2025-11-17 19:41:46,Point near player indeed trade agreement sort.,1,3.5,7093
5565,2025-11-15 02:59:34,Born media check value skin firm stay.,2,4.7,4030
5566,2025-09-02 10:50:54,Including east fire system book.,3,3.6,6879
5567,2025-11-22 07:40:54,Themselves reach hard develop.,5,4.9,5242
5568,2025-05-16 14:31:50,Now just simply across list above.,4,4.1,5655
5569,2025-10-30 02:28:30,Rock hear somebody quality nice.,3,3.9,405
5570,2025-09-14 19:40:09,See professor staff ready international dog.,4,3.1,2509
5571,2025-05-14 04:54:53,Tough next bank morning see.,4,3.8,7981
5572,2025-05-15 05:38:10,Family clear sign high four.,2,3.8,6370
5573,2025-01-01 02:44:37,Why society little result.,1,3.4,8787
5574,2025-06-20 23:55:42,Reality rather peace both one I with.,4,3.9,1930
5575,2025-03-25 08:14:55,Network society if face ahead.,2,3.5,8227
5576,2025-09-23 15:46:17,Left will traditional miss.,3,3.6,1306
5577,2025-03-15 17:22:14,Environment bank wrong direction them every local.,4,4.6,620
5578,2025-06-18 05:19:25,Hit ground camera size fact development radio.,5,3.8,2472
5579,2025-02-22 00:14:03,Help threat attack suffer smile.,3,4.5,8819
5580,2025-05-30 16:53:13,Performance defense tough attention.,2,3.5,1294
5581,2025-03-27 07:29:50,Indeed throw reach hair important report offer.,1,4.1,4148
5582,2025-07-04 21:14:30,Result hand chair how walk become somebody require.,3,4.4,2426
5583,2025-04-19 05:59:47,Consumer country people clear return think that.,3,3.6,9120
5584,2025-01-21 06:19:25,Face mention it field record worker.,4,4.6,7079
5585,2025-04-29 08:26:28,Natural outside national.,3,3.6,1151
5586,2025-04-25 03:38:38,Activity perform magazine their discussion beat.,2,3.4,9604
5587,2025-09-20 23:57:24,Yourself business improve claim which structure ready.,2,3.8,2016
5588,2025-11-23 06:09:59,She very cup police.,4,3.9,6804
5589,2025-04-09 14:11:28,Action which happy find product the.,2,3.9,8517
5590,2025-09-28 01:51:59,Scientist break part have show spend door.,4,3.8,1782
5591,2025-07-25 00:54:16,Song perhaps throughout executive yeah edge guess analysis.,5,3.9,2381
5592,2025-10-15 21:14:42,Prove offer partner enjoy trial every.,3,3.8,6274
5593,2025-01-30 00:59:09,Exist drop south might especially meet indicate.,4,3.5,1396
5594,2025-08-24 02:49:55,War same continue wear visit value.,4,3.6,2538
5595,2025-04-29 05:42:21,Yet example moment agreement edge once.,2,3.1,8196
5596,2025-02-07 07:54:21,Least soldier federal debate security buy.,1,4.6,4413
5597,2025-11-10 07:56:04,Face write foreign shake commercial reflect worry.,4,3.2,6663
5598,2025-10-05 13:02:44,Campaign week sit hold reach and history.,5,4.3,9896
5599,2025-03-19 09:32:58,Production miss little bill.,5,3.5,9643
5600,2025-07-14 17:58:36,Modern those various party off father American.,5,4.3,9580
5601,2025-05-09 12:40:13,Leader order week vote western health offer share.,3,4.6,8058
5602,2025-09-24 07:04:12,Itself which cup impact free.,1,3.6,2727
5603,2025-02-12 14:15:56,Sell information all itself sure.,2,4.0,2512
5604,2025-04-19 07:15:08,Agree road suffer central material art.,2,4.2,7111
5605,2025-08-31 09:16:42,Low provide culture base weight painting serious claim.,2,4.3,7389
5606,2025-02-08 20:34:21,Former perform fire hot former life give.,1,3.4,3148
5607,2025-03-10 07:20:28,Add system theory.,1,4.1,4233
5608,2025-06-28 20:13:25,Role research radio toward student name lot.,5,3.8,222
5609,2025-02-14 18:22:39,Bank raise whether film plan.,3,3.2,3894
5610,2025-05-23 04:30:22,Contain school skin rock.,5,3.3,608
5611,2025-09-06 02:31:16,Even back your instead TV performance.,4,4.7,7817
5612,2025-04-25 07:02:02,Drive out suggest artist.,1,4.0,3122
5613,2025-08-18 10:46:07,Stuff air since beat serious car.,2,3.3,1020
5614,2025-07-17 19:30:08,Political director nor significant human which partner.,5,4.7,5524
5615,2025-10-03 07:09:24,Hundred thought medical ten total perhaps environment.,2,3.5,8640
5616,2025-03-10 09:17:32,Line agree together education technology floor plan in.,4,4.2,1164
5617,2025-05-22 07:19:27,Center wind friend approach affect police able.,4,3.1,6605
5618,2025-04-29 18:01:52,Rock chance thus forward.,4,3.5,9469
5619,2025-03-06 21:17:31,How bit concern never theory several west my.,1,4.1,5852
5620,2025-03-21 10:28:06,Difference many oil family news value.,5,4.9,6660
5621,2025-08-16 14:35:16,Million foreign price sport security poor benefit leader.,1,3.3,8071
5622,2025-05-03 17:27:37,Detail the far anything agreement art product town.,3,4.1,8401
5623,2025-03-14 09:18:44,In prevent spring.,3,4.2,4529
5624,2025-11-12 20:26:50,Think simply entire happy evidence for.,1,4.6,9289
5625,2025-01-25 06:47:02,Newspaper up loss similar.,2,4.8,6489
5626,2025-06-07 07:10:50,Interesting good capital least reality century military through.,2,3.8,7576
5627,2025-04-03 06:09:26,Protect rate usually attention score respond between.,5,3.6,5422
5628,2025-01-26 18:09:13,Sport raise way.,4,3.8,1732
5629,2025-10-20 09:52:08,Your today arm between sing past.,3,4.1,149
5630,2025-09-07 19:23:13,Real author with feel.,2,4.9,732
5631,2025-10-08 22:27:29,Its show method.,1,4.5,2758
5632,2025-03-21 21:09:50,Human town decide or.,5,4.5,869
5633,2025-04-06 17:58:37,Each threat wife with image region never.,1,3.9,5794
5634,2025-03-18 03:25:57,Next physical past.,4,4.4,6130
5635,2025-04-29 13:28:15,Where in party new.,3,3.0,2928
5636,2025-08-27 12:47:28,Run stuff factor lose.,4,4.3,6591
5637,2025-08-29 09:17:14,Group local foreign which.,5,3.0,9688
5638,2025-06-15 08:40:33,Usually person reduce boy note respond Democrat easy.,5,4.2,5738
5639,2025-05-16 18:39:04,Answer matter base alone understand be.,4,4.3,3179
5640,2025-02-08 08:16:40,Final part free until box run itself.,5,3.9,7587
5641,2025-11-16 23:31:59,Source drop evidence again building discuss break study.,1,4.8,814
5642,2025-09-20 07:01:03,Result top different four six husband call.,5,3.3,3737
5643,2025-01-28 11:16:25,Anyone of check on reveal stock.,4,3.6,645
5644,2025-08-27 20:43:01,Usually money field city sound world.,1,3.6,8411
5645,2025-10-11 11:56:06,Provide man religious.,5,4.9,1317
5646,2025-11-05 19:37:30,Shoulder system rise deal clear commercial provide sometimes.,5,3.7,3211
5647,2025-01-02 20:30:53,Wrong tax guess trade rest blue though.,1,4.4,9222
5648,2025-09-16 10:33:39,Similar above information add the.,5,4.3,6686
5649,2025-09-10 21:56:27,He nearly effect maintain surface.,1,3.3,1647
5650,2025-07-01 00:10:28,Person under picture line claim suddenly power lawyer.,1,4.2,2485
5651,2025-01-27 12:17:42,Such police onto.,2,4.1,2975
5652,2025-02-26 11:27:31,Expect prove full big card dream cause.,1,4.0,7735
5653,2025-01-21 17:09:40,Possible general necessary before certainly soon difference.,3,4.8,2401
5654,2025-08-02 15:12:38,Late spring outside.,1,4.9,4523
5655,2025-07-13 20:38:11,Foreign under red herself either my.,5,4.9,8655
5656,2025-08-24 19:48:13,Participant pressure couple chance under thing.,5,5.0,4454
5657,2025-05-14 04:44:48,Enjoy represent happen order glass painting nor.,4,4.5,3630
5658,2025-05-15 17:10:19,However stop stand their on realize.,4,3.9,7444
5659,2025-01-18 11:33:44,Fish military against summer exist manage mother.,3,4.1,652
5660,2025-09-20 23:20:10,Drive believe to rich happy wind.,4,4.1,7446
5661,2025-09-03 21:46:42,Director gas bill ball positive themselves present.,1,4.4,3409
5662,2025-09-27 20:29:09,At allow sell grow church together.,2,4.5,1292
5663,2025-03-04 14:24:02,Personal we friend drug decide parent.,4,4.6,4629
5664,2025-07-07 18:32:23,Nation reality political cup read.,4,3.3,1830
5665,2025-09-01 08:12:34,Deal move yeah happy left.,3,3.7,1245
5666,2025-05-28 01:44:28,Religious would remember relationship important.,5,4.3,1191
5667,2025-05-04 09:16:29,Instead into book.,4,3.4,5298
5668,2025-03-29 09:44:35,Suddenly debate tend room develop their.,1,4.8,1813
5669,2025-08-31 06:30:54,Player significant win network leg teach.,5,4.2,5669
5670,2025-02-04 12:13:19,Lay memory notice lay happen tough.,4,3.3,1321
5671,2025-03-20 21:33:54,Police major paper this reflect wind.,4,4.8,9244
5672,2025-06-18 18:11:23,Really family every religious day about expect.,2,3.3,7883
5673,2025-08-02 12:28:52,Statement subject question stand answer might.,1,4.7,5908
5674,2025-07-17 02:56:24,Energy drive small share group between radio.,2,3.6,6166
5675,2025-04-29 04:50:37,Push kitchen mind open.,3,3.9,8661
5676,2025-02-14 20:30:59,Think here military member knowledge black amount.,1,3.3,5467
5677,2025-02-28 06:29:43,Matter around once structure.,3,4.5,8874
5678,2025-08-30 01:55:26,Ask news end economic baby side yet suddenly.,4,3.1,3757
5679,2025-05-02 16:20:24,Big old job today nearly full.,1,4.6,3113
5680,2025-03-07 23:12:43,Its late stand visit.,5,3.7,4607
5681,2025-11-11 04:12:22,Catch account staff suggest character.,4,3.5,4866
5682,2025-08-21 01:32:06,Trip major also gas always front consumer together.,2,4.8,3520
5683,2025-08-07 20:11:30,Practice open movement require dog.,5,3.3,234
5684,2025-01-31 03:32:16,Maybe marriage send these throughout a draw.,5,3.5,9340
5685,2025-09-24 19:16:06,Woman economy cup bag city old.,2,3.8,3072
5686,2025-08-11 00:44:11,Audience suddenly moment skill discussion.,1,3.1,1167
5687,2025-06-24 18:31:36,Southern get begin think station century student.,5,4.2,7913
5688,2025-08-11 15:51:51,Line run series must benefit.,5,3.4,5014
5689,2025-08-23 04:46:03,Campaign check sometimes fear usually direction wear.,2,3.0,953
5690,2025-01-24 01:24:54,Stuff form remain between its run politics.,3,4.0,211
5691,2025-05-19 09:48:33,Important write trial student consumer audience.,5,4.5,3322
5692,2025-02-22 03:14:14,Between price will toward trial.,3,4.6,2917
5693,2025-03-22 08:03:06,Mr as beat development summer notice.,3,4.2,6975
5694,2025-10-27 23:58:40,Chair deal back then wall.,1,3.1,9861
5695,2025-11-08 19:53:17,Study throw among sure upon mother tax.,3,4.6,1853
5696,2025-09-26 21:19:50,Parent investment allow be age agreement nation.,1,3.4,1589
5697,2025-04-02 16:17:11,Live law most marriage watch reduce.,4,4.0,8279
5698,2025-05-27 00:47:55,State than happen three.,5,4.5,6054
5699,2025-03-29 01:15:56,Individual size arrive full.,1,3.4,850
5700,2025-08-14 16:25:31,Teacher model after hundred final must.,3,3.7,101
5701,2025-04-10 19:48:23,Actually condition question number wrong picture loss.,3,3.2,6552
5702,2025-01-27 14:19:26,Help figure camera human piece accept medical society.,3,4.8,3339
5703,2025-04-09 15:23:46,None collection skin decade in.,3,3.0,8634
5704,2025-09-05 14:37:55,Blue mind wonder character energy organization put.,2,4.4,2531
5705,2025-07-04 10:00:13,Page him suddenly.,5,3.1,2252
5706,2025-09-25 12:32:42,Former face health job whether key generation.,3,4.5,7204
5707,2025-02-28 02:44:35,Trip hundred box avoid minute.,1,4.2,541
5708,2025-10-23 09:00:43,Threat himself who teach some painting about.,5,4.1,1980
5709,2025-08-03 12:20:06,Himself yourself national claim space right star.,2,3.4,7002
5710,2025-07-06 02:49:34,Still whose us almost nor rate.,2,4.8,9599
5711,2025-03-28 13:29:36,Rate education cold until away college.,2,4.4,2603
5712,2025-08-23 12:31:41,You firm usually far.,4,3.3,8126
5713,2025-05-15 22:06:45,Cover now movie either.,5,4.8,1378
5714,2025-05-09 18:36:48,Become interest everything religious serious.,4,4.7,9921
5715,2025-06-03 02:48:22,Test decision cost office human while.,4,4.1,6987
5716,2025-02-27 03:14:38,Sister wife down board other quite entire.,1,3.2,8830
5717,2025-01-05 02:07:17,Human consumer law author.,5,3.1,3950
5718,2025-02-15 01:20:35,Wear forward me authority he level line.,5,4.6,5794
5719,2025-08-06 05:50:44,Not issue stock floor state.,1,4.2,8182
5720,2025-10-07 11:32:36,Want worker let first community.,2,4.4,671
5721,2025-04-11 15:32:10,Indeed food often coach remember little become.,3,4.8,8017
5722,2025-01-12 19:53:42,Mean action put.,5,3.9,1829
5723,2025-11-16 00:32:52,Food imagine section increase although.,1,4.3,7963
5724,2025-05-13 13:07:42,Magazine these save market situation away federal.,4,4.9,7889
5725,2025-02-26 02:07:00,Security example run I.,4,4.6,7694
5726,2025-08-15 10:37:44,Cold market only current car.,2,4.6,2590
5727,2025-04-02 21:22:26,Common daughter lot probably do process.,3,4.3,437
5728,2025-10-28 23:40:57,Five show lot child allow.,5,3.4,3198
5729,2025-08-17 07:29:19,Possible knowledge whatever mind public to.,2,3.1,9429
5730,2025-11-19 09:05:54,Indeed rule election little once.,1,3.5,3852
5731,2025-01-12 20:20:44,Chair my away space final.,4,4.9,9466
5732,2025-09-27 02:17:18,Far professor sometimes art.,4,3.7,4990
5733,2025-03-14 01:12:38,Six step century.,4,4.7,3227
5734,2025-09-05 16:53:40,Him pick factor often parent day trip.,3,3.9,7270
5735,2025-10-11 06:41:42,Ability peace goal change learn.,2,3.8,3987
5736,2025-01-04 20:33:21,What usually plan senior end ready word least.,5,4.8,1093
5737,2025-01-14 04:37:31,Consider pull card rate management different class state.,3,4.4,8683
5738,2025-04-01 16:17:13,Music bill past experience art town.,2,4.8,7081
5739,2025-05-12 19:17:13,Hotel involve compare have century.,2,3.8,480
5740,2025-02-07 19:57:25,Onto yard culture.,5,4.1,1875
5741,2025-05-16 14:21:28,Set majority most also seem leg cold.,4,3.6,7313
5742,2025-10-23 16:39:26,Manage music wrong wrong window man also threat.,5,4.2,612
5743,2025-05-24 19:07:56,Real action interesting network skin task house.,1,3.1,3591
5744,2025-11-22 17:20:54,Yourself hope future give smile economic people include.,2,3.8,3884
5745,2025-10-12 00:20:56,View vote money cause machine computer more hundred.,1,4.7,7090
5746,2025-09-18 20:54:33,Important box art note yet its.,4,3.1,5413
5747,2025-04-23 04:06:42,Sit issue walk trade condition tend.,1,3.1,2399
5748,2025-09-15 09:48:19,Forget hair agree billion position.,1,3.9,9965
5749,2025-02-27 22:31:25,Return letter site speak everyone set.,1,3.8,7161
5750,2025-04-02 17:22:45,Too better hit recent result.,5,4.8,8357
5751,2025-10-31 22:16:34,Wear five space land voice firm machine.,3,4.6,5643
5752,2025-10-23 16:36:45,Poor back development she series happy.,1,3.1,6510
5753,2025-02-08 10:09:53,Right stand early.,3,3.6,5885
5754,2025-05-13 20:31:44,Or fear field point form wife.,4,3.5,7789
5755,2025-09-22 12:20:37,Group effort medical catch.,2,4.6,952
5756,2025-11-22 07:55:44,Rise international something involve personal medical easy.,3,4.3,4224
5757,2025-02-18 09:08:50,Long beyond practice cover wall.,5,3.9,5031
5758,2025-02-24 17:03:05,Improve member surface foreign plan figure.,5,3.8,9017
5759,2025-10-16 17:41:01,Detail stuff statement hold section everyone argue north.,3,3.9,5710
5760,2025-03-18 14:40:08,Option policy drop finish news report.,3,4.9,6560
5761,2025-02-19 06:39:25,Simply pattern reduce information yeah energy.,3,3.2,7603
5762,2025-04-12 16:16:08,Discover thank walk part attorney exist light major.,5,3.4,2326
5763,2025-06-28 03:47:02,Treatment wrong decision college official up.,4,3.2,1816
5764,2025-05-18 00:55:04,Sure per audience appear.,3,3.3,7844
5765,2025-10-31 16:12:47,Agency stay firm current firm senior same.,3,4.9,1930
5766,2025-06-09 06:00:22,Cultural all military increase base.,3,4.7,3813
5767,2025-03-16 07:20:06,Majority within me ever.,2,3.1,867
5768,2025-06-14 13:06:22,Conference fund possible training.,1,3.1,4901
5769,2025-10-27 17:13:10,Relationship during itself others.,1,3.6,6610
5770,2025-07-04 20:02:42,Everyone popular small.,2,4.4,3805
5771,2025-02-18 15:53:44,Bank tonight attack red standard yes view.,5,4.2,3158
5772,2025-10-20 02:40:39,Bit media cup tend chair big.,4,3.1,4080
5773,2025-10-28 10:07:39,Human walk teach include.,5,4.0,8987
5774,2025-04-22 17:35:58,Stop life worker mother successful.,1,3.2,9534
5775,2025-02-17 10:06:07,A company share senior.,3,4.7,8039
5776,2025-04-03 03:05:10,Contain several language eight today free.,2,5.0,3345
5777,2025-03-16 17:46:17,This analysis about administration attorney.,5,3.7,6376
5778,2025-09-29 14:42:48,Same stage couple purpose enjoy generation charge.,3,3.1,3127
5779,2025-06-20 14:19:27,Size surface left million protect.,2,3.4,9768
5780,2025-10-12 10:13:56,Window shake for group.,1,3.8,6464
5781,2025-06-10 04:55:50,Item able difference western.,2,4.8,4259
5782,2025-06-23 12:22:28,Real check idea spring may.,2,3.5,2843
5783,2025-11-14 17:23:28,Accept able nothing outside.,3,4.5,5231
5784,2025-08-25 07:18:49,Party later approach agree difficult respond.,2,3.6,3825
5785,2025-04-16 14:26:22,Must simple second cultural approach.,1,4.6,735
5786,2025-08-31 02:17:14,Lead wind memory word.,4,4.5,9398
5787,2025-01-09 00:34:58,Mouth stock television relationship study.,3,4.3,2188
5788,2025-02-25 01:34:29,Society together bad these feel former future.,1,3.5,8810
5789,2025-04-17 10:14:11,Camera whose film strategy majority home.,1,3.8,134
5790,2025-02-26 20:47:57,Organization partner occur mention wife audience Mr.,5,3.1,6457
5791,2025-09-12 10:32:22,Trouble term drive common page particular industry.,2,4.6,2359
5792,2025-05-16 18:55:51,Performance too all.,2,4.1,1135
5793,2025-09-25 07:34:06,Always back cell eye success.,5,3.3,7199
5794,2025-06-26 09:08:56,Eight seem close identify include.,2,4.1,8932
5795,2025-01-05 08:27:45,Dream seek there room prove.,5,3.3,6432
5796,2025-07-04 04:14:19,Hand commercial laugh she box upon reflect.,2,4.7,9309
5797,2025-05-14 23:44:54,Exactly into life sign account full.,1,4.9,7049
5798,2025-07-21 04:12:36,Enjoy no strong cell look whatever maybe.,5,3.6,2948
5799,2025-10-08 19:11:59,Professor single high four guy cold game.,2,3.2,6635
5800,2025-08-04 06:12:42,Court city marriage walk Democrat office.,4,3.5,7621
5801,2025-07-20 17:09:13,Some rich happen church future coach ahead.,1,3.6,3377
5802,2025-03-07 16:23:58,Bit effort garden culture because have drive.,1,3.4,1867
5803,2025-04-13 22:03:42,Research develop long soon conference south bill.,4,3.7,9933
5804,2025-04-13 01:03:50,White dream gun he over to.,5,4.6,6058
5805,2025-09-24 18:34:16,Simple pressure list effect their gun.,1,3.8,9939
5806,2025-02-12 07:59:14,Cover consider run century career environment which couple.,4,4.1,9444
5807,2025-02-23 19:06:24,Purpose grow herself participant.,1,4.7,3526
5808,2025-03-28 01:00:19,Experience about join big avoid Congress place.,5,3.6,7089
5809,2025-09-06 14:34:24,Send down at though plan theory pick.,5,4.7,1803
5810,2025-02-09 00:24:57,Work student within impact statement drop her.,2,4.2,5862
5811,2025-01-02 13:27:30,Mention born health plan.,2,4.3,10000
5812,2025-10-30 06:41:58,Story tonight computer military reason third grow.,3,4.8,6569
5813,2025-01-26 13:39:37,Newspaper decide give fly word.,1,3.1,4265
5814,2025-11-16 21:52:37,Similar he else realize attention west.,3,4.6,1614
5815,2025-09-29 14:21:27,Tree pull expert produce player city else.,3,4.8,7711
5816,2025-06-09 09:22:16,Use politics moment staff.,2,4.8,4335
5817,2025-05-10 15:00:59,All price put off record remember improve.,4,3.9,65
5818,2025-11-11 02:24:06,Cut else pay simply.,3,4.4,1998
5819,2025-07-25 02:36:30,Point early chance them interest.,1,3.6,9674
5820,2025-10-12 02:44:20,Home give consider open see recognize room.,5,3.6,4451
5821,2025-03-22 14:42:07,Network really study western color that not.,1,4.9,4189
5822,2025-10-18 04:55:29,Price various just natural team camera.,5,3.2,7050
5823,2025-07-10 17:14:47,Candidate ten style establish figure receive.,3,3.5,601
5824,2025-02-25 13:23:12,Drop market opportunity election poor event result.,1,3.9,4147
5825,2025-05-11 23:55:43,Action kid ask.,4,3.4,5388
5826,2025-09-26 12:17:27,Civil dog cost our common on can.,5,4.0,6751
5827,2025-05-18 04:34:25,Year energy floor clearly everyone price.,1,3.7,712
5828,2025-08-25 15:08:33,Involve five black more economy realize.,2,3.8,1877
5829,2025-10-17 02:29:01,Through current as defense along will.,4,3.8,6227
5830,2025-02-02 08:51:00,Knowledge camera fund why point.,5,3.6,2342
5831,2025-09-16 20:46:37,Tend program spring operation hit old success.,1,4.8,790
5832,2025-01-02 14:16:05,Seek little compare ahead between prevent production.,3,3.3,4780
5833,2025-02-17 00:20:06,May energy throughout.,3,4.2,872
5834,2025-02-14 00:22:33,Large center face brother during.,1,3.8,6944
5835,2025-10-31 16:27:40,Single opportunity over dark bag director son debate.,1,3.3,4656
5836,2025-04-27 12:32:01,Cut week voice Republican.,3,3.1,9594
5837,2025-10-21 21:32:15,Want pick close remember society.,5,3.7,2759
5838,2025-05-08 02:45:18,These TV often those.,5,3.1,8497
5839,2025-05-28 18:56:00,Recent single of whole different however.,1,3.5,8635
5840,2025-09-08 11:53:34,Picture by hit case.,2,3.6,9481
5841,2025-02-06 18:12:02,Great age population since.,3,3.9,3930
5842,2025-05-27 03:31:32,Least TV defense scientist majority executive where.,1,4.0,6121
5843,2025-04-20 23:39:24,Interest lose growth particular class long sound.,3,3.6,2485
5844,2025-01-15 08:24:08,Three foreign son never.,1,4.7,3288
5845,2025-04-26 06:16:44,Security drug region coach.,5,3.1,3583
5846,2025-07-03 02:17:41,Cover assume along address however fire.,1,3.7,6055
5847,2025-01-08 14:49:00,Contain card have article brother.,5,3.6,948
5848,2025-10-26 00:27:25,Article pick best remember far.,1,4.0,1177
5849,2025-05-20 14:04:17,Direction political move modern happy laugh magazine.,3,4.1,2426
5850,2025-09-26 07:26:58,Either positive early local five fall.,4,3.2,9215
5851,2025-05-05 06:39:32,Prove partner once reach after activity about.,3,4.9,2593
5852,2025-08-04 22:28:11,Discuss apply school.,5,3.5,316
5853,2025-02-19 06:27:43,Rise establish pretty across bed gas crime.,3,4.8,6402
5854,2025-10-12 01:25:01,Especially work short necessary evidence stock between feeling.,1,4.5,678
5855,2025-08-03 14:10:44,Product field street camera white.,3,3.6,8392
5856,2025-05-07 12:28:38,Suffer involve measure impact score.,5,4.8,4842
5857,2025-01-25 22:22:28,Poor really foot central.,4,3.2,67
5858,2025-10-02 05:12:24,Require quickly office hundred fine city.,3,4.1,7922
5859,2025-10-27 23:37:35,Fly central partner girl between truth.,5,4.5,9538
5860,2025-08-03 03:26:52,Political join organization fall pull movement concern.,2,4.2,8881
5861,2025-04-01 09:51:11,As free green represent fine actually.,5,4.6,70
5862,2025-03-06 17:10:02,Leg child treat sure sea able.,2,3.3,9960
5863,2025-10-10 15:42:00,Smile magazine role able whether computer.,4,3.7,9449
5864,2025-06-25 19:51:07,Lose also vote recently garden.,5,3.7,6497
5865,2025-03-31 06:17:35,Space sound customer would economy player.,5,4.0,7274
5866,2025-10-18 11:49:14,Travel fear chance blood than phone.,2,4.1,8714
5867,2025-08-08 02:46:57,Behind agreement history perhaps.,2,3.3,9551
5868,2025-11-05 21:16:02,Strategy until project.,2,4.7,6896
5869,2025-10-05 19:55:03,Top want rule trip.,3,4.0,6865
5870,2025-07-29 09:44:34,Whose business product single food side owner reflect.,2,3.6,2856
5871,2025-07-26 05:02:10,Goal me yeah today medical tax happy.,3,3.4,994
5872,2025-08-06 08:06:53,Wear although drive pay painting.,3,4.5,5498
5873,2025-09-21 07:28:00,Scene class once myself.,4,3.4,7926
5874,2025-04-24 04:54:45,True player standard kid oil the.,4,3.8,7906
5875,2025-03-14 16:07:04,Thousand during mission discover.,4,4.4,9402
5876,2025-01-06 00:50:41,Other part mean argue sport.,1,4.6,8331
5877,2025-06-04 06:09:23,Statement accept me.,4,3.7,722
5878,2025-05-24 08:09:56,Ten explain record sport.,3,4.5,6062
5879,2025-11-23 07:15:49,Trip few risk poor mention memory still.,4,3.0,3147
5880,2025-11-07 03:11:16,Take Mrs fly mission manage suffer.,5,3.0,8975
5881,2025-10-07 23:11:25,Sort dream really tonight direction second final.,3,4.1,2974
5882,2025-10-16 00:46:16,Pay southern participant respond language already.,3,3.7,6201
5883,2025-04-11 02:10:31,Source have return conference group other.,5,4.2,1940
5884,2025-08-22 15:43:26,Door present character watch expert continue sound.,3,4.5,8411
5885,2025-09-24 23:51:10,Eye simply think and training loss after.,1,4.3,749
5886,2025-10-17 14:37:25,Quickly television give professor very television.,1,3.9,7813
5887,2025-04-15 16:40:34,Certain experience like draw form.,3,4.0,4383
5888,2025-11-19 08:13:44,Join through voice color back pay much study.,2,3.9,254
5889,2025-10-09 00:51:35,Else range after.,5,4.5,2250
5890,2025-09-13 10:36:47,Against model edge budget decide open.,2,4.8,2200
5891,2025-06-19 03:32:09,Carry local all kitchen maybe four me.,1,3.6,2
5892,2025-02-28 05:46:33,Make course couple I agreement just large people.,5,4.9,2640
5893,2025-04-16 20:18:24,Lose affect everyone page recent.,2,4.6,6385
5894,2025-09-01 14:23:26,Common fight heavy under.,1,4.1,5594
5895,2025-07-02 13:53:43,Source experience easy to cover necessary.,1,3.6,9213
5896,2025-10-25 05:55:50,Social human meet position.,2,3.8,4943
5897,2025-10-06 11:53:01,Carry sea into side indeed stuff test.,5,3.8,3087
5898,2025-11-23 21:35:25,National left language.,1,4.1,9793
5899,2025-05-05 17:16:48,Lose inside these game yourself baby.,5,3.4,4943
5900,2025-04-20 14:22:24,Collection start grow peace age.,3,4.3,130
5901,2025-05-03 16:28:03,Ago against that hold.,2,3.3,8718
5902,2025-02-22 23:15:09,At family specific across practice.,2,4.2,747
5903,2025-03-05 16:41:19,Final hold great story think forward.,2,3.3,8196
5904,2025-07-19 09:03:34,Identify mouth enough.,2,4.8,4397
5905,2025-07-02 09:47:35,Mrs financial care picture.,5,4.4,6119
5906,2025-08-20 10:21:07,Truth magazine pick listen hold any.,4,3.3,9862
5907,2025-04-29 06:49:08,Detail people rest each travel him he.,5,3.2,3221
5908,2025-04-03 03:58:25,Service one assume next.,1,4.7,8816
5909,2025-04-17 09:00:02,Set brother along parent clear.,5,4.8,927
5910,2025-03-24 16:59:07,Subject past few argue.,5,4.5,8909
5911,2025-07-27 20:41:23,Everyone shake agree.,2,4.1,9637
5912,2025-09-27 11:29:55,Culture wear against Mrs.,2,4.4,9966
5913,2025-11-18 02:06:45,War without result job.,3,4.5,1860
5914,2025-08-15 17:26:23,Anyone door personal human.,1,4.5,7478
5915,2025-10-23 06:40:59,Compare road age media song run call.,2,3.5,6325
5916,2025-09-18 21:49:06,He hospital music push.,5,3.7,899
5917,2025-06-09 11:55:04,Cover remain whether.,5,3.2,4326
5918,2025-09-14 10:55:06,Apply benefit improve cover arm reveal.,4,3.4,4170
5919,2025-02-14 08:45:08,Imagine direction data help machine national.,5,4.9,7687
5920,2025-06-13 00:12:07,President those respond suggest myself.,5,4.6,6426
5921,2025-08-09 23:04:07,Visit plan always.,1,3.8,1516
5922,2025-03-19 12:55:18,Man save find decide economy.,4,4.0,5340
5923,2025-11-18 03:28:31,Left offer direction whether.,4,3.9,9331
5924,2025-07-16 10:40:12,Hard new benefit own right other executive civil.,2,3.9,305
5925,2025-08-08 04:01:32,Whole tree store ask piece something.,1,3.5,9753
5926,2025-03-05 10:56:29,Trade enter return police often manage would interest.,3,4.6,5077
5927,2025-06-23 17:05:49,That green hour join act study a within.,2,4.9,3180
5928,2025-09-24 18:14:25,Until mission newspaper white state beyond professional.,5,4.6,5203
5929,2025-09-20 14:55:07,Represent movie nation book.,4,4.6,6639
5930,2025-08-14 22:45:05,One new study black radio president focus.,5,4.1,2847
5931,2025-03-26 19:52:53,Remain poor sense realize.,2,4.9,9146
5932,2025-11-24 02:55:47,Product us show.,5,4.5,9226
5933,2025-09-08 06:38:37,Head building education majority.,3,4.0,953
5934,2025-10-04 08:27:09,Serve difference manager something meet there remain.,3,4.3,3209
5935,2025-08-31 00:59:40,Pm any address church prevent material.,5,3.8,4798
5936,2025-07-15 09:50:08,Drop right parent Mrs only.,4,4.3,4008
5937,2025-07-21 08:41:42,Study will as simple lawyer.,4,4.2,7592
5938,2025-06-13 23:02:08,Yes expect pass church part.,3,3.3,8164
5939,2025-10-05 07:13:45,Sea hope rest rise provide.,4,3.0,3931
5940,2025-08-12 18:35:39,Onto trade question open successful.,2,3.2,3683
5941,2025-03-17 22:33:26,Draw image think lay forward truth.,1,3.8,8038
5942,2025-06-24 21:03:06,Letter even report hour.,2,4.9,6471
5943,2025-03-16 03:00:43,Rock if media exist nothing arm.,1,3.3,6808
5944,2025-05-13 18:30:48,Tell popular drop mission debate some everybody.,3,3.1,8977
5945,2025-06-14 16:15:20,Theory increase choose price capital.,5,4.7,2527
5946,2025-09-28 08:53:57,Mother she decade notice economy nature.,3,3.2,5748
5947,2025-06-27 20:13:18,Common either service.,3,3.2,8186
5948,2025-07-03 10:11:18,Matter message pretty wrong.,4,3.0,2216
5949,2025-10-27 07:02:54,Chair control food population stock single.,5,4.2,684
5950,2025-02-06 00:08:36,Father describe may hotel fast mouth sing.,2,4.4,5613
5951,2025-02-24 03:52:26,Worker already professor this lot point.,1,3.9,915
5952,2025-02-07 12:06:29,Represent suddenly approach none record read partner.,3,4.7,7807
5953,2025-10-31 21:44:27,Maintain himself item.,1,4.3,1063
5954,2025-10-16 04:00:06,Bill chair day hour.,2,4.3,6685
5955,2025-01-10 09:27:27,Policy including place similar.,1,4.6,8200
5956,2025-09-23 19:37:30,Local town conference bar him food friend.,3,4.5,719
5957,2025-03-04 14:41:44,Report son form box authority again argue.,5,3.6,2785
5958,2025-04-06 10:17:52,Child very send.,1,3.4,5416
5959,2025-03-25 19:48:34,One sister build kind dog bring look.,5,3.1,4279
5960,2025-07-04 02:45:08,Range morning door yourself.,1,4.0,1317
5961,2025-08-14 01:36:54,School sea memory possible claim.,5,4.8,9465
5962,2025-04-22 11:02:15,Alone worker history large establish.,2,4.0,7275
5963,2025-10-17 22:15:03,Relationship official draw exactly effect.,4,4.6,5376
5964,2025-10-31 13:16:33,Set exist small drug.,3,3.2,9667
5965,2025-02-07 23:40:35,Very nor analysis opportunity president.,3,3.1,4177
5966,2025-07-14 20:09:47,Hope above close central respond program traditional.,4,4.3,1216
5967,2025-05-12 23:27:55,Price region also PM.,1,3.2,8435
5968,2025-09-03 04:05:28,Lot record seven plant.,1,4.0,3935
5969,2025-10-13 01:26:38,Southern begin with law.,3,3.9,7318
5970,2025-01-23 20:36:13,Head hard man around.,5,3.0,357
5971,2025-09-24 19:19:11,Thousand fact law instead.,2,4.7,1097
5972,2025-06-03 11:17:46,Place network leave son deal.,4,4.3,2561
5973,2025-05-10 19:42:12,Teach although center seat.,1,3.3,3720
5974,2025-04-16 15:30:59,One above training land view upon full.,5,4.0,5268
5975,2025-03-20 18:06:09,Mr nothing half real.,4,3.8,6114
5976,2025-03-05 18:07:41,Sure south under personal organization.,5,3.2,2048
5977,2025-09-01 16:53:14,Former mean month several language resource he choice.,2,3.5,7174
5978,2025-02-03 18:16:33,Art always citizen behind fear wall network.,1,3.5,3897
5979,2025-04-04 06:57:07,According matter voice amount success until little.,5,3.9,4407
5980,2025-08-29 11:31:13,Wind example land usually year.,1,4.2,9271
5981,2025-03-13 21:32:10,Majority look total future.,1,4.8,7014
5982,2025-03-21 10:16:58,Look although through country community sign.,1,4.2,8867
5983,2025-02-04 10:36:16,Benefit concern finally then.,1,3.7,4174
5984,2025-09-27 04:49:09,Enter hit new create less.,4,3.2,5805
5985,2025-10-21 09:58:57,Enjoy natural term hear pretty similar.,3,4.7,9143
5986,2025-03-14 03:00:14,Near me indeed sign above up house.,2,3.8,2281
5987,2025-05-27 01:11:32,Civil to sure if wish stay name mention.,2,4.5,4672
5988,2025-06-08 07:33:46,Organization knowledge report early.,1,4.1,3544
5989,2025-10-11 11:06:55,Nearly dog change car well sort miss.,1,4.4,186
5990,2025-02-02 12:26:10,Pretty require source hand meeting.,5,3.7,6511
5991,2025-02-18 04:46:57,Compare stand southern offer.,4,4.9,9640
5992,2025-01-11 21:09:36,Top reveal toward cost TV these station.,5,3.7,1450
5993,2025-10-08 03:50:07,Through different one cold too.,5,4.0,8266
5994,2025-10-06 14:49:31,Develop he room up.,1,4.5,7897
5995,2025-11-25 14:46:34,Little available statement heart goal speak amount.,2,4.0,9414
5996,2025-08-12 09:32:11,Resource town drive firm child work black.,4,3.1,8865
5997,2025-07-18 13:19:19,Benefit business agreement growth individual leave agency one.,5,3.4,7148
5998,2025-10-20 01:38:05,Station maybe song thing argue risk.,2,3.3,5165
5999,2025-05-29 13:57:26,By chance property color.,2,4.5,3890
6000,2025-03-01 20:18:43,Spend Republican remain natural without industry media.,2,3.4,3408
6001,2025-11-13 21:04:18,Mind in pressure government.,2,4.8,5748
6002,2025-08-15 03:16:21,Around human continue draw rather plan American car.,4,4.6,5398
6003,2025-09-15 17:41:31,Much whom politics tell share situation interest.,4,3.8,8254
6004,2025-02-10 20:07:31,Catch bank administration.,1,3.4,2819
6005,2025-07-16 14:43:29,Social wall organization right man visit.,1,3.6,8856
6006,2025-03-14 04:54:44,Election woman check give economy sit.,1,4.6,5908
6007,2025-01-29 07:19:44,Work upon movement water control Congress.,2,4.2,8437
6008,2025-10-13 02:06:08,Marriage season develop special turn through.,2,4.7,6197
6009,2025-08-12 14:11:54,Manage short environment father pull campaign.,1,3.9,8211
6010,2025-08-21 06:45:56,Including foot present shake.,3,4.0,3236
6011,2025-08-22 09:12:40,Plant site there bag student without energy partner.,5,4.8,439
6012,2025-01-10 18:36:03,Do prove school meet detail head.,1,4.0,9651
6013,2025-08-04 22:46:53,About music style white finish determine history.,4,3.0,8679
6014,2025-06-18 18:54:56,Part painting father per bill.,3,3.3,9153
6015,2025-10-07 23:38:32,Security about material better charge voice attention.,4,3.3,8586
6016,2025-04-11 23:28:06,Commercial financial with of cultural run than.,4,4.8,4722
6017,2025-11-01 00:10:29,Few poor politics language foreign defense good.,1,4.6,2338
6018,2025-04-13 10:46:20,Certain continue movie fast account make.,5,4.2,7954
6019,2025-03-07 14:06:02,Whom politics listen.,3,4.4,6005
6020,2025-09-24 22:48:46,Forget position fear goal experience worry.,3,3.2,9393
6021,2025-06-06 08:05:16,Reason recently scene what parent music perform.,5,4.1,6186
6022,2025-05-22 10:31:12,This loss even seven recognize perhaps exactly book.,2,4.7,4690
6023,2025-06-14 18:14:42,Garden them perform picture herself executive decision.,2,4.8,3394
6024,2025-05-23 14:05:17,World source budget generation final enough able.,5,4.6,2553
6025,2025-01-30 12:25:14,Claim that former lead young.,3,3.7,6406
6026,2025-03-10 11:35:59,Wrong second camera dark.,5,3.1,3917
6027,2025-10-15 23:11:30,Rest check some society vote support consumer.,4,5.0,5767
6028,2025-06-25 14:38:10,Increase would somebody small watch.,2,3.7,640
6029,2025-05-02 23:21:17,Example indicate his billion.,2,3.2,4188
6030,2025-05-12 01:11:58,Involve light person standard ability hear though.,5,4.4,2134
6031,2025-07-08 13:37:27,School us hope night pay.,3,4.2,6102
6032,2025-03-07 12:42:39,Effort fall election kitchen paper individual.,4,4.5,3070
6033,2025-07-06 06:12:42,Recent entire main response ago call.,2,4.9,6320
6034,2025-05-14 05:49:00,Share we garden anything little fall story.,1,4.6,3933
6035,2025-09-04 13:46:25,Best still growth garden assume clearly.,5,4.1,3788
6036,2025-04-04 23:25:21,Hot pay sure life place lose.,2,3.4,4365
6037,2025-01-03 18:17:21,Song receive let town.,5,4.7,179
6038,2025-02-02 18:38:43,Time sometimes a break choose could.,1,3.5,5125
6039,2025-09-28 22:15:00,Memory anything economic fine.,5,3.2,5894
6040,2025-05-29 19:15:25,Performance event high build situation traditional hard.,4,3.9,865
6041,2025-02-21 06:44:56,Tree who international vote.,5,3.2,4075
6042,2025-11-13 21:38:16,There night power forget.,5,4.5,4832
6043,2025-09-03 07:07:24,Former TV clearly loss team.,5,4.6,4134
6044,2025-05-05 20:37:25,Somebody page recent meet product.,1,3.0,7032
6045,2025-03-23 06:13:35,Figure former about eye look garden.,2,3.0,5536
6046,2025-11-05 14:46:43,Center continue bit idea road attention.,4,4.7,4728
6047,2025-08-21 15:18:03,Material mean charge establish campaign girl minute.,1,3.6,331
6048,2025-07-06 05:01:41,Rather receive offer purpose window bag method.,2,3.3,3094
6049,2025-08-16 20:28:00,Interview coach culture sea weight.,2,4.1,6808
6050,2025-06-02 02:41:33,Language instead forget look.,4,4.0,5477
6051,2025-03-29 14:07:35,White somebody moment rise listen give.,3,3.5,9350
6052,2025-05-24 17:34:43,Look executive administration movie once.,3,3.4,1017
6053,2025-07-02 12:19:42,Recognize position positive general social word trial.,5,4.8,2753
6054,2025-10-03 08:57:41,Girl to when serve this difference list trouble.,4,4.9,6274
6055,2025-01-23 06:27:04,Effect election plan American six name.,1,4.1,5180
6056,2025-10-21 21:25:29,Others himself create it behavior concern.,4,4.7,7202
6057,2025-09-07 03:18:49,Allow require without old.,2,3.1,7602
6058,2025-09-06 07:31:23,Ok friend itself several cultural fact high beyond.,5,3.6,7157
6059,2025-06-16 13:24:20,Well choice very hand yard fine.,5,4.5,9725
6060,2025-02-05 19:09:53,Everybody him weight senior determine.,1,3.9,7328
6061,2025-03-21 11:06:58,Hour arrive history similar pattern week.,3,3.8,8797
6062,2025-10-30 19:28:05,Person ready carry mention Congress.,1,3.1,9021
6063,2025-02-17 01:53:45,Read land spring challenge top.,3,3.4,7044
6064,2025-11-01 11:21:41,Herself line maybe seat while approach.,5,4.8,6848
6065,2025-01-17 09:29:08,Meeting available off moment range beautiful.,1,3.4,8374
6066,2025-06-23 17:24:02,Change inside difficult environment nor.,3,4.1,6580
6067,2025-08-14 13:11:59,Yeah staff walk or.,4,4.1,9079
6068,2025-01-30 21:44:37,World arrive gun seat interview.,2,3.3,6273
6069,2025-07-30 01:10:58,Base whose my heavy section member.,2,4.6,6588
6070,2025-08-11 01:58:47,Reveal always job drug mouth.,1,4.0,2
6071,2025-10-01 04:02:41,Run program above once.,3,4.0,5755
6072,2025-08-08 04:50:00,Yourself future forward young stop manager.,3,3.3,1588
6073,2025-09-18 16:17:22,Reach ball mother chair follow.,5,3.1,3901
6074,2025-05-17 04:26:54,Education kitchen step economic production.,3,3.5,7119
6075,2025-09-21 03:43:57,Interesting son our fill.,3,4.2,955
6076,2025-09-09 03:13:17,Old attorney situation.,5,3.8,9146
6077,2025-10-15 18:43:50,Your space real year owner star respond.,4,3.4,7118
6078,2025-04-26 16:22:40,North great modern campaign energy near.,5,4.5,3072
6079,2025-06-14 16:04:35,Do hand soon serious ask just study.,2,4.2,6653
6080,2025-07-09 08:51:13,Behind learn machine back government as meeting.,4,4.5,136
6081,2025-06-15 18:18:11,Administration local five check hair.,4,3.1,6502
6082,2025-05-09 00:44:48,Consider total community some.,4,3.2,7704
6083,2025-01-21 03:10:21,The west do short.,4,4.7,3696
6084,2025-09-11 19:05:50,Dinner guy find floor sort leave charge.,4,4.4,3499
6085,2025-05-01 03:06:00,Life want anyone chair car indicate available watch.,4,4.4,4225
6086,2025-08-25 08:17:52,Else court statement mention protect attorney.,4,4.5,6990
6087,2025-11-10 22:42:02,Hope like speech discover.,2,3.9,5225
6088,2025-02-09 16:51:09,Site which role street.,5,3.3,4164
6089,2025-01-04 03:34:43,Cause why agreement article.,3,4.8,6938
6090,2025-04-27 11:47:39,Student natural risk nature Democrat cause success.,4,4.8,9853
6091,2025-10-17 23:13:22,Authority lay sit value population chance stand sell.,2,3.0,6297
6092,2025-07-03 02:53:38,Different all get memory teach.,4,3.9,4949
6093,2025-06-02 20:59:27,Throughout information help yourself work pretty.,1,4.3,5148
6094,2025-03-10 13:06:07,Including wish rate skill tree it.,5,4.5,62
6095,2025-05-31 07:14:12,Campaign side evidence form resource produce.,3,4.4,4772
6096,2025-01-21 13:55:14,Nearly service try part throw.,1,4.6,205
6097,2025-08-30 23:07:01,Herself help according speech article defense everybody.,2,3.9,4363
6098,2025-04-25 01:16:13,Kind rather human task.,3,4.3,9520
6099,2025-02-06 00:25:25,Sport wind strong most they.,4,4.1,3681
6100,2025-04-06 06:27:14,Trip main want late opportunity current woman.,4,5.0,5172
6101,2025-06-12 07:01:48,Place scene similar.,2,4.3,7038
6102,2025-07-29 20:50:37,Fire improve blue common billion coach certainly.,5,3.8,182
6103,2025-06-04 07:30:42,Themselves check often home.,2,4.5,9524
6104,2025-11-10 10:56:38,Data physical remain west often.,4,3.6,9230
6105,2025-10-29 11:59:53,Too note light usually example.,1,4.9,1746
6106,2025-08-13 08:44:00,Him fly center play drive.,4,3.2,9116
6107,2025-06-12 04:53:23,Sister Mrs house receive no.,5,3.6,7043
6108,2025-10-25 22:50:30,Since image network participant onto.,5,3.0,6577
6109,2025-05-19 18:35:26,Chance under than surface magazine environmental.,1,3.3,7383
6110,2025-05-27 20:08:13,Health whose have from very.,2,3.7,8979
6111,2025-09-16 20:03:02,On reality president day price up.,4,3.1,9403
6112,2025-05-30 17:22:58,People skin industry institution number single language.,1,4.3,6586
6113,2025-05-26 19:59:49,Shoulder form recognize mind now industry.,5,3.6,2140
6114,2025-01-23 00:54:06,Song hand yourself.,4,4.9,5724
6115,2025-03-09 06:49:51,Join happy product nature ask.,5,3.9,4454
6116,2025-08-20 16:54:04,Majority join phone son.,4,4.7,5164
6117,2025-09-15 07:27:10,Window less wife not.,3,3.5,390
6118,2025-09-15 22:13:12,Black data material degree general.,5,3.8,1893
6119,2025-07-21 08:24:45,Require allow music education your order see.,5,4.5,4598
6120,2025-08-09 03:51:07,Eight lay raise control.,3,4.9,25
6121,2025-03-25 04:34:42,Management discussion growth long article new require.,5,3.8,1473
6122,2025-08-25 00:27:22,Kid only research together gas.,2,3.3,3362
6123,2025-02-27 05:19:59,Follow treat difficult both force modern great ten.,2,4.6,7436
6124,2025-09-27 17:47:42,Reality then war throw create push.,4,3.7,6627
6125,2025-03-03 03:52:06,Mention section begin ago.,5,3.4,3189
6126,2025-02-15 08:15:25,Trip project heavy operation report call require.,4,4.1,5456
6127,2025-10-15 02:22:27,Explain enter them explain could spend outside.,5,3.9,3479
6128,2025-11-13 16:01:52,Hope none himself chair.,4,4.9,1529
6129,2025-05-22 21:31:57,Doctor item off itself view.,1,3.4,1979
6130,2025-02-16 12:51:28,Religious quality artist type.,1,3.7,6751
6131,2025-10-14 09:44:15,Others group put toward lead American run often.,1,4.7,5561
6132,2025-05-30 04:42:59,What individual answer really purpose Democrat seven.,5,4.0,1635
6133,2025-06-21 11:51:45,Television government decade language skin its series.,1,4.4,1482
6134,2025-04-04 17:17:34,Defense send training anything recently letter drop.,1,3.2,2250
6135,2025-04-28 23:12:39,Know carry strong finally long.,2,3.5,7231
6136,2025-07-24 08:31:49,Line tend home commercial as.,5,4.2,682
6137,2025-01-02 14:08:04,Level reduce his result room ground analysis.,3,4.6,2104
6138,2025-02-07 15:03:49,Set food establish recent mission.,4,4.1,5328
6139,2025-06-17 23:26:58,Entire where later doctor idea social sell consider.,1,4.4,2802
6140,2025-05-04 01:18:30,Cultural tax three blue walk what.,5,4.5,6542
6141,2025-06-17 02:45:39,Teach involve chair start face hotel car.,2,4.9,6014
6142,2025-06-17 06:20:45,College whatever home inside.,3,4.2,5535
6143,2025-07-21 17:11:21,Sign anything strong project sit spend.,1,4.3,9337
6144,2025-04-16 00:17:08,Significant significant teach them cover significant then.,1,4.4,9424
6145,2025-01-11 18:46:25,Measure south and figure answer.,1,4.5,3117
6146,2025-11-02 06:18:05,Or ahead shake foreign.,4,3.2,3763
6147,2025-02-02 04:50:15,Piece behavior bed southern.,5,3.3,5750
6148,2025-11-17 03:20:52,Trouble population others old senior.,2,4.0,5542
6149,2025-02-14 05:59:45,Total heavy west security also evidence.,2,4.9,1287
6150,2025-06-30 13:05:40,Much simple maintain.,2,3.4,7949
6151,2025-05-23 19:29:50,Wrong like necessary physical hotel.,1,3.9,1616
6152,2025-02-26 03:55:51,Early movie it professional us pattern.,3,3.6,8896
6153,2025-03-25 08:17:19,Above decade data role magazine page.,5,3.3,8945
6154,2025-02-02 00:15:29,Region article because leader share way market.,1,3.1,5045
6155,2025-04-17 15:53:07,Write space recognize will.,2,4.7,1541
6156,2025-09-28 14:13:46,Agreement training carry play success spend wall.,5,4.1,9590
6157,2025-07-04 07:13:12,Pick simple worker benefit trade pull.,2,4.3,7528
6158,2025-02-19 22:06:02,Others majority site lay.,5,3.4,9165
6159,2025-11-21 22:56:05,Hope indicate instead call serve because.,1,3.8,1733
6160,2025-05-17 20:15:57,Listen close my prevent.,2,3.5,2947
6161,2025-02-08 16:59:59,Light relate support community suggest expert grow.,4,4.4,4135
6162,2025-08-04 03:23:16,Pass actually would develop experience.,4,3.2,1105
6163,2025-08-31 12:56:11,Because world room.,1,3.6,5192
6164,2025-03-02 19:45:54,Reality base authority successful rate just.,5,3.7,8880
6165,2025-04-02 23:24:41,Garden who someone professor president at want.,1,3.4,520
6166,2025-05-10 06:58:16,Board call specific group lead national clearly.,4,3.0,2482
6167,2025-11-01 13:41:53,Safe establish shoulder early.,4,3.5,1140
6168,2025-01-02 16:30:01,Long state them series many.,4,3.2,277
6169,2025-05-09 17:40:20,Defense find first man note.,3,4.2,1225
6170,2025-08-16 13:36:48,Reality baby bed painting manager.,1,3.7,9299
6171,2025-03-30 06:22:57,Fire play policy about begin.,1,4.9,2861
6172,2025-04-22 01:58:28,Memory focus popular need manager.,2,4.1,8677
6173,2025-01-14 05:30:08,Forget event someone design hospital certain.,4,4.9,2678
6174,2025-10-16 04:54:42,Big morning interview nice interest few career.,4,3.5,1347
6175,2025-06-20 15:44:46,State job certainly sell.,3,3.6,3160
6176,2025-06-13 11:56:08,Center red when market.,1,4.0,968
6177,2025-01-17 01:04:02,Describe American fact huge well team.,1,3.4,4285
6178,2025-06-01 07:36:25,Save store especially task worry no analysis computer.,5,4.9,9832
6179,2025-07-01 05:58:10,Book a want of.,4,4.8,5191
6180,2025-06-22 16:59:13,Value free certain shake indeed.,2,3.9,399
6181,2025-03-12 16:00:29,Our policy just need explain affect clear.,2,4.4,2624
6182,2025-02-03 09:00:45,Small boy college decide.,2,3.3,1166
6183,2025-04-20 14:10:03,Physical again a community.,1,4.5,2556
6184,2025-07-05 09:58:48,Fall space impact charge author toward.,5,3.4,1297
6185,2025-08-30 01:03:14,Add executive beyond power them consumer pull food.,1,4.8,809
6186,2025-08-18 19:43:01,Deep you room ball space lawyer.,2,3.4,5110
6187,2025-04-28 09:07:07,Home bag but more performance statement.,5,4.8,5003
6188,2025-10-13 14:01:27,Know hot push attorney mind.,2,3.4,9658
6189,2025-08-17 11:09:19,Force western than everyone.,4,3.1,3380
6190,2025-03-13 11:22:36,Onto mind money language attorney.,1,4.0,5598
6191,2025-01-26 20:20:20,Hair rest nearly.,3,3.2,2345
6192,2025-03-01 22:27:03,Price response meet traditional style week perhaps.,5,3.5,7466
6193,2025-11-06 11:55:23,Also star live economic technology.,2,4.1,8858
6194,2025-02-17 17:57:10,Himself source doctor anyone brother.,3,4.6,7246
6195,2025-03-05 20:52:45,Piece direction reveal enough one.,3,4.1,4416
6196,2025-07-26 06:06:04,Keep center box individual strategy same rate.,3,3.3,5880
6197,2025-10-13 20:06:17,Him industry nation general important network know.,3,3.7,4063
6198,2025-03-29 19:51:14,Full who month you against whatever doctor finally.,3,3.0,4888
6199,2025-05-12 12:44:43,Respond close chair recognize.,1,3.4,9508
6200,2025-02-17 20:54:37,Appear value be cut.,2,3.5,1046
6201,2025-02-02 10:58:04,Task boy short lay gun economic.,2,3.8,2730
6202,2025-04-10 04:36:53,All join sea range value north pull.,2,3.7,6519
6203,2025-05-22 22:53:58,Into another adult person national.,1,3.0,1726
6204,2025-11-14 09:39:03,Yourself energy while serve look yourself.,4,3.8,9594
6205,2025-05-04 15:14:39,Professor garden perhaps health our blood.,2,4.8,574
6206,2025-02-08 04:54:35,Spring picture coach firm professional draw.,5,3.0,2255
6207,2025-11-17 17:36:57,If marriage rise various production office property run.,2,4.4,3488
6208,2025-03-24 08:25:50,Tend itself above simply cold economy high.,5,4.3,279
6209,2025-08-19 00:32:27,Force idea focus security possible choice.,3,4.9,301
6210,2025-11-07 17:57:13,Anything front mission body tough above.,5,3.4,4612
6211,2025-11-14 19:53:38,Stage through father yes behavior particular.,2,3.3,9121
6212,2025-10-21 07:10:07,Appear easy happen.,5,3.2,7448
6213,2025-03-11 21:05:47,Impact many tend put term.,5,3.0,5911
6214,2025-08-01 19:52:22,Suggest six amount amount prepare.,4,4.0,8413
6215,2025-01-27 18:34:55,Send response agent heavy.,3,3.4,2656
6216,2025-04-23 10:04:40,Before international again fine call sure.,4,3.5,21
6217,2025-03-31 21:52:35,Mention catch set cause.,5,4.1,524
6218,2025-08-06 21:17:06,Drug say before quickly style force.,5,3.5,5422
6219,2025-09-21 08:05:01,Trial way just work about moment like.,1,5.0,337
6220,2025-08-06 13:22:21,This believe prevent grow.,1,4.6,5950
6221,2025-05-24 03:02:29,Member week manage commercial.,2,3.9,8757
6222,2025-07-20 07:36:12,Pass direction difference quickly ground lead example identify.,2,4.8,7268
6223,2025-11-01 16:29:03,Physical strong picture six heart.,2,3.8,4425
6224,2025-06-01 01:07:22,Soon see now image likely.,3,3.0,4793
6225,2025-05-08 17:35:08,Until western charge window federal.,1,3.7,9448
6226,2025-02-15 02:05:05,Never contain this play.,5,4.9,1883
6227,2025-06-09 04:35:20,Consumer truth camera.,2,4.1,6453
6228,2025-11-17 02:37:52,Full according friend.,4,3.6,394
6229,2025-06-25 08:58:00,Difference research federal go candidate age receive amount.,3,4.7,2948
6230,2025-07-22 21:34:35,Toward thought item walk notice.,2,3.7,4717
6231,2025-11-04 19:25:30,Popular state about point.,3,3.1,551
6232,2025-01-07 20:15:24,Exactly ten soldier chair.,4,4.8,63
6233,2025-11-07 00:31:39,Institution young writer guess pressure health share.,4,3.3,289
6234,2025-05-11 10:33:27,Provide operation always hear oil.,3,4.1,8701
6235,2025-04-28 13:34:20,Less your above information offer.,1,3.7,2399
6236,2025-11-11 04:39:54,Everyone chance goal price above season change.,5,4.0,4340
6237,2025-07-06 19:15:20,Leave us particularly property will down room.,1,4.2,1876
6238,2025-07-25 17:42:40,Population green fill move.,5,3.3,7916
6239,2025-03-28 14:10:36,A development source role.,4,4.4,7229
6240,2025-09-07 14:14:01,Weight current because boy senior.,2,4.4,6720
6241,2025-01-27 20:13:33,Never animal place on feeling big.,4,3.8,3511
6242,2025-10-26 09:48:00,Mind work information involve rock since into.,1,3.5,7300
6243,2025-09-15 20:25:08,Cup get behavior operation figure charge.,4,4.1,4095
6244,2025-09-22 23:53:07,Beautiful son management behavior position reach though difference.,3,3.3,3745
6245,2025-08-31 20:30:32,So since TV full west subject suggest.,4,3.6,6274
6246,2025-09-16 23:31:50,Republican beautiful war.,1,4.9,5774
6247,2025-11-07 18:04:53,Save board respond eight any Mr.,2,3.2,8686
6248,2025-03-10 15:43:29,Move structure decision his road magazine.,1,4.0,59
6249,2025-08-06 01:58:00,Expert large happy just.,2,3.5,9219
6250,2025-11-18 00:42:47,Wonder charge bring beautiful draw pattern.,2,3.1,3758
6251,2025-04-30 20:59:28,Seat floor explain place stay.,3,4.3,5127
6252,2025-07-17 10:11:45,Song school company since son wrong leave.,1,4.7,6885
6253,2025-02-06 12:28:41,Attention your maybe on friend that term week.,3,4.2,2972
6254,2025-10-24 08:16:17,Into within the somebody key.,5,3.2,2095
6255,2025-03-14 19:08:28,After trial center score writer white family.,5,4.2,3800
6256,2025-07-07 14:50:27,Charge once case fund loss particular.,4,3.7,5238
6257,2025-04-23 10:57:35,Whether himself check.,1,4.1,9700
6258,2025-09-29 09:07:34,Culture remember organization.,2,3.1,7049
6259,2025-04-19 15:09:06,If smile push knowledge say describe.,5,4.4,605
6260,2025-11-04 05:22:09,Enter even even.,1,4.9,7139
6261,2025-04-27 17:41:45,Away apply outside save court guy network leg.,1,4.9,7102
6262,2025-03-29 01:05:29,Fish country beyond main address first significant.,4,4.9,4709
6263,2025-09-19 13:02:29,Cause dream public save black product.,2,4.3,5155
6264,2025-07-10 17:20:10,Improve study trouble apply with.,3,4.5,4749
6265,2025-02-03 19:56:04,Glass just score edge assume.,3,4.4,9099
6266,2025-06-12 13:33:43,Teacher something magazine outside.,5,3.5,1372
6267,2025-10-25 08:07:11,Magazine firm reason dream far.,2,3.1,1309
6268,2025-05-26 21:19:24,Report drive clearly staff great.,3,4.7,6902
6269,2025-06-02 03:21:12,Environmental president difficult tend home manage.,1,3.9,6605
6270,2025-07-14 10:32:33,Soldier remain study both.,2,4.0,6180
6271,2025-11-15 12:48:07,Southern decision senior meeting run where get space.,3,3.9,6722
6272,2025-08-18 14:46:01,Size class base still cell office around building.,1,4.6,5157
6273,2025-01-24 19:30:50,Short data third cultural.,3,4.2,777
6274,2025-01-21 19:10:03,Rest look eight anyone.,5,4.5,3717
6275,2025-07-01 08:54:20,Music pull teach decade late.,5,3.8,5055
6276,2025-05-14 05:30:45,Score sort evening some usually.,1,5.0,4848
6277,2025-02-08 03:18:01,Radio office available speak moment stage.,4,4.5,9835
6278,2025-11-25 03:12:08,Big star with life with.,2,4.6,6782
6279,2025-04-25 03:31:57,Woman father low dream between.,3,4.0,7179
6280,2025-06-13 15:28:29,System amount kind should teach heavy provide.,2,4.3,4495
6281,2025-07-21 10:32:44,Positive position apply provide remember middle away.,5,4.6,2740
6282,2025-09-21 21:31:58,Box later grow.,5,3.3,9124
6283,2025-10-13 06:22:11,Drop thing appear TV.,3,3.7,1514
6284,2025-05-06 05:20:01,City behind reflect source such certain.,3,4.6,8113
6285,2025-02-18 15:22:34,Attack mind goal her.,5,3.4,1661
6286,2025-09-30 09:53:53,Financial range real ago exactly.,4,4.2,7670
6287,2025-10-13 06:40:48,Audience degree letter young degree argue.,5,3.9,2275
6288,2025-01-31 03:22:33,Card administration themselves pressure movement.,4,3.8,8030
6289,2025-10-03 12:10:06,Decade democratic imagine have thousand.,4,3.9,7774
6290,2025-03-15 04:24:54,Month whole tax.,3,3.6,9677
6291,2025-04-10 14:02:56,Reveal manager choice unit.,4,4.5,8792
6292,2025-10-21 13:18:49,Meeting modern time bag federal stay gun.,2,4.8,3389
6293,2025-04-24 18:32:22,Manager morning set approach.,3,4.5,8329
6294,2025-01-19 02:00:56,While thank two cover wide audience.,5,3.3,6462
6295,2025-02-01 03:40:23,Analysis break various financial report trip fill.,4,4.2,8157
6296,2025-08-14 06:54:46,Where idea old director oil eat example.,1,3.4,7324
6297,2025-08-26 08:56:00,Reason cover effect husband voice.,5,4.8,5949
6298,2025-08-24 17:21:09,Scene story will rate.,1,4.7,3865
6299,2025-05-23 17:00:50,Son low phone he because individual one.,5,3.3,8534
6300,2025-07-21 11:01:46,Artist everything perhaps.,4,4.4,3164
6301,2025-06-26 16:23:44,Trip arm college material bad arm determine.,3,3.4,5653
6302,2025-03-12 23:47:36,Bill land watch possible attorney.,1,3.8,5949
6303,2025-02-25 21:49:25,And main lay number put pick.,1,3.4,8083
6304,2025-08-25 04:50:34,Ball less anything behavior.,4,4.5,8610
6305,2025-06-24 02:26:25,Population skin alone plan.,1,3.8,4169
6306,2025-04-11 02:00:22,Institution reason personal if population owner.,4,3.8,3410
6307,2025-05-21 13:46:39,Shake society close forward.,1,3.7,3090
6308,2025-06-14 01:26:11,Teach opportunity Democrat better central.,4,3.7,3632
6309,2025-11-06 02:14:27,Store factor building collection because parent.,2,3.5,1556
6310,2025-10-24 19:16:13,Job population up modern issue town appear toward.,5,3.3,2326
6311,2025-11-01 12:23:15,Wish up do who commercial onto apply.,1,3.3,4170
6312,2025-01-08 09:04:10,House run rich exist reality beautiful hope rather.,3,3.5,8157
6313,2025-03-03 22:50:41,Change little go career.,4,4.0,1219
6314,2025-07-28 06:58:27,Measure modern process clear friend however point.,4,3.2,5768
6315,2025-09-14 05:09:37,Task send allow reduce.,2,3.3,9837
6316,2025-07-22 09:13:08,Eat white program reason.,4,4.9,5493
6317,2025-01-15 13:29:14,Particularly beat color former building reduce trade.,2,3.4,4695
6318,2025-01-30 23:10:51,Or official sometimes yard short cup.,2,4.9,3326
6319,2025-03-31 17:17:48,I now actually despite popular least.,2,4.7,583
6320,2025-08-31 02:00:05,Benefit later condition rock on.,5,4.2,2310
6321,2025-07-09 12:48:07,Some day southern war society.,2,3.3,5090
6322,2025-02-19 05:27:22,Ten way class degree here art pick image.,3,3.7,1885
6323,2025-01-14 08:28:16,Certainly within ask center region hope.,3,4.6,3677
6324,2025-07-10 23:13:18,Billion weight heart.,4,3.6,8761
6325,2025-01-05 00:52:35,Ball support hour animal cost ask.,4,3.7,8005
6326,2025-09-03 17:20:52,Miss hard treatment down American experience.,2,3.6,4845
6327,2025-04-20 01:36:38,Method front middle fact race blue share.,2,3.3,6861
6328,2025-01-22 14:01:07,Heavy history then bit hard kid.,4,4.6,5834
6329,2025-09-18 15:32:25,Scientist standard rich Republican.,4,3.6,6532
6330,2025-11-23 19:30:35,Amount able sometimes economy.,5,3.1,9252
6331,2025-01-03 23:12:51,Person seem although road value fly wait.,3,4.5,9345
6332,2025-03-20 02:47:40,Maintain finally again tonight finally.,1,3.9,1864
6333,2025-01-30 03:40:58,School modern service design allow.,4,3.4,1276
6334,2025-10-29 02:11:31,Case language first stop responsibility dream away.,1,3.8,6915
6335,2025-04-06 15:09:28,Our reason read standard without explain cut.,3,4.5,4689
6336,2025-03-26 21:33:58,Serious carry hot method.,3,3.6,9189
6337,2025-08-29 02:10:40,Car agree citizen staff tell modern size.,5,3.6,1686
6338,2025-03-06 09:45:25,Upon special full dream majority may.,1,3.9,4490
6339,2025-01-03 21:15:49,Instead society him catch southern.,1,4.7,7158
6340,2025-04-20 18:22:39,Prepare TV all owner white.,4,4.8,2468
6341,2025-10-24 04:13:55,Past agree line accept.,4,4.7,5673
6342,2025-03-24 11:34:37,Special industry term school strategy else participant end.,2,4.6,5019
6343,2025-06-04 23:14:34,Alone above maintain explain.,1,3.0,2145
6344,2025-08-19 04:48:34,Production force begin beat boy western to.,2,3.8,9289
6345,2025-07-21 10:25:30,Product able from student.,2,4.5,8620
6346,2025-07-02 07:48:37,Arrive suddenly bed minute member popular.,1,4.1,1094
6347,2025-04-07 13:31:58,Building style stop every.,4,3.9,7864
6348,2025-11-25 13:48:44,Base until traditional hear store difficult media.,3,4.1,8902
6349,2025-11-11 06:31:43,Wish rule economic medical mother here customer.,5,4.6,8501
6350,2025-05-01 02:51:10,Federal star wish table Democrat morning.,1,3.8,7382
6351,2025-05-11 19:18:17,Any spring end.,5,4.3,1024
6352,2025-08-09 04:02:00,Training green determine bill house cold white.,1,3.6,8543
6353,2025-10-07 23:25:08,Vote common thing music least source.,5,3.0,5486
6354,2025-03-20 08:29:48,It interesting left six much experience.,2,3.7,9292
6355,2025-07-01 05:49:14,Statement message better agree green direction animal door.,2,3.9,635
6356,2025-08-07 09:45:59,Practice edge term because stop experience.,2,3.6,3803
6357,2025-03-27 09:24:36,Decision follow beyond movie remain response.,4,4.9,5598
6358,2025-10-12 07:29:19,Pay service various center actually again.,1,4.0,9184
6359,2025-04-23 15:25:59,Part half put image operation edge discussion two.,2,3.3,7209
6360,2025-10-18 01:24:01,Class remain camera mission agree.,1,4.5,8638
6361,2025-06-03 00:10:44,Friend modern radio church chair cold.,5,5.0,2550
6362,2025-02-24 01:26:56,Join series space art medical.,2,4.6,4986
6363,2025-11-04 04:41:55,Action federal amount produce.,5,5.0,1843
6364,2025-01-30 22:34:55,Official sound western never.,3,3.8,3298
6365,2025-06-03 05:30:20,Do first perhaps tonight view.,1,3.0,1436
6366,2025-08-08 08:32:40,Mention effort deep data doctor drug.,2,3.1,8529
6367,2025-11-05 10:31:33,School movement ready special.,1,4.9,1597
6368,2025-03-08 22:37:34,Pull kitchen reach show become among north.,4,3.5,3370
6369,2025-07-25 14:18:36,Low media hand detail.,1,3.8,1644
6370,2025-10-23 19:43:09,Case remember she tonight article third amount leave.,5,4.8,9001
6371,2025-10-30 05:02:54,Somebody blood management great carry upon.,3,4.9,401
6372,2025-02-15 12:21:16,Mean why every avoid to toward.,3,3.3,3736
6373,2025-05-26 12:16:40,Letter parent five hard phone coach read.,5,4.5,9715
6374,2025-09-21 05:54:31,Forward recently compare task.,1,4.3,3547
6375,2025-10-23 21:06:07,Least trip structure couple us group guess.,2,3.1,1504
6376,2025-10-19 12:42:35,Into by car national worry low record.,2,4.2,7813
6377,2025-08-08 18:38:52,Place challenge sell course pick factor send.,1,3.7,6038
6378,2025-07-09 12:46:01,Senior much small not apply music home.,1,4.2,7179
6379,2025-10-28 03:39:00,Fact cut between sell get source.,3,3.4,5041
6380,2025-01-19 07:33:50,Public religious glass many blue soon wear.,3,3.5,3820
6381,2025-09-17 07:05:03,You issue financial project second might either tell.,1,4.9,741
6382,2025-08-24 21:04:29,Early face put will we south.,1,3.9,7749
6383,2025-07-26 13:47:06,Development outside relate adult challenge.,1,3.6,1321
6384,2025-02-16 15:08:43,Couple employee information eye.,5,3.7,7195
6385,2025-07-07 05:08:00,Anything world significant indeed answer keep fire.,1,3.9,5526
6386,2025-04-06 19:51:31,Example song let take boy.,5,4.8,6763
6387,2025-10-22 11:56:25,Century ready throw turn firm short.,3,3.7,245
6388,2025-11-16 01:08:42,Carry walk century take left maintain.,4,4.6,4279
6389,2025-10-28 18:57:13,Raise college health authority begin.,5,3.4,8350
6390,2025-07-26 01:43:50,Future commercial study leader.,5,3.1,9406
6391,2025-02-16 19:53:43,Share carry current keep.,5,3.2,2789
6392,2025-01-26 03:35:06,Here son plant rate nice two all.,3,3.0,6538
6393,2025-03-15 22:42:19,Important listen meeting follow compare.,4,4.6,6276
6394,2025-02-28 22:37:41,Pretty significant between road base week area.,4,3.5,2119
6395,2025-09-02 09:24:02,Account collection travel fight.,2,3.7,3635
6396,2025-11-08 16:34:28,Impact trial contain decade.,1,4.5,8380
6397,2025-01-04 00:29:38,Call environment thing send.,2,3.7,7692
6398,2025-06-08 11:02:01,Science cup my prove author community major.,1,3.4,8077
6399,2025-01-03 18:27:10,Any kitchen dark land international paper economy.,2,3.6,654
6400,2025-08-20 17:19:55,Back billion situation rate hospital help.,4,4.4,3637
6401,2025-05-22 00:20:24,Professor off administration large town property role.,4,3.8,3697
6402,2025-01-05 18:07:16,Never occur case.,3,3.8,5545
6403,2025-04-23 16:26:02,Station impact citizen still who natural.,2,4.2,6016
6404,2025-11-25 13:39:49,Several address shake.,1,3.9,1198
6405,2025-04-25 10:25:29,Civil senior me tough.,1,3.5,5880
6406,2025-05-21 10:58:59,Food even above stay really important.,4,3.0,6133
6407,2025-02-23 11:18:42,Form Republican minute myself they their heavy.,1,3.4,4933
6408,2025-08-30 17:28:50,Which modern go must next.,2,3.5,2236
6409,2025-05-12 01:10:14,Traditional Mrs push among since several.,5,4.8,9123
6410,2025-05-13 21:56:49,Remain key thousand onto.,3,4.5,4348
6411,2025-09-12 04:04:52,Rock finally up whether.,5,3.7,6000
6412,2025-05-29 06:11:36,Ok seat sell floor word.,5,3.5,4451
6413,2025-10-26 03:19:38,Have close anything.,4,3.4,8063
6414,2025-05-08 03:45:11,Four nor benefit a send.,4,3.8,2106
6415,2025-11-23 03:59:03,Role skin gun hand.,5,3.6,8455
6416,2025-04-03 01:32:46,Cut receive everything.,1,4.1,3709
6417,2025-05-17 21:59:36,Under offer attack area add.,5,4.6,6469
6418,2025-07-14 23:36:29,Keep design trip every drop community.,2,5.0,7045
6419,2025-05-17 01:15:39,On everything option throughout special treatment result.,4,4.9,6402
6420,2025-02-19 03:09:40,Road simply energy away study.,5,4.3,386
6421,2025-10-06 16:23:28,Job still statement ten movement.,5,5.0,4388
6422,2025-06-08 07:51:20,Rather course lawyer.,5,4.1,6610
6423,2025-03-01 00:34:40,Miss kind remember force here front name.,5,4.5,2695
6424,2025-10-12 19:05:05,During score industry.,2,3.1,1857
6425,2025-09-01 19:40:20,In hear myself sister time public light large.,4,3.2,455
6426,2025-08-20 23:44:39,Capital country Republican key story boy particular.,5,3.0,1016
6427,2025-08-26 04:31:02,Page national glass institution owner might.,3,4.3,7684
6428,2025-09-09 22:51:11,Million magazine method power better.,2,3.6,7301
6429,2025-04-01 06:37:34,Deep issue role education drive teacher own.,2,5.0,7786
6430,2025-01-23 11:18:44,Another although tree film population.,4,4.4,2173
6431,2025-10-16 08:17:04,There performance allow quality current money minute.,4,3.7,6930
6432,2025-11-06 15:22:12,Image yes home accept prevent her unit.,4,3.2,2740
6433,2025-02-14 23:23:51,Organization focus old professor against.,1,4.6,4392
6434,2025-02-21 17:38:56,Action about certain during call event.,2,4.8,1112
6435,2025-01-24 17:13:40,Avoid test price film professor specific why.,5,3.4,7662
6436,2025-02-02 07:45:10,Politics goal field enough site after police.,2,3.6,2679
6437,2025-10-03 21:56:43,Foot production similar do true.,4,4.1,9486
6438,2025-05-03 07:36:21,Although space usually media key development make.,1,3.8,3928
6439,2025-06-29 03:04:55,Industry number most step myself statement land.,5,4.9,7545
6440,2025-08-29 17:45:11,Child who go information put state data.,4,3.5,7953
6441,2025-01-17 09:47:33,Black four rest theory nothing they present.,2,3.0,5605
6442,2025-05-25 05:22:35,Service often foot term simply.,3,4.0,4448
6443,2025-06-25 23:08:59,Director investment learn most home whole guess best.,1,4.5,1467
6444,2025-01-05 13:32:40,Politics body develop response performance.,5,3.6,5580
6445,2025-09-20 04:39:11,Song why feel serve animal education according move.,5,4.0,5083
6446,2025-05-27 23:27:22,Forget follow true paper place eye take.,1,3.6,2726
6447,2025-08-30 22:46:48,Hear coach foreign buy hand successful.,1,3.8,7446
6448,2025-03-06 21:14:40,Buy top current medical woman.,5,4.8,7570
6449,2025-04-11 11:15:54,Media glass green include.,2,3.5,8465
6450,2025-03-26 23:30:18,Tv administration population understand race top along.,4,4.1,1876
6451,2025-06-29 23:09:21,Next speak environmental reveal thus.,5,3.6,3383
6452,2025-02-15 19:32:23,Physical others statement health doctor.,5,4.4,5391
6453,2025-07-18 10:50:34,Them light strategy game run present plan.,5,5.0,9509
6454,2025-10-31 23:49:36,Fall cell state so fire.,4,3.5,5277
6455,2025-06-22 01:30:30,Rich fund clear rather they music for pattern.,2,4.6,5365
6456,2025-10-15 15:42:52,Quickly just better collection find figure.,5,4.5,7130
6457,2025-07-17 23:12:14,True purpose dark feel.,2,3.8,8507
6458,2025-05-10 13:32:18,Like memory government yard.,3,4.7,9764
6459,2025-05-23 01:28:41,Cost but edge security support story.,5,4.9,3420
6460,2025-01-30 05:09:46,Stuff economy ready little shake investment.,1,4.4,7145
6461,2025-06-09 13:45:54,Tonight safe bring quickly member including.,4,3.4,8701
6462,2025-10-17 10:59:24,Teach key according window second here score.,5,3.7,9266
6463,2025-09-10 08:30:42,Board forget scientist.,4,3.2,5350
6464,2025-07-22 13:08:37,Official recently view guess.,2,3.7,4414
6465,2025-05-08 04:17:42,Rather great discussion network strong enough recently.,1,4.5,1971
6466,2025-10-26 13:22:33,Century within particular explain try.,5,4.3,835
6467,2025-06-22 18:18:29,End relate family much side board wife.,3,4.0,1496
6468,2025-01-09 10:34:28,Away program environmental most room.,3,4.3,2633
6469,2025-07-17 23:38:09,Nature water interview late money but professional.,4,3.1,9957
6470,2025-02-27 04:48:40,Care manager risk newspaper two stand.,5,3.3,3796
6471,2025-08-24 19:28:10,Perhaps effect can yes.,4,4.9,6799
6472,2025-11-22 23:50:37,Care cup performance ahead reduce thank.,4,4.3,2823
6473,2025-05-23 05:14:03,Doctor contain citizen pay.,5,4.6,6903
6474,2025-04-13 04:46:14,Financial throw movie represent.,3,4.5,2903
6475,2025-07-01 22:07:43,Able example move here building hope ten type.,3,4.3,3467
6476,2025-09-12 17:23:23,Fight drug next only four.,5,3.5,815
6477,2025-06-19 08:29:00,Continue history floor themselves research water.,4,4.5,2491
6478,2025-06-01 10:32:28,Off view oil knowledge into.,5,3.7,3660
6479,2025-03-28 21:40:22,Time too member pull anyone structure save also.,5,4.1,2947
6480,2025-05-07 06:38:25,Individual with late source teacher some friend.,3,3.9,8763
6481,2025-11-16 23:23:35,Degree whom choose actually so.,5,4.7,5527
6482,2025-01-15 20:27:25,Network before difficult court dark east power.,2,4.2,6821
6483,2025-02-09 09:59:13,Last east listen break sea at box tough.,1,4.7,8305
6484,2025-08-06 13:40:14,Role something anything cost usually father season.,4,3.2,1120
6485,2025-08-21 10:44:28,Prove example when role never discuss marriage.,1,3.5,8292
6486,2025-03-21 15:49:50,Social other purpose your picture nature marriage.,1,3.9,8429
6487,2025-05-01 19:00:16,Born season newspaper campaign air relate.,3,3.0,3371
6488,2025-11-06 01:53:34,Send generation fine smile also central themselves.,2,3.8,9312
6489,2025-11-03 07:02:09,Politics ball space issue majority.,2,3.4,4743
6490,2025-11-23 16:31:37,Ahead discuss mother heart.,1,4.4,5141
6491,2025-03-31 02:12:36,Raise set serious rock.,2,4.3,902
6492,2025-06-25 11:15:03,More since trouble around pass design box know.,3,3.8,2374
6493,2025-09-01 02:42:00,Note lot future foot able personal.,4,3.7,9977
6494,2025-08-26 02:04:45,Remember describe baby wind only deal.,5,3.1,725
6495,2025-05-16 22:03:18,Stop street my.,1,4.5,9340
6496,2025-04-11 00:05:53,Letter memory step five.,3,4.6,1428
6497,2025-03-13 02:10:58,Need age hand world identify son above.,1,5.0,1836
6498,2025-08-07 21:39:22,Left white do language trouble later.,1,3.4,6023
6499,2025-02-27 07:15:13,Capital exist join partner beat too.,2,3.5,6597
6500,2025-01-07 06:03:40,Short such age capital nothing war few argue.,3,3.5,4260
6501,2025-01-27 10:41:17,Include end west teach base thousand half.,3,4.5,964
6502,2025-11-02 21:55:01,Look medical win off sister.,1,3.9,2237
6503,2025-09-21 20:37:26,Carry manager door four hospital charge.,5,4.9,5876
6504,2025-09-22 15:45:13,Trip ten determine writer third themselves good.,2,4.5,770
6505,2025-08-15 12:13:17,Mission single here these way news.,5,4.6,8370
6506,2025-11-08 15:29:16,Attention foreign common structure effort part.,4,3.2,8599
6507,2025-01-09 18:59:08,Majority where information enter doctor beat.,2,4.4,2658
6508,2025-05-17 14:11:35,Third black significant their culture ok.,2,3.7,2137
6509,2025-07-01 03:29:39,Left bit we image environment north hundred.,5,3.1,1899
6510,2025-01-04 16:02:57,Fill allow radio behind job his.,3,3.4,9457
6511,2025-08-31 14:29:54,Person oil family contain rest paper.,5,4.0,1383
6512,2025-01-01 19:55:32,Along two official meeting if near.,2,4.2,7419
6513,2025-03-13 16:38:27,Police himself scene evening establish spring law.,2,4.6,9741
6514,2025-02-06 04:09:08,Pull help would certainly magazine at.,1,4.4,5742
6515,2025-10-16 22:11:58,Artist room natural physical pass pull.,5,4.6,4862
6516,2025-10-27 19:44:48,Even together me very opportunity care focus three.,1,3.9,7386
6517,2025-02-05 07:38:27,Cause those offer onto house pay thousand.,2,4.6,6177
6518,2025-06-27 16:18:29,Action billion far with piece major increase.,2,4.8,9025
6519,2025-11-03 22:35:36,Charge next peace.,2,4.8,7232
6520,2025-05-23 00:09:16,Music various trip note.,2,4.2,2563
6521,2025-04-15 04:28:32,Property director back week.,1,3.8,2680
6522,2025-07-21 15:03:44,Chance yes issue executive.,5,3.6,2254
6523,2025-04-30 22:04:43,Age impact difference pretty.,5,4.9,9860
6524,2025-01-28 13:04:25,Five mean early maintain easy sometimes.,1,4.4,2002
6525,2025-09-14 06:10:29,Address fill say each situation.,2,5.0,3523
6526,2025-05-02 21:33:07,Ability road peace section without beautiful evening rule.,1,3.8,7610
6527,2025-04-02 09:18:33,Something Democrat believe goal rise shake.,2,4.8,8783
6528,2025-03-07 18:16:18,Movement of free.,4,4.0,3005
6529,2025-05-31 01:30:08,Still inside once beautiful seat drug.,3,4.4,8318
6530,2025-03-07 02:21:48,Amount your bed church.,1,3.8,1247
6531,2025-03-04 19:41:33,Grow else safe include simple man.,5,4.0,8787
6532,2025-07-28 16:48:23,Gun too threat management Congress.,3,4.8,1798
6533,2025-10-30 15:51:07,Worry political tend mind.,2,4.2,8945
6534,2025-01-31 20:32:41,Simply far expect each.,3,3.3,4097
6535,2025-04-14 17:16:07,Player onto form then agency later determine.,2,4.2,9463
6536,2025-08-16 05:25:32,Probably individual bag spend.,2,3.1,5293
6537,2025-11-14 06:05:01,Truth away study performance reduce structure thus.,1,3.7,2810
6538,2025-02-21 19:01:24,Work table remain.,4,5.0,5795
6539,2025-08-25 16:00:53,Culture great over cut.,2,3.6,7992
6540,2025-05-05 18:05:01,Conference same likely generation east television ever.,4,3.3,1757
6541,2025-04-14 17:21:34,Republican college generation shoulder.,4,3.6,1573
6542,2025-07-06 10:46:57,Everything weight theory.,3,4.1,7273
6543,2025-11-05 11:08:24,Help property friend foot education.,2,3.7,9700
6544,2025-06-15 23:03:28,Experience daughter certainly music.,2,3.4,4323
6545,2025-08-08 11:06:21,Choice follow seat like.,2,4.5,9265
6546,2025-04-29 02:19:46,Because commercial conference me.,3,4.2,961
6547,2025-04-06 09:08:42,Show manager hear range result.,5,3.4,5663
6548,2025-06-25 04:50:29,Usually join section break western foreign.,5,4.6,9844
6549,2025-01-21 14:33:02,Measure ready wife key term.,5,3.4,9865
6550,2025-03-05 14:31:16,Develop treat yet particular appear.,1,3.7,4475
6551,2025-05-03 16:45:02,Another baby front true them.,5,4.5,611
6552,2025-09-29 00:00:17,Significant general occur fish product.,5,4.3,2877
6553,2025-05-08 16:01:23,Myself modern decade new admit chair help.,2,4.8,9840
6554,2025-07-26 21:52:09,Civil west side focus media put statement.,4,3.1,9495
6555,2025-06-16 10:50:42,Set growth simple exactly.,3,4.3,9833
6556,2025-02-06 21:20:21,Moment lawyer model determine address race concern.,1,4.4,3312
6557,2025-10-26 23:08:17,Resource take expert admit woman weight stage contain.,3,3.8,9186
6558,2025-10-06 01:49:45,Back head exist fire local girl.,3,3.5,1840
6559,2025-10-02 03:48:52,Catch might identify quite identify experience somebody sort.,1,4.4,7261
6560,2025-08-09 05:34:37,Remember ball moment goal through movement collection foot.,2,3.8,617
6561,2025-04-21 06:32:20,Two read position mention baby card.,5,3.3,9481
6562,2025-09-19 05:06:14,Modern nice fast shake light.,3,4.4,5087
6563,2025-05-21 16:44:08,Fish cut education college use several maybe part.,5,3.1,3664
6564,2025-10-16 04:37:37,Themselves prepare impact prove paper college.,1,4.8,5897
6565,2025-06-21 15:43:56,Game second week.,4,3.9,3959
6566,2025-08-20 03:39:04,Yes start own commercial read store.,1,4.1,5936
6567,2025-10-07 21:10:54,Street worry animal experience six.,5,5.0,2717
6568,2025-01-31 22:40:21,Concern adult poor history activity gun.,2,3.7,1708
6569,2025-02-12 21:21:22,Recent name beyond might second.,2,4.7,5398
6570,2025-09-18 11:33:30,East explain past example group room.,3,3.2,8482
6571,2025-11-12 17:34:13,Book media task institution go similar indicate reveal.,4,4.2,1747
6572,2025-09-18 21:57:36,Care never focus sign various.,2,4.3,1340
6573,2025-10-03 02:44:37,Ask one rate.,5,4.1,287
6574,2025-08-24 04:28:47,Family standard movement set.,2,3.9,6127
6575,2025-10-24 18:42:29,Bad hour never help write know.,4,4.2,4167
6576,2025-07-15 02:15:41,Everybody news manager measure police run crime.,1,3.7,8046
6577,2025-07-05 00:25:35,Visit citizen local share.,4,4.3,2372
6578,2025-07-05 00:20:27,Recognize yeah pretty war TV word.,4,3.7,2216
6579,2025-11-01 00:52:03,Why get voice lawyer fear thus way.,2,5.0,8317
6580,2025-10-10 20:18:53,Boy young data exactly.,2,3.2,4523
6581,2025-06-03 02:17:09,Raise should participant current.,2,4.4,9839
6582,2025-09-29 21:21:24,Quickly other consumer walk.,1,3.5,9677
6583,2025-04-17 07:30:54,Various attack sometimes hand.,4,3.5,3808
6584,2025-10-23 03:48:53,Majority know table with.,2,3.7,6985
6585,2025-04-14 20:25:31,Success always ok child.,4,3.1,3865
6586,2025-09-08 08:14:27,Level miss other half catch.,3,4.6,2902
6587,2025-01-15 16:46:01,Wall cup drug hair.,3,3.9,7659
6588,2025-02-18 22:36:21,Fine economic team call spend they establish.,1,4.5,39
6589,2025-05-01 16:50:06,Air development police.,2,4.9,2019
6590,2025-02-23 11:18:15,Card arrive church read music near hear.,1,3.5,8880
6591,2025-10-24 15:22:31,Just store behavior blood chance meeting hour.,4,4.6,2449
6592,2025-07-15 19:34:06,Arrive concern professional image commercial.,5,4.7,419
6593,2025-10-27 15:57:40,Wrong either almost car science reveal.,2,4.7,9874
6594,2025-01-07 08:11:30,Energy free production national.,3,4.1,4474
6595,2025-02-20 02:31:23,Reduce hospital view movement relate responsibility.,4,3.4,8605
6596,2025-06-19 01:33:11,Identify those point especially college.,2,3.1,1307
6597,2025-07-02 05:01:49,Often character body matter theory strong.,2,3.8,6992
6598,2025-08-07 09:28:19,Our heavy late nor.,2,3.3,5268
6599,2025-09-04 02:03:48,One huge better star.,1,4.9,5881
6600,2025-05-13 01:43:00,Message rock trouble east middle.,2,4.5,6344
6601,2025-07-28 17:08:26,Character next life myself better season look.,5,3.6,6398
6602,2025-09-27 16:46:18,Reality west exactly according recently according thank.,1,4.1,7074
6603,2025-10-24 23:36:17,Real easy serious value cup Mr garden investment.,1,4.8,6103
6604,2025-10-16 09:37:00,Writer perform own.,2,4.6,9703
6605,2025-06-09 00:35:23,Country TV argue herself.,3,3.5,889
6606,2025-07-27 09:27:27,Himself agree customer Mr kind religious parent.,4,5.0,5970
6607,2025-04-20 14:27:29,Security not trial focus wrong fly.,3,3.3,6389
6608,2025-02-27 08:24:09,Prepare outside room teacher travel.,2,3.5,4437
6609,2025-06-11 18:11:10,Herself close car institution ball imagine.,4,4.4,2172
6610,2025-04-16 15:03:39,Your personal institution.,4,4.5,8987
6611,2025-02-15 06:07:11,Office glass option catch commercial success.,2,4.0,9080
6612,2025-03-16 05:46:44,Body better continue fear gun run necessary.,4,4.9,1931
6613,2025-06-27 08:29:54,Trouble name lose different people current.,3,3.8,5306
6614,2025-05-25 23:47:18,New player bar during local more.,1,4.7,9179
6615,2025-09-04 20:58:03,Growth explain age everybody age expert.,3,3.3,2543
6616,2025-01-25 16:40:14,Child writer understand song high likely.,2,3.2,5715
6617,2025-07-01 04:17:12,Industry physical detail major program various minute real.,3,3.6,3479
6618,2025-11-18 05:38:41,Right woman keep go create.,5,3.9,5525
6619,2025-11-06 17:50:41,Subject character build alone mean air between.,1,4.5,5135
6620,2025-09-10 09:21:37,Activity country agreement television land trip.,1,4.1,7893
6621,2025-09-25 17:05:14,Join radio western yard.,1,3.8,3911
6622,2025-07-22 10:39:05,Drive lose save especially rate individual.,2,4.3,2553
6623,2025-05-18 02:51:18,Partner thus production sure whatever well although.,1,4.9,6005
6624,2025-04-20 18:11:48,Language foot make step life receive.,4,3.9,4074
6625,2025-08-24 10:26:13,Arrive leave great message guy worker.,3,4.7,2869
6626,2025-11-19 12:23:08,Claim alone draw.,3,3.5,9401
6627,2025-05-28 16:06:29,Next treatment hope sing source theory.,2,4.7,7245
6628,2025-06-27 07:29:13,Effect other at produce.,3,3.5,5087
6629,2025-07-21 02:37:32,Training it usually president source happy management.,2,3.2,8891
6630,2025-09-16 07:13:09,Cost dark heavy but throw for special anything.,4,4.4,7719
6631,2025-03-11 01:43:36,Focus peace information use here campaign month.,2,3.4,7285
6632,2025-05-23 10:37:42,Ball interest environment skin chair those prevent.,1,3.6,2373
6633,2025-10-05 01:42:16,Republican capital important guy.,3,3.9,4165
6634,2025-02-02 12:52:58,Information language view event.,2,4.1,5340
6635,2025-08-26 19:11:54,Technology option reason natural.,5,4.6,9329
6636,2025-04-27 13:35:17,This player best remember talk north film.,5,4.6,9294
6637,2025-06-04 16:38:12,Suggest room worker save lawyer try whole staff.,4,3.0,9563
6638,2025-03-06 09:35:49,Form feeling paper without out good hour.,1,3.9,8933
6639,2025-08-16 19:47:28,Size military fill reason three cover guy.,2,3.6,9952
6640,2025-07-21 20:10:18,Site address recent herself letter teach evening thousand.,3,3.5,1877
6641,2025-03-26 22:31:31,Bed environmental plan national good.,4,3.3,3075
6642,2025-06-26 03:48:39,Determine range appear race whole.,4,4.3,9460
6643,2025-05-21 12:33:58,Face article create discussion.,5,4.1,1190
6644,2025-06-12 09:10:33,Stuff head term.,2,4.5,3146
6645,2025-03-01 13:18:35,Information all happy enjoy drop south song painting.,3,4.1,1102
6646,2025-05-11 15:05:28,Opportunity surface than instead address cost just.,4,4.9,3991
6647,2025-10-23 17:45:46,Risk training trouble church improve bed.,4,4.9,4470
6648,2025-10-09 02:07:20,Sister film technology finally win stop century.,2,4.0,5196
6649,2025-06-08 13:38:43,Manage great marriage any military.,3,4.2,5568
6650,2025-01-04 11:01:03,Necessary easy long perform.,4,3.6,675
6651,2025-03-02 17:37:21,Population three blue visit care account.,5,3.4,9240
6652,2025-04-26 02:51:21,Piece mind friend more close shake ground design.,2,3.8,307
6653,2025-03-04 04:54:53,Score pick all manage nearly win simply.,2,3.3,6736
6654,2025-01-03 15:37:44,Commercial dream along ok.,2,3.7,1147
6655,2025-05-08 03:55:18,Effect young recent measure.,1,4.5,2574
6656,2025-10-22 14:54:11,Employee final decade book perform billion foot thousand.,5,3.8,5118
6657,2025-03-01 20:48:20,Arrive life vote safe article responsibility individual within.,2,3.7,5705
6658,2025-03-03 09:05:18,Maybe process compare gas my early good.,1,4.7,9128
6659,2025-01-31 22:43:56,Step quite care ball.,5,3.5,7909
6660,2025-05-31 18:06:37,Identify natural second.,1,4.8,3133
6661,2025-06-23 10:34:49,Oil daughter front now born.,5,3.6,4778
6662,2025-09-26 14:44:25,Trade fine current few.,4,4.2,7672
6663,2025-02-17 00:16:04,These option pretty positive.,2,3.8,1316
6664,2025-04-28 08:07:16,Body drug sit issue include town.,2,4.4,246
6665,2025-01-05 19:34:35,Outside too the read main.,2,4.8,6339
6666,2025-06-07 15:00:56,Entire type safe question nor.,4,4.7,7129
6667,2025-06-11 16:26:17,Population half these training imagine need dinner.,4,4.5,9265
6668,2025-10-12 18:26:21,Less especially national another music give arrive.,3,4.3,7257
6669,2025-01-28 16:26:07,Argue if add rule mouth.,5,4.8,7
6670,2025-04-23 13:14:02,Though sport song may teacher.,5,3.7,4492
6671,2025-04-04 18:46:34,Response that become executive agreement piece range.,5,4.2,1136
6672,2025-02-26 01:03:55,Institution expect help town show market.,2,4.9,9624
6673,2025-09-24 13:41:34,Allow rather hear race laugh past first boy.,4,4.6,9528
6674,2025-02-06 23:30:34,Most play wide difficult.,2,4.0,6226
6675,2025-11-11 02:00:32,Thousand cultural son each defense success.,4,4.5,3321
6676,2025-07-31 17:31:16,Win stay little country I structure lay.,1,4.7,9304
6677,2025-11-08 22:40:46,Entire generation fly hotel management agree federal.,4,3.6,1199
6678,2025-07-11 18:02:25,Whose manager nation analysis smile ready.,3,4.4,5992
6679,2025-02-21 02:58:09,Cut at movie evidence ten return.,3,4.9,8712
6680,2025-02-07 05:37:24,Center quality present mouth charge head job.,1,4.5,9215
6681,2025-07-04 10:27:58,Social season order provide.,5,3.9,9555
6682,2025-10-02 14:07:02,Attorney improve on total whole if.,2,4.1,7551
6683,2025-10-02 22:49:18,Forward happy experience win magazine debate lose here.,2,3.1,870
6684,2025-11-06 23:34:59,Beautiful smile who poor show less.,1,3.8,7543
6685,2025-03-03 11:09:43,Contain give yard so be citizen.,3,3.4,2593
6686,2025-09-24 13:44:28,Open yes seek drug perhaps list whom.,4,3.5,8930
6687,2025-02-24 05:00:19,Nothing yard statement camera.,4,4.6,3872
6688,2025-10-02 07:37:06,Personal current consider first improve.,2,4.6,2199
6689,2025-07-26 22:28:31,Cover pass pattern fear.,2,4.7,6904
6690,2025-01-30 14:33:26,Machine professional memory sign area.,2,4.0,8430
6691,2025-04-08 09:01:45,Onto more might baby threat recently music.,2,4.6,3047
6692,2025-11-16 13:52:59,Ten across cultural lay own since avoid occur.,1,4.9,5913
6693,2025-02-03 22:15:54,Any us land forward.,5,3.5,5701
6694,2025-10-19 18:50:21,Glass series run option possible foot.,4,3.3,2756
6695,2025-09-14 22:52:53,Agent free after.,4,3.1,6452
6696,2025-06-29 23:32:37,With surface score century seven type down.,2,4.7,6030
6697,2025-05-02 12:07:02,Adult bit stuff office go six goal.,4,3.6,5481
6698,2025-11-12 16:06:32,Specific be place hotel case than.,5,4.4,4294
6699,2025-02-17 07:46:46,Edge answer choice.,1,4.0,2749
6700,2025-07-22 20:20:07,Suddenly voice nothing floor miss story.,4,3.3,6455
6701,2025-04-09 15:20:43,Success other cut catch value.,4,4.8,2900
6702,2025-10-14 12:54:19,Article do born need commercial I see.,5,4.1,2450
6703,2025-05-06 20:42:29,Consider those source less early career gun.,3,3.9,3733
6704,2025-05-06 13:27:46,Item court especially health across.,5,4.4,4957
6705,2025-02-12 15:17:42,Last region then they manager.,1,3.6,5497
6706,2025-03-09 00:51:23,Child red huge experience far record agency item.,4,3.7,588
6707,2025-04-08 07:01:12,Cold picture measure matter ability take hair.,5,3.2,2941
6708,2025-01-02 11:36:48,Hit speech daughter issue among accept not.,1,3.2,6588
6709,2025-02-12 04:57:34,Education case follow cause modern.,4,4.2,1800
6710,2025-10-24 21:00:17,International artist the professor again exactly.,3,4.5,9825
6711,2025-04-01 22:11:42,Just step American believe Democrat music.,1,3.3,8930
6712,2025-01-09 20:32:23,Medical answer moment rock.,2,4.1,5203
6713,2025-03-02 08:59:49,Week top conference recognize.,5,4.6,687
6714,2025-04-30 00:49:54,Shake trial analysis agent maintain strong ten.,3,4.7,8965
6715,2025-04-13 02:38:12,Image base eye ten usually.,2,4.9,772
6716,2025-01-09 02:38:15,Experience big blue last offer such whose impact.,5,3.0,2086
6717,2025-07-08 01:15:17,Sure ever high wish trade pretty put.,5,3.2,7134
6718,2025-10-24 18:12:34,Street scene music bank machine indeed meet enter.,1,4.8,2965
6719,2025-02-05 16:23:48,Mrs price affect art.,5,3.3,1030
6720,2025-11-17 07:26:23,Certain both true speak election glass me.,5,3.0,7721
6721,2025-03-12 21:00:31,Young president clearly together movement table cultural want.,5,3.0,4010
6722,2025-11-15 18:21:33,Course scene example answer easy trade church one.,5,3.6,7625
6723,2025-09-17 01:54:24,Boy enough need professor.,3,3.4,9428
6724,2025-08-06 00:59:32,Economy western picture movie great source visit already.,1,4.1,6174
6725,2025-03-27 23:05:18,Picture us central on radio he.,2,3.8,3962
6726,2025-10-25 07:52:32,Risk who rate democratic sport discuss rather.,4,4.7,1831
6727,2025-07-05 12:53:20,Budget name much peace eye year.,3,3.9,1259
6728,2025-02-06 03:51:07,Do choose again wife house would.,2,3.3,8472
6729,2025-07-07 17:28:15,Always contain clear bed standard would detail.,2,3.4,9475
6730,2025-06-08 12:40:54,Treat decade feel gun building learn.,5,3.9,8860
6731,2025-01-16 01:04:48,Miss point various argue.,3,4.5,7456
6732,2025-10-13 12:37:16,She down system issue here heavy.,2,4.7,1043
6733,2025-08-10 21:34:21,Summer economy west.,4,4.2,7730
6734,2025-03-11 09:31:00,Since training husband manage cold go around.,2,4.2,8093
6735,2025-05-10 05:53:55,Run least write admit free present very.,2,3.2,3295
6736,2025-08-11 02:58:20,Low trial me up decision mission recent.,5,3.0,9342
6737,2025-05-31 22:29:57,Receive run owner call fight.,2,4.2,4879
6738,2025-01-21 23:28:13,Day suffer modern traditional camera.,5,4.5,2523
6739,2025-06-20 18:25:01,Collection force whose generation manager out.,4,3.2,7180
6740,2025-05-01 07:20:58,Yourself on understand section upon around.,3,4.9,25
6741,2025-04-20 06:02:52,Wide particular happy true century stage manager.,4,4.6,4172
6742,2025-06-02 10:35:23,Address ask arrive range.,3,4.0,2965
6743,2025-03-17 20:39:22,Carry back type see offer policy.,4,3.9,7894
6744,2025-03-07 11:48:03,The the myself provide.,1,3.7,6408
6745,2025-01-10 13:45:04,Home central physical democratic.,5,4.9,6993
6746,2025-08-01 18:14:36,Officer course number senior quality.,3,3.8,3630
6747,2025-06-18 22:59:51,Lose bar politics which win southern.,5,4.3,3569
6748,2025-01-08 16:59:28,Phone meeting ability study senior reflect.,1,3.7,3667
6749,2025-01-18 10:40:21,Again around person your factor hear.,4,4.2,9190
6750,2025-07-02 06:13:28,Effort final head.,1,3.3,2844
6751,2025-04-28 14:11:57,Tend pay keep soon.,4,3.6,625
6752,2025-04-13 05:51:23,Laugh treat herself pay.,5,4.3,4890
6753,2025-09-05 00:01:12,Determine commercial my walk.,1,3.1,3100
6754,2025-06-02 06:59:23,Enjoy final perform discover.,1,3.8,5062
6755,2025-08-09 11:54:43,Collection nice give since trial what.,4,3.8,9938
6756,2025-11-23 22:31:03,Southern fear tonight before.,2,3.1,7431
6757,2025-08-31 17:41:19,Soon day look face after.,2,3.8,9150
6758,2025-10-01 09:54:21,Move soldier the rock.,5,4.8,179
6759,2025-03-12 14:13:41,Various develop person high PM law.,4,3.1,8199
6760,2025-08-09 14:13:50,Finally thank miss why soon cold draw.,2,4.7,8742
6761,2025-05-19 11:02:11,Brother mouth off place president million body add.,4,3.2,5107
6762,2025-08-12 15:26:01,Well grow resource different.,1,4.7,5984
6763,2025-10-02 06:39:16,Almost no try yeah suddenly.,3,3.2,6296
6764,2025-06-07 03:46:54,We trial past common watch state kind on.,3,4.1,6631
6765,2025-08-03 20:24:55,Democratic of impact month today would.,3,3.0,889
6766,2025-05-15 22:06:23,Condition before give television team.,5,4.1,61
6767,2025-07-20 00:32:36,Girl raise several enough talk time.,4,4.5,1744
6768,2025-03-16 07:24:17,Oil no guy require light.,1,4.9,1804
6769,2025-03-31 18:36:33,Guess his company now commercial hold war cold.,1,4.1,9164
6770,2025-02-16 02:26:45,Break serve just share factor anything.,2,4.2,5271
6771,2025-03-12 10:56:07,Do baby subject trip free myself.,4,4.0,4587
6772,2025-06-23 11:47:17,People hot appear.,3,5.0,8995
6773,2025-01-23 22:21:02,Five where may artist almost.,3,4.0,3993
6774,2025-10-27 00:35:17,Close standard establish large.,3,3.0,6688
6775,2025-09-20 21:49:10,Language figure heart form business today camera.,1,3.8,5928
6776,2025-07-08 04:13:28,Guy per charge yet easy.,4,4.2,5149
6777,2025-10-08 19:35:58,Watch themselves state hundred health.,1,3.6,8533
6778,2025-01-03 16:08:13,Than from day window.,3,4.9,6191
6779,2025-02-15 17:07:09,Can better watch threat certainly.,2,4.9,7167
6780,2025-09-21 20:52:29,Rise factor blood world lawyer father several thought.,5,3.6,6609
6781,2025-07-19 08:05:10,Real issue edge main part.,1,4.0,6168
6782,2025-11-20 05:06:19,Part accept like project station design term happen.,5,4.7,9939
6783,2025-01-18 05:41:14,Series body president one stop culture final religious.,3,4.5,1763
6784,2025-09-21 22:21:04,Suddenly result policy half full one maybe.,3,4.0,3045
6785,2025-08-05 13:58:14,Build like yourself value green less security.,2,4.2,4201
6786,2025-06-07 05:27:02,Indicate however pattern.,5,4.5,1244
6787,2025-11-19 02:23:40,My law team floor down want participant.,5,4.7,9706
6788,2025-04-26 09:28:54,Blue want determine health theory which shoulder.,5,4.1,6533
6789,2025-05-10 22:50:39,Dinner evidence write center name.,1,3.9,6435
6790,2025-04-09 23:10:58,Term inside game feeling professor success.,4,3.2,4465
6791,2025-11-10 10:01:08,Run above them.,4,3.4,4141
6792,2025-04-17 23:16:58,Lawyer adult three become.,3,3.9,1266
6793,2025-04-23 15:53:20,Word trial movie look front feeling arm.,5,3.7,7534
6794,2025-10-29 23:41:12,Data station ago allow vote performance hundred.,4,4.0,947
6795,2025-04-10 00:30:01,Require eight around believe quite huge.,2,4.4,3342
6796,2025-05-18 10:20:02,Four time interview not investment.,3,3.6,4663
6797,2025-10-04 01:03:07,President hold recent truth all.,1,4.2,4357
6798,2025-11-19 01:19:19,Hear staff now information.,4,3.1,1824
6799,2025-03-22 17:08:21,Sit successful would some play single.,2,4.2,3424
6800,2025-01-09 22:12:08,Huge owner but security difference prepare community.,2,4.1,7574
6801,2025-05-03 07:56:40,Themselves imagine get set develop.,5,3.7,4134
6802,2025-08-13 02:52:20,Laugh they around.,1,4.7,4581
6803,2025-11-07 12:05:25,Pm determine really relationship inside.,1,3.8,3746
6804,2025-01-25 18:37:36,Cut two moment them memory.,3,3.6,7658
6805,2025-08-23 06:01:11,Nice rise happen information nearly contain right.,2,4.5,1224
6806,2025-01-02 02:12:17,Down get certain movement recently.,5,4.5,4566
6807,2025-04-11 01:48:39,Player machine those.,5,4.6,3900
6808,2025-11-12 09:13:51,Wide recently before which season spend although.,2,4.5,249
6809,2025-07-25 16:37:30,Heavy worry develop.,5,3.3,3499
6810,2025-07-21 07:47:37,Sort tax offer major community bill.,5,4.2,3127
6811,2025-07-26 13:03:08,Century play reach including wait.,4,4.7,1848
6812,2025-03-30 16:58:51,Grow old draw age loss investment.,4,3.6,4098
6813,2025-04-06 19:28:41,Treat arm seek media deal management.,2,3.5,5108
6814,2025-01-13 01:35:40,Skill development that section move.,4,4.9,9834
6815,2025-04-22 17:14:14,After adult should require until.,5,4.0,4699
6816,2025-08-05 19:14:13,Test individual heart offer economy me blood another.,4,3.7,9330
6817,2025-11-01 12:41:02,Through case medical pattern entire even thing where.,4,4.6,3425
6818,2025-03-09 13:34:02,Design yes throughout area husband them state.,5,4.6,636
6819,2025-01-15 23:58:05,Cultural vote worker onto defense really success.,2,4.1,6558
6820,2025-02-24 08:13:35,Writer all among make floor.,1,3.4,420
6821,2025-04-14 22:25:39,Necessary matter evidence common stuff sport.,4,4.5,2638
6822,2025-10-09 02:06:57,Society environmental matter American.,1,3.1,3817
6823,2025-01-27 23:53:44,Really big born leave best anyone model.,5,4.4,8315
6824,2025-09-20 23:19:17,Relationship truth mother save become activity owner true.,5,3.2,4266
6825,2025-09-17 06:43:14,Special apply finally garden young information become bag.,4,3.1,3104
6826,2025-08-06 22:54:03,Wrong the rest physical.,3,3.1,1962
6827,2025-06-03 04:41:53,Scene political expect direction boy wall huge.,2,3.5,5396
6828,2025-11-17 07:56:12,Big far continue table woman sell.,3,3.9,1356
6829,2025-11-09 17:37:37,Record both bank above forward son computer.,2,3.6,1119
6830,2025-09-17 23:52:53,One feel training boy so action.,1,4.2,7528
6831,2025-02-07 19:21:55,Realize dog kind lot table sister.,4,4.2,3090
6832,2025-10-06 17:46:27,Trade everyone high simply think data short rest.,4,4.9,1337
6833,2025-03-21 08:07:24,Level manager left wind capital act.,1,4.9,5196
6834,2025-01-10 19:52:58,Player each source discussion.,4,4.2,7239
6835,2025-10-25 04:06:42,Soldier news follow.,5,4.8,2170
6836,2025-04-29 05:45:07,Anyone tree seem none.,2,4.0,6061
6837,2025-03-15 03:55:19,Total of rate evening us.,5,4.9,8768
6838,2025-03-06 00:04:12,Collection carry deep heart none special main major.,2,3.9,1122
6839,2025-09-24 03:46:52,Million commercial there life director fact test half.,2,3.7,8589
6840,2025-06-21 10:27:57,Brother choice tough address become forward wide.,4,4.2,3954
6841,2025-03-14 23:30:26,Continue peace town prove image national already born.,3,5.0,2582
6842,2025-09-23 21:15:21,My hit nearly may.,2,4.7,1723
6843,2025-08-28 04:36:10,Day war partner audience.,3,3.5,9832
6844,2025-11-24 21:06:14,Pay whatever director building market.,1,3.9,6768
6845,2025-04-27 12:07:04,Plant yard remain although dark rule.,2,3.7,621
6846,2025-05-30 23:09:44,System capital want gas believe.,3,3.6,6330
6847,2025-07-11 20:18:14,Choice most partner certainly like eat.,3,3.9,700
6848,2025-11-17 05:57:56,Possible movement energy.,2,3.0,6399
6849,2025-11-13 08:22:21,Any long laugh minute affect commercial.,3,4.0,6791
6850,2025-03-22 07:49:22,Effort less certainly even body believe.,5,4.7,6627
6851,2025-09-21 19:53:08,Tonight tax art note.,3,4.7,3773
6852,2025-07-11 05:52:02,Tax thought network how.,1,3.9,4462
6853,2025-04-06 11:55:56,Year fire water beautiful never.,4,3.5,783
6854,2025-10-14 03:22:46,For find program control never artist until.,3,3.3,127
6855,2025-05-13 10:34:47,Miss between sister young major relate.,5,3.3,4599
6856,2025-08-10 23:35:14,Note administration professional lay fill.,2,3.6,5860
6857,2025-11-12 17:35:23,Grow either teacher often.,3,4.7,8424
6858,2025-03-01 10:23:51,Environment rise add involve its action war.,3,3.5,4262
6859,2025-05-21 18:47:49,Week draw job quality sister wall house.,4,4.0,4714
6860,2025-01-24 23:40:25,Professor piece produce.,4,4.9,1752
6861,2025-01-05 09:26:44,Inside politics finish account next adult.,4,3.7,3581
6862,2025-06-12 23:51:02,Political manage popular none production.,5,3.8,6531
6863,2025-01-14 23:22:23,Realize method themselves final.,2,4.4,9976
6864,2025-05-28 21:34:15,One movement energy get fill yard effort.,4,3.4,4600
6865,2025-06-21 09:24:42,Much analysis whom.,2,3.7,2975
6866,2025-04-04 19:46:01,Amount nice list over area buy whom.,2,4.1,2078
6867,2025-10-06 13:02:17,Trial thus actually look mouth PM put.,5,3.2,8640
6868,2025-10-25 02:49:15,Collection heavy amount popular listen moment lose.,4,4.7,7256
6869,2025-01-23 09:34:34,Meet fire stuff here.,2,4.7,769
6870,2025-02-08 18:20:00,Fish some charge magazine anyone.,5,4.0,858
6871,2025-04-14 06:21:04,Behind send national.,2,3.4,4249
6872,2025-04-16 04:37:56,Model plan someone work business collection adult.,3,4.3,4121
6873,2025-05-28 00:17:51,Sea may large rather third again.,4,3.8,4040
6874,2025-05-10 10:17:04,Effect area read and.,2,3.8,9885
6875,2025-04-30 21:15:31,Ask federal leave of than beyond message.,2,4.8,3839
6876,2025-01-31 15:58:22,Cultural gun discussion gun page.,2,4.4,969
6877,2025-09-29 09:51:53,Visit point society interview everything.,1,3.7,6674
6878,2025-01-04 18:27:49,Feel themselves animal too.,1,4.3,9375
6879,2025-11-01 17:24:06,Attack hotel both policy figure enjoy view.,4,3.3,5386
6880,2025-06-24 07:43:46,Federal reason last each cover entire once.,5,4.8,1407
6881,2025-02-13 02:10:20,Shoulder leave brother sort condition represent.,5,3.1,5312
6882,2025-08-28 12:01:31,Season week phone professor.,4,4.1,7385
6883,2025-10-26 05:06:31,Suggest consider story media.,5,3.3,1687
6884,2025-10-20 20:34:42,Trouble everyone detail hotel machine story writer.,2,4.3,2326
6885,2025-01-15 15:46:46,Military central go score.,4,3.6,9456
6886,2025-11-19 21:39:21,Push property western cause.,5,3.2,1193
6887,2025-10-23 21:06:15,Product body tax bed.,4,4.7,3697
6888,2025-11-21 20:20:50,Laugh break wear newspaper together.,2,4.6,5405
6889,2025-07-10 04:06:47,Network entire anything system performance try perhaps member.,1,4.4,1012
6890,2025-03-23 08:25:57,Plant party page up piece set.,5,4.2,4571
6891,2025-03-14 12:40:49,Edge central laugh close look kid garden.,4,4.3,6125
6892,2025-09-09 17:58:05,Within herself similar deal since.,5,3.9,1888
6893,2025-01-27 21:31:03,Son trip director prevent agree side.,5,3.6,4086
6894,2025-10-20 13:58:34,Camera action daughter fund voice.,4,4.0,6434
6895,2025-10-22 05:26:08,Brother team purpose edge.,2,4.5,3822
6896,2025-08-28 09:13:59,Reality learn door remain happen available method.,3,3.7,226
6897,2025-02-02 02:36:39,Popular near next wall.,2,4.8,1779
6898,2025-04-03 08:40:05,Film season agent.,1,4.9,2640
6899,2025-03-31 09:38:50,Card thing weight and.,5,3.3,7168
6900,2025-08-17 10:55:09,Agree president themselves fear what middle.,1,4.2,702
6901,2025-01-19 18:59:06,For worker million both.,2,4.5,5401
6902,2025-07-06 21:09:05,In somebody north.,5,4.8,1362
6903,2025-09-11 23:26:01,Role begin national look garden war.,1,3.5,3379
6904,2025-01-09 20:25:17,Treatment place still others take federal.,5,4.2,9542
6905,2025-04-23 04:37:34,Affect raise tonight.,4,3.7,5128
6906,2025-04-04 05:05:12,Rule close stage yet doctor method.,5,3.1,1087
6907,2025-04-17 16:19:42,Ball great fact thought anything mother despite assume.,2,4.8,4335
6908,2025-11-15 09:18:39,Unit often answer space politics.,1,4.9,1198
6909,2025-11-23 12:57:46,Choose choose no onto.,5,4.0,6876
6910,2025-02-15 20:06:51,Significant quickly soldier mean pattern couple Democrat.,4,3.8,9824
6911,2025-09-18 03:19:12,Safe expect specific agent good reflect almost.,1,3.5,3584
6912,2025-10-12 01:48:01,Growth believe state hand summer.,4,3.3,9415
6913,2025-06-23 18:49:39,Everything how cover threat education back.,2,4.4,2312
6914,2025-01-13 17:21:16,Power top send night game fill.,4,3.6,5684
6915,2025-09-21 23:21:07,Manage admit reality production trouble.,3,4.2,6394
6916,2025-03-30 23:10:20,Standard fear where interview.,4,3.3,6230
6917,2025-08-15 14:44:06,Bank run poor throughout strategy control quite.,4,4.6,4205
6918,2025-10-18 15:15:30,Too industry hospital person trip more walk.,5,3.9,6280
6919,2025-06-02 03:43:23,Service quickly center trouble.,3,3.7,6728
6920,2025-04-16 03:24:46,Meeting hospital table bag.,3,4.6,7913
6921,2025-05-13 14:58:42,Or read add gun.,5,3.6,2498
6922,2025-07-28 14:55:17,Us note Congress.,1,4.3,2123
6923,2025-01-12 12:25:50,Tax answer view official stay.,2,4.0,8466
6924,2025-04-09 19:08:06,Ground win shoulder stage step we discover.,4,3.2,80
6925,2025-04-18 20:35:53,Everything meet general many send.,5,4.8,9942
6926,2025-02-23 13:01:58,Green push understand better report amount decade.,1,4.0,1232
6927,2025-04-05 17:20:51,Baby short minute low identify.,4,4.1,6957
6928,2025-04-05 04:54:34,Civil reveal decide camera our information.,2,3.4,4494
6929,2025-05-12 09:23:31,However nor take explain such Republican.,1,4.2,5831
6930,2025-03-26 12:59:25,Skin admit agreement any.,2,4.7,3568
6931,2025-04-24 21:45:59,Read defense police current shoulder good.,2,3.2,7014
6932,2025-05-05 12:46:14,Parent authority sit live guy who.,1,3.4,3954
6933,2025-11-22 04:33:52,Matter compare practice catch radio.,4,3.6,3095
6934,2025-10-10 01:46:02,Eight benefit Congress paper thousand.,4,4.6,9448
6935,2025-07-09 15:06:06,Group office firm father less effort only professional.,5,3.8,2754
6936,2025-08-10 18:59:34,About peace common speech think research.,1,3.4,123
6937,2025-01-18 17:16:37,Summer production truth realize most.,3,4.7,734
6938,2025-07-01 18:38:28,Man machine article eat.,2,4.0,9845
6939,2025-07-28 00:38:34,Help think early involve water.,1,4.7,3385
6940,2025-06-06 13:31:41,Hear choose Mr nice space.,4,4.8,7779
6941,2025-08-20 14:32:53,Blue agree treatment threat impact.,5,4.3,1181
6942,2025-02-20 21:25:32,Possible song ball anyone book amount compare.,1,4.6,7120
6943,2025-08-09 09:17:46,Him discussion continue back minute field.,3,3.6,2800
6944,2025-06-28 12:19:51,Wish do for idea race somebody.,3,3.2,7928
6945,2025-05-07 05:29:31,Keep if step head.,4,3.4,7792
6946,2025-03-20 18:04:22,Magazine Democrat turn almost state.,2,4.9,7605
6947,2025-09-22 03:23:03,Have also fish deal administration positive although.,4,4.7,1976
6948,2025-04-27 17:12:17,Trip positive senior friend seek my.,1,3.5,4230
6949,2025-10-20 04:53:26,Wear billion do large history because.,3,4.8,3787
6950,2025-08-16 23:26:57,Class pretty character ask black whether near.,5,4.5,8862
6951,2025-03-01 21:17:53,Evidence change tough less kitchen son third.,2,4.9,6110
6952,2025-03-06 15:23:13,By world back back beat success.,1,3.1,801
6953,2025-09-20 19:00:34,Young total example man.,2,3.8,9839
6954,2025-04-08 13:16:40,Draw member soldier people lawyer food true.,3,4.9,9467
6955,2025-06-28 08:20:57,Most whatever question her until.,1,3.0,7009
6956,2025-05-06 23:02:52,Fish long ask join seek move.,4,3.3,3809
6957,2025-04-29 14:16:25,Still chair reveal Congress.,1,5.0,8106
6958,2025-04-06 16:02:26,Wide but firm citizen research social.,5,4.4,9710
6959,2025-08-16 03:02:26,Need to still window center my many song.,5,3.8,2939
6960,2025-03-01 02:24:57,Start defense hot night policy.,5,3.9,4540
6961,2025-06-22 11:17:31,News customer citizen teacher yard beautiful coach.,2,4.8,1479
6962,2025-01-14 07:45:04,Phone beautiful kitchen do store.,5,5.0,9900
6963,2025-06-03 01:15:44,Second whether product gas road attorney.,4,3.9,9657
6964,2025-03-30 11:36:55,Information put although most.,5,4.6,9810
6965,2025-06-30 06:54:27,Image federal wear create sing.,2,4.0,4338
6966,2025-10-12 03:01:35,Mother get rich continue whom assume with decade.,4,3.1,7755
6967,2025-11-16 14:47:40,Else scientist people head.,1,4.9,9342
6968,2025-01-14 15:33:17,Full its quality five style six pass size.,1,4.2,8340
6969,2025-10-10 22:03:32,Individual step seem be child attention.,4,4.5,5803
6970,2025-03-28 11:11:51,Executive whether imagine authority street begin.,5,4.3,3650
6971,2025-02-20 23:04:42,Sound responsibility five they skill.,4,3.2,2010
6972,2025-05-04 18:29:20,Growth increase bank for perform.,4,4.1,1118
6973,2025-05-04 15:39:06,Spring themselves take until kid sign.,4,4.5,3261
6974,2025-03-12 13:45:05,Suffer catch citizen suddenly PM short life message.,2,4.8,9066
6975,2025-01-01 09:47:21,Ground see continue born.,5,4.6,4154
6976,2025-11-14 13:50:22,Floor remain hair own certain eight maybe information.,4,3.7,818
6977,2025-02-04 23:15:44,Manage show do if some.,1,3.8,2785
6978,2025-11-04 18:00:04,Impact think here fish avoid rich along.,2,3.2,8719
6979,2025-11-15 08:56:47,Situation phone act north.,1,5.0,9136
6980,2025-02-25 21:35:52,Door weight imagine.,1,4.0,9112
6981,2025-10-27 13:37:56,Art indicate approach company rest near.,5,4.4,5691
6982,2025-06-21 09:14:30,Crime election crime person both among painting.,2,4.9,5503
6983,2025-07-13 05:54:27,Direction part street simply.,4,4.0,1287
6984,2025-11-17 02:12:53,Possible hope must through series own language.,5,3.5,1326
6985,2025-03-23 06:44:29,Election trial trouble either trial guy soon.,3,4.7,1240
6986,2025-08-08 08:24:19,Almost job class next yourself sit eye.,1,3.2,3778
6987,2025-01-22 03:44:03,Bed add true son part.,2,4.9,1999
6988,2025-04-12 03:33:48,Generation they guess recent street also.,4,4.1,882
6989,2025-03-10 10:45:08,Nation establish better size forward.,5,3.6,5192
6990,2025-06-30 23:57:37,Down catch manage identify memory type start program.,2,3.1,370
6991,2025-07-27 03:55:25,Place someone computer other race.,1,5.0,3567
6992,2025-08-09 09:34:13,Mr question experience can bar.,5,3.6,7357
6993,2025-02-20 11:56:27,Maybe or as despite.,1,3.9,5801
6994,2025-04-22 16:02:05,Green he responsibility line act Republican.,3,4.2,8229
6995,2025-03-18 11:43:14,Rock positive stage head better.,4,4.9,6132
6996,2025-03-06 13:31:04,Affect choice beautiful.,1,3.6,1922
6997,2025-07-30 07:04:05,Ahead compare room group hundred.,1,4.9,9733
6998,2025-02-23 05:54:41,Ever especially education girl everything trip.,1,3.4,4039
6999,2025-07-19 01:12:05,Base wrong room nearly quality.,1,3.4,4876
7000,2025-01-29 14:04:55,Statement maybe floor north everything American.,2,4.3,9190
7001,2025-01-27 13:09:56,None true watch nothing.,1,4.7,3689
7002,2025-08-09 15:45:51,Message hit development letter approach.,3,4.4,5893
7003,2025-08-17 06:52:37,Avoid in fish husband our far.,3,4.2,4033
7004,2025-05-31 03:24:04,Series four nice ago personal lawyer nation spend.,3,4.3,2320
7005,2025-03-16 08:12:53,Effect particularly event low news.,2,4.2,836
7006,2025-01-07 21:50:48,Prevent against bill practice trouble modern.,4,4.3,479
7007,2025-03-27 20:37:19,Available gun check current ability mention.,4,4.8,1523
7008,2025-10-06 19:57:01,Nearly both once sort no.,4,3.7,4237
7009,2025-05-26 08:07:43,Drive window action least.,5,3.2,7436
7010,2025-10-11 22:29:33,Activity again help pattern.,1,4.8,5137
7011,2025-05-05 03:43:24,Not nation level wish half society.,2,3.1,8567
7012,2025-10-25 12:20:55,Assume box region know.,2,3.2,5324
7013,2025-04-14 23:38:27,One parent spend build.,4,3.5,5975
7014,2025-06-03 11:49:10,Skill six treatment group.,5,3.5,1507
7015,2025-05-23 23:05:21,Seek attack pick represent success behavior experience.,1,4.8,982
7016,2025-08-26 12:41:50,Look tax thank author I single voice.,2,3.7,6140
7017,2025-02-25 11:39:27,Her bar whose think public mean chance.,4,3.3,2067
7018,2025-08-26 08:28:55,Usually lead have data.,1,3.3,9259
7019,2025-02-04 17:04:44,Fill from news officer debate month time information.,2,4.0,1168
7020,2025-01-10 02:38:22,Citizen leg force network opportunity experience still.,3,5.0,7487
7021,2025-10-25 11:57:40,Number you option training type.,4,4.9,7245
7022,2025-10-22 23:48:12,Six real must set avoid set.,1,3.1,5364
7023,2025-07-26 16:29:19,Stay month thus hair short ability.,1,4.4,3407
7024,2025-01-06 15:57:13,Paper your budget.,2,4.2,3498
7025,2025-10-20 02:18:27,World research boy president stuff international because speech.,4,3.4,6204
7026,2025-04-29 12:12:27,Bring security specific TV.,1,3.3,7816
7027,2025-04-10 07:17:33,Enjoy he difficult lead that leave business.,3,3.0,9876
7028,2025-09-01 04:16:17,Sort along that particularly act may respond.,1,3.4,4107
7029,2025-04-15 06:29:51,Attack already until try.,1,3.8,4794
7030,2025-09-15 00:56:49,Street without wear.,2,3.4,8545
7031,2025-08-14 04:17:24,Effort society find sister girl teach feel whatever.,4,4.0,8646
7032,2025-02-21 06:55:10,Range figure reduce she community list treatment.,5,4.9,5288
7033,2025-06-20 07:03:54,Understand he plant personal.,1,4.7,2303
7034,2025-09-25 17:51:29,Executive course her line dream.,3,3.5,9722
7035,2025-06-05 20:34:11,Show very public visit year apply series.,2,3.2,1892
7036,2025-05-07 10:03:17,You bar election carry east game under.,4,4.9,4307
7037,2025-02-12 18:06:32,Seven certain entire step ahead machine recent.,1,3.4,3313
7038,2025-03-25 23:01:52,Say record policy their ability former out.,3,4.9,2914
7039,2025-08-19 16:45:36,Cause glass lose production month group some.,4,3.1,9406
7040,2025-03-19 19:38:20,Head other side school guy sell.,1,4.0,7660
7041,2025-04-04 11:02:20,Write American current care one activity or.,3,4.3,3577
7042,2025-06-24 13:18:58,Home hear purpose here.,4,4.6,7299
7043,2025-06-08 16:44:41,Deal so body want husband word.,3,4.5,3288
7044,2025-02-09 05:39:18,Must base father leave.,4,3.4,3476
7045,2025-11-06 01:36:15,Successful pay Republican itself.,2,4.3,709
7046,2025-07-05 18:20:43,Do force customer per under.,3,3.7,9079
7047,2025-11-09 09:49:10,Now state attention lawyer former approach.,3,4.9,887
7048,2025-06-21 11:00:59,Such suddenly husband.,3,3.8,3119
7049,2025-05-21 23:54:42,Oil pick successful open cost economic including camera.,5,3.7,299
7050,2025-11-12 12:51:37,Purpose understand new police fear TV who.,5,3.2,246
7051,2025-06-22 09:13:32,Explain us often soon.,5,4.2,3261
7052,2025-08-24 02:50:26,Sit manager five enjoy evidence prepare.,2,4.8,9835
7053,2025-05-13 20:35:08,Glass visit view sit evidence whole.,1,3.3,8259
7054,2025-01-12 21:01:03,At rule serve chair.,4,4.0,2052
7055,2025-03-06 21:08:55,Brother parent inside others fight no either.,5,4.0,8006
7056,2025-02-28 08:54:09,Somebody account not door world hard ball.,3,4.8,4131
7057,2025-01-26 02:45:27,Safe great increase eat reason threat require.,3,4.7,5549
7058,2025-05-17 10:52:30,Understand table moment push allow market.,3,3.4,9740
7059,2025-01-06 12:17:42,Ground someone card.,4,5.0,6024
7060,2025-02-15 05:50:37,Measure let check responsibility enter specific benefit free.,4,4.8,9595
7061,2025-10-10 18:59:44,Person office plan town what at.,4,3.5,7303
7062,2025-05-01 13:26:21,Feeling garden drug knowledge.,2,4.7,1577
7063,2025-09-23 06:01:21,Century ground class.,2,3.8,1294
7064,2025-05-10 10:11:50,Effort middle fine table purpose between size visit.,5,4.0,4385
7065,2025-04-23 16:22:24,Her particular kid morning.,5,4.1,7355
7066,2025-09-09 16:02:14,Us family financial range space college benefit.,5,4.8,7061
7067,2025-10-04 22:34:17,Market system whatever.,2,5.0,2033
7068,2025-08-02 06:15:56,Film himself quite.,5,4.0,863
7069,2025-08-03 22:06:05,By both maybe.,4,3.1,2844
7070,2025-04-13 08:01:35,Successful military else about.,3,4.8,7635
7071,2025-01-27 11:21:25,Effect like foot cost provide.,5,3.4,2342
7072,2025-03-17 06:57:38,Young event customer that paper above.,1,3.1,8734
7073,2025-08-11 19:41:49,Agree camera authority stay never gun front.,3,4.3,7692
7074,2025-06-27 01:56:12,Cover today why free whether.,3,4.9,5728
7075,2025-03-27 14:58:18,State vote security particular truth.,2,3.9,4656
7076,2025-05-28 03:56:30,Behavior after reveal citizen general brother order.,3,3.8,9539
7077,2025-10-13 02:56:47,Threat son stay wish party society course.,1,3.7,9134
7078,2025-03-16 19:26:57,Every discuss information difference girl.,2,3.1,9518
7079,2025-07-20 18:45:34,And here specific event five.,5,3.0,8387
7080,2025-03-28 15:26:19,Price conference recognize marriage always may above world.,4,4.3,210
7081,2025-07-24 14:52:39,Across film reveal town relate.,4,3.7,5218
7082,2025-08-26 21:23:00,Price life hour offer better water.,5,3.3,7524
7083,2025-05-11 15:34:24,Decide prevent for accept president.,3,4.4,4066
7084,2025-03-10 10:36:18,Sport finish show week respond defense accept approach.,4,3.0,9510
7085,2025-03-17 02:30:37,Position draw term center ask.,2,4.5,3016
7086,2025-09-20 00:25:03,In range action open employee arm point sound.,2,4.4,7531
7087,2025-06-15 08:00:35,Notice break still.,3,4.1,7586
7088,2025-03-23 09:51:52,Decide Democrat child catch.,1,3.8,9476
7089,2025-06-05 06:15:51,Throughout argue trouble important prove nation.,1,4.4,9527
7090,2025-05-10 21:26:31,Begin else use author purpose.,3,4.9,5755
7091,2025-10-03 22:56:43,Present return north TV.,3,4.1,5801
7092,2025-11-09 22:52:32,General news bank himself sister deal.,5,4.9,7726
7093,2025-03-25 02:24:58,Baby do many television gun.,3,4.4,424
7094,2025-07-10 18:18:59,Life ask these.,1,3.9,3623
7095,2025-09-24 19:26:12,Indeed put experience stop keep stuff wife.,1,4.7,2481
7096,2025-07-17 20:55:02,Too rate professor.,5,4.3,6421
7097,2025-03-26 22:08:34,Happy director south in professor financial.,1,4.8,3216
7098,2025-04-04 09:50:02,Stage market enjoy paper market property bring.,5,4.7,4104
7099,2025-03-13 17:44:50,Go even whole.,3,4.4,766
7100,2025-11-18 21:25:57,Little anyone here sort director course.,5,3.9,8076
7101,2025-01-30 19:21:32,Change end gas window.,2,3.3,3654
7102,2025-11-13 14:52:44,Only staff rock rather happen difficult face.,1,3.0,2519
7103,2025-05-12 01:32:15,Spring democratic record ball nature.,2,4.2,5557
7104,2025-01-02 00:24:50,Old pretty knowledge happen call collection.,4,4.1,4401
7105,2025-10-10 21:14:26,Near throughout including state plant.,1,4.0,9798
7106,2025-09-30 07:27:06,Kind start black billion professor.,1,4.9,9305
7107,2025-02-01 11:23:56,General about major why final security bar.,5,4.9,870
7108,2025-09-27 19:15:01,Traditional join knowledge type word marriage sound.,4,3.1,1126
7109,2025-09-06 09:37:18,Brother minute certain better green.,3,3.3,6521
7110,2025-03-28 01:06:11,Movement assume know current poor most development.,3,3.3,4502
7111,2025-09-21 03:39:41,Voice new serve away ahead.,4,5.0,1166
7112,2025-01-12 03:08:13,Bill unit figure.,1,4.9,8456
7113,2025-06-22 09:15:21,Along many cell reach.,5,4.3,705
7114,2025-10-07 23:11:25,Brother question happy side general.,1,4.0,6371
7115,2025-10-14 06:45:54,Four toward animal phone of.,2,4.8,298
7116,2025-01-17 20:43:29,Past different final phone.,2,4.6,5445
7117,2025-04-29 15:55:58,Age whom high hope professional just.,5,4.6,7227
7118,2025-06-15 12:18:04,Go move personal age start play mind.,5,4.4,8276
7119,2025-08-27 04:28:22,Since so person cultural decade operation us.,4,3.1,7002
7120,2025-01-20 02:53:47,Less decade party team pick heavy there.,1,4.6,718
7121,2025-07-11 23:08:10,Yeah security possible senior.,4,4.8,6199
7122,2025-04-21 02:22:07,Force environment light those option paper tax.,2,4.8,2265
7123,2025-05-16 16:44:25,Production tonight analysis miss easy similar sound.,3,4.9,1590
7124,2025-10-05 12:31:35,House deep fall especially reality personal.,1,3.4,3806
7125,2025-03-22 15:26:41,Learn team say imagine cold hard paper.,1,4.9,4189
7126,2025-06-28 16:43:42,Try sport similar example.,2,4.5,5657
7127,2025-02-16 07:14:13,Note response try front chair rate prove spring.,3,3.0,361
7128,2025-05-19 10:36:48,Thank yes happen result during situation.,4,4.1,7486
7129,2025-05-09 17:27:29,Technology work girl detail control place clear.,4,3.3,6609
7130,2025-03-23 10:41:45,Smile sort factor during read only daughter middle.,4,3.7,1786
7131,2025-03-06 04:12:46,Alone section guess reality receive.,2,3.8,840
7132,2025-10-27 00:14:16,Place true win seat power building.,1,4.0,3888
7133,2025-06-06 00:51:39,Result mention human tend force specific forward who.,5,4.4,7298
7134,2025-06-05 13:20:56,Hospital Mrs building lead red rest pass.,4,3.3,4691
7135,2025-11-17 09:26:56,Woman amount art account sport.,1,3.5,137
7136,2025-08-04 07:43:44,Prove between federal while attack cup.,3,4.5,8529
7137,2025-07-15 00:21:58,Rather thought traditional their mother game cut.,2,4.5,3162
7138,2025-03-10 05:36:48,Certainly law serve remain attention.,4,3.6,8619
7139,2025-09-02 00:23:35,Father news my center.,1,4.4,8462
7140,2025-01-16 19:10:08,Often wrong author option maintain most.,5,3.6,5631
7141,2025-05-08 20:13:51,Prepare maybe history capital heavy.,1,4.1,4928
7142,2025-07-09 08:56:18,Follow hair feel nice music impact.,2,3.9,3121
7143,2025-06-07 06:48:42,Peace practice pattern up fine explain.,3,4.3,2011
7144,2025-10-23 04:34:05,Contain majority buy sit case bank.,4,4.6,8845
7145,2025-09-18 03:15:28,Case eight range decide avoid.,5,3.6,7993
7146,2025-05-16 01:53:37,Campaign woman artist parent.,3,4.6,389
7147,2025-06-01 21:06:05,Sing big small find room.,1,4.5,4395
7148,2025-03-22 22:20:09,Address police arrive win drug couple.,1,3.1,4142
7149,2025-06-01 08:16:15,Suffer now head join however.,2,4.8,794
7150,2025-05-08 01:59:41,Note grow inside now general.,3,4.5,4115
7151,2025-01-15 20:55:07,Risk firm budget bill performance per particularly.,1,4.8,5465
7152,2025-11-04 13:20:19,Marriage once American would major wide charge speak.,5,4.0,77
7153,2025-02-25 15:06:24,Order serious television behind.,2,3.5,6740
7154,2025-04-01 17:15:36,Try quite would down.,2,4.3,298
7155,2025-05-08 13:27:52,Boy kind ten cover buy.,3,3.4,5981
7156,2025-10-17 01:11:31,Product region themselves night tax.,4,3.3,2558
7157,2025-05-28 09:26:34,Policy to our interest decade if.,1,4.4,9697
7158,2025-09-10 13:29:12,Computer probably nearly through.,4,4.0,384
7159,2025-05-30 02:45:16,Cell worry ask else mission first appear.,2,3.7,6502
7160,2025-01-14 13:57:04,Often sit enjoy discover get describe.,1,3.0,6328
7161,2025-04-08 13:54:21,Any speech member night feeling.,3,3.1,9249
7162,2025-11-06 21:54:00,Close wall modern on type.,3,3.9,4912
7163,2025-08-03 01:33:46,Camera visit middle Democrat.,2,3.1,488
7164,2025-02-25 23:58:29,Drive worry environment consumer.,3,3.9,92
7165,2025-04-10 01:30:42,Situation effort PM Mr foot oil.,3,3.2,9540
7166,2025-05-30 08:30:21,Account parent door once enjoy.,4,4.4,3987
7167,2025-08-13 21:35:58,Beyond draw last prepare.,5,3.1,5360
7168,2025-02-06 01:21:51,Position first oil place family become save.,1,4.3,6681
7169,2025-04-18 14:37:31,Easy may very address rather.,5,3.5,1590
7170,2025-01-22 23:49:41,Participant likely sense.,5,3.7,4633
7171,2025-08-01 14:06:22,Base or range decade heavy each.,2,4.8,4129
7172,2025-09-30 23:01:31,Campaign along toward member hotel price.,3,3.1,6938
7173,2025-05-12 09:50:17,Fact cause color really this.,1,4.8,3215
7174,2025-03-22 11:42:14,Store field system per institution feel east.,2,3.5,8116
7175,2025-02-09 04:57:33,Watch yes necessary term word.,2,4.6,5431
7176,2025-03-09 00:45:19,Most actually agree mention hour me.,1,4.0,5385
7177,2025-07-07 05:54:10,Dog pick customer city near.,1,4.7,2113
7178,2025-08-26 17:29:29,Improve nation effect where.,3,3.4,3793
7179,2025-03-04 21:38:58,Arrive else share must where mind.,3,4.1,3082
7180,2025-02-27 08:12:37,Rock others cover professional camera cup.,3,3.5,5757
7181,2025-10-07 19:28:50,Industry trade what visit Mrs.,1,4.6,8250
7182,2025-09-14 15:59:21,Partner bank among hot seem inside.,5,3.8,5213
7183,2025-02-28 09:19:34,Not run time listen perhaps moment special.,3,3.4,6540
7184,2025-01-26 20:31:37,Yet would drug avoid alone.,2,3.2,6307
7185,2025-03-05 18:28:42,Shoulder staff star career evidence story letter.,2,4.0,5355
7186,2025-10-08 01:37:19,Give detail response I about pick security again.,1,4.9,2739
7187,2025-04-08 18:54:04,Recognize administration time career sister.,4,4.0,2269
7188,2025-09-23 17:26:47,Recognize commercial activity oil.,1,5.0,5568
7189,2025-05-07 16:09:00,Little director guy show option.,5,4.4,1931
7190,2025-03-15 20:50:58,Point career show skill effect cut radio.,5,5.0,7343
7191,2025-08-27 14:50:33,That more against approach.,4,3.4,148
7192,2025-07-13 12:24:39,Evidence their something choice city.,3,4.3,9301
7193,2025-06-22 17:22:40,Drive society back move subject.,5,5.0,6034
7194,2025-08-16 13:53:10,Site commercial unit.,3,4.0,8522
7195,2025-06-02 11:49:53,Close exist science learn century free.,5,3.9,1735
7196,2025-07-21 21:44:40,Place address man teacher company.,2,4.5,9828
7197,2025-09-17 21:45:13,Quite scene likely defense national many.,4,3.0,2969
7198,2025-07-26 06:36:56,Fish century those white top.,5,3.6,6214
7199,2025-09-22 07:28:13,However bag pass section bad.,2,3.1,2076
7200,2025-01-08 12:21:48,Resource wish laugh bag general behind debate.,5,4.1,6991
7201,2025-11-03 10:16:18,Director your those energy despite south bit.,3,3.3,4698
7202,2025-02-19 09:43:32,Government key high.,2,3.1,279
7203,2025-05-17 13:40:56,Company home nearly former energy.,5,4.5,6294
7204,2025-06-09 11:43:24,Support fly little turn.,2,3.6,70
7205,2025-03-07 16:54:16,Congress wrong newspaper former position increase article brother.,3,4.0,4905
7206,2025-08-04 19:01:54,Show move magazine manage.,2,3.3,1744
7207,2025-08-17 20:35:13,Nature strong fish six customer team.,3,3.7,4341
7208,2025-09-30 22:37:18,Score short then every.,2,3.7,9346
7209,2025-03-30 22:42:11,Parent only seem generation.,1,4.7,5676
7210,2025-07-12 06:19:15,Enjoy deep big fund action.,2,4.8,5880
7211,2025-05-09 11:08:28,Attorney father machine beautiful.,1,3.3,8549
7212,2025-06-28 11:53:06,Before crime network natural high practice.,4,3.6,8292
7213,2025-02-22 18:01:53,Material leg total yes.,1,3.8,3685
7214,2025-10-18 09:28:30,Speech assume happen never myself day stuff.,3,4.8,2144
7215,2025-03-22 09:13:18,Go bar sport five or.,5,5.0,2396
7216,2025-03-23 18:38:58,Receive room century sister must consider across.,2,4.5,3431
7217,2025-06-23 00:43:43,Many follow meeting point year.,4,3.8,3808
7218,2025-06-13 02:23:47,Unit hospital bank main rule.,4,4.2,125
7219,2025-05-23 04:18:08,Myself particularly activity science.,3,4.5,1822
7220,2025-05-09 00:01:12,Eye whole evidence heart as term rise.,1,3.9,8512
7221,2025-04-02 10:33:19,Traditional protect cultural benefit.,3,3.7,9785
7222,2025-09-19 21:47:48,Respond often per manager shoulder.,4,4.8,4138
7223,2025-09-25 19:26:06,According service my rich herself could.,2,4.1,8011
7224,2025-02-03 13:17:02,Management live network different.,4,4.3,1385
7225,2025-08-07 02:27:27,Baby hand from exactly here.,2,4.0,1548
7226,2025-05-30 13:53:46,Stop firm move with.,2,4.5,2206
7227,2025-02-08 08:24:40,Use wide rest interview.,5,4.6,3319
7228,2025-07-15 04:00:29,Drop nice green tend talk.,2,4.1,1109
7229,2025-10-10 05:53:57,Act then week your born yes lot.,3,4.9,7865
7230,2025-07-24 03:37:36,Off seem school son difference moment.,3,4.5,6588
7231,2025-09-20 21:39:05,Environmental just course fact society herself worker.,5,3.3,5467
7232,2025-02-01 15:28:49,Compare fear least near child ground go.,3,4.6,3553
7233,2025-07-16 21:26:46,Picture speech organization eye subject.,3,4.3,9738
7234,2025-07-11 03:14:34,Table kind begin have.,5,3.8,4578
7235,2025-03-24 19:49:50,Reason popular manager whether.,4,3.0,1324
7236,2025-10-28 10:40:11,Specific expert industry.,5,3.9,2157
7237,2025-04-10 01:21:02,Center point common couple course just level.,1,4.4,1618
7238,2025-01-20 02:54:29,South lawyer plan so your time.,3,4.3,2955
7239,2025-10-01 02:51:28,Huge after know drop.,3,4.7,8569
7240,2025-05-13 08:50:25,Event happen television figure bad.,1,4.4,3344
7241,2025-08-26 09:01:37,Produce box instead stage role physical perform though.,3,4.5,2425
7242,2025-11-24 01:27:26,More rate understand usually forget vote laugh.,3,4.1,9141
7243,2025-07-18 14:18:14,Keep away commercial know only plant themselves.,4,3.2,4050
7244,2025-01-19 22:57:21,Test with over.,2,3.3,7884
7245,2025-02-13 12:06:12,Smile education third minute.,2,4.7,8938
7246,2025-09-22 09:26:50,Report if majority age enough.,3,3.1,5934
7247,2025-06-28 17:41:45,On question discussion the.,5,3.1,6165
7248,2025-06-14 09:08:20,Provide financial listen sound its whom most.,1,3.9,5495
7249,2025-01-15 10:52:00,Want quite wife camera.,3,4.5,5234
7250,2025-08-01 07:51:59,Stock girl money doctor.,1,4.0,2734
7251,2025-10-02 05:02:26,Because performance speak treat hold ago.,4,3.8,3507
7252,2025-05-20 09:40:05,He situation in drive system kind free.,5,4.7,3928
7253,2025-03-19 05:55:57,Simply lot star nor.,2,4.0,8343
7254,2025-10-09 15:21:21,People leader again from various.,5,4.7,1843
7255,2025-01-05 14:01:39,Health water debate something moment member both.,4,4.1,3750
7256,2025-11-03 10:09:57,Return close hair run raise popular low.,5,3.1,6221
7257,2025-02-17 20:19:15,Responsibility successful forget many continue Democrat standard phone.,1,4.3,3240
7258,2025-05-16 14:24:29,National person sing significant.,2,3.3,9608
7259,2025-02-25 20:39:32,High painting figure.,4,4.6,9376
7260,2025-11-21 14:31:15,Politics remember evening trouble billion.,4,3.8,580
7261,2025-01-24 12:50:11,Impact couple address again style suddenly.,3,4.1,7539
7262,2025-05-28 08:45:17,Game road clearly end I room.,2,4.7,9119
7263,2025-02-20 10:42:06,Available company system can condition yourself though.,3,4.0,4855
7264,2025-01-05 23:41:14,During huge these election worry investment appear.,1,4.0,1376
7265,2025-09-20 16:01:43,Today sister special behind billion push.,5,4.9,777
7266,2025-01-17 02:04:02,Deep safe appear former to garden.,3,4.3,7400
7267,2025-03-13 11:13:56,Man pick think.,2,4.4,2950
7268,2025-08-18 10:24:50,Provide can happy yeah.,4,4.8,6660
7269,2025-04-02 19:38:25,Employee may decision these.,1,4.5,7102
7270,2025-01-07 19:44:56,Far responsibility glass by accept protect down bed.,4,4.0,5041
7271,2025-10-19 11:26:43,Dog education class year.,3,3.8,9568
7272,2025-05-19 19:56:33,Action other rest try type watch.,3,4.2,2707
7273,2025-01-06 19:54:14,Question fire ground economy itself.,4,4.9,9770
7274,2025-03-10 01:08:26,History understand serve let common new.,5,4.1,7336
7275,2025-03-23 00:53:23,Foreign recently start visit.,4,4.7,684
7276,2025-06-07 08:23:02,Important industry shoulder piece scientist politics.,2,4.8,2984
7277,2025-11-19 02:38:03,Window history relate much professional.,2,4.1,1750
7278,2025-02-07 03:53:30,Both yard go.,4,3.7,3523
7279,2025-08-12 13:49:01,Hotel impact leg deal product seek.,3,4.6,5360
7280,2025-07-03 23:02:21,Politics actually daughter water still produce.,1,4.3,1254
7281,2025-09-18 04:43:53,Today spring production maybe citizen always.,1,3.5,4544
7282,2025-10-14 12:52:12,Hold weight develop raise free tax though.,3,4.6,1634
7283,2025-08-31 04:14:20,Method wonder matter both.,1,4.0,4460
7284,2025-09-12 04:46:00,Support maybe gun reach success energy only.,4,5.0,4163
7285,2025-04-23 11:39:48,Example tend force Democrat structure prove though.,4,3.0,8287
7286,2025-01-08 10:09:58,Allow year so western do.,4,4.2,7006
7287,2025-01-03 07:50:27,Feeling feel plant art often option product.,2,3.8,8772
7288,2025-04-09 17:32:22,There law report thus.,2,3.5,139
7289,2025-11-15 19:18:55,Improve bill live sure southern know message fund.,5,4.5,2877
7290,2025-11-19 14:30:19,These meet machine center daughter represent.,4,3.2,1102
7291,2025-10-13 12:42:31,Service rate church western until hospital western.,4,4.4,6322
7292,2025-05-14 23:26:16,Life offer hospital need growth fall thought answer.,1,3.3,10
7293,2025-10-12 10:35:21,Window show tell pick night themselves democratic.,4,3.1,1268
7294,2025-04-22 04:14:42,Republican especially adult exist bag billion across I.,5,4.3,613
7295,2025-01-11 05:59:47,Defense series protect all.,5,4.9,3055
7296,2025-11-02 04:27:47,Happy his four total financial.,5,4.4,3751
7297,2025-11-10 21:19:07,Face can sit research open.,3,3.7,2000
7298,2025-10-15 02:59:07,Prevent traditional someone yeah film.,5,3.2,3966
7299,2025-08-13 03:24:06,Media available including alone quality red employee research.,2,4.3,5019
7300,2025-04-04 04:06:02,Music very beautiful television why fight throughout.,1,3.5,5915
7301,2025-07-11 11:07:04,Moment drug plant war.,5,3.6,7951
7302,2025-01-03 22:56:47,Summer tax discussion strategy subject.,4,3.9,9811
7303,2025-05-02 07:11:36,Just six agency simple hope.,5,3.1,818
7304,2025-03-11 02:49:15,Usually particularly final movie yes ahead.,1,3.3,1464
7305,2025-08-13 15:33:30,Quality money bad point issue unit.,5,3.4,4536
7306,2025-10-10 09:53:08,Understand require visit science tough perform month.,5,3.5,7435
7307,2025-08-06 20:20:35,Imagine yet agent true anyone side.,2,4.9,6267
7308,2025-04-16 03:54:44,Ability represent give animal me might just.,5,4.1,9431
7309,2025-03-14 00:09:34,Support tell within explain.,2,3.5,7515
7310,2025-07-23 17:43:37,Idea fall process development now none main.,4,4.0,191
7311,2025-02-19 18:41:33,Young affect old student friend be other.,2,3.7,1232
7312,2025-08-10 15:50:30,Southern summer under painting president couple on.,4,4.4,3241
7313,2025-10-23 17:01:38,Indicate best position probably.,1,4.3,50
7314,2025-03-04 06:10:19,Guess above how American between some.,3,3.7,9557
7315,2025-04-05 08:23:44,Already government road country pay.,4,3.8,7533
7316,2025-01-24 15:47:45,Many order indeed foreign as which including.,3,4.4,6499
7317,2025-02-05 17:48:42,Forward hot test clear prove evidence analysis.,5,4.9,7814
7318,2025-11-01 13:26:41,Miss door prove lose try full.,3,3.9,924
7319,2025-11-11 04:17:21,Would community out while time because.,2,4.1,8883
7320,2025-10-06 08:50:51,Oil rich day cultural different government just mission.,4,4.8,8185
7321,2025-06-11 08:13:33,Arm technology go easy probably collection month history.,4,3.6,8229
7322,2025-10-13 09:00:25,Nothing successful challenge society.,1,3.4,2296
7323,2025-07-08 06:32:24,Accept never raise.,5,4.8,389
7324,2025-01-18 05:10:41,Season back skin read business hotel edge.,4,4.2,8554
7325,2025-10-27 01:17:16,Pick sign event now several wide evidence.,3,3.8,3758
7326,2025-05-16 06:30:45,Billion trade dream affect may participant bring.,1,3.9,2538
7327,2025-05-11 15:32:17,Special budget once again.,2,4.0,3193
7328,2025-09-30 04:25:15,Choice build she.,1,3.8,5950
7329,2025-11-14 04:53:23,Brother leave exactly indeed here dinner seat.,4,4.8,3813
7330,2025-08-20 20:39:44,With mean recognize step.,1,3.3,7379
7331,2025-04-10 20:27:25,Special her sure in write usually.,4,4.5,2838
7332,2025-10-20 05:08:23,Black usually ready never thought knowledge material.,3,4.7,133
7333,2025-04-16 15:29:23,Order statement myself check whether.,1,3.3,9136
7334,2025-07-28 01:56:28,Strong financial end.,2,3.3,8208
7335,2025-03-03 17:15:09,Four property pretty manager write.,3,4.3,7651
7336,2025-05-22 15:16:54,Budget foreign message another color show happy series.,2,4.9,519
7337,2025-11-03 22:38:19,Situation fill else rock myself commercial bit.,5,3.7,2321
7338,2025-06-21 06:36:43,More street one series security.,2,4.9,5372
7339,2025-03-05 03:42:06,Chance most as would.,1,3.7,6887
7340,2025-05-26 21:39:40,Always scene important arm.,5,4.4,2682
7341,2025-01-03 03:06:13,Sing different her during mother listen color past.,3,4.5,1940
7342,2025-05-21 14:54:20,Rise number cut law woman.,4,3.1,8301
7343,2025-11-11 11:56:14,Somebody do reach give between natural kind.,2,4.8,7632
7344,2025-07-17 19:44:31,Million past reduce society put something pressure.,1,4.3,1156
7345,2025-01-18 13:27:25,Subject number say city tend.,5,4.8,5779
7346,2025-09-18 15:04:41,Stay economic thing imagine old understand style pattern.,4,4.2,8994
7347,2025-11-06 03:16:45,Ask school study result from sure.,3,3.7,8573
7348,2025-09-09 16:43:03,Talk stock memory town nor must.,2,4.2,4946
7349,2025-08-12 09:13:35,Data safe factor school see lead arrive.,2,4.9,805
7350,2025-01-14 17:06:13,A new successful hope modern feel.,4,3.2,5896
7351,2025-10-27 14:37:59,Stand he former risk staff.,1,3.6,8571
7352,2025-07-03 04:32:57,Serve order relate father price.,5,4.2,2409
7353,2025-11-03 02:53:56,Own owner hold become talk phone yeah tell.,2,3.7,8361
7354,2025-10-01 19:18:07,Plan image offer perhaps other.,2,3.7,361
7355,2025-03-31 10:33:11,Short treat edge military.,2,3.5,2258
7356,2025-09-30 17:25:06,Actually how matter nature I.,3,4.4,4094
7357,2025-05-10 16:04:57,Support give want.,4,4.1,9150
7358,2025-02-03 12:36:25,Politics television finally interview himself eye.,3,4.9,7248
7359,2025-05-14 23:52:09,Word positive would four everybody.,5,3.0,7111
7360,2025-01-25 05:03:02,Deal account cost response me effort buy.,4,4.7,4561
7361,2025-02-23 17:48:20,Matter population him determine fire middle many.,3,3.2,8689
7362,2025-03-27 19:30:51,Onto talk save able figure rate large.,2,4.5,1651
7363,2025-04-30 01:17:30,Speak too very couple turn adult play.,1,3.5,7134
7364,2025-04-05 01:37:32,Back various law street let nice.,2,3.3,783
7365,2025-09-05 01:20:51,Himself seven reason role draw material.,5,4.9,5947
7366,2025-07-01 07:04:45,Risk its national town effort.,5,3.0,1269
7367,2025-07-28 15:10:08,Space son sister your.,4,4.5,3058
7368,2025-06-01 11:01:16,Receive event arrive fill about among civil.,3,4.5,1131
7369,2025-04-13 22:03:19,Available city that read language yeah term.,3,3.5,9245
7370,2025-02-15 06:53:44,Close painting when.,4,3.5,7189
7371,2025-03-21 12:53:41,Simple wife door hour edge.,3,3.1,4940
7372,2025-01-13 19:23:51,When question room real.,3,4.8,4955
7373,2025-07-10 00:59:42,Recently increase training establish character.,5,3.2,5297
7374,2025-07-06 04:21:31,Water between which suddenly open visit.,3,3.3,4234
7375,2025-08-17 10:16:57,Us picture reason than.,2,3.9,5571
7376,2025-05-06 17:08:15,We put it send.,5,4.7,6671
7377,2025-02-09 06:12:42,Well century avoid south open stuff.,1,4.2,8081
7378,2025-03-16 14:01:54,Man save road financial second.,4,4.5,8003
7379,2025-05-30 12:36:45,Pressure home month health myself television score sure.,2,3.5,9237
7380,2025-10-28 00:24:19,Window try owner else whether.,4,3.0,9784
7381,2025-07-22 08:35:02,Price everybody agree continue box discussion other.,2,4.9,9400
7382,2025-01-07 10:01:51,Important method loss drive participant his budget another.,5,4.8,707
7383,2025-10-19 03:55:27,Ready similar table knowledge per standard.,1,4.2,5993
7384,2025-06-15 07:16:08,Heavy walk three safe only bank health.,3,4.9,9991
7385,2025-06-26 02:31:05,People child challenge car imagine today.,4,4.5,6884
7386,2025-02-17 15:41:51,Road perhaps share catch staff summer.,1,5.0,6693
7387,2025-02-25 03:12:07,Them offer open skill force either down.,4,4.5,9779
7388,2025-01-06 17:48:02,Stock social art allow the agree which.,5,4.0,8160
7389,2025-08-28 02:18:18,Fast allow behavior go lose beautiful.,1,4.6,4854
7390,2025-07-29 17:51:20,Ever environment summer recently.,5,5.0,1860
7391,2025-02-14 21:33:41,We save north military strong morning.,5,3.4,2569
7392,2025-11-18 13:13:56,Resource relationship evidence.,1,4.0,8010
7393,2025-09-11 00:54:32,Play develop senior.,5,4.4,2153
7394,2025-11-11 22:08:59,Seat worker power strong deep.,3,3.4,5627
7395,2025-04-16 16:12:28,Every woman the check political around sort.,4,4.7,25
7396,2025-02-19 08:31:35,Agree guy trip card market interesting red.,2,4.3,5828
7397,2025-10-18 14:30:26,Admit white game wish though letter.,5,4.0,2815
7398,2025-01-19 19:15:40,Easy several similar.,2,3.6,1726
7399,2025-09-24 12:52:50,Executive protect director campaign.,2,4.1,4097
7400,2025-04-07 08:09:07,Seek beautiful from some heart charge usually.,3,4.6,5218
7401,2025-05-21 22:30:10,Edge management our small national ask management movie.,5,4.4,2363
7402,2025-06-11 14:36:13,Question past exactly beautiful billion.,4,3.0,7129
7403,2025-11-01 22:48:49,Note both her this environment thousand.,2,4.4,4260
7404,2025-07-25 10:52:11,Product history expert name economy.,4,4.4,7522
7405,2025-11-09 04:59:53,Long oil teacher rate in.,4,4.9,9015
7406,2025-11-16 00:20:10,Upon among debate factor.,5,4.8,1789
7407,2025-08-13 22:08:41,Foot decide right involve smile movement.,4,3.1,9379
7408,2025-05-21 17:02:57,Rise have carry everybody.,3,4.2,1890
7409,2025-03-31 10:07:27,Meet establish federal available.,3,4.9,5661
7410,2025-08-27 19:50:13,Word cost ever majority individual.,3,3.1,8656
7411,2025-08-24 11:16:22,Often reason turn too like few interview.,4,4.8,1137
7412,2025-05-01 19:59:39,Money reduce able perhaps school guess computer.,3,4.2,6774
7413,2025-01-11 11:11:29,Life lead tell control provide.,4,3.9,4217
7414,2025-03-22 01:31:40,Issue responsibility floor begin onto.,2,3.6,1845
7415,2025-02-02 17:16:46,Magazine safe wrong hear military.,3,3.1,6718
7416,2025-02-19 03:28:56,Easy price college cut.,4,3.9,2248
7417,2025-05-16 03:16:46,It before bit writer better financial once theory.,2,3.6,7871
7418,2025-07-23 14:08:48,Back sort course value example.,2,4.6,3351
7419,2025-06-27 01:18:30,Hear perform the effort.,2,4.9,5068
7420,2025-02-16 07:24:26,Feel on indicate Mr some which.,3,3.5,3291
7421,2025-05-25 19:13:38,Upon finish bed stock name reality.,4,4.3,7504
7422,2025-08-24 20:35:30,Material threat reveal region.,4,3.7,4423
7423,2025-08-28 02:06:57,Manager figure order politics chance.,3,3.8,9913
7424,2025-08-06 23:39:46,Next everything figure special first despite official he.,2,4.5,2807
7425,2025-06-01 14:28:50,Also expect few white day.,3,4.8,387
7426,2025-01-18 08:36:47,Quickly support would consider.,5,5.0,9861
7427,2025-07-12 04:48:11,Evening represent career.,2,3.6,3386
7428,2025-06-14 09:26:52,Republican design TV herself especially other front.,2,3.1,3471
7429,2025-07-21 01:06:01,Past visit table level nor us type tonight.,4,3.3,5921
7430,2025-11-23 00:29:49,Allow computer quite couple.,2,4.0,1653
7431,2025-04-17 16:24:47,I benefit figure happy.,3,3.3,2808
7432,2025-08-31 11:33:42,Low leader traditional cell physical series.,5,3.2,7236
7433,2025-09-29 05:54:42,Fly pick short down box time great.,3,3.7,2723
7434,2025-06-11 23:02:17,Start clearly five relationship close.,4,3.7,8148
7435,2025-07-09 10:58:44,Professional identify glass sure.,4,4.7,6813
7436,2025-09-30 16:21:59,Resource weight she believe.,2,4.0,2319
7437,2025-04-06 16:15:04,Fill choose only wait successful college kid.,4,4.7,8189
7438,2025-07-15 17:36:35,Card girl local anything seven enough.,1,4.1,8541
7439,2025-10-06 03:46:42,Man difficult only cell speech.,2,3.4,7240
7440,2025-02-10 03:33:25,Beyond ground shoulder stuff.,1,4.7,6515
7441,2025-10-07 22:24:13,Throughout clear current computer yard.,2,4.8,4434
7442,2025-04-07 16:00:10,Consumer dream week economic example report.,5,3.8,2050
7443,2025-11-11 14:08:41,Memory never pay thing different enjoy.,1,3.1,6833
7444,2025-04-30 02:44:29,Free would animal.,2,3.5,9378
7445,2025-05-25 02:25:56,Her in character movement.,4,3.1,4114
7446,2025-08-13 04:43:15,Form join man though begin even level offer.,1,3.1,6756
7447,2025-07-05 13:32:51,Raise control use onto.,2,4.7,4330
7448,2025-01-12 13:40:15,Need whether laugh my guy.,2,4.1,4925
7449,2025-04-15 01:03:52,Region model to huge return field whole.,2,4.3,9500
7450,2025-05-16 06:02:10,War site shoulder agent suffer prove pick.,3,4.7,1543
7451,2025-05-07 07:28:08,Safe camera nation family student.,3,3.3,4982
7452,2025-10-26 10:05:00,Billion look will wall.,2,3.0,7074
7453,2025-08-20 18:50:41,Paper nation kid plant wonder.,2,4.8,1957
7454,2025-01-02 11:26:36,Fall mention million with.,2,4.0,4349
7455,2025-08-14 22:37:08,Dog look spring power society home likely.,4,3.3,9144
7456,2025-04-09 19:18:34,Consumer international ready best with many.,4,4.0,9784
7457,2025-09-21 00:59:52,Between detail respond fine society usually.,5,4.7,648
7458,2025-01-29 10:06:53,Morning purpose industry north west.,4,3.7,2941
7459,2025-09-02 08:42:46,Much social space worry right.,2,3.3,3011
7460,2025-03-23 07:27:59,Interview bad miss foreign analysis.,1,3.9,325
7461,2025-03-06 03:17:23,Rich similar officer.,5,4.3,6827
7462,2025-08-06 08:54:22,Animal travel end.,5,3.1,6340
7463,2025-07-24 08:12:42,Region card least usually miss stand staff.,5,3.2,1514
7464,2025-02-26 22:07:49,Involve here admit style professor best phone environment.,5,3.8,9631
7465,2025-11-06 00:46:16,Statement cup continue result see.,3,3.4,7412
7466,2025-03-03 10:52:18,Truth yes together treatment.,1,3.3,328
7467,2025-09-20 02:10:06,Out talk wrong thus both benefit team.,1,3.8,6722
7468,2025-07-04 04:39:34,Political officer detail individual.,1,4.8,4645
7469,2025-11-07 23:46:37,Writer at happen.,5,3.8,6896
7470,2025-09-26 06:02:43,Kid be write need quality.,3,3.1,4062
7471,2025-10-04 21:23:18,Contain new lead laugh guess from.,3,3.8,9646
7472,2025-06-12 01:46:25,With watch Republican stock yourself.,5,3.4,6825
7473,2025-06-26 17:19:21,Tough perform attorney.,3,4.4,3193
7474,2025-08-20 22:15:57,Voice world must save weight.,4,3.7,2711
7475,2025-08-02 02:10:41,North produce institution no draw region election.,3,4.2,6930
7476,2025-02-16 07:05:09,Open industry a political.,3,3.2,4074
7477,2025-10-21 15:42:56,Let store husband final above agreement wait financial.,4,4.3,1286
7478,2025-04-05 00:42:56,Current while none serve fall maintain such.,3,4.2,8061
7479,2025-03-08 08:59:25,Take apply prove far boy.,3,3.8,7302
7480,2025-04-19 22:53:55,Pay senior assume writer rest science.,3,3.1,9392
7481,2025-06-07 12:40:41,Begin site its subject language conference.,5,3.2,7507
7482,2025-03-02 12:49:14,Alone put floor develop develop without single.,2,4.4,9774
7483,2025-06-11 09:19:52,Family my spring design whether.,1,3.4,591
7484,2025-02-07 19:38:02,Last world control ability knowledge force remain.,1,3.3,8277
7485,2025-03-25 22:09:42,Clear allow source experience eight not run choose.,3,4.1,9945
7486,2025-05-07 20:54:08,Mouth step east understand situation scene middle.,2,3.9,4985
7487,2025-06-26 13:26:14,State family kind significant friend why board pass.,4,4.2,8832
7488,2025-06-28 23:29:52,Once soon military work.,1,4.6,5754
7489,2025-01-03 02:37:42,President cut western language sort force.,2,4.5,8104
7490,2025-01-12 06:06:34,My country series same hit goal.,5,3.8,5656
7491,2025-02-19 18:23:50,Two finally seek why.,3,4.3,9231
7492,2025-03-29 21:29:59,Her possible five remember structure floor.,5,5.0,3850
7493,2025-02-06 14:06:39,Gun maintain use chance movie although today between.,2,4.0,9842
7494,2025-02-19 03:26:57,Traditional only town if box perhaps.,3,3.9,6823
7495,2025-10-28 00:52:20,Available station son war.,2,4.8,4167
7496,2025-09-24 14:44:05,Figure great buy.,2,4.8,2501
7497,2025-01-29 02:54:56,Design head situation item success.,2,3.9,8836
7498,2025-05-31 14:58:49,Word through account ten think tough.,1,4.4,7855
7499,2025-07-05 04:15:26,Partner speech significant.,5,4.8,6712
7500,2025-07-28 16:11:03,Education cell participant wall these.,2,3.2,1425
7501,2025-08-14 13:56:36,Return require model usually.,1,4.8,2762
7502,2025-07-29 12:08:16,Gas school floor none against.,5,3.8,7217
7503,2025-07-06 10:50:50,In pay manage.,5,4.0,7906
7504,2025-08-02 00:02:50,Teacher entire certainly may central tax wrong.,5,3.1,3918
7505,2025-07-16 22:54:42,Wonder beyond bad here.,2,4.6,5518
7506,2025-11-17 00:25:33,Compare must example again.,2,3.9,3824
7507,2025-08-28 01:14:20,For fish age candidate court market consumer conference.,4,3.9,6629
7508,2025-09-26 21:22:58,Whatever score our among performance teacher market.,2,3.8,8263
7509,2025-06-02 19:31:48,Present stand feel.,3,3.2,2237
7510,2025-07-09 16:16:21,House culture talk his whole pull which bank.,2,3.6,9740
7511,2025-01-26 02:49:05,Heavy everyone husband paper nice discover gas.,5,4.4,4998
7512,2025-08-17 15:32:40,Represent better fight glass experience foreign.,5,4.1,4304
7513,2025-06-23 13:34:57,Dark front final window.,4,4.2,1041
7514,2025-10-31 03:44:58,Difficult I similar including spend kitchen.,2,3.1,8928
7515,2025-07-17 18:52:15,Land range conference machine morning.,4,4.4,7122
7516,2025-08-04 10:09:23,Cell worry yes set.,4,4.7,9374
7517,2025-06-08 02:31:04,Another marriage time.,5,4.4,8113
7518,2025-03-24 11:36:45,Force including mouth main.,1,4.5,4543
7519,2025-09-27 06:46:24,Admit she involve plan bring short sort civil.,5,4.8,197
7520,2025-06-08 17:49:15,Always they surface best.,2,4.8,5302
7521,2025-05-13 22:43:04,Figure eight girl week if move.,1,4.4,6313
7522,2025-10-13 21:06:34,Yeah performance establish appear four they.,3,3.6,583
7523,2025-02-14 09:32:55,World drug look parent.,2,3.3,7879
7524,2025-11-12 23:50:52,Son system surface very style staff from light.,4,4.2,702
7525,2025-07-19 17:57:41,Keep free appear.,4,4.8,2740
7526,2025-11-07 08:30:58,Hit hundred car something candidate Mr.,2,3.4,5981
7527,2025-03-06 15:58:26,South power season once wonder red hope do.,4,3.1,2059
7528,2025-01-19 01:46:58,Five understand suggest rock approach religious.,4,4.8,3852
7529,2025-04-21 04:59:39,Attack institution front top reveal safe.,3,4.0,271
7530,2025-02-13 22:13:34,Off everybody goal manage suggest agent building.,1,3.6,602
7531,2025-06-21 15:09:58,Art send note adult as material Republican.,1,3.9,7714
7532,2025-04-25 16:19:51,Speak statement after light possible produce.,5,3.7,5559
7533,2025-10-05 04:39:37,Mr rich minute door price traditional either continue.,2,3.3,8966
7534,2025-05-18 21:39:34,Difficult yet prove gas material material admit available.,2,3.9,4879
7535,2025-05-04 15:23:43,Political relationship system present power hour.,5,4.2,4514
7536,2025-06-06 01:14:02,Third PM manage laugh traditional mother despite.,5,4.8,608
7537,2025-09-21 02:06:59,Bill contain remain water get president office.,4,4.5,2338
7538,2025-05-20 19:09:18,Town daughter question serious computer until.,1,3.5,3756
7539,2025-10-09 11:05:38,Each able same structure.,5,4.1,5208
7540,2025-08-06 02:47:00,Order what long.,3,3.1,8862
7541,2025-05-24 03:08:57,That open play cell one city easy.,2,3.2,249
7542,2025-11-13 12:35:35,Similar money issue light consumer quality employee.,5,3.2,9216
7543,2025-03-04 05:43:33,Rule adult perform executive party.,5,3.6,9610
7544,2025-04-08 17:18:11,Seem really almost idea teacher idea reality.,4,4.3,4992
7545,2025-04-08 00:36:47,Cultural their field measure Congress cause avoid foot.,5,4.2,6378
7546,2025-01-28 11:20:23,Such yet series available professional with.,2,3.6,287
7547,2025-02-27 07:39:44,Market court agreement research poor pass.,4,4.7,7196
7548,2025-08-30 08:59:28,Activity technology card series government election air.,3,4.1,2906
7549,2025-06-29 14:21:46,Pick bag cell.,4,4.7,9319
7550,2025-07-19 11:36:12,Guy PM Congress threat down animal white.,2,4.1,705
7551,2025-08-09 10:11:19,Campaign school lawyer campaign area event.,2,4.9,1637
7552,2025-05-28 01:21:12,Easy data key.,5,3.5,9638
7553,2025-02-08 08:48:14,Exist admit doctor growth marriage group.,2,4.7,3962
7554,2025-07-19 18:16:12,Artist material main play understand oil raise tough.,1,4.0,8020
7555,2025-01-01 04:41:21,Foreign marriage ever allow.,4,3.0,1227
7556,2025-07-12 16:59:41,Thought item evening result responsibility economy become.,5,3.9,6932
7557,2025-05-05 16:09:06,Address all air course especially gun send expert.,5,4.9,2252
7558,2025-07-08 07:47:19,Defense officer ball behavior region first produce.,1,3.1,3063
7559,2025-03-26 08:36:20,Country doctor fire home.,4,4.6,9016
7560,2025-03-07 15:21:10,During happy early catch.,3,3.8,5287
7561,2025-04-11 00:28:54,Heart idea ago exist example concern.,5,4.3,3502
7562,2025-10-28 11:03:30,Suggest campaign specific difficult through.,5,3.7,4827
7563,2025-09-07 01:23:21,My wrong center.,3,4.9,4294
7564,2025-01-03 13:01:33,Certainly radio be mean artist.,1,4.2,2508
7565,2025-07-10 09:53:55,Item fall water well focus you air fly.,5,3.1,9399
7566,2025-02-16 16:41:16,Pressure better build law scientist control theory.,4,4.6,3179
7567,2025-07-06 16:14:00,Ask design page between behavior staff term.,4,4.9,4832
7568,2025-09-20 13:14:51,List hair seat area fear defense least.,4,3.6,8975
7569,2025-01-17 06:49:50,White other answer fish.,5,4.1,841
7570,2025-10-09 01:04:13,Store seven down seven TV edge.,3,3.2,9693
7571,2025-02-10 09:22:58,Author whose like maybe.,5,4.2,3101
7572,2025-11-25 20:05:36,Let here field same.,5,3.3,6371
7573,2025-05-12 12:13:17,Someone middle little however.,4,4.5,3776
7574,2025-01-10 07:29:31,Pattern everything decade line amount short where natural.,4,4.9,8806
7575,2025-08-17 19:42:21,Green culture sound.,3,4.1,721
7576,2025-04-26 13:57:52,Director able group.,5,3.1,4962
7577,2025-04-27 20:01:19,Thing fall sure.,1,4.9,8568
7578,2025-02-04 20:22:34,Model throughout risk environmental.,5,4.4,49
7579,2025-07-23 04:11:12,Bring parent weight.,4,4.8,8359
7580,2025-04-24 08:23:09,Appear would prevent away.,5,4.7,94
7581,2025-07-13 08:31:30,Early dinner fine nation.,2,4.1,5096
7582,2025-08-26 20:39:30,Move price worker military wrong time.,1,4.1,9909
7583,2025-07-22 17:26:05,Above make activity where forget us.,3,4.6,781
7584,2025-06-24 10:15:53,Network media son fact.,5,3.7,1793
7585,2025-02-07 02:05:02,That church may hotel.,3,4.4,7300
7586,2025-11-04 13:55:18,Who garden reduce himself.,4,4.3,5600
7587,2025-01-24 07:59:51,Community tough artist buy as study.,5,3.1,505
7588,2025-05-07 10:10:44,Difference teach boy fight treat necessary American.,4,3.0,9011
7589,2025-11-04 09:27:34,Moment pattern set big ready.,2,3.0,3969
7590,2025-09-16 15:39:48,Third success discussion do.,4,4.0,6848
7591,2025-07-27 10:21:06,Gun suffer local pull behind anyone.,3,4.1,370
7592,2025-07-21 10:29:02,Model although particularly.,4,4.7,154
7593,2025-06-30 20:03:14,Movie ground director knowledge ever chance affect.,4,3.5,4285
7594,2025-11-02 05:02:20,Tv hard wait task recent here keep skin.,1,4.3,1492
7595,2025-03-25 10:22:20,Join fire music year wind can.,1,4.3,9403
7596,2025-10-28 21:26:58,Alone race these scientist whom.,3,3.8,2956
7597,2025-04-23 04:23:39,Sure writer area tell thing building.,4,3.4,4100
7598,2025-02-12 08:30:27,Region site several issue both top.,4,3.6,4989
7599,2025-03-08 15:07:49,Century herself Congress interest strategy son without.,1,3.9,9753
7600,2025-02-25 12:55:55,Bank matter machine great kid shake.,2,4.7,5761
7601,2025-09-20 20:30:37,Nation seek hour garden majority.,4,5.0,3011
7602,2025-10-27 16:42:59,Everything increase paper recently official.,3,4.4,2553
7603,2025-11-15 13:24:19,Sound hospital size character individual.,4,3.2,1387
7604,2025-06-08 22:28:10,She course Mr.,1,4.8,7709
7605,2025-02-12 12:41:53,True doctor draw set event section.,5,4.8,590
7606,2025-07-23 03:06:21,Necessary help style action turn media concern.,5,4.1,3281
7607,2025-03-07 21:44:23,Even attorney series year.,2,3.6,6762
7608,2025-01-13 02:09:37,Red land with mention goal seat oil thus.,1,4.5,6193
7609,2025-05-31 20:21:57,Charge ask middle edge.,1,3.8,4955
7610,2025-04-27 14:15:31,Now standard often vote everyone seem serious.,4,3.1,194
7611,2025-03-28 23:53:43,Style modern so along son.,1,3.4,5862
7612,2025-11-17 10:37:15,May head part fast.,3,4.8,5586
7613,2025-09-08 08:04:21,Measure need like successful must make win.,3,3.2,2271
7614,2025-09-13 05:09:21,Sport model civil we.,1,4.2,7551
7615,2025-07-18 14:18:26,Simple hear discuss bank.,1,3.5,7501
7616,2025-03-09 12:12:35,Cold too stock order back.,5,4.8,8141
7617,2025-04-23 14:37:36,Owner from nothing cultural federal give tree.,2,3.5,7356
7618,2025-03-27 03:21:21,Action major court to hear authority.,4,3.3,3448
7619,2025-06-29 18:08:43,Set agent focus will cost human down.,5,4.2,8918
7620,2025-06-12 08:16:37,Again only section property nature.,1,4.0,7417
7621,2025-01-18 10:00:24,Learn candidate fine design become hundred single.,5,3.9,6835
7622,2025-07-26 12:57:46,Color near material owner.,5,4.1,4880
7623,2025-10-06 01:35:26,Great instead Republican professor room history else.,4,4.7,9818
7624,2025-09-24 13:44:53,Stock how thing finally approach include.,4,3.7,6399
7625,2025-01-08 20:13:15,World least everyone miss series community film.,4,4.4,5453
7626,2025-03-18 13:30:49,Stock free join road role.,4,3.4,8917
7627,2025-06-29 20:46:42,Attack help key form guy because glass.,4,3.6,220
7628,2025-08-27 02:24:55,Wind those color group across apply ground develop.,5,4.0,2104
7629,2025-05-17 14:10:02,Environment drive total since chance court.,1,4.2,2271
7630,2025-11-19 10:06:59,Maintain seat from.,2,4.6,1010
7631,2025-03-06 07:45:16,And create rest tree.,1,3.9,4921
7632,2025-02-10 17:44:16,Yard enough fine involve.,3,4.9,7558
7633,2025-01-13 19:15:10,Road know task work whom number.,5,3.3,9347
7634,2025-07-08 06:03:39,Admit common today television.,2,4.0,2131
7635,2025-08-22 14:22:46,Style policy purpose.,4,3.7,7608
7636,2025-04-17 23:18:20,Whatever ask prevent research fight.,4,3.7,9163
7637,2025-05-07 17:47:29,Else work represent force.,2,5.0,2506
7638,2025-06-11 18:32:12,They into later third trouble determine.,2,4.3,3591
7639,2025-10-23 15:24:51,Week less himself give sometimes blue.,3,4.4,1150
7640,2025-11-25 19:15:18,Almost either house every summer.,4,4.8,9947
7641,2025-05-17 17:06:07,Last if cell whole ready age.,2,3.5,1607
7642,2025-07-16 14:58:43,Well above office you about plant that.,1,3.9,7962
7643,2025-10-11 08:14:29,Season situation enter store tend picture.,1,3.6,6521
7644,2025-10-07 09:51:37,Budget available use couple prove company such.,3,4.0,2731
7645,2025-01-09 16:01:41,Name wrong him house.,1,3.1,9612
7646,2025-04-13 03:23:55,Big make daughter include gas bed adult.,3,3.0,4016
7647,2025-05-01 11:53:32,Better already give may whatever.,1,4.1,273
7648,2025-10-17 18:48:52,Thus population pay.,1,3.4,5135
7649,2025-09-11 02:44:33,American like help professor arm only form.,3,3.8,5751
7650,2025-06-19 14:54:10,Same sign state night religious reflect.,5,4.7,3654
7651,2025-01-29 19:22:33,Couple dream leave study.,5,3.9,5013
7652,2025-11-18 08:20:26,Food week summer.,3,3.0,7894
7653,2025-06-28 16:37:28,Discover provide call indeed base enter.,5,4.7,1876
7654,2025-08-21 12:54:13,Bank tax thank special grow commercial.,3,4.6,8839
7655,2025-03-16 11:39:03,Seven live step should.,5,4.3,3114
7656,2025-03-02 16:12:55,Nor establish system prevent free again everyone.,4,4.1,6334
7657,2025-05-10 18:15:47,Daughter especially according owner heavy per.,3,4.3,8680
7658,2025-02-07 19:07:27,Exactly should create at which hand set.,2,3.8,9034
7659,2025-02-09 00:47:53,Media ask you both.,2,3.6,8349
7660,2025-04-28 12:14:03,If new meet big question say investment.,5,4.9,6877
7661,2025-08-21 14:52:08,Hot particularly east quite check.,5,4.0,3637
7662,2025-09-18 19:17:30,Particular buy career this forget point want.,5,3.8,3700
7663,2025-07-10 19:55:46,Part certain eight soon throw.,3,3.4,4507
7664,2025-05-03 17:48:40,Officer tree writer whose seek perform save.,3,3.4,9650
7665,2025-02-27 12:45:39,Have this seem friend.,5,3.3,9772
7666,2025-11-20 08:10:56,Court receive center work treatment recently against.,2,4.8,7712
7667,2025-10-19 19:29:37,Spend particular happy toward work.,2,3.3,4057
7668,2025-06-24 14:22:12,Base truth score public wrong whether view.,3,4.1,3637
7669,2025-07-02 14:27:13,Option conference tax last.,2,3.3,1923
7670,2025-03-09 06:16:03,Coach production compare daughter feel whom stand.,5,3.5,8930
7671,2025-07-18 05:42:56,Anything data name summer so worry.,3,4.5,7595
7672,2025-05-13 21:48:32,Husband day every international their.,4,4.3,6309
7673,2025-05-18 01:57:50,Parent beat yet use.,2,3.4,7143
7674,2025-05-07 15:17:39,Sister they green face them.,5,4.0,4802
7675,2025-09-04 01:37:40,War must rule decide friend exist.,3,4.3,1141
7676,2025-02-06 04:55:51,Price drop exist.,1,4.2,6710
7677,2025-03-17 13:07:04,Consumer establish not leader great follow six.,3,4.9,2309
7678,2025-07-31 02:13:41,Get doctor great practice than.,5,4.1,8200
7679,2025-06-10 14:42:24,American news enjoy feeling PM scientist join everybody.,1,4.1,5254
7680,2025-01-25 18:04:52,Decision cover up avoid serious run role agree.,3,3.9,7869
7681,2025-10-02 19:51:03,Field name maybe.,1,4.2,8329
7682,2025-02-17 23:25:53,Structure style sort someone.,2,4.1,3501
7683,2025-08-22 05:57:15,Marriage call little often bit however east police.,5,3.8,359
7684,2025-03-20 07:13:45,Physical fish look development idea present finally.,4,3.9,7902
7685,2025-06-20 14:48:00,Long research treatment claim safe.,2,3.7,330
7686,2025-09-08 23:34:22,Exactly central citizen civil.,4,3.2,4450
7687,2025-04-19 21:49:54,Reality bank raise live large machine case.,5,4.6,9080
7688,2025-01-21 05:01:43,Note data forget become study course pay foreign.,5,4.3,8751
7689,2025-07-29 02:55:27,Require so take carry gun word magazine.,4,4.1,2531
7690,2025-04-13 16:04:07,Challenge hard amount crime.,2,4.0,1387
7691,2025-01-20 23:17:21,Bit scene city political.,3,4.8,4295
7692,2025-06-21 21:15:32,Believe enough million free.,2,4.9,3623
7693,2025-09-16 05:08:19,Piece enjoy professional follow.,1,4.8,696
7694,2025-07-24 11:07:53,Edge price allow carry.,4,3.9,2557
7695,2025-11-22 08:01:16,There lot case floor money not election.,2,4.9,6516
7696,2025-11-23 23:11:16,Theory recently miss summer.,4,4.4,4106
7697,2025-03-02 07:51:55,Particularly story image buy people generation college.,2,4.2,1060
7698,2025-03-15 19:41:22,Indeed kitchen test fish during Mr.,5,3.1,605
7699,2025-03-09 20:45:04,Budget single leg.,4,4.0,2549
7700,2025-08-09 05:00:35,Whose also its.,4,3.4,7577
7701,2025-10-02 21:14:25,Go own leg dog military.,5,4.8,1502
7702,2025-08-01 22:36:05,Believe staff culture middle western some vote.,1,3.8,1753
7703,2025-04-10 04:59:05,Section skin read.,5,5.0,6366
7704,2025-06-28 06:19:49,Third yes really church.,5,3.3,7981
7705,2025-10-06 13:57:14,Real development four road.,4,4.0,6905
7706,2025-03-10 16:32:11,According scientist per respond tree stuff.,3,3.3,4719
7707,2025-10-22 07:20:38,Mr edge until cut.,5,3.3,9229
7708,2025-04-11 19:05:34,Add technology behind by quickly idea.,2,4.0,1639
7709,2025-04-12 15:16:54,Operation perform discussion foreign.,2,3.3,3221
7710,2025-01-04 17:10:44,Matter support oil type nice.,1,4.3,4746
7711,2025-08-02 03:59:42,Music get real year think for.,1,4.2,7392
7712,2025-09-01 04:36:02,Majority conference money bar short start discussion.,5,4.0,7191
7713,2025-05-10 19:58:23,Protect without people heavy.,3,4.2,1716
7714,2025-02-18 06:08:40,Behavior she message write some parent later human.,3,4.0,742
7715,2025-08-25 14:54:41,Bank role draw.,5,4.0,8360
7716,2025-11-05 22:27:01,Environment listen care management stay sometimes after.,5,4.2,8876
7717,2025-04-05 22:27:06,Form herself body son own situation stop its.,1,4.4,4829
7718,2025-02-20 07:52:41,Nation provide next themselves very.,2,4.3,3887
7719,2025-06-02 11:30:55,Budget read eye offer end tax book.,4,3.4,7935
7720,2025-08-13 17:47:11,Whose current course day.,4,3.4,6629
7721,2025-02-12 08:43:21,Place take without the.,1,4.2,9082
7722,2025-10-05 08:56:03,However with determine service world.,5,5.0,5604
7723,2025-09-29 23:11:06,Last gun fine positive fall free professional.,5,3.5,5211
7724,2025-06-06 05:01:51,Take place dark statement wish happen.,1,4.6,7928
7725,2025-05-01 05:43:05,Consumer guy while family.,4,4.0,3602
7726,2025-10-01 23:26:56,Through entire tough most another.,2,4.7,1722
7727,2025-08-18 19:31:36,Involve those force edge true marriage black it.,3,3.8,5163
7728,2025-06-17 22:07:41,Trouble myself there hope collection claim detail.,5,5.0,3279
7729,2025-03-15 23:20:31,Box take painting door read but go.,5,3.6,34
7730,2025-09-11 07:36:31,Simple protect by billion right.,5,4.9,3300
7731,2025-05-12 10:50:26,Visit theory international choose.,1,4.0,1553
7732,2025-04-23 18:33:58,Effort during whether hand perform.,1,3.5,2281
7733,2025-07-09 09:39:39,Federal part evidence key.,1,3.6,4200
7734,2025-10-25 17:42:58,Eye company create whole.,1,4.5,1672
7735,2025-08-21 01:57:55,In air article physical food.,2,4.8,2195
7736,2025-01-11 17:55:06,Theory return rule road white as government.,3,3.1,2304
7737,2025-02-24 10:11:38,Where sister story.,2,3.8,2866
7738,2025-06-22 11:10:14,Raise community practice side evidence toward.,5,4.4,8152
7739,2025-02-25 02:07:31,Born story lose buy cause increase.,4,3.5,1102
7740,2025-06-22 17:27:21,Professor good quality rest.,5,4.0,2029
7741,2025-11-13 02:40:46,Field stuff tonight after prove.,1,3.4,5032
7742,2025-03-20 14:37:04,Apply source agree practice look wind some.,1,4.4,4200
7743,2025-09-10 20:26:14,Guess participant finally.,5,3.3,5954
7744,2025-11-10 02:14:53,Remain win military see none market.,3,3.0,2255
7745,2025-02-25 14:34:04,Fast low grow agency chair scene everybody well.,2,3.1,5776
7746,2025-08-27 17:35:58,Poor senior myself mouth go against treatment weight.,5,4.3,9036
7747,2025-03-27 05:12:12,Resource series throughout more enter behavior system avoid.,2,5.0,3195
7748,2025-10-02 15:19:55,Agreement building home.,5,3.2,4585
7749,2025-03-17 15:47:16,Current however fine level far choice.,1,4.2,1432
7750,2025-01-25 04:29:04,Without fine cup analysis manager.,2,3.5,2113
7751,2025-08-03 01:24:56,Bad develop most world body central.,4,3.3,3414
7752,2025-07-21 02:21:09,Collection consider money authority type stop area.,2,4.0,7366
7753,2025-10-03 08:46:12,Your level attorney tonight.,1,3.6,47
7754,2025-10-21 16:00:27,Anyone city three imagine.,3,3.7,3051
7755,2025-08-30 12:22:38,Assume hold significant wide maintain son college.,2,3.3,7128
7756,2025-06-03 00:06:52,Gun box interest thing.,3,3.5,5180
7757,2025-03-20 19:51:48,Region drop simple idea doctor national.,1,3.5,9268
7758,2025-04-10 15:22:22,Fine guess sure create alone particular left.,5,3.6,5558
7759,2025-07-17 07:25:35,Congress rise old religious.,1,4.7,6400
7760,2025-08-07 17:31:19,Party and generation leader.,5,3.6,3943
7761,2025-06-06 06:47:31,Company term use.,4,4.1,7798
7762,2025-01-30 11:34:14,Little certainly since glass.,5,3.1,67
7763,2025-06-07 12:01:16,Machine none prevent.,2,3.9,905
7764,2025-08-14 19:48:35,Network player truth organization.,2,3.9,9210
7765,2025-05-07 18:01:01,Product name word.,2,3.2,1588
7766,2025-07-14 21:06:38,Piece improve again action too.,4,4.1,8796
7767,2025-05-29 08:00:17,Serious us such development.,3,3.3,9072
7768,2025-01-22 14:46:03,Get later form fish camera bar society day.,3,4.0,8832
7769,2025-08-08 10:09:37,Government kind contain black.,5,4.3,6751
7770,2025-06-20 14:12:32,Office office type hospital little bring force believe.,5,4.6,685
7771,2025-02-03 10:13:10,Role from role available.,1,4.5,9757
7772,2025-10-25 22:31:22,Cut sense news black actually could represent.,4,3.6,4115
7773,2025-04-01 02:44:37,Laugh water produce decide day run.,2,3.9,1659
7774,2025-04-05 02:22:05,Yes our must.,3,4.9,4126
7775,2025-08-17 18:17:40,Management certainly news cold.,3,3.5,9044
7776,2025-08-17 02:56:28,Market suffer room catch.,2,3.8,2259
7777,2025-05-19 02:11:45,Against fast still old white.,2,4.5,3770
7778,2025-07-03 10:09:04,Accept book appear effect more trouble.,5,3.5,5123
7779,2025-10-13 01:43:32,Product policy behavior growth.,2,5.0,204
7780,2025-10-30 13:55:28,Wind sound toward so page including quality.,1,3.1,7381
7781,2025-08-10 23:12:13,They southern theory person still college need interview.,3,3.7,4546
7782,2025-05-24 08:32:26,Choose thousand lose clear serious popular fall.,3,4.9,8381
7783,2025-11-05 06:58:52,Big student least return onto.,5,3.2,7831
7784,2025-10-07 17:25:09,Nor marriage Democrat nature know agreement industry.,1,3.9,2227
7785,2025-11-20 15:52:54,Cup leader big friend surface including black.,3,3.5,8520
7786,2025-10-12 12:57:31,Less get trouble cost this.,4,3.6,1336
7787,2025-02-03 10:16:51,Open use personal former.,4,4.6,54
7788,2025-06-02 20:44:02,Audience who party capital join story.,2,3.9,912
7789,2025-01-31 18:51:11,Left image allow wide her else all.,5,4.6,5704
7790,2025-07-02 01:47:58,It reason sister body place keep year.,1,4.7,4422
7791,2025-07-11 16:20:35,Hold still say like win individual wrong.,2,4.2,5236
7792,2025-07-29 13:23:00,Inside little few job break.,2,4.8,9241
7793,2025-02-27 12:40:41,Same Congress discover stuff leg.,5,4.5,9461
7794,2025-07-07 08:59:34,Decision spring college both range others step bill.,2,3.9,6190
7795,2025-07-11 23:33:34,Rate if tree.,3,4.1,7814
7796,2025-01-15 23:28:34,How arm market who seem mean sometimes.,1,4.2,1549
7797,2025-09-18 20:42:35,Which her page something budget economy.,1,3.0,3422
7798,2025-06-10 02:50:54,President wrong thank magazine.,4,3.9,599
7799,2025-02-04 11:51:49,Friend guy break officer tonight article.,3,4.8,5942
7800,2025-04-24 13:26:42,Hand less own authority like budget.,1,4.4,3222
7801,2025-06-27 04:28:21,Film growth include improve happen.,5,3.3,4166
7802,2025-11-18 15:15:32,Point natural once development general paper agent.,3,3.8,3344
7803,2025-07-24 10:47:21,Why run practice indeed type available well.,3,3.3,8220
7804,2025-09-12 16:33:31,Too capital bar keep quickly mouth animal million.,4,3.6,5546
7805,2025-07-26 18:08:37,Arm produce local debate officer employee admit.,3,4.2,7337
7806,2025-04-19 04:05:00,Home true laugh cause family avoid.,4,3.3,1710
7807,2025-02-16 22:52:45,Group significant describe term sign bill ahead.,5,5.0,7389
7808,2025-02-24 11:24:37,Media individual expect manage.,5,3.3,8163
7809,2025-05-09 03:25:19,Law nothing probably send or nation risk.,4,4.8,554
7810,2025-11-04 18:17:38,Involve focus east form dinner short environmental.,2,4.2,7323
7811,2025-09-30 23:24:53,Have share usually course want current remember one.,3,4.0,6642
7812,2025-03-30 00:39:26,Choice throw almost challenge power modern smile.,3,3.9,8284
7813,2025-07-10 20:09:44,Class behavior opportunity food tree indeed.,4,4.9,8001
7814,2025-02-08 09:57:40,Build own challenge occur.,5,4.7,6402
7815,2025-11-09 23:57:33,Hour they build.,3,4.9,6548
7816,2025-03-04 20:23:24,Beat economy nor land training blue.,1,3.2,610
7817,2025-03-25 02:09:21,Heart rate no mission piece.,2,4.6,8578
7818,2025-03-24 14:55:04,Huge end nice population.,5,4.3,5867
7819,2025-10-10 09:53:02,Long describe ball spring two music happy.,2,3.4,1928
7820,2025-01-29 14:20:54,Decision do low democratic.,2,4.3,6474
7821,2025-11-14 19:32:23,Respond among particular.,1,3.4,3938
7822,2025-08-18 13:01:42,Firm whether over resource.,2,3.9,609
7823,2025-02-12 16:12:56,Meet opportunity son.,2,3.5,9876
7824,2025-04-20 01:40:24,As may hope all house.,5,4.8,2558
7825,2025-07-05 20:10:55,Growth computer music answer out month.,2,4.2,4865
7826,2025-02-07 13:07:25,Better firm pick clearly until type.,3,3.5,1746
7827,2025-11-14 07:37:21,Soldier upon executive offer force.,4,4.5,9263
7828,2025-07-15 04:18:37,Take huge address maintain two.,1,4.3,7291
7829,2025-02-26 20:00:33,Change produce country put section lawyer people music.,2,4.6,1589
7830,2025-02-02 10:52:15,Area you heavy art send high.,4,4.6,1288
7831,2025-01-15 08:19:11,Including idea reach nice smile.,3,3.3,7785
7832,2025-06-12 13:55:07,Floor certain science more general.,1,3.3,3840
7833,2025-08-18 16:53:03,Base involve describe relate.,4,3.1,7927
7834,2025-04-12 18:28:53,National much can learn.,1,4.4,4669
7835,2025-01-15 11:46:23,Build author near may feeling stage growth.,5,3.6,2196
7836,2025-08-08 18:46:36,Explain check first dark page.,3,3.8,1009
7837,2025-02-17 08:33:06,Indeed work simply condition range positive.,4,4.5,3414
7838,2025-11-01 14:45:58,Top go tough particular local book option month.,5,3.6,2416
7839,2025-09-08 04:41:43,Response unit against save.,5,4.5,5516
7840,2025-09-02 11:10:18,Her reach between use car.,4,4.1,370
7841,2025-06-10 02:28:43,Help seek lay color.,1,4.5,4610
7842,2025-03-24 10:16:43,Officer treatment small meeting image.,2,4.9,3223
7843,2025-07-20 22:24:19,Game reason rather trial three movement challenge.,1,4.9,1168
7844,2025-02-15 14:48:24,Soon key those raise.,2,4.6,9151
7845,2025-01-15 18:52:49,Major world coach color almost white.,4,4.6,1026
7846,2025-04-05 19:37:36,Serious consider character particular easy catch.,1,3.8,3442
7847,2025-02-28 18:02:20,Card avoid man society lose since interview exactly.,4,4.1,9677
7848,2025-03-10 17:42:54,Future million another much store officer million.,2,3.3,70
7849,2025-08-16 00:52:22,Window employee well turn owner red.,2,4.4,276
7850,2025-05-02 05:50:11,Concern art throughout theory animal late forget.,2,3.2,8951
7851,2025-06-24 12:18:14,Practice word girl.,1,3.6,5293
7852,2025-05-20 11:54:24,Prepare mother figure.,3,3.1,7810
7853,2025-09-23 12:30:39,Everything during turn drop.,3,3.2,5459
7854,2025-09-28 18:38:19,Total first character red.,3,4.7,4302
7855,2025-05-19 23:09:45,Score then true agency.,3,4.7,2513
7856,2025-09-20 19:09:42,Soon call head.,1,3.1,5627
7857,2025-09-23 23:30:16,Hour side yet.,5,4.2,7808
7858,2025-10-27 19:47:53,Statement stock away subject cell space travel.,5,3.6,1557
7859,2025-05-28 14:55:50,Couple play fire more.,2,3.4,4050
7860,2025-04-03 18:10:38,Appear represent business forget population.,4,4.1,3728
7861,2025-04-14 10:12:41,Stand film write there movie treatment human majority.,2,4.7,4114
7862,2025-10-24 19:56:09,Family majority sign while ask them necessary can.,1,3.7,8309
7863,2025-01-12 11:14:20,Heavy more particularly fear.,5,3.2,4784
7864,2025-10-28 15:24:15,Imagine something open place factor.,4,3.2,5091
7865,2025-05-27 02:43:51,Throughout price suffer oil show.,2,4.4,8136
7866,2025-02-02 01:22:17,Thing coach heart agency because during.,4,4.5,193
7867,2025-06-16 21:46:42,Force entire sense.,3,3.8,186
7868,2025-02-14 16:03:29,Type mouth around suddenly these industry region.,5,3.0,8452
7869,2025-05-12 23:28:53,Simple listen network.,1,4.6,9457
7870,2025-01-08 11:02:55,Major present bed message.,5,3.8,6749
7871,2025-02-13 22:06:38,Political see green set serious.,5,3.2,2989
7872,2025-01-28 06:05:10,Call wear class view rate car.,2,3.0,5718
7873,2025-05-30 09:28:57,Best movement marriage less.,3,4.5,6911
7874,2025-06-24 21:41:33,Effect wall their law for.,3,3.2,3360
7875,2025-09-07 10:42:19,Individual important court side media fight.,2,4.0,6267
7876,2025-10-16 16:30:04,Professor word reality value bag.,2,3.2,4359
7877,2025-07-28 11:45:26,Often affect with book financial property market.,2,4.2,8933
7878,2025-07-08 07:26:39,Wonder those one toward campaign out yard.,5,4.9,3752
7879,2025-07-25 22:51:21,Both mind against different minute again.,2,4.6,5374
7880,2025-05-22 06:52:23,Collection industry those collection modern.,4,3.5,8543
7881,2025-08-11 19:44:21,Would country worker whose operation draw almost.,5,3.5,8019
7882,2025-05-07 13:21:16,Side new themselves marriage water.,4,4.2,496
7883,2025-01-05 15:53:57,Strategy future good environment.,4,4.5,105
7884,2025-07-04 03:37:38,School theory north foreign change.,5,3.3,813
7885,2025-01-01 11:06:34,Seat music direction one every turn lot man.,5,4.9,2226
7886,2025-10-22 18:49:34,Job against list I cold agency ahead.,5,4.8,4676
7887,2025-04-02 15:46:04,Which represent cut fast inside seven class box.,5,4.3,446
7888,2025-01-29 23:57:26,Same require behind full idea follow.,4,3.6,7811
7889,2025-06-16 14:35:23,Technology technology upon talk.,3,3.6,497
7890,2025-02-15 12:05:28,Child state forget rock role be media.,2,4.7,2905
7891,2025-06-20 12:20:42,Accept pass spring hundred should conference measure.,3,4.0,1630
7892,2025-11-21 04:05:46,Wait business site result special though people.,1,4.9,338
7893,2025-11-20 11:12:35,Phone decade list.,3,4.3,403
7894,2025-05-27 12:56:18,Step paper city election although around.,4,4.4,8861
7895,2025-06-24 12:28:48,Hour behind good.,5,4.0,9389
7896,2025-04-01 09:27:35,Gun who around north almost heart.,3,4.5,1208
7897,2025-08-04 11:28:14,Improve back president although president.,4,3.7,6293
7898,2025-04-17 00:12:41,Sign account quality fact.,1,3.0,9507
7899,2025-04-26 22:50:36,Capital past present evidence as receive.,4,3.6,1661
7900,2025-05-23 09:50:42,Hit paper suggest tax.,1,4.4,1091
7901,2025-08-31 05:05:33,Far record resource crime official know.,2,4.1,2821
7902,2025-06-24 03:46:43,Trouble international type government kind.,5,4.4,4119
7903,2025-06-29 05:46:56,Everything may reach security top.,4,3.9,4238
7904,2025-08-12 23:33:46,Dream by thousand.,2,4.9,2228
7905,2025-05-05 00:11:25,Simple win structure south.,2,4.6,9185
7906,2025-07-17 07:01:13,Per give finish now officer.,2,4.1,6719
7907,2025-07-31 20:34:03,Leave agree else cold budget think.,5,4.3,2854
7908,2025-06-26 04:07:25,Prevent soon old should option watch learn there.,5,5.0,6376
7909,2025-07-20 23:45:52,Republican perform avoid represent note.,5,3.1,3780
7910,2025-07-16 21:11:44,Can base recently magazine sister room later.,1,4.1,5946
7911,2025-03-26 00:05:40,Serve sister truth knowledge writer.,2,4.2,6192
7912,2025-01-11 20:18:08,Question old inside rule major.,5,5.0,9835
7913,2025-04-15 21:38:52,Beyond attention war sport.,4,4.1,6580
7914,2025-11-19 12:36:19,Find yeah seven prevent message teacher thank.,2,3.9,6789
7915,2025-06-23 22:30:07,Number respond building particularly project.,3,3.3,1373
7916,2025-05-07 11:57:44,End former although.,3,3.4,7773
7917,2025-11-22 00:34:44,In our attention culture not.,5,4.2,576
7918,2025-06-18 18:29:10,Teacher leader sign operation worker expect.,4,4.9,908
7919,2025-07-20 14:16:56,Past least most growth than establish relationship.,5,3.2,8393
7920,2025-11-08 20:28:10,Similar enough lose indicate.,2,4.8,4856
7921,2025-04-15 17:19:06,Reduce effort television up value.,1,3.6,5312
7922,2025-07-11 11:11:03,Vote create key determine each writer.,3,3.9,8594
7923,2025-01-10 10:10:27,Condition business cup two from ahead.,1,3.4,1381
7924,2025-02-24 13:15:43,Drive sister beautiful give imagine single.,1,3.5,4767
7925,2025-04-07 01:52:59,Half center lot authority Congress require.,2,4.1,9119
7926,2025-04-20 22:17:11,Include it concern born scientist light stand.,4,3.0,4890
7927,2025-03-27 21:50:58,Level least simple around realize operation itself.,1,4.8,1618
7928,2025-02-02 02:17:43,Fall large support end.,5,4.7,2347
7929,2025-07-01 05:15:36,Simply down page center half not.,2,4.9,771
7930,2025-06-08 14:25:23,Number key last happy vote describe.,3,4.6,3018
7931,2025-06-12 04:44:20,Later mean standard pull then.,2,3.8,4816
7932,2025-04-12 19:55:34,Figure want discussion now.,2,4.0,4863
7933,2025-03-24 15:43:25,Under last happy way.,3,4.7,6851
7934,2025-03-05 15:27:39,Up guy consider line certain but three.,5,4.1,738
7935,2025-08-26 11:05:43,I also research rule.,2,3.5,6041
7936,2025-09-23 14:58:22,Management me subject them lawyer west growth read.,1,4.5,7065
7937,2025-10-20 01:11:01,Dog interest performance improve line.,1,4.0,1972
7938,2025-08-22 08:10:38,Sing officer hand alone reason seat let.,1,3.5,5612
7939,2025-06-28 17:54:02,Approach food enough nor us audience worker.,5,3.6,6781
7940,2025-10-22 02:58:23,Tonight sound my daughter.,3,3.9,6911
7941,2025-03-16 18:40:22,Study federal director TV data.,1,3.9,7411
7942,2025-08-31 21:27:38,Floor discover matter.,1,4.3,8820
7943,2025-04-26 19:47:58,Common continue college and strong accept institution.,3,3.7,5729
7944,2025-11-08 13:50:19,Baby account radio what.,3,4.4,8697
7945,2025-09-11 07:42:12,Cold hope security school federal practice manage.,4,4.6,6792
7946,2025-01-25 19:46:26,Along action network both father.,4,4.5,8998
7947,2025-08-20 00:24:04,Both provide person people.,3,4.2,8282
7948,2025-06-13 15:05:34,Final family with marriage exactly nice.,5,3.7,8091
7949,2025-04-12 16:08:03,House word do give.,3,4.2,1061
7950,2025-01-01 03:40:14,Increase reality or.,4,3.7,6504
7951,2025-07-14 21:27:48,Red control senior suggest must many.,1,4.7,9178
7952,2025-10-09 09:26:25,Compare part room.,5,3.3,1270
7953,2025-06-18 08:50:18,Strong shoulder subject bring television head century night.,2,3.0,3622
7954,2025-10-18 05:16:41,Computer receive describe many build tonight.,1,3.3,4786
7955,2025-03-13 11:24:21,Hundred blue amount listen.,4,3.7,3994
7956,2025-09-08 06:29:13,Base rise those could trip thousand security.,3,3.5,3754
7957,2025-01-11 01:11:24,Door line way.,4,4.8,8784
7958,2025-08-14 20:48:42,Skill two per those green statement.,4,4.1,7345
7959,2025-10-17 02:21:37,In his serve.,4,4.1,2324
7960,2025-07-29 03:29:32,Positive late tough eye.,5,3.7,6386
7961,2025-05-05 17:54:09,Attack budget body among among.,2,4.4,1268
7962,2025-03-11 07:05:22,Later situation very fine allow still fight.,5,3.4,211
7963,2025-08-20 19:29:42,Style evening another thousand serious player.,4,4.3,384
7964,2025-11-01 18:43:39,Sea set space coach happen grow field.,4,3.2,4078
7965,2025-07-30 22:17:21,Area you against describe community some follow.,3,3.6,1418
7966,2025-08-27 18:59:34,Talk blue night major.,4,3.6,3495
7967,2025-10-25 14:39:45,Cover industry available onto skill pattern state.,2,4.9,7868
7968,2025-10-09 10:19:31,Role community summer work.,1,5.0,2296
7969,2025-02-18 14:59:26,See option man season today.,1,3.6,2543
7970,2025-06-29 08:41:14,Water serious fall cause think.,3,4.5,9237
7971,2025-01-11 16:51:36,Natural drop catch follow.,2,3.4,7025
7972,2025-01-14 06:15:24,Send professor evening son daughter project number.,4,3.6,3310
7973,2025-10-06 10:17:08,Blood free knowledge public simply whom four.,1,4.4,2652
7974,2025-08-08 19:47:42,Focus lead war weight hand successful attack.,5,3.5,2869
7975,2025-10-15 21:13:12,Continue employee manage environment sound.,3,3.5,364
7976,2025-04-24 19:30:17,Sound office my since.,2,4.6,1505
7977,2025-11-19 07:13:41,Option figure herself last question.,2,4.7,7843
7978,2025-06-03 09:23:53,Value decade lawyer might suffer opportunity either strategy.,3,4.7,8959
7979,2025-09-24 18:14:20,Final always economic conference for environment nothing.,3,4.1,4834
7980,2025-06-01 17:52:33,Anything to be every level.,1,3.8,8042
7981,2025-03-27 11:15:41,Federal southern prepare.,2,4.3,1174
7982,2025-04-24 21:02:52,Never smile stock during foreign.,2,4.6,4975
7983,2025-09-10 06:05:11,Difference area suffer daughter shoulder already dog.,1,4.9,4854
7984,2025-02-13 07:23:30,Most actually per up.,5,5.0,1160
7985,2025-11-12 22:40:55,After hope thus item leave soon.,2,4.7,2351
7986,2025-11-03 08:10:22,Nearly discuss everything meeting put company.,4,4.6,306
7987,2025-06-03 00:47:55,Rich against measure lose.,4,4.1,4381
7988,2025-04-18 21:50:17,Partner friend important wind buy right.,1,3.6,4508
7989,2025-07-11 16:16:02,Special apply term reach series.,1,4.9,7952
7990,2025-10-22 17:28:51,Rich add smile soldier.,1,4.3,6231
7991,2025-07-31 00:14:37,Security include home wind foot ask police.,3,3.9,6909
7992,2025-09-28 19:53:51,Scene agreement laugh.,2,3.6,2476
7993,2025-10-16 23:45:59,Room third sell level race.,4,3.5,6824
7994,2025-11-10 21:39:52,Hundred teacher debate.,3,4.4,2628
7995,2025-06-18 21:34:56,Think natural throughout order.,5,4.8,4463
7996,2025-06-08 16:43:00,Cell receive forget.,4,3.7,9855
7997,2025-03-18 12:32:27,Cultural design compare indicate from.,2,3.5,4378
7998,2025-07-15 19:37:42,Book green Mrs industry door discover gas.,5,3.7,3873
7999,2025-08-05 10:52:50,Option piece blue road history federal.,1,4.6,8007
8000,2025-06-27 15:26:31,Here figure talk section investment nothing southern short.,3,4.7,7476
8001,2025-07-18 04:59:53,Always land start table really finally.,1,4.0,901
8002,2025-02-09 07:33:48,Boy sit leader evidence black paper eight.,4,4.9,3142
8003,2025-07-08 03:22:08,Same threat thousand perform region worker receive.,2,4.5,4090
8004,2025-07-25 13:15:15,Light executive across listen boy money talk data.,5,4.1,9100
8005,2025-02-23 18:19:15,None yard there decide firm store station.,2,3.1,7748
8006,2025-02-26 05:43:37,Participant would maybe response party.,3,4.6,4216
8007,2025-03-01 21:23:03,Get activity establish take large.,1,3.1,8458
8008,2025-03-23 00:13:08,Talk appear company.,3,4.4,6352
8009,2025-08-08 01:07:02,They side if beyond best.,4,4.3,5785
8010,2025-03-05 07:27:56,Attack type church certain tend goal great.,5,4.8,4678
8011,2025-10-21 02:31:36,Middle chance before former door.,5,3.9,8286
8012,2025-08-15 09:24:54,None training poor later.,3,4.4,9685
8013,2025-05-10 11:24:04,Question central young war approach.,1,3.0,4862
8014,2025-02-28 06:40:51,Visit exist resource take left heavy mind.,5,4.1,3585
8015,2025-10-28 11:39:38,Add throughout outside drop.,5,5.0,2237
8016,2025-05-19 07:07:39,Wear heart avoid hundred stop nothing gun stage.,3,3.9,2127
8017,2025-03-13 10:06:36,Throw exist good natural.,2,3.1,5056
8018,2025-05-30 22:02:57,Agree law act himself usually.,2,3.4,2461
8019,2025-01-23 23:29:23,One station call.,5,3.7,817
8020,2025-02-13 10:48:21,Word official leader space still could what.,1,3.0,7671
8021,2025-05-19 21:38:11,Half pretty talk care magazine too.,2,3.4,5052
8022,2025-08-30 17:23:55,Professor item technology exactly.,3,4.4,9677
8023,2025-03-22 03:24:56,Million in experience play thank.,1,4.4,7763
8024,2025-08-28 21:49:49,Think others film often boy month.,1,4.4,4287
8025,2025-01-16 00:22:40,Game late tonight radio.,4,3.5,284
8026,2025-08-10 10:27:47,Pattern opportunity share give since learn.,3,4.8,5931
8027,2025-03-04 14:59:30,Huge collection government garden.,2,3.2,7307
8028,2025-10-03 19:55:48,Necessary direction major anyone would question.,4,4.2,6506
8029,2025-10-22 22:57:32,Pattern information believe well sometimes spring within.,5,3.3,579
8030,2025-08-22 12:27:57,Tough religious look stock.,5,4.8,485
8031,2025-09-13 15:57:29,Enjoy mention major western nor identify he ball.,1,4.7,8824
8032,2025-09-14 10:19:58,Modern factor piece lose.,2,4.7,5839
8033,2025-05-21 03:01:09,West anything open although yard.,2,3.1,9963
8034,2025-01-01 11:49:19,Like center book range box Republican test.,1,4.3,2310
8035,2025-10-04 02:19:57,Seat democratic class use lead bank think.,5,4.1,1822
8036,2025-01-26 13:03:58,Better once alone wrong visit establish.,5,3.5,4910
8037,2025-05-10 20:50:34,Pattern him tough rich consumer material.,5,4.7,8868
8038,2025-05-12 13:23:58,Hard price threat recognize million.,2,4.1,5329
8039,2025-11-19 23:19:21,Baby attorney conference news manage high area.,4,4.2,9198
8040,2025-08-11 14:23:56,Machine store space ten believe.,2,3.0,1937
8041,2025-03-16 12:41:06,Special if news fine lawyer source within.,4,3.4,2309
8042,2025-11-19 00:57:19,Drug trip second.,5,4.2,1053
8043,2025-01-13 19:00:37,Meeting order long medical serve image word stuff.,1,3.4,3496
8044,2025-09-08 21:44:22,Make history line choice itself both home interesting.,1,4.0,3568
8045,2025-07-27 12:06:58,Evening though seven set follow kitchen teacher.,4,3.1,1769
8046,2025-08-09 11:42:11,Training yet fish particularly better movement.,2,3.4,3784
8047,2025-06-14 04:58:18,Our evening century sea performance bag.,5,4.3,4888
8048,2025-05-31 07:03:35,Happen thousand within.,5,4.9,4191
8049,2025-05-05 12:20:29,Oil computer government action of protect.,1,5.0,921
8050,2025-07-03 04:30:17,Task page arm daughter add change away.,5,4.9,1355
8051,2025-10-29 11:15:46,Fact policy sell only compare wish.,4,4.3,6105
8052,2025-10-17 06:53:11,Challenge young inside pretty strategy experience send trade.,1,4.3,120
8053,2025-08-16 03:27:24,Finish card machine country.,3,3.2,9522
8054,2025-05-29 09:42:59,Suddenly future loss candidate.,2,4.9,3626
8055,2025-03-03 15:02:53,From yet raise.,1,4.4,4832
8056,2025-09-11 19:38:35,Right medical administration determine.,2,3.1,2565
8057,2025-06-18 15:12:30,Red stand hear serve whole pretty.,5,4.9,5048
8058,2025-01-10 18:50:09,Challenge run responsibility large modern.,1,3.6,9893
8059,2025-05-27 03:25:26,Term scientist trouble poor.,2,4.0,9508
8060,2025-08-24 21:04:24,Able compare director challenge partner.,2,3.2,273
8061,2025-02-17 21:44:34,Member pick article.,1,4.7,4050
8062,2025-10-24 04:26:57,Physical tough occur law this drive.,3,4.1,9958
8063,2025-05-25 15:23:04,Travel major strategy ever.,4,4.2,3394
8064,2025-04-01 02:18:49,Bring mention weight history medical believe.,3,4.4,160
8065,2025-05-06 03:42:17,Political agree be avoid.,3,4.3,7849
8066,2025-06-20 11:38:13,Forward though consumer able.,1,4.4,7449
8067,2025-09-11 08:53:36,Wish fund matter subject other popular.,1,4.2,9642
8068,2025-09-17 13:21:44,End money that tend join foot final.,5,3.4,8478
8069,2025-07-22 06:40:16,Century late maybe role admit bill.,5,3.3,1662
8070,2025-08-13 12:06:15,Anything forward rest course human recently finally.,4,4.7,94
8071,2025-01-17 00:33:00,Down member almost player.,2,4.4,9415
8072,2025-08-01 20:22:09,National claim manager plan example customer simply.,2,4.0,2973
8073,2025-09-19 17:12:23,Series ground worry itself wife.,3,4.8,1695
8074,2025-08-29 21:28:35,Officer produce realize agent research big.,1,3.3,7806
8075,2025-01-31 18:44:22,Too establish expert young.,4,3.1,1436
8076,2025-10-21 21:16:25,Its thus forget impact whom bed.,5,4.0,7995
8077,2025-02-23 23:23:03,Buy under goal population late teacher cultural never.,1,3.3,9612
8078,2025-03-24 16:46:04,Film eat lose yet simply.,3,4.7,7054
8079,2025-01-02 17:29:32,Performance about do away.,3,4.6,4237
8080,2025-03-07 21:36:48,Deal method hundred light work treat she.,4,4.0,8100
8081,2025-05-16 14:06:50,Safe exactly PM knowledge fall great.,3,3.9,4812
8082,2025-01-14 07:07:28,Include must involve onto guy.,1,4.7,4488
8083,2025-01-04 08:46:38,Life suddenly interest three official plant easy.,1,4.5,6928
8084,2025-02-07 04:34:23,Theory value store today place.,1,4.6,3485
8085,2025-08-10 21:02:24,Figure realize development might.,2,4.0,5504
8086,2025-08-12 17:54:42,Last product real check.,4,3.5,4176
8087,2025-09-19 18:41:23,Father issue suddenly run maintain sport.,3,5.0,1435
8088,2025-04-27 19:26:00,Which success send firm.,2,3.0,3453
8089,2025-01-30 02:04:08,Actually develop economic north executive over.,1,4.7,831
8090,2025-01-10 17:00:16,Chance something protect according.,3,4.1,7391
8091,2025-02-27 11:13:40,Vote it democratic else where house big Democrat.,2,4.3,6588
8092,2025-03-27 18:00:13,Popular how should thousand sense case attorney increase.,2,3.6,1186
8093,2025-03-05 01:53:19,Seem fly choose safe.,5,3.7,2097
8094,2025-02-05 14:18:38,Common opportunity hospital agent sound its teacher.,3,4.1,990
8095,2025-01-21 07:02:25,Process difficult receive town town his TV.,1,3.7,333
8096,2025-06-17 21:06:36,Recently memory grow guy type.,1,3.9,2364
8097,2025-11-08 16:28:32,Society listen fund measure relate should.,1,4.5,2485
8098,2025-06-09 10:59:16,Establish teacher crime some.,5,3.6,415
8099,2025-08-06 23:06:17,Improve itself couple husband subject yard model.,2,4.8,7209
8100,2025-08-27 11:04:27,Old choice speak cause artist American.,5,4.9,4395
8101,2025-06-09 18:59:38,Have young condition.,1,3.3,3678
8102,2025-01-14 20:29:03,Treatment right my people section smile sing.,4,3.5,5431
8103,2025-08-02 03:16:22,Value fall others would her drive.,5,4.4,4794
8104,2025-06-10 13:47:12,Election every return try.,2,3.1,2636
8105,2025-01-02 18:26:13,Win clearly wonder seem skill affect.,3,3.2,7482
8106,2025-05-05 20:55:03,Environment past happen town despite skin buy.,3,4.8,1249
8107,2025-07-02 09:08:59,Specific professional vote bill another race.,4,4.2,2244
8108,2025-01-12 21:42:56,Never all challenge black day range.,3,4.1,5536
8109,2025-08-22 23:42:08,Method find size recognize try whether question.,4,3.6,1348
8110,2025-05-29 17:33:15,Listen realize alone lot social choose something.,3,4.8,3884
8111,2025-11-11 18:08:44,Into if step always past try.,1,3.7,1620
8112,2025-11-18 12:25:37,Wait so college majority beautiful.,5,3.2,1267
8113,2025-03-23 12:22:38,Guess list other now.,1,3.4,3751
8114,2025-05-09 10:46:47,Democrat whatever high example option ready here.,3,4.7,4098
8115,2025-04-05 05:04:38,Skin range its world positive close.,2,4.8,8719
8116,2025-10-11 05:10:49,May world year right.,5,3.8,9732
8117,2025-08-01 03:47:29,Out another car particular put media arm sort.,4,3.7,7781
8118,2025-02-20 09:23:40,Street full exactly street she head.,1,3.5,3862
8119,2025-01-13 08:51:38,Fish describe hold bring.,3,4.5,3961
8120,2025-05-16 12:27:16,Maybe cause allow concern.,4,3.8,6819
8121,2025-05-17 16:07:56,Population recent they management.,4,3.1,2065
8122,2025-03-03 09:40:38,Growth new nearly century have.,5,3.5,1041
8123,2025-02-01 00:55:25,Old claim stage after child third.,5,5.0,8982
8124,2025-02-10 16:17:51,Maintain it policy whatever song win evening.,1,4.2,5670
8125,2025-05-14 18:45:05,Yard sport inside economy create land trip.,2,4.6,2555
8126,2025-02-07 09:02:35,So she large discussion level maybe.,4,3.8,5247
8127,2025-08-14 22:11:36,Cover simply possible.,1,3.7,2352
8128,2025-09-21 12:42:26,Foot base you room nation central.,2,4.3,7559
8129,2025-02-18 19:10:55,Wait military tax mouth new force.,5,4.8,7131
8130,2025-02-22 10:26:46,Natural century clearly interesting.,1,4.3,7422
8131,2025-04-03 02:33:58,Room produce staff cover.,4,4.7,9911
8132,2025-07-03 13:49:08,Attention edge that or soldier at.,3,4.0,931
8133,2025-02-04 07:38:02,Nice resource however book employee remain.,1,3.6,2152
8134,2025-06-28 14:54:58,Wonder rock nor knowledge join Mr.,5,4.9,5351
8135,2025-08-21 08:27:39,Mr Congress difference hold great ready.,5,3.3,3912
8136,2025-11-13 02:39:05,Order sport attention able agree.,4,4.9,5412
8137,2025-06-02 20:11:49,Job far keep capital training sell.,1,4.0,1692
8138,2025-04-25 21:05:52,Enjoy month animal.,3,3.9,2921
8139,2025-06-21 09:41:14,Decide serious say laugh begin.,5,3.2,4609
8140,2025-02-18 23:36:22,Data certainly case yet dog impact.,4,3.8,6130
8141,2025-04-02 13:21:42,Memory red sort need seven fine.,4,3.6,3289
8142,2025-01-30 07:15:14,Use price goal for.,4,3.3,4524
8143,2025-10-15 05:07:04,Heart chair this.,4,4.3,7943
8144,2025-06-02 01:51:25,Day future interesting threat.,1,4.1,7777
8145,2025-05-27 05:18:05,Ask race benefit fire officer wonder fill.,3,3.7,3385
8146,2025-11-02 14:12:55,Cost whether pressure painting new friend million.,5,4.6,670
8147,2025-01-04 23:46:23,Peace idea imagine improve store choice.,2,3.7,6541
8148,2025-04-21 21:33:48,Picture on field cell heavy story.,2,4.9,3068
8149,2025-08-13 10:44:27,Situation close hot door fund none price.,1,3.4,8860
8150,2025-07-16 09:20:37,Heart imagine join personal pretty machine nothing.,5,3.9,7249
8151,2025-08-07 09:14:26,Build call chance scientist season.,4,3.8,7449
8152,2025-10-28 16:57:13,Medical together long.,4,4.0,2570
8153,2025-10-22 15:21:12,Lot range billion fear room represent here.,5,4.3,9847
8154,2025-04-20 07:53:09,Discover sport beat property beat agree tend.,5,3.2,9428
8155,2025-04-27 16:33:09,Hard although else rather technology.,3,3.8,9001
8156,2025-07-28 15:09:56,Across responsibility success mission nature structure brother.,2,3.9,3936
8157,2025-10-01 13:41:31,Trade crime religious imagine design doctor leader.,1,4.7,5501
8158,2025-10-04 08:18:26,Sure this those attack data it.,3,4.3,8901
8159,2025-08-15 11:24:44,Catch put his young fund nothing.,4,4.7,1011
8160,2025-06-13 06:47:14,Technology couple provide.,1,3.2,5462
8161,2025-07-22 04:39:19,Material during sport over as social.,5,3.1,6496
8162,2025-03-14 12:31:10,Me concern heavy keep realize.,5,5.0,5270
8163,2025-10-13 16:17:35,Nation worker address quite dream time coach medical.,3,3.1,1114
8164,2025-01-19 22:59:42,Admit measure son mind career.,2,4.2,9136
8165,2025-03-19 22:01:09,Lot hundred sing public guess teacher.,3,4.2,7786
8166,2025-01-11 10:43:43,Use environment these opportunity.,4,3.4,5667
8167,2025-07-24 00:23:57,Attorney newspaper material body remember well.,5,3.0,5808
8168,2025-10-21 03:01:26,Point Congress must.,5,4.5,1323
8169,2025-04-30 08:43:06,Approach performance film discover suddenly pull effect.,2,3.7,1669
8170,2025-01-29 18:37:24,Sense media medical sure arrive life maintain call.,2,4.6,995
8171,2025-11-25 07:19:45,Company expert sell strong go sport.,4,4.0,9783
8172,2025-11-11 19:07:55,Voice same free.,5,3.7,3572
8173,2025-10-19 16:32:00,Open throughout total story civil theory process.,3,4.6,6861
8174,2025-11-22 17:30:00,Gas theory find.,2,3.1,56
8175,2025-10-10 15:14:58,Light daughter firm up someone identify cut something.,4,3.8,5825
8176,2025-07-22 19:42:47,Who claim black oil front design.,3,4.2,4405
8177,2025-03-14 18:26:33,Never ahead hard air make organization operation simply.,4,4.2,3306
8178,2025-11-24 16:04:42,Thus blue often enough cover.,2,4.1,8977
8179,2025-06-14 18:26:21,Fire employee effect.,2,4.1,1003
8180,2025-07-03 02:04:56,Best whose south less so trip control.,2,3.2,4968
8181,2025-11-23 07:28:20,End store strategy thing national.,3,3.9,7801
8182,2025-04-19 01:15:33,Election thousand third size because expect pay window.,5,3.0,5876
8183,2025-06-19 04:32:30,Do ability art age measure fly.,5,4.1,9300
8184,2025-08-30 18:44:09,Himself must do a material glass field.,1,3.7,1988
8185,2025-10-29 22:29:33,Which past spend style arm let.,4,4.6,4472
8186,2025-04-18 20:12:40,Speech find song clearly nor control.,2,4.5,9542
8187,2025-03-16 04:10:44,Worry improve people security stay peace.,2,4.6,391
8188,2025-07-14 04:24:58,Ever particular policy turn choose agent difficult.,3,4.4,7404
8189,2025-01-18 21:15:39,Color start today down decision discuss special.,3,4.9,2254
8190,2025-08-30 00:28:29,Career that fly organization camera.,4,5.0,7092
8191,2025-11-20 21:12:09,Case much teach appear medical.,1,4.4,3025
8192,2025-07-29 07:34:40,As item finish lot media central.,5,3.6,2091
8193,2025-05-16 01:25:04,Miss at challenge professional news.,1,4.4,5367
8194,2025-08-25 09:44:05,I help sense together.,1,4.4,7048
8195,2025-01-27 10:37:55,Tough season half state back.,1,3.1,1398
8196,2025-01-04 17:04:48,Fight page crime quality machine leader finish inside.,4,3.8,402
8197,2025-08-12 20:50:41,Purpose eye every history interview close skill.,2,3.3,6505
8198,2025-06-12 18:17:56,Its nothing another.,4,4.0,128
8199,2025-06-09 18:13:32,Project concern adult.,1,4.5,5459
8200,2025-08-17 19:35:24,Wait several what.,5,3.9,3096
8201,2025-03-05 09:20:42,Already mission have century every source understand.,3,4.2,4365
8202,2025-07-15 20:43:51,Major woman real I early group night.,2,4.4,5439
8203,2025-10-07 12:36:26,Computer player bad now operation why pay leg.,1,3.3,855
8204,2025-08-14 16:01:37,Many concern than have film detail carry.,3,4.9,1680
8205,2025-01-14 17:27:11,Represent where international.,1,3.3,6190
8206,2025-09-07 20:33:49,Few instead enjoy focus how too yourself.,2,3.8,9766
8207,2025-03-04 08:02:12,Beyond investment garden occur rule something lot hot.,1,4.2,3850
8208,2025-01-31 04:49:15,Station per reason spring friend morning.,3,3.7,5067
8209,2025-01-08 08:16:08,Cover those Republican yard or.,4,4.0,6953
8210,2025-01-07 15:52:47,Effect together science standard woman machine.,4,3.2,8492
8211,2025-11-10 19:23:05,Base history protect capital tell rate meet.,2,3.9,6520
8212,2025-01-23 01:58:04,Television bit image still film discover magazine.,1,4.3,9844
8213,2025-07-23 08:23:27,Certain few source increase.,2,5.0,3865
8214,2025-02-17 17:38:42,Economy out rather grow.,1,4.1,9747
8215,2025-05-14 02:48:48,Many research return future attack letter.,5,3.5,6945
8216,2025-05-21 11:53:59,Whom walk wall add too suddenly.,4,4.7,636
8217,2025-01-07 21:58:40,Safe fly crime person skill safe material.,5,4.6,857
8218,2025-02-24 15:56:47,Hot form enough at professor behind.,5,3.7,7858
8219,2025-06-10 22:38:02,Score none improve positive call serve.,5,3.6,8987
8220,2025-05-28 07:46:10,Deal too anything a community build finish table.,2,4.5,4898
8221,2025-01-30 16:58:47,Easy everyone painting administration production pretty no.,3,3.7,9801
8222,2025-09-10 14:08:46,Report boy place pretty surface.,1,3.2,1956
8223,2025-04-08 16:02:20,This brother office last for.,5,4.5,5354
8224,2025-10-18 11:27:31,Today former become land suffer wonder wind.,4,4.5,5579
8225,2025-09-20 02:14:16,Former above bar night.,3,3.9,6255
8226,2025-10-13 11:24:00,Decade four success back eat.,1,4.2,2023
8227,2025-10-01 11:26:00,Someone task network minute space only.,5,4.7,1997
8228,2025-04-30 20:57:29,Notice read few spend.,5,3.9,3695
8229,2025-02-17 23:42:07,Half pattern condition whatever total town.,4,3.0,2082
8230,2025-01-05 10:59:44,His really hold expert task.,3,3.7,4864
8231,2025-09-27 17:50:30,Image weight already probably accept.,2,4.2,8925
8232,2025-02-11 16:27:19,Wrong source value that its eight success.,5,3.6,124
8233,2025-09-06 00:22:55,Include the lawyer central.,2,4.4,5728
8234,2025-10-24 01:31:35,Send fund include issue.,5,3.7,282
8235,2025-01-04 09:37:17,Always their attention long similar artist.,4,4.9,4249
8236,2025-04-25 15:38:51,Back go wind future head artist hear.,2,4.8,6557
8237,2025-09-02 02:48:36,Magazine someone series assume accept.,1,4.5,2527
8238,2025-03-23 22:30:33,Food investment article machine plant color network international.,5,3.8,3739
8239,2025-11-13 22:21:02,Skin its exactly wear consider.,3,3.6,4186
8240,2025-03-12 12:35:32,Church major help.,5,5.0,6750
8241,2025-06-02 13:49:07,Such develop shoulder stand town prevent agency.,1,3.7,6648
8242,2025-04-06 04:46:52,Party forward represent improve sing wife.,3,4.7,9313
8243,2025-06-15 13:13:14,Amount edge clearly.,4,3.3,1415
8244,2025-02-21 14:23:20,Seem peace perform send consumer itself often.,4,3.5,2397
8245,2025-04-10 10:02:48,Their police although instead red.,3,3.5,9823
8246,2025-04-13 18:08:24,To indicate worker or future some once.,4,3.7,9838
8247,2025-07-12 02:49:24,Like want network change his just.,3,3.3,5476
8248,2025-04-04 11:07:29,Use bad food race foot agreement.,4,4.3,2099
8249,2025-03-11 13:04:29,Month behind media.,4,4.2,3941
8250,2025-08-23 16:22:19,Season involve religious meet sell budget if.,2,3.1,1286
8251,2025-04-28 14:45:06,Worry positive your if begin provide.,2,4.2,3348
8252,2025-11-06 22:10:24,Maybe parent cultural.,1,3.7,4737
8253,2025-03-10 13:53:30,Professional defense party wrong trouble poor.,4,3.8,5917
8254,2025-04-25 17:00:42,State cause ok director maintain most.,5,3.9,256
8255,2025-06-19 22:05:23,There phone section model though best however.,5,3.9,8
8256,2025-10-31 21:48:08,Increase tonight five local learn drive lot region.,2,3.5,3750
8257,2025-03-20 08:36:49,Compare perhaps power hard behavior party.,2,3.7,1335
8258,2025-11-05 03:42:07,Participant health she speech property before product.,5,3.3,9339
8259,2025-05-22 05:16:32,Camera statement civil company choose like myself.,5,4.0,9874
8260,2025-09-12 05:57:00,Step move fear energy explain large.,2,4.0,9957
8261,2025-02-25 19:28:13,Check their public pull economic.,4,4.5,2615
8262,2025-09-07 01:21:26,Add again seek energy serious here turn bank.,5,4.0,8004
8263,2025-03-31 19:10:44,Director if add drive particularly food.,5,4.5,8799
8264,2025-01-30 09:23:18,Effort national within Republican democratic enjoy protect.,3,4.7,4512
8265,2025-04-27 15:33:18,Success how describe officer newspaper.,4,3.5,5477
8266,2025-07-15 14:43:11,Cup sell audience result cost environment remain base.,1,4.6,4364
8267,2025-05-26 21:11:18,Image require usually teacher after themselves.,5,3.8,6255
8268,2025-03-30 06:16:13,Control drive factor bank represent thought subject.,4,3.9,178
8269,2025-05-08 21:01:45,Old keep young street poor talk.,2,3.1,9884
8270,2025-11-07 04:41:29,Former agree plan each enter.,4,3.4,118
8271,2025-03-02 18:10:25,Town member institution just social factor ok.,2,3.2,4905
8272,2025-03-21 23:30:23,Those cause out I occur.,4,3.3,7119
8273,2025-07-01 18:36:38,Ahead production leave section your recently among.,1,3.6,9252
8274,2025-02-21 08:49:59,All wish school plan.,4,3.3,6645
8275,2025-08-26 03:54:28,Spring tough themselves cover.,3,4.0,6303
8276,2025-04-02 20:49:02,Stock race fear course worker action.,5,4.5,1930
8277,2025-06-22 22:16:17,Security fly same require ground along check.,4,3.7,1387
8278,2025-04-24 11:54:42,Majority including take offer response collection.,2,3.9,7851
8279,2025-02-13 14:48:12,Southern fast return cause.,5,3.7,3941
8280,2025-06-29 22:29:16,Suggest certain that stock nice.,1,3.3,7064
8281,2025-11-10 14:39:20,Yet purpose explain among middle red shake.,5,4.7,4118
8282,2025-07-23 19:46:20,Add think without set particular information difficult attorney.,4,3.4,5921
8283,2025-07-11 10:19:32,Quite opportunity maintain conference political cup city note.,3,3.2,1014
8284,2025-04-03 17:37:01,Blood fill station apply.,3,3.6,1610
8285,2025-11-22 21:51:48,What thing sometimes suffer owner less eight.,4,3.8,8852
8286,2025-11-24 22:48:56,Mother born friend name shoulder yourself.,2,3.1,4631
8287,2025-03-16 17:41:41,Consider factor source ready modern successful.,5,3.9,8332
8288,2025-08-06 03:40:22,Ball game military media.,1,4.9,3599
8289,2025-11-13 03:38:03,Politics unit eight message child although realize.,5,3.3,1465
8290,2025-09-10 05:02:08,Candidate close make professional.,3,3.1,2856
8291,2025-03-23 01:56:33,Responsibility him energy religious.,4,3.2,9463
8292,2025-09-16 12:39:16,Nation community so hope job total enter.,4,3.5,9462
8293,2025-04-12 13:27:48,Help check look here hundred central event.,5,3.3,5632
8294,2025-10-29 08:14:24,Wide identify activity movement necessary response worker.,2,4.3,2626
8295,2025-05-11 23:51:18,Happy school tough live nor your system remain.,2,4.0,7596
8296,2025-06-12 01:26:37,Pattern wife foreign how until soon agreement.,1,3.2,6690
8297,2025-02-02 17:16:06,Property skin military everyone appear yourself glass.,4,3.6,953
8298,2025-10-27 16:09:43,Fill girl according real budget stage.,2,4.6,2289
8299,2025-05-21 13:16:54,Ball ask rise remember water charge.,2,4.6,7215
8300,2025-10-09 21:22:33,Despite data country walk site our.,1,3.9,7434
8301,2025-06-06 04:46:02,Then your five outside financial.,5,3.9,1673
8302,2025-03-14 03:46:39,Ability name thus interesting fund.,3,4.8,8542
8303,2025-05-18 04:25:48,Inside time call play too would south.,4,4.5,5729
8304,2025-06-26 09:47:20,Decision once race foreign traditional.,2,4.3,7824
8305,2025-03-20 13:25:13,Generation window box nearly.,3,3.4,7520
8306,2025-10-04 06:23:52,Material let require source.,2,3.6,3110
8307,2025-11-03 01:54:11,Customer tax into drop yard.,5,4.5,2378
8308,2025-02-08 17:30:31,Person single west will during white movement.,2,4.1,6610
8309,2025-02-01 10:52:31,During once news face argue writer.,3,4.6,567
8310,2025-08-16 04:23:52,Meeting you so direction accept despite.,3,4.7,1180
8311,2025-08-26 13:06:40,Yes art use wonder social method radio.,5,4.3,750
8312,2025-08-01 16:56:46,Cause evening Mrs though especially wind.,4,4.6,952
8313,2025-11-06 03:40:21,Call film appear simply minute language.,3,4.2,8769
8314,2025-06-03 10:34:33,Ball project dream cell degree why.,1,4.3,9172
8315,2025-01-02 19:33:02,Sort reach suffer tree authority later.,5,4.5,3942
8316,2025-04-26 06:38:09,Respond scientist step professional.,1,3.9,6373
8317,2025-08-09 12:01:59,City coach happy grow case.,3,3.7,5067
8318,2025-08-10 23:15:29,Tonight public big shoulder another inside special.,4,4.3,6482
8319,2025-08-13 09:33:49,Cause might talk decision enjoy.,4,4.3,672
8320,2025-03-29 19:13:51,Night skill seek water left.,4,4.2,3636
8321,2025-01-01 16:27:09,Wall condition various long past simple population.,2,3.4,3908
8322,2025-11-24 23:52:50,Nearly interview decade both stay foreign.,1,3.8,4723
8323,2025-01-31 07:18:27,Finally ability brother police factor worry.,4,4.3,3856
8324,2025-01-22 22:44:40,Use also job however security.,1,4.0,6380
8325,2025-06-06 10:15:32,Leave sense sense other plant there.,5,3.4,3838
8326,2025-08-10 05:58:06,Hear suggest point new home conference skin when.,4,3.9,3269
8327,2025-11-14 23:17:03,Wear thus wide inside.,4,4.9,6668
8328,2025-04-01 17:27:06,Whole thousand garden name middle high where.,2,4.8,6619
8329,2025-01-05 13:47:36,Lot police remain song quickly.,2,3.7,7565
8330,2025-02-01 04:47:18,Impact only onto minute interesting.,3,3.8,2732
8331,2025-01-04 12:44:23,Manager director glass learn direction.,3,4.6,7301
8332,2025-03-23 05:17:44,Cause simply something ask born front.,3,4.2,9743
8333,2025-06-19 00:01:30,Suggest political might test.,4,3.7,665
8334,2025-08-20 20:51:42,Enjoy sign back candidate him.,5,3.5,9118
8335,2025-08-26 01:05:23,Manage water who fund.,2,3.2,2431
8336,2025-03-14 19:40:10,See arrive anything total personal management case.,5,4.4,3567
8337,2025-04-22 22:38:59,So clear red position.,3,3.8,7494
8338,2025-08-27 00:41:17,Sign much available sound indicate.,2,4.1,7365
8339,2025-10-31 22:24:47,Detail treatment democratic young become mention foreign.,5,3.6,8971
8340,2025-09-20 15:04:35,Prevent model stock however half between.,2,4.7,1964
8341,2025-04-15 15:32:25,Clearly place pretty recognize.,5,4.6,5602
8342,2025-07-30 16:20:26,Create message share.,2,4.8,504
8343,2025-11-13 03:12:35,Return majority memory side the.,2,3.8,4200
8344,2025-02-18 15:11:07,Child cup all everybody.,3,4.5,5764
8345,2025-10-21 17:40:46,Most government mean participant always.,2,3.7,3818
8346,2025-09-03 03:40:24,Nearly approach network social.,1,4.0,4231
8347,2025-03-03 20:00:57,Of western hour production buy these.,5,4.2,2904
8348,2025-03-22 16:52:03,Center suggest opportunity relationship over.,5,3.0,5322
8349,2025-02-09 06:29:27,Become together rich actually science individual capital.,1,3.3,3389
8350,2025-10-02 10:16:17,Not detail hospital.,3,5.0,137
8351,2025-07-08 23:44:30,Body long hundred top.,5,4.8,1380
8352,2025-03-15 08:52:24,Understand beyond car reason during difficult national.,4,4.2,3368
8353,2025-03-29 00:46:00,Not return attorney low wear series.,3,4.3,3563
8354,2025-10-19 01:48:56,Their person member should off arm choose.,5,4.8,3651
8355,2025-01-30 06:35:25,Foreign sense ago.,4,4.5,8238
8356,2025-11-06 11:41:14,Which focus first during sound government produce.,5,4.5,2985
8357,2025-02-20 19:46:57,Executive old effect late action scientist try.,3,3.8,7522
8358,2025-03-18 17:16:28,Image middle everything now end letter become.,5,4.9,290
8359,2025-07-01 21:57:36,World place test process nation work because.,5,4.1,5650
8360,2025-06-19 17:20:31,Game thing serious during finally whether business.,4,3.2,878
8361,2025-03-21 08:14:25,Third magazine government trial sell director hold.,4,3.3,4348
8362,2025-09-17 20:26:40,Dream role speak pressure.,4,4.5,5853
8363,2025-09-16 06:57:45,Ahead wear very hospital turn goal.,5,3.7,3565
8364,2025-08-10 01:21:11,Energy purpose energy degree.,5,3.3,6063
8365,2025-03-28 05:46:57,Either good character yard let big.,2,4.2,8756
8366,2025-09-05 10:19:57,Common half maybe body.,5,3.4,237
8367,2025-04-05 12:52:39,Writer series paper leader.,3,3.3,3179
8368,2025-10-24 07:48:00,Music type know.,4,3.9,5978
8369,2025-01-13 11:47:11,Think power strong practice meeting election southern only.,4,4.9,9576
8370,2025-03-07 19:04:16,Close them draw director.,1,4.1,8760
8371,2025-11-10 22:55:45,Boy learn imagine within girl bring before.,4,4.7,6209
8372,2025-08-31 19:23:48,Present door strategy against glass force result.,3,4.4,3148
8373,2025-08-18 07:02:36,Leader trip top.,3,3.2,1482
8374,2025-08-15 17:35:03,Such various support might success.,5,3.8,6277
8375,2025-05-28 05:38:35,Entire lead join many consumer free wait.,4,4.9,8895
8376,2025-08-10 18:04:41,Yard customer station near.,3,4.4,9022
8377,2025-04-19 02:16:54,Role service whether and impact matter might top.,3,4.9,1907
8378,2025-11-23 13:06:22,Executive office voice himself question single.,2,3.6,9071
8379,2025-01-08 23:02:35,Pay leader while knowledge radio message.,3,4.5,4824
8380,2025-08-28 07:07:33,Stand system than probably name truth.,1,3.6,4449
8381,2025-07-07 04:41:16,Conference stop fish test through sport.,3,3.1,2173
8382,2025-04-26 11:13:56,Southern rise far though edge everybody whole.,3,3.3,3505
8383,2025-07-20 06:24:01,Happen star attention investment relationship within lead.,4,4.8,9485
8384,2025-05-03 01:34:17,Attack week thank compare culture.,5,3.9,2183
8385,2025-07-08 18:56:12,Red become camera approach president.,3,4.1,1645
8386,2025-11-18 20:19:25,Third their happy here admit talk realize.,2,3.3,7858
8387,2025-03-18 22:46:38,Point get spring let outside leave development role.,1,3.0,937
8388,2025-03-06 12:19:50,Eight face south produce.,1,3.3,681
8389,2025-06-30 04:42:49,Necessary model she memory next.,2,4.8,5481
8390,2025-02-21 17:36:13,Finish require music also eight agreement.,4,4.6,4371
8391,2025-07-08 23:26:56,Movie sometimes free manage certain church seven.,4,3.8,6943
8392,2025-05-07 04:16:36,Trial word president that.,4,4.1,9368
8393,2025-05-11 08:38:11,World during painting effort either.,5,3.9,2689
8394,2025-03-12 20:20:22,Fill know billion seven.,2,4.2,8266
8395,2025-07-28 19:34:40,Stop to my bill smile avoid occur.,1,4.5,7455
8396,2025-04-10 04:20:28,Nation modern per meeting side better.,3,3.5,5243
8397,2025-03-26 09:31:22,Wrong per several part soldier interesting.,5,3.8,8657
8398,2025-09-28 20:38:52,Argue field cost price watch go.,1,3.0,8328
8399,2025-03-01 12:38:19,Though song impact evidence however thus.,4,3.1,2010
8400,2025-04-03 06:33:11,Together half late finish property crime event.,3,4.4,5872
8401,2025-09-06 10:15:24,Order other trouble short home executive.,4,4.4,4452
8402,2025-02-27 09:31:39,Animal third happen get.,4,4.7,8981
8403,2025-10-13 22:58:42,Bad night stock continue expect.,1,3.9,7741
8404,2025-07-16 16:09:31,Draw easy deal.,5,3.6,4835
8405,2025-02-28 16:30:41,Key dog itself yourself.,4,4.5,6626
8406,2025-04-12 16:27:35,Her idea science heavy.,2,4.5,1581
8407,2025-08-15 21:46:05,Entire environmental city bank form.,3,4.4,7367
8408,2025-05-23 17:18:04,Accept capital when concern.,1,3.5,1826
8409,2025-08-06 04:38:22,Record surface power apply view cell.,5,4.8,8263
8410,2025-02-05 08:32:21,Win human with eight decade may.,2,4.0,3691
8411,2025-10-08 02:27:39,Person identify east student recognize situation become.,5,3.5,6564
8412,2025-05-15 17:38:24,Business mean risk risk whom.,5,3.3,2377
8413,2025-11-12 09:05:51,If common dog trade shake half.,3,4.6,3748
8414,2025-07-20 13:06:28,Low director occur ok very.,5,4.6,9569
8415,2025-08-27 19:11:40,Career attention read cost person.,5,4.9,6237
8416,2025-01-22 05:15:08,What hot economy yourself PM.,2,4.1,4801
8417,2025-11-25 00:36:15,Just share quality very.,4,4.7,9152
8418,2025-10-26 21:51:42,Trade story recognize important force family.,1,3.8,4115
8419,2025-03-05 17:55:51,Pay collection friend matter key reflect.,1,3.6,408
8420,2025-07-15 10:51:20,Hospital organization want she ever wall stage.,4,4.3,1885
8421,2025-09-14 07:48:27,This sure government party southern across.,2,3.8,4117
8422,2025-02-09 04:25:41,Green deal old.,2,3.6,2548
8423,2025-11-02 00:08:57,Under manager design put beautiful seat.,4,3.0,2411
8424,2025-05-25 03:29:39,Matter can stand girl quality.,4,3.2,7612
8425,2025-01-27 16:32:29,Whatever raise here matter.,5,3.1,4528
8426,2025-01-09 10:05:11,Share general politics usually specific style.,3,3.3,1348
8427,2025-03-16 17:54:40,Particular these ahead wrong wish cold.,5,4.0,9207
8428,2025-05-01 04:33:13,Beat build receive tough near.,3,4.1,5964
8429,2025-02-25 10:34:47,Develop whether charge production structure their.,1,4.6,948
8430,2025-11-07 20:11:12,Forward discover second story.,5,3.9,8360
8431,2025-05-15 19:50:53,Three pick measure even kitchen.,5,4.8,5061
8432,2025-07-30 16:33:29,Series three arrive since least.,5,3.5,6117
8433,2025-05-14 16:00:54,List ability green moment who.,2,4.6,8386
8434,2025-09-12 18:33:16,Accept garden then.,3,4.0,6233
8435,2025-10-20 13:31:23,Tend experience contain arrive.,3,3.8,860
8436,2025-10-08 22:13:45,Enter right argue middle whatever foot feel green.,4,5.0,7747
8437,2025-09-25 02:54:34,Good usually alone relationship course production several.,1,3.6,4267
8438,2025-01-13 12:38:50,Eight give four black bit water performance.,4,3.9,1894
8439,2025-06-09 06:39:38,Save traditional local century.,1,3.2,1931
8440,2025-10-13 10:10:42,Fall animal management father race.,4,3.6,1321
8441,2025-03-13 14:18:44,Sign what customer baby modern what like.,2,4.0,3402
8442,2025-10-27 02:08:43,Sometimes by check suddenly.,3,4.0,7165
8443,2025-03-11 19:21:28,Director offer he example general.,5,3.2,6831
8444,2025-05-03 20:46:45,Month go present herself high administration.,5,4.3,3699
8445,2025-01-19 18:24:58,Seek put space.,2,4.1,2000
8446,2025-05-29 17:05:45,Story action serious try seek pay issue year.,4,3.3,8383
8447,2025-07-25 17:22:56,Society car real unit ahead size summer time.,5,4.9,8287
8448,2025-06-03 23:32:50,Explain community visit make example get manager.,1,3.5,3531
8449,2025-05-02 19:28:42,View pattern hair will guess miss Mrs.,3,3.5,9521
8450,2025-09-20 02:12:55,Reveal join movement control.,5,3.4,5115
8451,2025-05-06 08:23:06,Today in from scene.,3,4.4,8684
8452,2025-05-27 18:18:19,Agency authority rest human rule.,2,3.8,6072
8453,2025-10-26 15:44:27,Strong notice crime property production.,1,3.3,1977
8454,2025-03-05 21:03:50,Guess special option upon door well.,1,4.5,7263
8455,2025-08-05 20:22:38,Different stop such community never identify.,3,4.5,6270
8456,2025-04-12 18:55:27,Maintain artist southern throughout three determine.,5,4.6,26
8457,2025-05-04 06:55:01,Although those behind live star cultural light room.,4,3.0,1044
8458,2025-05-01 05:30:46,Yes she claim answer computer reflect student.,5,3.3,41
8459,2025-05-06 01:01:34,Summer perhaps business a guess.,1,4.5,7780
8460,2025-02-02 15:24:12,Fact upon brother Congress camera type ground treatment.,4,4.0,7674
8461,2025-02-09 18:46:48,Time add same picture measure.,1,4.2,7126
8462,2025-10-10 05:52:07,Skin with attorney her note.,5,3.6,5936
8463,2025-03-02 05:56:05,By surface meet.,1,3.2,5306
8464,2025-06-12 10:30:08,Fact nice peace watch just challenge lawyer.,2,4.4,3524
8465,2025-06-30 15:06:40,Cultural individual I risk.,2,3.3,605
8466,2025-01-19 19:09:29,Executive success box model and question.,2,3.3,286
8467,2025-07-10 12:13:10,Clear star decide spend.,4,3.7,1191
8468,2025-10-15 20:35:56,Improve respond firm executive reason want thousand clear.,5,3.4,4792
8469,2025-11-12 23:55:12,Lawyer lose product remain human.,2,4.9,8845
8470,2025-07-11 05:59:05,Determine market near affect we.,3,3.2,8759
8471,2025-09-11 02:34:53,Old relationship question physical plant.,3,3.9,9199
8472,2025-03-16 18:45:24,Type get debate power use various line.,2,4.9,3934
8473,2025-11-11 19:09:06,Southern perform party sense simple article house.,5,3.8,5423
8474,2025-11-05 18:10:24,Increase true receive understand.,5,4.0,9216
8475,2025-08-15 19:27:23,Its term technology this capital.,2,3.4,5627
8476,2025-10-26 19:34:34,Per outside world trial him occur return force.,1,3.1,7019
8477,2025-01-20 00:39:45,Arm trade often responsibility play citizen provide.,4,4.1,1700
8478,2025-08-25 21:33:24,Show range thing tree member.,4,3.9,1451
8479,2025-08-21 05:33:49,Write risk suddenly total listen place.,2,3.8,4502
8480,2025-01-04 14:43:22,Everybody food eat.,2,4.3,3664
8481,2025-07-20 04:22:34,Nation agency ok so coach serve exactly.,3,3.4,9773
8482,2025-05-01 10:08:55,Follow certainly night age.,5,4.3,9045
8483,2025-04-04 19:57:19,Heavy entire hair us.,2,4.3,4290
8484,2025-09-28 12:03:39,Continue within save memory community each.,2,5.0,9488
8485,2025-03-29 00:29:38,Send teach public majority.,1,3.5,526
8486,2025-03-08 21:24:01,Trade recently single realize improve.,3,4.2,1889
8487,2025-09-05 23:03:57,Sort new write message wide rate.,1,4.0,7455
8488,2025-03-09 00:00:35,Production these American memory apply imagine attorney.,4,4.9,185
8489,2025-07-10 11:36:56,Much goal read herself her husband.,1,4.6,8293
8490,2025-08-24 06:29:14,Type direction it dream full sister.,1,3.3,5181
8491,2025-11-09 08:42:57,Tv none next cell.,1,4.5,3374
8492,2025-03-17 18:12:45,We here fast such.,3,3.3,4685
8493,2025-09-28 07:38:47,Book however recently pull.,2,4.8,7082
8494,2025-08-15 23:41:27,Write research feeling professor him.,3,3.5,3296
8495,2025-06-02 19:53:41,Security change course accept rise front down.,5,4.8,3513
8496,2025-11-22 05:24:26,Term wish per old unit.,3,4.6,716
8497,2025-01-10 06:48:15,No population rock treatment center put order.,5,3.4,6090
8498,2025-06-13 23:53:43,Various town player hit trial.,2,4.4,7515
8499,2025-07-31 11:03:35,How point wrong job sound Democrat.,2,3.7,1325
8500,2025-07-05 16:18:52,Line interview road itself these.,1,3.9,8215
8501,2025-10-22 03:45:19,Forward end compare low.,2,4.1,1658
8502,2025-09-11 03:18:51,Behind your evidence institution size deal popular.,4,4.7,5320
8503,2025-11-03 20:49:59,Pick final late city.,2,3.9,5054
8504,2025-04-24 05:42:45,Carry bit kid anything.,1,3.6,2656
8505,2025-07-07 12:39:42,Buy almost region fly check.,3,4.6,475
8506,2025-05-02 15:47:16,Worry understand after strong necessary tonight security.,3,4.4,3789
8507,2025-01-13 05:27:20,Stay future including.,2,4.2,590
8508,2025-10-02 05:39:38,Personal another military.,3,4.5,7531
8509,2025-10-10 04:37:36,Company receive political.,3,3.9,778
8510,2025-08-09 18:24:07,Teach sign process paper project drive operation but.,3,4.1,8511
8511,2025-10-15 06:03:11,Big direction less newspaper box.,3,3.9,2725
8512,2025-01-24 08:21:18,Carry rule away hand know win finally.,2,4.5,6332
8513,2025-02-06 04:30:43,Upon operation future interview west responsibility population.,2,5.0,389
8514,2025-01-30 14:17:12,Wife vote knowledge occur beyond fall.,2,3.8,869
8515,2025-09-07 06:47:07,Nature majority partner practice bring tell ok.,4,4.1,3382
8516,2025-08-25 13:21:13,Open stage play thank concern guess officer.,5,3.6,1564
8517,2025-10-02 02:52:38,Political appear run why.,5,4.7,1106
8518,2025-10-12 02:57:15,Only organization fill view.,3,4.9,7024
8519,2025-01-04 19:40:33,Cell crime feel place.,3,4.2,3716
8520,2025-04-19 06:30:10,Poor message price ground finish part fast.,3,3.5,783
8521,2025-03-13 10:43:35,Partner pay list level.,4,3.1,193
8522,2025-02-20 06:02:06,Morning continue second true yet her nearly.,5,4.9,9594
8523,2025-07-10 19:11:15,Able they light take central establish cause.,3,4.1,2994
8524,2025-09-12 05:36:41,Dog friend hard position baby before model turn.,1,4.7,7432
8525,2025-10-13 18:37:16,Stock represent my interesting many because similar.,5,3.6,6976
8526,2025-10-12 11:53:05,Development skill where before change six.,3,3.5,6224
8527,2025-07-09 01:05:46,Upon appear forget past.,3,3.7,9309
8528,2025-10-31 09:30:22,Opportunity buy nearly alone.,1,3.4,7147
8529,2025-08-24 10:11:53,By night fire example activity.,2,4.1,331
8530,2025-10-11 04:09:34,Them process where community face break because shoulder.,3,3.2,192
8531,2025-01-14 00:20:13,Small suggest scene write author believe take near.,1,4.7,3931
8532,2025-03-01 02:59:24,Do dream choice enough.,1,4.1,919
8533,2025-09-21 16:31:35,Society say hair method sense decision room goal.,1,3.4,1410
8534,2025-02-02 16:29:03,Environmental certain them policy.,2,4.2,161
8535,2025-05-17 11:47:06,While whole site receive.,3,3.2,1430
8536,2025-07-12 04:13:19,Trouble draw represent necessary power.,1,3.8,1314
8537,2025-01-09 11:32:33,Experience likely down about have letter.,1,3.4,3692
8538,2025-08-01 10:07:49,Class level three number manager science small.,5,4.3,8251
8539,2025-11-02 13:51:37,Ahead child during deep.,5,4.5,4548
8540,2025-07-07 18:55:33,New not pressure source.,3,4.9,3762
8541,2025-06-27 13:56:51,Share about smile wide.,5,3.3,3725
8542,2025-01-16 13:39:12,Join he accept successful goal already either.,3,3.8,1672
8543,2025-01-06 07:54:07,Organization the turn available idea whatever.,4,3.1,9949
8544,2025-03-05 14:49:26,Trial energy reflect force raise rest let.,1,4.3,1050
8545,2025-01-12 19:26:49,Significant great beautiful thank born view seat.,4,3.1,1106
8546,2025-01-13 16:15:50,Write station may.,4,4.6,8650
8547,2025-01-01 15:42:44,Number benefit think open past yeah something.,4,4.2,2896
8548,2025-03-01 18:45:20,Operation home scientist compare position.,2,4.8,1362
8549,2025-08-07 19:23:12,Door pull ground everybody.,2,4.4,9980
8550,2025-03-15 07:19:44,Anyone practice space firm challenge agreement.,2,5.0,6820
8551,2025-10-19 02:18:41,Realize teacher protect manager trouble run.,5,3.4,9970
8552,2025-10-27 03:52:21,Training public trouble firm available miss work.,2,3.4,9848
8553,2025-04-03 00:25:57,Who huge program side section ready.,3,4.5,9792
8554,2025-08-10 23:37:35,Glass do court to strategy begin.,2,4.0,9009
8555,2025-08-01 22:46:36,Food white garden.,4,4.9,3550
8556,2025-08-08 09:15:24,Show voice go education color begin understand.,1,4.1,3223
8557,2025-04-19 08:05:36,Care true upon fill.,1,4.8,4554
8558,2025-07-17 08:54:46,Television never bit strategy area respond.,2,4.3,6363
8559,2025-02-18 07:14:45,Very color once case him method.,3,4.3,7480
8560,2025-08-28 18:04:18,Pick glass difference should hard skin discover lawyer.,2,4.6,6370
8561,2025-09-16 22:32:24,Meeting travel writer process.,5,3.1,3817
8562,2025-06-28 04:01:48,Throughout enter yeah challenge perform state raise.,2,3.3,7409
8563,2025-09-23 22:30:03,Character until act seek wait everything detail sister.,1,3.0,5664
8564,2025-05-13 23:32:38,Debate question turn physical join effort.,1,4.3,1393
8565,2025-02-18 11:56:06,Shake those senior cell foot list project.,5,4.0,6007
8566,2025-09-11 05:58:45,Environment year onto buy white stock include.,1,3.6,6226
8567,2025-03-01 14:40:27,Skin goal man economic.,1,3.9,9190
8568,2025-11-01 00:13:36,Point what purpose administration level democratic position something.,3,4.1,4907
8569,2025-10-09 04:03:43,Because seem member interest.,1,4.8,5186
8570,2025-04-13 03:55:04,Suffer build experience who drop instead professional.,3,3.5,4169
8571,2025-08-28 19:12:25,True cup seat because seek.,5,4.3,713
8572,2025-03-20 23:44:47,Be tough that network Mr would easy.,1,3.1,9886
8573,2025-11-02 00:05:00,Official approach world the great.,1,3.4,7025
8574,2025-03-13 07:16:54,Performance Mrs who long through affect.,2,3.6,8945
8575,2025-07-26 16:10:55,This matter partner.,2,3.6,8447
8576,2025-11-24 21:09:13,Lose drop company between sometimes.,2,3.1,6629
8577,2025-07-25 05:00:24,Statement crime even fly general threat huge.,2,4.8,3475
8578,2025-06-23 12:00:40,Million personal paper avoid ahead eight they.,2,3.9,6128
8579,2025-04-11 14:43:40,Make various campaign allow.,4,4.4,5456
8580,2025-01-31 01:00:23,Something modern suggest market cell.,5,4.5,1253
8581,2025-06-09 07:59:53,Easy too admit miss design capital collection.,5,3.5,5829
8582,2025-06-24 14:38:01,Stuff so certain probably.,3,3.3,6773
8583,2025-04-28 15:39:12,Late expert test live interview health peace.,2,3.6,6648
8584,2025-02-07 02:54:40,Million often off ask suffer within east.,4,3.5,7674
8585,2025-04-22 12:59:34,Believe enter rich lead remain big.,3,4.0,9171
8586,2025-06-16 12:43:10,Region base produce performance series education.,5,4.3,5627
8587,2025-01-12 13:39:45,Month history memory establish draw participant certain.,2,3.4,8333
8588,2025-02-16 12:44:00,Race front community new.,4,3.3,6007
8589,2025-01-28 17:03:10,For fall bring which.,4,4.5,2511
8590,2025-01-04 20:46:14,Age radio team.,4,4.0,2293
8591,2025-09-26 15:02:38,Scientist whom product start.,4,4.7,8083
8592,2025-07-02 02:54:26,People still join charge produce nor.,4,4.7,7047
8593,2025-08-09 17:15:52,Stuff continue foreign can.,2,4.2,6448
8594,2025-02-20 18:32:24,Skill security local test police.,2,3.3,1820
8595,2025-07-02 02:59:58,Heart put join set decide fast.,5,3.0,3911
8596,2025-06-10 13:27:56,Past big eat light use moment.,5,3.5,7428
8597,2025-07-01 00:41:32,College piece help common indicate.,4,4.1,2625
8598,2025-04-21 22:59:51,Forget seven range minute poor billion.,5,3.7,6823
8599,2025-07-04 22:51:37,Foreign purpose up listen recent leg.,5,4.3,8189
8600,2025-08-22 17:07:09,Including someone interview someone.,2,4.2,2670
8601,2025-11-22 20:44:05,Oil writer consider base whole.,4,3.9,3127
8602,2025-03-04 12:24:12,Low increase laugh wish rather.,3,3.5,273
8603,2025-05-28 06:38:49,Off back decision collection husband short left.,2,3.0,2269
8604,2025-02-18 16:09:39,Enter generation shoulder television fear their.,3,5.0,1135
8605,2025-11-10 01:08:48,Last could mention.,4,4.3,7571
8606,2025-06-03 10:37:29,Boy agree report cost throughout just.,1,4.7,2389
8607,2025-07-05 15:37:57,Room there yes though into.,5,3.3,3869
8608,2025-11-02 16:54:47,Down identify form foreign practice senior big official.,5,4.2,5623
8609,2025-11-03 13:56:32,Few whether such admit charge continue realize.,1,3.6,2072
8610,2025-08-16 07:15:30,And past pattern ever Congress.,2,3.3,7176
8611,2025-08-30 22:02:28,Run everything so culture right.,2,3.5,9439
8612,2025-02-07 18:51:13,Environmental member official sing case part change consumer.,4,4.5,5336
8613,2025-08-14 16:03:32,Myself past month economy manage talk.,1,4.7,4691
8614,2025-01-06 04:24:02,Explain week rather hope season.,5,3.6,5693
8615,2025-02-08 09:54:23,Race yeah protect opportunity federal.,3,4.2,417
8616,2025-02-12 09:29:26,Her describe at loss such television.,5,3.2,4001
8617,2025-01-07 19:34:49,Evidence even east dog nature.,2,3.9,253
8618,2025-11-16 12:44:40,Cold present win structure nor.,3,4.2,7124
8619,2025-10-22 09:57:47,Without image much off.,4,4.3,6997
8620,2025-06-15 22:28:41,Ten now power single open.,3,4.3,9235
8621,2025-11-07 08:16:15,Responsibility trouble nation forward personal economic property young.,5,3.1,9314
8622,2025-07-14 02:34:04,Number professional well discover president writer building.,1,3.2,7507
8623,2025-04-16 01:51:14,Single organization back area item entire interest.,1,4.5,3495
8624,2025-02-04 12:49:11,Recent race reflect between adult.,3,4.1,8064
8625,2025-10-10 19:45:27,Want woman present people six national.,2,4.3,1757
8626,2025-07-11 00:00:35,Time life both for.,3,4.8,1583
8627,2025-11-24 06:19:15,Party quality particularly country wall far.,3,3.6,6956
8628,2025-02-27 11:34:39,What decision result site stock want about.,5,3.7,1831
8629,2025-05-10 02:51:46,Of least indicate good campaign.,2,3.0,3869
8630,2025-04-17 22:57:12,Career whose general.,1,4.8,4972
8631,2025-08-14 20:26:15,Vote avoid similar maintain piece scientist ready democratic.,5,4.3,8465
8632,2025-04-10 03:08:50,Significant tend drug president.,2,3.0,1396
8633,2025-10-11 23:02:20,At in deep picture play.,1,4.7,1647
8634,2025-07-31 21:20:17,Common accept reality experience.,2,3.7,4137
8635,2025-06-21 09:20:43,Life animal wait central performance culture.,2,5.0,4551
8636,2025-08-13 02:06:45,Sometimes rest officer.,1,3.8,1355
8637,2025-09-12 22:47:04,Situation behind environmental result behind certain law.,4,3.5,7715
8638,2025-02-20 04:39:32,Most share continue industry seat.,3,3.6,9546
8639,2025-09-05 16:00:52,Article agreement brother project standard both here.,2,3.4,6043
8640,2025-01-08 18:19:10,Eat difficult wait second present lead.,3,3.1,3744
8641,2025-02-08 11:19:28,Ago customer conference.,4,4.1,6404
8642,2025-04-18 04:25:02,And if store join class.,3,4.3,4254
8643,2025-02-25 17:04:31,Theory collection wait draw deal small tell.,1,4.3,2150
8644,2025-11-08 08:18:38,Affect hot represent.,3,4.1,4220
8645,2025-09-12 23:41:39,Star only rest professor.,4,4.5,6887
8646,2025-10-14 09:39:25,Feeling authority decade song approach nor people.,2,4.4,3942
8647,2025-02-24 12:42:18,Wait write well statement on research work.,3,4.1,9073
8648,2025-01-02 14:29:03,Four authority action myself his.,4,4.0,6769
8649,2025-08-22 23:46:10,Our anything report paper their even.,2,3.9,9339
8650,2025-08-04 15:04:24,Doctor field red wear travel either state.,4,5.0,5090
8651,2025-07-29 16:08:53,Part enter money eye would push place.,2,3.2,2582
8652,2025-01-02 15:34:22,Claim various task teach mind stop.,2,4.4,804
8653,2025-11-22 14:43:58,Although chair cup boy young improve require.,3,3.4,4582
8654,2025-08-09 11:14:16,Them improve chair team skill.,2,3.4,6407
8655,2025-03-12 14:29:23,Really apply question since.,1,4.4,1506
8656,2025-08-04 00:21:56,See computer old they.,2,4.3,6605
8657,2025-01-09 19:55:31,Old give or third.,4,3.6,6929
8658,2025-03-30 06:43:03,Family beautiful yes fast personal piece election wind.,2,3.5,7053
8659,2025-02-24 15:01:00,Early sign recognize could product into want.,5,3.6,7489
8660,2025-03-04 13:46:59,What dream consider generation.,1,4.2,1872
8661,2025-05-09 17:51:55,Even blue seek land ago team how.,3,3.9,3218
8662,2025-09-04 15:32:30,What bit prepare policy hard.,3,3.9,4354
8663,2025-03-24 13:54:45,Marriage artist break late a wait.,4,3.6,2433
8664,2025-02-07 00:25:00,Much detail world answer certainly southern lead.,1,4.2,4002
8665,2025-08-22 01:54:55,Black hot great practice administration.,1,4.8,7429
8666,2025-10-10 08:55:16,Tv stay include smile.,2,3.5,4782
8667,2025-08-17 19:49:13,Middle day serious such.,3,4.8,19
8668,2025-07-12 07:57:52,Two pretty hotel task doctor data.,3,4.3,1347
8669,2025-11-01 11:58:34,Rock campaign where to up evidence west.,5,4.1,5450
8670,2025-07-17 19:16:42,Sing pick plant he.,5,3.6,8040
8671,2025-11-06 03:03:28,Total language create stock last.,5,4.3,5077
8672,2025-01-31 16:58:39,Former seven coach same newspaper service almost.,1,3.9,5093
8673,2025-07-01 00:05:20,Something top wrong.,1,4.4,5176
8674,2025-04-07 07:50:15,Eat house truth picture fire TV range.,5,4.7,2642
8675,2025-10-14 22:36:17,Two allow camera.,1,4.2,9317
8676,2025-01-02 13:46:42,Picture executive many likely.,3,3.8,179
8677,2025-01-07 14:14:01,Growth stock find two be happy street remain.,5,3.1,8550
8678,2025-11-20 17:39:41,These health eye half play help.,2,4.5,4403
8679,2025-04-22 04:53:43,Chair voice there blue rich garden member require.,1,4.5,1620
8680,2025-06-22 05:17:38,Boy morning risk dinner.,1,4.5,662
8681,2025-05-18 09:32:29,Traditional responsibility it lot state fund.,4,3.1,7111
8682,2025-09-01 06:54:07,Need mission read red recognize act.,5,3.4,7405
8683,2025-05-17 05:52:43,Admit sure policy blood maybe task.,2,3.0,8666
8684,2025-09-22 09:59:20,Total choose power student question.,1,4.2,4959
8685,2025-08-31 08:49:17,Green interest speak under can nature summer agent.,5,3.9,1755
8686,2025-11-16 21:46:27,Industry say next heavy network at.,3,3.6,5518
8687,2025-01-12 02:06:38,Energy response million state fund back.,3,3.9,4767
8688,2025-08-20 21:15:46,Happen TV less real case.,3,4.5,730
8689,2025-04-22 22:50:31,Candidate trade future week side positive.,3,4.8,1431
8690,2025-10-31 10:46:56,Price interesting her avoid less happy sure.,5,3.6,2333
8691,2025-10-02 02:58:49,Mrs doctor smile born some carry.,2,3.4,9235
8692,2025-06-26 13:13:17,Degree hour very by fast Mr.,2,3.2,6316
8693,2025-09-06 10:54:51,Can claim yard participant.,2,3.2,8894
8694,2025-08-14 01:01:57,Country possible young job beyond.,1,4.8,1830
8695,2025-04-22 22:45:06,We car pattern surface.,4,3.4,1685
8696,2025-07-17 04:33:01,Research trade along whether should myself still.,4,4.1,4475
8697,2025-06-22 10:18:39,Trip conference charge.,4,4.3,6963
8698,2025-02-27 19:52:28,Himself forward eye pressure opportunity who.,5,4.5,1658
8699,2025-05-22 23:55:12,Best health church part about list I.,3,3.6,5138
8700,2025-02-21 01:28:44,North stay read young offer thought.,5,4.9,3475
8701,2025-03-18 15:26:55,Outside both training raise while day level safe.,1,3.4,3577
8702,2025-02-11 16:29:38,Nice fly parent support.,3,4.3,5674
8703,2025-05-22 08:19:00,I whether remain land large rule.,2,3.4,423
8704,2025-02-01 13:07:37,Person nearly summer condition seven.,1,3.0,1940
8705,2025-03-15 02:41:29,Ever put should thank staff you but.,3,3.5,9270
8706,2025-05-15 08:36:50,Attention go nation seek.,3,3.7,2848
8707,2025-09-30 22:40:05,Whatever room resource environment.,3,5.0,8627
8708,2025-05-24 00:54:59,Picture when edge we month tax.,1,4.9,2699
8709,2025-04-12 14:18:37,Group letter week draw.,2,4.3,411
8710,2025-01-10 16:58:37,Way war lawyer within head.,1,3.2,8622
8711,2025-07-17 07:45:28,Officer election evening scene social always.,4,4.0,1487
8712,2025-10-09 13:28:26,Man others show of.,4,4.5,5812
8713,2025-07-27 19:36:48,Commercial become behavior.,1,3.1,233
8714,2025-09-15 10:59:43,Interesting hundred low buy.,1,5.0,7286
8715,2025-06-22 18:26:38,Best body my find.,2,3.8,1527
8716,2025-08-05 04:08:50,Trade blood order movie focus including ask.,5,4.1,8586
8717,2025-02-28 06:12:25,Line reflect form anything be small believe.,2,4.2,6079
8718,2025-11-14 03:41:25,Future never sure start sea every.,3,3.2,6436
8719,2025-04-18 03:07:54,Leader ground property among.,4,3.9,7050
8720,2025-05-26 02:55:45,Car year according available.,5,3.4,4004
8721,2025-08-21 23:10:04,East talk after determine vote field economy.,2,4.4,6422
8722,2025-08-27 18:58:38,Skin choice call for wide.,5,5.0,6790
8723,2025-06-17 10:37:27,Staff pretty word from answer.,3,4.4,1744
8724,2025-01-06 23:37:22,Even audience reason way although.,1,3.4,1266
8725,2025-06-25 08:20:25,Wide report family point positive.,5,3.9,3063
8726,2025-11-08 02:32:16,Couple third view manage.,4,4.3,5107
8727,2025-06-07 03:23:17,Cultural adult someone control.,2,4.4,5905
8728,2025-02-11 17:06:53,Foot nice officer fast will physical.,3,4.3,9008
8729,2025-01-14 13:01:03,Include fine buy low factor close list wall.,1,4.3,78
8730,2025-07-26 04:42:59,Tv price month available behavior boy president.,2,4.4,6274
8731,2025-01-26 00:27:46,Role person contain floor.,3,3.1,1371
8732,2025-07-27 06:48:52,Activity once debate blue.,1,3.8,2236
8733,2025-06-19 11:41:48,Own health well often have wife service.,3,3.7,2454
8734,2025-06-30 08:55:37,Imagine office most shoulder stand resource easy.,3,4.0,2272
8735,2025-03-19 21:22:57,Name among leave nearly source we face.,5,3.1,4998
8736,2025-10-01 11:28:47,Find seat almost few five.,2,5.0,5987
8737,2025-11-19 05:29:19,Call off let board.,5,4.9,6291
8738,2025-03-23 12:06:23,Across garden budget front.,1,4.0,744
8739,2025-06-25 01:19:33,Agent make hair pay they course.,1,4.6,9807
8740,2025-04-08 11:39:09,Person often no idea candidate huge show.,5,3.3,4130
8741,2025-06-29 12:01:51,As hair cultural level body training beat.,1,3.6,2433
8742,2025-10-27 06:43:19,Structure learn work there together where including well.,1,4.2,4862
8743,2025-01-04 15:40:06,Clearly star bring.,4,4.2,5677
8744,2025-07-30 13:00:37,Hundred anything deep sometimes recognize condition public.,2,4.2,5394
8745,2025-07-09 11:57:39,Note performance simply bad including character material.,2,4.0,6554
8746,2025-06-06 11:14:26,Half politics strategy realize seven amount.,4,3.9,198
8747,2025-02-11 07:04:22,Fight score compare general rule field employee public.,4,4.5,7304
8748,2025-09-13 08:12:42,Once see probably voice fund book which.,3,4.0,8066
8749,2025-04-14 10:00:05,Design parent turn capital best property item.,3,4.4,7225
8750,2025-10-14 04:38:09,Speak east today.,4,4.1,3752
8751,2025-02-27 10:10:13,Attention property wide land open put white.,2,4.0,3023
8752,2025-05-29 09:56:14,Serious fact together authority stuff.,4,3.9,9316
8753,2025-03-13 05:20:28,Difficult manager wear rock involve thought sell.,5,4.6,2387
8754,2025-05-13 18:41:10,Push threat agreement market compare imagine sign board.,2,3.4,1304
8755,2025-01-06 16:46:30,Third thing drop society world large wall drug.,2,4.8,6030
8756,2025-08-24 19:00:46,Age care build get eat before operation.,5,4.4,9672
8757,2025-09-14 02:16:26,Keep sport young hear sound guess.,1,3.9,1552
8758,2025-01-20 00:44:39,Tonight meet someone throughout learn.,2,4.3,7951
8759,2025-08-21 19:30:23,Discover out government grow pattern event.,5,4.7,6216
8760,2025-04-29 02:45:33,Bill because allow fill.,5,4.4,4859
8761,2025-08-31 13:35:35,Onto rock tax civil realize staff.,2,3.0,6447
8762,2025-02-14 01:03:14,Hold state seem.,5,4.5,9212
8763,2025-08-10 12:55:02,Herself friend wall reach how view unit.,3,5.0,2696
8764,2025-04-02 00:35:42,Challenge environmental marriage career movie hand.,2,3.6,1823
8765,2025-05-31 02:59:56,Level traditional debate address.,4,3.9,9275
8766,2025-03-13 14:22:00,Institution job learn determine international.,4,4.1,8467
8767,2025-04-22 17:59:06,Charge pick lawyer skin change.,5,3.5,5023
8768,2025-01-25 03:21:12,Later charge suddenly computer important these.,1,4.3,9686
8769,2025-03-30 08:54:55,Question action audience sister hope ten marriage.,3,4.1,4329
8770,2025-10-03 05:35:18,Newspaper leg raise it single event.,4,4.0,3903
8771,2025-10-09 01:09:29,Him small purpose cover west police.,1,5.0,9183
8772,2025-03-09 09:30:43,Chance most painting involve stage view member.,4,4.8,5741
8773,2025-09-11 03:15:28,Floor house sister born memory fish show.,1,5.0,3777
8774,2025-02-21 20:58:47,True improve family.,5,4.8,8561
8775,2025-01-29 11:55:24,Event decide ever half.,3,3.8,7004
8776,2025-04-24 04:19:25,Near your red.,5,3.9,5978
8777,2025-02-27 07:44:38,Worry bank foot science fast.,3,3.7,9699
8778,2025-03-30 18:24:10,Us well send near indicate television.,5,4.4,4175
8779,2025-06-09 13:11:04,Bar create marriage until party simply seat.,4,4.4,1835
8780,2025-08-31 10:17:14,Doctor week way trial benefit international including.,4,4.0,829
8781,2025-10-29 16:55:11,Since wonder bed require wish rise current.,4,3.5,6532
8782,2025-06-30 16:16:07,Care do century issue upon sure.,2,3.8,8160
8783,2025-03-13 15:04:28,Right dinner for senior.,3,4.9,3622
8784,2025-05-21 21:35:30,Our animal read word out under.,2,4.8,9308
8785,2025-01-11 15:14:15,Why available technology reveal small reflect Mrs.,1,3.3,1624
8786,2025-01-08 05:53:46,It add easy account.,5,4.3,290
8787,2025-11-08 19:08:05,Reach enter range arm challenge when head.,3,3.2,9579
8788,2025-01-03 03:13:23,Size enter meeting despite tend firm summer consumer.,2,3.3,346
8789,2025-03-01 14:45:28,Perform because court official whom than.,2,3.1,5776
8790,2025-01-29 11:04:01,I today left occur during sea religious table.,4,4.9,2987
8791,2025-10-03 14:09:15,Authority walk market help.,2,3.9,4478
8792,2025-07-07 12:42:45,He however budget one consider now.,5,4.4,4632
8793,2025-04-17 13:30:50,Capital why thought bill bank.,4,3.2,3628
8794,2025-06-20 14:15:54,Region view this color easy wife religious.,2,5.0,3427
8795,2025-09-10 20:51:48,Ok garden drug themselves week ahead maintain.,5,3.0,6344
8796,2025-05-20 06:30:44,Weight data remain usually give sea consider.,2,4.1,5740
8797,2025-05-01 04:38:05,Get rate marriage free attack.,2,3.8,5174
8798,2025-02-19 04:30:24,Tree project among understand identify she drive.,5,3.6,3586
8799,2025-11-19 04:54:20,Property pattern significant local.,1,3.4,1337
8800,2025-04-19 22:44:12,Some a now total difficult.,3,4.1,8629
8801,2025-07-22 21:26:44,Establish once process sea.,1,3.6,8079
8802,2025-06-21 14:39:54,Leg campaign discuss show home theory dog foot.,5,3.1,8445
8803,2025-01-04 08:14:53,Region figure stop majority power air while.,1,4.5,2850
8804,2025-08-13 02:02:06,Pm smile miss than.,5,3.6,9182
8805,2025-01-06 11:03:40,Safe rate movement doctor get.,1,3.2,6839
8806,2025-08-24 09:53:58,Join claim particularly join team.,3,4.5,4874
8807,2025-03-11 05:33:35,Land resource into near summer whose two.,2,4.0,827
8808,2025-04-02 19:59:55,Science walk area name walk or.,3,3.2,2397
8809,2025-08-22 05:44:57,Parent range force officer relationship.,3,3.5,9287
8810,2025-07-10 18:33:11,Job region decision.,5,4.0,1198
8811,2025-01-20 16:53:38,Compare usually possible employee half remember instead.,1,3.8,1989
8812,2025-05-05 19:47:16,Guess then southern especially consumer.,5,3.9,2932
8813,2025-03-17 15:33:04,Direction bill movement growth.,5,3.9,8692
8814,2025-05-31 16:52:59,Live meeting do.,1,3.0,8252
8815,2025-04-13 22:36:43,Make how worry professional hit.,1,3.8,4642
8816,2025-07-02 16:40:16,Site it happy glass last.,3,4.6,578
8817,2025-02-18 14:44:51,Consumer system goal majority blood among because.,3,4.8,4214
8818,2025-10-03 01:06:43,To soon Republican up whatever.,4,3.4,7210
8819,2025-03-05 00:50:07,Station wonder economic.,3,3.7,9634
8820,2025-03-28 19:02:11,Contain five often according you.,3,3.5,2610
8821,2025-10-14 13:53:35,Notice result writer bit discuss customer executive.,4,4.1,9256
8822,2025-01-07 15:43:16,Chance effect hold plant.,2,3.4,8381
8823,2025-09-16 19:29:27,Southern station country what child.,1,4.0,7829
8824,2025-08-15 09:29:16,Walk identify market some.,1,3.5,6624
8825,2025-04-05 11:04:04,Recent street deep performance finish.,2,3.0,2563
8826,2025-02-05 02:50:06,Same yourself financial compare better whose eat.,5,3.6,4828
8827,2025-10-13 16:46:31,Measure us between thus vote company.,4,4.9,1462
8828,2025-11-22 00:20:22,Themselves seven sign with.,2,4.0,8404
8829,2025-07-23 08:47:12,Pull democratic media a.,2,4.1,4841
8830,2025-10-01 21:30:14,Plan process material admit under station something.,2,3.3,9245
8831,2025-05-10 08:19:10,Which as quickly leave.,3,4.2,5184
8832,2025-06-19 18:23:13,Might now player reflect point.,5,4.9,1320
8833,2025-03-08 07:08:17,Not number century word class.,2,3.2,4298
8834,2025-05-04 14:16:03,Actually certain six someone.,1,4.9,2816
8835,2025-04-17 03:51:58,General computer car material.,5,4.4,6819
8836,2025-03-29 04:20:14,Guy old subject their table data all.,2,3.7,6432
8837,2025-02-28 19:04:31,Much big case blood lay very.,5,4.5,5231
8838,2025-03-01 00:37:46,Many wife require doctor.,4,3.9,3340
8839,2025-02-08 08:48:21,Nature card notice remain analysis call.,5,4.1,3335
8840,2025-05-03 20:53:22,Without program animal fast.,5,4.4,9397
8841,2025-06-27 17:43:32,Leg great plan on.,3,4.4,1048
8842,2025-01-06 04:00:14,Current attack fly quickly.,4,3.3,5401
8843,2025-03-29 07:06:51,Often manager feeling green.,4,4.1,6684
8844,2025-06-12 11:35:45,Actually ask lot top site fast.,5,3.8,4250
8845,2025-03-21 23:10:25,Challenge majority clear bad.,4,4.9,8248
8846,2025-07-05 20:50:01,Be speech strategy personal pull newspaper.,5,3.3,7748
8847,2025-04-19 13:10:11,Than few clearly view authority blood.,2,4.1,3430
8848,2025-04-23 17:44:24,Whatever growth political conference hot turn form.,2,5.0,3259
8849,2025-11-13 02:29:45,Environmental though item within.,3,4.5,3299
8850,2025-06-24 09:18:07,Two force read.,4,4.4,1874
8851,2025-01-30 06:02:51,Everybody important crime general.,1,3.7,3181
8852,2025-05-04 16:10:47,Entire else drug generation memory attorney.,4,3.1,1291
8853,2025-03-03 14:46:25,Though team usually person first radio plan.,1,3.6,6903
8854,2025-07-29 10:01:18,Short develop fact.,3,4.5,7725
8855,2025-08-12 14:41:32,Its present draw act wish.,5,5.0,6271
8856,2025-08-08 13:56:23,Color report seem.,2,3.6,1421
8857,2025-06-11 04:29:57,Few page late wait left land medical.,5,4.2,393
8858,2025-08-14 10:43:29,Focus perform such result relate someone current.,3,4.6,6781
8859,2025-03-14 09:17:25,Federal same week current behind near back.,1,4.1,5450
8860,2025-10-09 08:27:17,Actually audience for form door want common box.,5,3.4,6762
8861,2025-11-19 19:46:58,Within civil church enjoy office really first determine.,2,3.4,6425
8862,2025-09-14 17:15:28,First check court.,5,3.2,4704
8863,2025-03-07 12:54:38,Her involve character want too.,4,4.1,6932
8864,2025-10-20 16:36:59,Capital shake cut.,1,4.6,7171
8865,2025-07-18 06:33:18,Play ready energy small free believe.,5,3.3,4575
8866,2025-06-03 16:09:26,Will performance sea tonight I middle best summer.,1,3.5,8842
8867,2025-04-10 06:53:49,Even theory grow system.,1,3.7,8192
8868,2025-06-19 08:43:13,Finally soon thought manage physical imagine night.,1,4.6,1691
8869,2025-06-11 23:11:21,Officer middle ask management.,2,4.6,7164
8870,2025-05-19 17:54:25,Lawyer evening song street.,3,3.7,6855
8871,2025-02-20 03:51:50,Well reduce material hour international.,3,4.8,5869
8872,2025-10-27 19:17:05,Enough case while visit building series lead.,4,4.4,4398
8873,2025-06-22 03:52:19,Suggest whose easy perform address traditional.,3,3.5,1296
8874,2025-06-28 15:29:26,Join ask miss news heavy light.,2,3.1,1532
8875,2025-08-31 16:15:14,Provide trouble owner network happen respond ground.,1,3.3,9106
8876,2025-08-28 23:46:28,Country sport born nearly prepare management.,2,3.3,6248
8877,2025-08-14 04:29:11,When whole through seat several say.,2,3.9,411
8878,2025-02-25 17:47:00,Police significant society local.,5,4.2,2831
8879,2025-02-17 12:52:46,Trouble this at ever audience teach.,4,3.4,7413
8880,2025-04-04 14:54:14,Value fine draw score any while appear.,3,3.1,7311
8881,2025-02-04 10:37:59,Particular simply hour east front friend.,1,4.3,5739
8882,2025-04-03 16:22:17,Large involve statement culture.,1,3.4,9928
8883,2025-09-18 04:46:53,Your skill choice.,2,4.8,859
8884,2025-05-07 21:13:01,Trip important knowledge sea trade.,2,4.3,9631
8885,2025-01-01 13:45:32,Region data important interest least.,5,4.6,9898
8886,2025-09-29 16:24:10,Ask deep catch paper leader.,2,3.5,4259
8887,2025-01-14 00:58:04,Throw visit bed return.,4,4.9,6587
8888,2025-11-03 02:39:14,Knowledge up whole both create response how.,4,3.1,3394
8889,2025-08-16 19:05:38,Series firm beautiful.,1,3.7,7601
8890,2025-10-22 10:28:20,Site friend agent way west teach.,5,3.9,689
8891,2025-01-10 00:51:37,Statement few war.,3,3.8,8206
8892,2025-02-09 11:31:32,Forget campaign successful democratic.,1,4.9,3507
8893,2025-05-21 03:43:16,Break now easy piece look.,4,3.8,3744
8894,2025-01-26 13:24:15,No three executive push.,1,4.5,1947
8895,2025-04-19 07:49:13,Relationship return prepare leave management health.,5,4.9,7403
8896,2025-09-25 19:02:05,Institution population three land level Congress win occur.,2,4.0,233
8897,2025-05-08 17:40:20,Republican employee data big tough stand medical least.,1,4.5,9874
8898,2025-10-29 08:21:55,Reality big history resource without catch.,1,4.7,3484
8899,2025-02-26 07:57:46,Those institution president shoulder court including go.,3,3.8,7121
8900,2025-05-09 20:09:14,Coach me responsibility father top toward.,5,3.3,8230
8901,2025-08-15 15:29:01,Camera economic where morning quality.,5,3.1,1562
8902,2025-07-08 14:44:56,So current claim push find though window.,4,4.7,6195
8903,2025-05-16 23:03:48,Under dinner painting couple face and.,4,3.9,4753
8904,2025-05-04 00:47:50,Both produce project tax.,4,3.8,6687
8905,2025-07-18 13:12:54,Cold modern carry house short treat simply.,3,3.1,6836
8906,2025-06-06 15:09:55,Loss region interesting follow summer baby.,3,4.1,1117
8907,2025-02-08 08:02:42,Serious woman plant science campaign among.,5,3.9,5732
8908,2025-01-03 07:02:52,Medical resource if health per citizen.,1,3.4,2847
8909,2025-06-15 17:50:36,Lead board laugh teach.,3,4.7,6116
8910,2025-11-23 11:00:06,Figure management special letter look these approach me.,4,3.0,2248
8911,2025-01-18 06:48:37,Quickly think name increase beautiful yet.,3,3.2,3184
8912,2025-02-12 10:01:38,Amount do hit role develop sense door often.,4,4.9,8908
8913,2025-04-11 17:06:04,Seem look establish.,5,3.4,1709
8914,2025-04-10 14:42:30,Daughter ago message force alone marriage.,4,4.4,1200
8915,2025-05-23 21:18:17,Positive suggest land player crime he.,5,3.4,2705
8916,2025-11-08 06:39:31,Particular music employee method music still.,4,4.9,7390
8917,2025-03-05 15:28:43,Road opportunity both.,4,3.2,6659
8918,2025-01-20 17:34:48,Street candidate although talk wait really.,4,3.5,107
8919,2025-09-23 15:43:45,Decide Democrat question side itself discuss night.,3,4.1,4395
8920,2025-01-08 01:10:01,Doctor list wait personal kitchen few almost.,4,3.9,9149
8921,2025-06-21 19:38:16,Coach magazine would employee wind issue under student.,4,3.3,92
8922,2025-10-01 04:52:36,At husband he us either make.,2,4.2,9259
8923,2025-11-03 23:38:44,Live ball task sometimes happy.,3,3.8,6000
8924,2025-03-06 04:27:42,System look fact central.,2,3.4,416
8925,2025-07-20 19:23:48,Memory member indicate five painting product.,2,4.1,5293
8926,2025-06-19 12:08:38,Chance since store.,3,4.6,9138
8927,2025-02-19 02:42:58,Reality discussion even project sea.,2,3.1,7973
8928,2025-06-29 11:34:40,Issue while already draw speech computer story be.,1,3.7,8550
8929,2025-04-21 19:16:12,Task be consumer American senior list ever really.,2,4.9,7697
8930,2025-07-14 00:48:31,Rule maybe front key.,5,4.5,8584
8931,2025-03-14 21:27:58,Picture card issue late painting sport.,2,3.5,7900
8932,2025-08-22 03:34:32,Must product coach across pick foot.,1,4.7,12
8933,2025-03-27 09:50:57,Stand degree organization certainly.,5,3.7,3929
8934,2025-08-15 02:14:58,Force create second life drug company.,4,4.1,8865
8935,2025-11-21 06:08:39,Rest should federal five tonight situation once.,3,4.4,619
8936,2025-02-02 14:18:43,Over box guess follow author.,1,4.4,4176
8937,2025-04-07 10:20:35,Memory stuff money.,5,4.0,8322
8938,2025-01-15 22:32:11,Do newspaper voice kid.,5,4.3,1823
8939,2025-04-23 21:56:25,Race million air despite mouth behind develop both.,2,4.7,5508
8940,2025-01-30 00:08:31,Would project little dream coach.,5,3.2,3394
8941,2025-07-17 09:23:38,Someone design audience never.,4,4.2,8091
8942,2025-02-27 12:50:02,All clearly model.,2,3.5,3208
8943,2025-07-21 20:07:43,Field cost evening hit watch heavy.,5,3.1,5580
8944,2025-06-17 14:39:06,Never system time our.,3,4.9,4115
8945,2025-04-20 22:16:21,Bill for fish usually nature identify.,4,3.9,6805
8946,2025-03-16 01:20:08,Nice concern benefit control ready.,1,4.6,8030
8947,2025-05-20 16:32:51,Military join artist truth.,1,4.6,2174
8948,2025-01-09 08:59:27,Production any understand individual her reason.,5,3.0,2017
8949,2025-01-20 14:52:33,Top there campaign stand stock huge paper.,3,3.6,1178
8950,2025-09-10 20:20:57,Although beyond evidence until fast especially.,2,3.2,3645
8951,2025-06-17 12:20:07,Style our just occur situation fly baby.,2,4.7,9268
8952,2025-11-10 20:43:11,Travel expert game drive yard stand.,5,3.5,9760
8953,2025-09-25 22:58:15,Nature sister help seven.,5,4.0,9407
8954,2025-07-09 18:06:24,Risk chair grow bit radio admit defense television.,5,4.6,4530
8955,2025-11-05 14:18:30,Hold foreign reality painting pull.,4,5.0,7254
8956,2025-11-12 15:27:52,Day you yet miss police.,2,3.0,7574
8957,2025-11-05 23:51:03,Culture large series outside eat maybe answer.,1,4.8,6731
8958,2025-02-07 23:15:42,Economy any prove consumer industry actually pick.,2,4.4,8944
8959,2025-03-17 06:58:11,Remain whole admit eye rest.,5,4.7,539
8960,2025-01-01 21:15:12,Arrive fall south physical.,4,3.7,2013
8961,2025-09-30 10:40:09,Ten upon college.,1,4.7,4385
8962,2025-01-09 13:39:10,Simple campaign while strong be trouble.,1,3.7,4975
8963,2025-10-27 10:17:55,Relationship miss property huge key meeting rule.,5,4.3,94
8964,2025-09-23 18:40:35,Real data behavior.,4,3.4,7595
8965,2025-10-29 22:54:44,Yourself college hard defense political type.,5,4.3,9838
8966,2025-01-24 10:15:09,Join ball human two draw center.,3,3.5,6198
8967,2025-02-04 10:37:42,Question trial chance it may finish.,4,4.1,2790
8968,2025-10-01 09:58:25,Let order happy tell may camera.,1,3.7,7815
8969,2025-07-30 19:01:16,Wonder season company their watch citizen environment.,5,4.3,3470
8970,2025-07-20 22:43:20,Sign necessary imagine set.,3,3.8,6188
8971,2025-02-28 13:14:54,Money girl program return house able.,1,3.6,4069
8972,2025-02-11 15:11:50,Concern threat official voice soon color.,4,4.5,4846
8973,2025-01-08 15:32:32,Price my bill color seat strategy.,4,3.3,2078
8974,2025-07-20 14:07:45,Fine assume really you try senior.,1,3.1,3473
8975,2025-07-27 04:50:46,Authority year my.,3,3.9,6881
8976,2025-10-02 16:54:38,Staff clear guy manage.,4,4.0,3008
8977,2025-07-23 00:11:53,Response region why occur.,5,3.4,7944
8978,2025-03-13 14:25:22,Same matter ask save.,3,4.7,1580
8979,2025-10-09 22:25:26,Business religious dark indicate.,4,4.4,2281
8980,2025-11-03 07:56:24,High level financial would ground effect.,4,3.1,3697
8981,2025-04-15 04:14:45,Attention cover community performance least remember.,3,3.1,1166
8982,2025-07-30 19:11:31,Would give plant avoid mind.,4,4.5,700
8983,2025-07-27 01:47:52,Mr imagine that stage.,1,4.3,5051
8984,2025-07-31 04:26:47,Whether else the mother.,2,4.6,3292
8985,2025-06-04 06:11:09,Finally may level military other.,4,3.8,7363
8986,2025-01-11 00:00:00,Character remember sign someone ahead.,4,3.7,5992
8987,2025-03-03 09:50:25,Day save life lay upon.,2,3.9,1934
8988,2025-08-17 01:33:16,Green former black light employee employee thousand.,2,4.3,39
8989,2025-10-25 03:24:27,Early look create at under seek discussion.,5,3.7,4793
8990,2025-01-11 05:04:01,Phone her sit should per.,1,3.6,5688
8991,2025-04-25 01:46:42,Wait hit least interview section Democrat professional cultural.,5,3.9,1910
8992,2025-08-02 05:58:38,Share accept will play all role.,3,4.1,4169
8993,2025-05-30 01:29:06,Mr remain whether determine throw land realize.,5,3.6,7163
8994,2025-05-06 22:29:00,Meet simple eye course leg.,1,4.8,8322
8995,2025-11-17 06:56:11,Determine send mouth candidate and.,3,4.9,5876
8996,2025-06-16 07:25:17,Difference something real save Democrat drop.,4,4.1,1230
8997,2025-08-13 21:00:17,Around car above actually cup past mission.,3,4.5,4704
8998,2025-04-19 16:23:37,Or ability cover score century floor.,5,4.0,3803
8999,2025-08-31 18:04:56,Wide eye hot sit hour market.,2,5.0,2635
9000,2025-01-06 13:11:07,Mr family drug per work.,5,4.2,4867
9001,2025-02-02 22:18:32,Establish anyone teach successful.,1,4.1,2932
9002,2025-02-03 22:35:12,Two believe add which live six.,2,3.2,4451
9003,2025-11-03 07:39:56,Style point test there.,4,3.6,7361
9004,2025-06-25 05:15:38,Animal nice up industry memory assume believe.,1,3.8,9984
9005,2025-07-20 09:23:44,Others who today soon go trouble yes.,3,3.4,510
9006,2025-07-26 03:00:47,Them present knowledge design many condition.,2,3.4,204
9007,2025-01-01 04:26:28,Stuff guess student bring.,3,3.3,1457
9008,2025-05-21 08:27:51,To environmental beyond plant.,4,4.6,8312
9009,2025-09-13 10:39:08,Writer product later view put special person.,5,4.7,8240
9010,2025-10-24 11:48:10,Reach both candidate news.,2,3.8,1553
9011,2025-09-09 18:51:15,Since claim law man.,1,3.9,156
9012,2025-07-15 16:46:03,Happen dream once car benefit other.,1,4.2,5169
9013,2025-08-28 01:05:23,Simple now different rock.,5,4.0,2636
9014,2025-05-28 04:08:43,Customer any education around national call again.,4,4.8,2211
9015,2025-04-16 08:20:09,With sort leave since way imagine.,4,4.0,1216
9016,2025-09-11 18:56:25,Allow paper claim start blood Mr.,5,4.5,2586
9017,2025-07-28 05:44:09,Same cup happen able wall ready.,1,4.7,2233
9018,2025-11-16 23:47:16,Visit grow third leave court.,5,4.4,4083
9019,2025-02-10 07:14:07,Stop animal coach thus his current attack dinner.,3,4.1,835
9020,2025-09-16 03:53:53,Nor street prevent fill suddenly.,3,4.2,9141
9021,2025-11-14 08:36:37,East newspaper establish usually.,2,4.6,7636
9022,2025-05-08 13:46:05,Success method listen election.,1,3.7,3751
9023,2025-04-03 13:10:16,Response thought find.,3,3.5,5528
9024,2025-03-10 08:16:28,Group hope popular north road stand.,1,4.0,5168
9025,2025-02-20 23:08:27,Catch source generation represent huge end local.,1,3.4,6728
9026,2025-02-05 09:35:59,Raise future white.,5,4.5,9265
9027,2025-03-10 06:56:20,Everybody gun listen.,4,3.2,648
9028,2025-02-05 13:48:19,Tonight whole value include military.,5,3.7,9679
9029,2025-01-10 19:28:48,Both but century.,2,3.6,619
9030,2025-01-18 15:41:54,Along fall camera yard eye foreign support.,3,4.3,4947
9031,2025-06-11 17:50:03,Article word morning hope.,3,4.9,1840
9032,2025-11-25 02:00:58,Feel hot material box full everything each.,3,3.8,8546
9033,2025-09-19 23:55:48,Look store heart company where technology.,5,3.9,4342
9034,2025-03-23 16:16:06,Would thank outside leg student.,1,4.9,7047
9035,2025-06-06 16:01:24,Clearly thousand important community.,2,3.3,8626
9036,2025-07-07 09:54:13,Society fire ground finally.,3,4.3,7902
9037,2025-03-29 11:47:26,Practice the husband town under.,4,4.0,8314
9038,2025-06-04 10:13:30,Form say until.,3,4.4,1621
9039,2025-06-12 07:37:31,Operation loss student security somebody education.,1,3.3,4396
9040,2025-07-01 02:57:13,I owner officer century role seven guess.,4,4.2,3586
9041,2025-07-02 12:16:27,Whole group seem painting want truth trade.,4,3.7,7283
9042,2025-03-01 11:37:50,Yet discover executive decide spring series growth.,2,3.9,5821
9043,2025-08-01 21:04:57,Expect together traditional reality operation represent manage allow.,5,4.6,6657
9044,2025-02-19 16:53:53,Environment natural article simply onto arrive.,2,3.1,9816
9045,2025-03-10 08:55:19,Art role result situation wall.,4,3.0,7255
9046,2025-05-27 06:16:02,Along nearly land debate rest worry specific mouth.,2,4.0,4277
9047,2025-06-10 02:31:21,Wall same student three bar.,3,4.8,985
9048,2025-09-11 12:50:11,Section prepare way space or catch item well.,1,4.6,666
9049,2025-04-04 08:38:36,Decision piece turn two a look.,2,4.1,5837
9050,2025-05-07 21:15:58,However own officer.,3,3.2,3097
9051,2025-06-07 20:30:08,Service eye close research various left stop.,3,3.7,4694
9052,2025-10-19 09:24:26,Your participant black.,2,3.8,6153
9053,2025-01-09 04:45:27,Happy present must.,3,3.0,8241
9054,2025-05-16 04:50:16,Fly tend special few join standard.,2,3.6,4298
9055,2025-05-14 20:45:30,Attack help nothing.,3,4.2,9494
9056,2025-10-16 17:24:55,Bar minute thus serve.,5,3.8,6935
9057,2025-09-22 11:19:10,Up care herself later them.,2,4.7,2221
9058,2025-11-23 15:17:19,Clearly hold lot.,5,3.8,6448
9059,2025-10-27 23:40:30,Night chair leader increase training exactly research.,1,3.7,5658
9060,2025-01-06 10:57:43,Probably yet character wrong though.,4,3.2,3534
9061,2025-11-18 14:54:36,I agree out away then.,1,4.7,1976
9062,2025-01-14 01:26:28,Section investment why method claim indicate.,4,4.8,9262
9063,2025-05-13 16:55:59,Easy citizen since including outside player.,1,3.7,5036
9064,2025-10-03 21:29:25,Large treatment government conference.,5,4.0,834
9065,2025-08-01 23:01:35,Eye under son product inside join win.,4,4.3,3495
9066,2025-08-11 20:40:57,Ability white behind better notice six.,2,4.5,6018
9067,2025-01-11 20:39:44,Drop president family buy support win.,2,4.2,6559
9068,2025-09-09 20:04:24,Can down might girl attention keep management.,1,3.9,4861
9069,2025-01-15 03:40:18,Style born office others there.,3,4.5,2059
9070,2025-05-18 14:56:57,Door write loss thus manage often international.,1,4.0,4912
9071,2025-02-04 19:41:19,When she technology add design.,2,4.1,607
9072,2025-09-27 14:59:28,Power miss again item practice represent defense.,1,4.6,3481
9073,2025-11-17 18:04:13,Method particularly hit fear reveal reflect.,2,3.3,913
9074,2025-07-21 01:07:22,Record doctor day resource audience serious.,3,4.2,3623
9075,2025-05-14 16:36:42,Last my interview present address movie.,4,4.7,91
9076,2025-05-30 08:07:04,Perform action everybody shake accept still.,3,3.5,9164
9077,2025-04-29 17:06:58,Morning whether range night.,3,3.3,267
9078,2025-07-23 02:22:39,Writer situation police or.,2,3.6,1357
9079,2025-04-10 19:42:43,Hot board attorney.,2,4.4,8673
9080,2025-01-07 04:08:39,Grow daughter night within.,4,4.6,6229
9081,2025-10-15 03:25:37,Leader yard peace quality today arrive city.,3,4.8,578
9082,2025-04-04 19:50:14,Light scene garden learn leader speech perform.,2,4.5,1021
9083,2025-10-25 19:14:29,Store simply who late notice.,5,3.5,2022
9084,2025-05-26 13:54:27,Information expert represent sound.,3,4.9,4607
9085,2025-02-08 05:29:25,Bring TV admit.,3,4.8,7086
9086,2025-01-24 22:30:58,Discussion eat soon.,3,3.7,1386
9087,2025-05-14 11:07:10,Pass center board with company practice do.,4,4.3,2193
9088,2025-01-03 18:23:08,Source environmental usually better.,5,4.4,2469
9089,2025-04-14 01:20:28,Alone commercial ask best onto.,4,4.3,5788
9090,2025-03-23 05:09:43,Wear brother season talk tree today.,3,3.6,7858
9091,2025-01-07 18:57:55,Onto western standard page piece.,3,3.2,6059
9092,2025-07-17 20:24:29,Wife your whatever yourself by still.,4,3.6,1347
9093,2025-04-11 22:16:34,From commercial this race current if current.,2,4.8,544
9094,2025-09-14 13:48:27,One avoid piece center carry rise.,3,3.5,2430
9095,2025-07-12 12:04:00,Wall himself study or.,2,4.0,4370
9096,2025-05-04 22:22:33,Also themselves seven whom such read.,2,3.1,5057
9097,2025-02-03 21:53:10,Season thousand science vote bank.,3,3.9,9761
9098,2025-01-20 06:32:07,Front experience movie make oil author manage.,2,4.6,7241
9099,2025-04-10 16:39:04,Style fly yeah sell high inside under.,2,3.1,4777
9100,2025-02-22 11:55:40,Crime subject church appear stay process.,1,3.2,277
9101,2025-05-06 14:40:48,World management thing through road.,3,3.6,9315
9102,2025-05-11 06:48:01,Recently market poor police.,2,4.5,3977
9103,2025-11-02 19:31:24,Arm ask set.,2,3.2,7106
9104,2025-04-08 10:26:53,Hear interest star garden game.,1,3.6,6152
9105,2025-05-24 21:31:19,Shoulder your stock material serve claim.,2,4.9,3849
9106,2025-07-07 10:20:51,Reach person follow night soon memory.,2,3.8,4412
9107,2025-08-24 06:39:25,But theory hope material less level.,5,3.6,7039
9108,2025-05-18 19:14:23,Hour vote wonder court.,1,4.5,2858
9109,2025-01-09 01:02:19,Collection finally value most than.,3,3.9,5919
9110,2025-03-18 07:59:53,Wonder quality beyond always prove develop fight.,5,4.7,2025
9111,2025-02-16 19:50:08,Later standard act PM.,2,4.6,8923
9112,2025-05-27 21:59:40,Myself degree so both phone tax may.,3,4.8,9984
9113,2025-02-18 14:39:38,Collection try tend can voice message fine television.,4,4.5,7157
9114,2025-08-06 11:31:50,Yes year all practice military.,2,3.9,6632
9115,2025-04-17 22:08:46,Time a listen vote former since us friend.,1,4.9,8248
9116,2025-04-16 19:58:45,Main unit animal successful song show or.,3,3.3,6214
9117,2025-05-05 00:49:03,Article or protect stock pick without impact.,1,4.8,4976
9118,2025-05-01 11:24:25,Report man direction example.,4,4.2,4506
9119,2025-08-28 05:07:50,Challenge career without senior.,1,5.0,1216
9120,2025-03-27 13:59:44,Attorney whether represent indeed move field according marriage.,5,3.7,4731
9121,2025-02-05 07:46:23,There forget in behind feel finish day.,5,4.8,2324
9122,2025-03-22 15:36:25,Today simply clear democratic law.,3,3.9,8070
9123,2025-11-15 06:08:07,Morning approach under soon form.,4,4.9,5577
9124,2025-07-26 02:36:15,Behavior future policy husband speech cell.,3,3.3,9613
9125,2025-06-24 23:25:39,Option according reach could hundred ever surface.,1,4.3,9275
9126,2025-05-27 12:54:57,Attack especially sister campaign.,3,3.7,1625
9127,2025-05-31 14:06:06,Child own mention exist have.,2,4.3,4454
9128,2025-10-09 11:22:48,Vote exist home yeah room action president.,3,3.2,3148
9129,2025-03-16 04:38:47,Film especially important state position.,4,3.7,2157
9130,2025-10-14 13:12:19,If population occur deal glass our whose quality.,5,3.2,3124
9131,2025-07-02 07:41:54,Figure medical bank relationship talk remember music.,3,3.0,4162
9132,2025-11-25 01:05:27,Nothing company act pick poor three budget.,5,4.3,4512
9133,2025-11-15 07:56:24,Interest become necessary idea attack somebody decade.,4,3.8,2227
9134,2025-04-17 13:24:36,Look foot phone.,4,3.7,1474
9135,2025-04-09 01:36:25,Story win effort pass or structure improve series.,5,3.4,6051
9136,2025-02-17 16:18:20,Rate really paper example mind state modern.,5,4.1,5303
9137,2025-02-24 13:04:30,Staff subject city.,2,4.3,2777
9138,2025-01-08 20:21:56,Particularly indicate land indicate difference sound actually nation.,3,3.7,5074
9139,2025-06-02 13:55:04,Left country area memory.,3,3.8,2370
9140,2025-04-29 07:08:10,Accept inside weight seek hot point seek.,2,3.4,5755
9141,2025-02-28 18:24:25,Evidence crime traditional administration no long policy.,3,3.7,4683
9142,2025-04-07 13:46:40,Last agree mission choose threat never.,4,3.9,6053
9143,2025-03-17 13:09:15,Wrong under woman involve forward.,1,4.7,1256
9144,2025-05-06 14:31:24,Top matter instead skin bed born create.,5,4.9,107
9145,2025-04-14 23:36:16,Main action knowledge prove cup age difficult.,3,4.7,9530
9146,2025-07-16 12:27:49,Account benefit east alone this street.,5,3.3,197
9147,2025-10-20 05:07:29,Education control her key seat.,3,4.3,792
9148,2025-11-04 20:26:16,Whose fast travel player large water character.,5,3.6,3855
9149,2025-08-28 02:43:26,Some parent seek shake sort say teacher above.,4,4.5,2928
9150,2025-09-20 21:19:55,Behavior by finish.,5,3.2,7230
9151,2025-05-01 22:24:57,Any represent art knowledge yard collection city.,1,3.8,2493
9152,2025-10-15 14:01:53,Tree service spring pretty development.,5,3.2,8476
9153,2025-05-07 19:48:58,Hotel condition last land research moment try stop.,3,4.9,3222
9154,2025-10-03 09:56:15,Our high yard quite herself contain.,4,3.2,8801
9155,2025-05-15 21:36:02,Game industry production member.,4,4.8,7110
9156,2025-03-03 02:13:32,Social moment begin right.,2,4.4,6905
9157,2025-09-06 12:52:59,Account drive process player.,5,4.7,9737
9158,2025-04-25 09:34:59,Six box fly weight.,2,3.7,5168
9159,2025-11-14 18:39:13,If summer write reach face.,4,5.0,8879
9160,2025-05-27 07:49:58,Enter hand magazine general answer argue treat.,2,4.3,8167
9161,2025-02-16 02:28:32,Charge case color though teacher put south.,1,4.9,2675
9162,2025-10-22 23:31:54,See manager network yeah give none off kitchen.,3,4.4,2792
9163,2025-01-05 19:04:14,Major occur future end anyone student hour.,1,4.9,773
9164,2025-01-17 20:06:47,Agree enjoy eat seem possible.,1,3.4,3916
9165,2025-08-18 19:42:38,Risk best interview more sing with list.,1,4.2,4359
9166,2025-04-15 16:16:16,Prove hundred student fine create.,3,3.4,1689
9167,2025-10-27 13:36:45,Guy list reason garden three thing international.,4,3.8,2967
9168,2025-06-09 06:12:58,Series kid should support most hot.,2,4.9,5601
9169,2025-06-03 14:38:33,Once author center suffer yourself bit.,3,3.8,8933
9170,2025-05-11 10:59:11,Oil another difficult national wait.,1,4.0,3388
9171,2025-05-29 09:45:28,None discover now half street strong thing.,2,3.7,3017
9172,2025-05-24 06:24:51,Star idea wind write none live.,1,4.1,8770
9173,2025-11-01 11:49:05,Book middle fight water sure statement almost.,3,3.3,218
9174,2025-01-06 11:33:42,Treatment financial save likely.,5,4.9,5205
9175,2025-08-27 08:40:04,Course agent Democrat effort instead such job.,3,4.6,1795
9176,2025-09-07 11:41:23,Media beautiful decision space board trip.,3,4.1,797
9177,2025-09-29 10:34:11,Issue not rest each shake security even while.,3,3.4,2844
9178,2025-04-10 06:10:39,Military born check degree nice store class.,5,4.6,6940
9179,2025-06-23 23:36:54,Poor study color pay peace arrive campaign work.,2,4.3,7597
9180,2025-06-04 23:58:32,Truth industry concern what.,3,3.8,9225
9181,2025-10-16 10:28:53,Half candidate never have social back need.,1,4.9,671
9182,2025-11-07 14:18:44,Situation ask process letter field.,2,4.7,8613
9183,2025-05-15 15:20:31,Large bar as well stand.,2,3.2,1853
9184,2025-04-28 14:54:11,Affect type catch environment research military.,1,3.3,3600
9185,2025-03-23 02:10:24,Production assume western also yet modern around deal.,1,3.0,8303
9186,2025-06-01 04:24:13,Be history mother newspaper wish physical today.,5,4.9,125
9187,2025-08-13 11:49:57,Time across true despite.,4,3.8,512
9188,2025-03-17 21:39:32,But full back behind.,2,4.9,4636
9189,2025-03-27 23:16:50,Piece risk network production.,3,4.1,9547
9190,2025-04-20 22:26:02,Point white paper here good.,4,4.7,9113
9191,2025-01-14 23:37:57,Under crime anything reality even draw.,1,4.8,485
9192,2025-04-29 04:57:33,Set war decide lose.,2,4.7,6384
9193,2025-07-01 19:33:58,With hot manage success smile.,4,5.0,250
9194,2025-02-24 08:47:08,Mention rich back race media.,4,3.4,9860
9195,2025-05-25 17:09:00,Factor share act fast amount teacher.,4,3.3,9942
9196,2025-05-31 11:36:08,Idea member southern common much country.,5,4.8,9107
9197,2025-07-27 04:17:53,Those theory he human under contain.,2,3.5,914
9198,2025-08-07 17:15:59,Bank entire practice senior race.,5,3.8,6858
9199,2025-06-28 05:15:10,Teach good tend compare card likely campaign.,5,3.1,4408
9200,2025-06-01 00:19:16,Customer industry four responsibility part per bank.,2,4.6,8800
9201,2025-07-12 00:20:36,Pm cell challenge sure by.,2,4.8,2454
9202,2025-09-03 23:47:14,Whom financial watch art network look local.,2,4.8,6285
9203,2025-04-06 10:13:30,Wait name music spring wide strong another car.,2,5.0,9118
9204,2025-08-16 23:26:55,Arrive past environment.,4,4.0,8500
9205,2025-03-11 18:09:54,Course baby if trial.,3,3.7,866
9206,2025-09-22 14:04:07,Large mean push lead.,4,4.7,6388
9207,2025-11-14 15:30:59,Force according push significant nothing.,3,3.8,4799
9208,2025-05-03 03:56:48,Her decision up have.,2,3.8,1575
9209,2025-01-11 17:19:59,Sea less no close peace collection man.,5,3.2,6479
9210,2025-08-16 09:01:07,Pay sister resource according response stay beyond interesting.,4,3.6,9448
9211,2025-07-05 21:59:55,Hope dinner necessary day without cell thank.,4,4.4,3331
9212,2025-04-22 22:34:35,Pay sea build very physical.,5,4.6,3622
9213,2025-10-02 21:53:53,Story night charge brother like.,4,4.6,3368
9214,2025-11-03 09:40:51,Gun court radio seat protect.,3,4.1,1793
9215,2025-10-17 21:43:56,Strong section eye him production.,1,4.9,2290
9216,2025-11-08 04:21:48,Particular cover blue large similar.,5,3.9,7505
9217,2025-03-26 12:42:31,Kind under alone send picture force should space.,2,3.5,2869
9218,2025-08-14 00:32:21,Face major international idea detail election.,2,3.7,463
9219,2025-01-17 16:41:49,Despite laugh American.,4,3.9,5162
9220,2025-02-24 11:50:35,Act agree focus now protect general star.,5,3.7,4139
9221,2025-03-11 16:36:09,Rather animal see money collection.,1,3.7,1245
9222,2025-07-16 22:44:15,Play open own type simply box skill.,2,4.1,9009
9223,2025-09-18 01:52:48,So shoulder month mother.,4,3.1,9676
9224,2025-10-22 21:41:36,Media coach dream follow get.,2,4.5,7175
9225,2025-03-25 01:58:41,Society girl forward more five police base central.,2,4.1,9588
9226,2025-01-13 05:36:07,Car fill true walk where number.,2,4.3,6757
9227,2025-01-18 04:23:21,True light across Mr form fly.,5,3.6,7798
9228,2025-04-01 04:08:50,Carry reach care boy light.,2,3.6,8204
9229,2025-06-04 10:22:26,Church lawyer certain age garden professional nor.,4,4.5,7827
9230,2025-10-15 22:44:30,After them quite operation.,5,3.4,8140
9231,2025-10-19 06:31:36,One enter everybody staff cell fast.,4,4.4,5246
9232,2025-05-19 07:57:45,Realize church this begin pass.,2,3.2,758
9233,2025-04-21 17:48:57,Challenge past be short lose officer.,4,3.8,6272
9234,2025-11-25 06:21:53,Situation eat hold truth game get.,5,3.7,2178
9235,2025-07-14 15:06:06,Your benefit range.,1,3.1,538
9236,2025-10-03 15:32:36,Bank report month in prepare skill.,2,4.2,3837
9237,2025-07-21 22:23:42,Stage eye ten hot management report.,5,5.0,4785
9238,2025-09-03 22:09:51,Easy ability job stop executive particular.,3,3.1,2458
9239,2025-10-30 03:33:32,Exactly federal common spring until peace.,5,4.2,9685
9240,2025-10-14 14:08:20,None behind whole three course.,3,3.8,7548
9241,2025-03-21 21:39:21,Message player get between.,5,4.5,5626
9242,2025-06-28 21:30:56,Worker appear drive share current at.,1,4.7,7349
9243,2025-11-25 17:38:44,She toward simply else response try peace.,5,4.6,2547
9244,2025-07-19 18:05:24,Firm answer age again card station.,1,4.7,4399
9245,2025-01-25 16:24:15,Surface red police difficult.,2,4.9,6092
9246,2025-09-10 19:44:35,Technology she street adult.,2,3.9,5933
9247,2025-05-24 13:09:47,Money police research bill poor next.,2,3.8,6775
9248,2025-04-09 16:33:27,Life authority themselves what garden garden.,5,4.3,167
9249,2025-01-02 04:13:13,Congress wind short whether top tonight.,2,4.8,9770
9250,2025-03-10 08:55:10,First hold scene blue sell.,4,3.6,2936
9251,2025-09-04 00:18:28,Become claim probably yard opportunity apply.,4,4.5,3957
9252,2025-08-11 19:07:06,Great surface picture college process.,5,3.4,2402
9253,2025-06-29 11:30:57,Often have find cold somebody international.,2,4.9,8218
9254,2025-05-01 07:07:20,Down piece security not now artist somebody source.,1,4.3,3667
9255,2025-07-27 15:58:07,Center data actually institution agency her consider.,2,3.0,3181
9256,2025-11-05 07:37:26,Agency behavior memory second.,5,4.7,788
9257,2025-08-13 00:09:53,Word let improve yeah action.,3,3.5,9808
9258,2025-09-09 08:56:37,Admit performance condition first investment group.,3,4.7,5510
9259,2025-03-05 20:00:10,Black next modern someone language.,1,4.0,7757
9260,2025-07-02 05:43:53,Energy staff everybody chair nothing hospital performance.,4,3.5,9816
9261,2025-06-26 06:28:00,Allow yeah less truth.,1,4.0,2880
9262,2025-06-14 06:17:57,Investment listen long service.,2,3.2,9516
9263,2025-08-11 20:40:17,Short really blood fall morning.,2,4.1,1834
9264,2025-06-25 20:43:27,Situation school physical space across point.,3,4.8,1881
9265,2025-09-30 16:21:27,Though government friend type course day left school.,1,4.1,3982
9266,2025-08-22 05:34:13,Letter family thing.,1,4.2,6850
9267,2025-09-08 20:01:08,President side hit by these.,4,4.7,9424
9268,2025-01-10 09:01:23,Step word class huge student work hour.,2,3.5,5381
9269,2025-08-27 02:18:17,Data education sense test benefit issue care.,4,4.4,5705
9270,2025-01-02 19:24:26,Southern computer nation anyone.,5,4.2,6008
9271,2025-09-04 17:02:02,Character ever trade eye civil current.,3,4.0,2432
9272,2025-08-27 21:21:10,Tough forget apply century especially detail system somebody.,2,4.2,6294
9273,2025-07-11 10:34:18,Someone shake increase list training force almost.,3,4.5,9509
9274,2025-07-31 07:33:28,After performance drive back.,3,3.6,8764
9275,2025-06-08 15:55:50,Style control red focus high.,2,3.1,3032
9276,2025-05-14 04:35:15,Need sure medical change city.,5,4.7,1808
9277,2025-04-30 02:15:46,Voice serious choose individual possible beyond mention.,5,4.1,9406
9278,2025-06-25 15:17:17,Page table dream quite establish out election.,3,3.5,6175
9279,2025-01-29 02:49:51,Gun girl girl us should care.,4,3.9,6802
9280,2025-08-18 17:26:35,Open middle strong this.,5,3.8,5348
9281,2025-09-17 10:01:45,Order campaign look stage inside.,2,4.7,1216
9282,2025-02-17 11:36:38,Argue speak protect laugh stand.,3,3.9,3297
9283,2025-09-16 17:35:47,Action price put among.,2,4.5,6882
9284,2025-10-18 21:02:19,Financial draw full country continue.,4,4.6,2967
9285,2025-07-06 06:22:09,Financial third at give bed.,5,4.5,8970
9286,2025-08-21 06:21:41,Sound nation family military see wide small home.,2,3.0,948
9287,2025-03-12 01:48:41,Service structure cup anyone black because dark.,1,4.7,9159
9288,2025-07-19 03:42:47,Add visit great plan month check.,1,4.5,3490
9289,2025-06-28 12:05:10,Easy his treat commercial watch son cause.,3,4.2,5070
9290,2025-09-06 02:26:38,Region deal least.,3,4.0,7618
9291,2025-08-10 07:56:54,Rise light management collection support.,4,4.3,3267
9292,2025-01-01 07:52:20,Can go majority none.,4,4.2,9840
9293,2025-10-11 12:57:29,If foreign remain computer.,3,4.1,8408
9294,2025-04-06 02:40:44,Drop state certainly.,1,3.2,3450
9295,2025-02-17 14:47:17,Ask get out they civil both.,5,3.6,8798
9296,2025-03-02 08:38:47,Best seven film them.,2,4.2,1167
9297,2025-09-17 02:14:20,Make boy very guy.,2,4.4,3575
9298,2025-02-06 03:32:12,My establish hour cup challenge ground.,1,3.5,9629
9299,2025-07-04 01:01:31,Must Democrat cultural us.,3,3.3,6433
9300,2025-03-01 17:06:26,Contain child happy pretty bring space scientist when.,3,3.2,1371
9301,2025-07-24 03:26:54,Seat plant oil western.,5,3.2,1359
9302,2025-04-10 15:15:14,Course believe face stay.,3,3.7,6477
9303,2025-07-13 12:48:07,Skill shoulder Mrs test world.,4,4.8,8122
9304,2025-10-17 23:07:28,Fish offer play citizen.,1,4.3,130
9305,2025-10-25 04:07:52,Size health call manage radio responsibility choice.,1,3.4,4400
9306,2025-04-06 20:09:21,May fine authority everything outside.,1,3.2,2955
9307,2025-02-20 23:49:58,Billion tough memory animal.,2,4.6,5117
9308,2025-11-19 07:45:34,Peace dog anything must teacher different.,5,4.7,1417
9309,2025-10-23 06:02:09,Level several record hour message cell.,3,3.8,6335
9310,2025-05-06 06:14:06,Agent responsibility possible.,5,4.9,7625
9311,2025-10-11 11:48:29,Security rich rather close score experience ok.,1,4.3,9695
9312,2025-03-14 00:37:24,Good world issue often north ready just certainly.,2,4.1,3026
9313,2025-01-07 00:34:23,Draw you where blue country go not.,1,3.7,4897
9314,2025-03-06 13:57:25,Gun sure oil edge.,3,3.9,3441
9315,2025-05-21 04:43:48,Away others pretty government community.,1,3.4,8808
9316,2025-08-09 05:07:42,Either smile fall expect believe.,5,4.0,9342
9317,2025-06-05 21:50:26,Local firm check walk.,1,4.5,8014
9318,2025-09-29 06:19:19,Each medical get Republican population late whom company.,4,3.5,1791
9319,2025-11-18 16:39:28,Positive age employee couple.,5,3.8,6530
9320,2025-06-16 12:45:15,Long seek class.,4,3.1,9445
9321,2025-01-15 23:24:32,Give professional finish very analysis building within.,4,3.8,8156
9322,2025-01-07 14:42:28,Authority training machine push deal happen direction she.,5,3.4,3966
9323,2025-02-03 15:29:33,Consumer pressure believe follow make.,5,5.0,2938
9324,2025-09-01 20:33:15,Member let five.,2,3.8,8429
9325,2025-07-08 01:59:53,Name election style matter.,5,4.9,80
9326,2025-10-09 00:00:33,Able out tough arm.,3,3.5,8749
9327,2025-11-09 01:41:11,Each recognize concern natural.,5,3.1,8197
9328,2025-11-21 13:07:54,Center open ball sound offer every notice.,4,4.5,957
9329,2025-06-21 03:19:41,Song against customer establish eat just explain.,4,4.6,5492
9330,2025-03-06 04:46:12,Build none begin nothing including only.,5,4.4,8568
9331,2025-03-25 06:05:32,Environmental series camera feeling.,4,3.3,6054
9332,2025-08-17 20:35:17,Child never almost.,1,4.4,9859
9333,2025-03-20 15:41:26,Rest picture within across under yourself.,2,4.1,3046
9334,2025-06-21 01:44:12,Candidate human consider general guess behind clearly.,4,4.3,5245
9335,2025-09-10 21:58:19,Everyone range hit window reflect chair staff.,1,4.5,2973
9336,2025-11-10 20:19:42,Memory can team fact sell decade focus.,3,4.3,6624
9337,2025-07-12 15:29:10,Writer two speak budget maybe position.,3,3.9,2481
9338,2025-04-24 18:04:54,Radio name more.,3,3.2,2502
9339,2025-06-23 01:13:03,Down young particularly.,1,3.8,7151
9340,2025-11-04 07:25:56,Happy against think eye method home treatment.,1,3.6,2734
9341,2025-07-14 01:17:37,Front painting stand summer house.,5,4.2,6633
9342,2025-06-03 10:43:45,Watch almost particularly such.,4,4.4,6332
9343,2025-01-25 13:04:04,Public strong sort Congress development.,2,3.3,3649
9344,2025-05-22 10:27:19,Available stay happen road value sell my.,4,3.2,5511
9345,2025-01-09 03:09:02,Assume it reduce future center person view nothing.,3,4.1,3758
9346,2025-06-02 06:28:27,Move picture finally threat bank build later late.,2,3.9,1076
9347,2025-03-10 00:12:44,Law into experience nothing letter red.,1,3.7,2541
9348,2025-06-17 08:10:49,College green sell quickly.,3,4.6,516
9349,2025-01-27 22:34:18,Ball value recent church.,3,5.0,6299
9350,2025-08-20 20:56:27,Level relationship line.,5,4.8,4328
9351,2025-08-25 02:56:08,War policy produce.,3,3.7,473
9352,2025-03-26 02:43:18,Issue can wait painting.,4,4.2,4060
9353,2025-07-31 10:48:30,Memory character quality determine.,1,4.1,3973
9354,2025-10-18 11:30:03,Close agree walk food.,4,4.9,261
9355,2025-01-02 00:35:01,Bag form beautiful class.,4,3.6,7563
9356,2025-07-07 17:58:10,Affect learn set order.,2,4.1,4865
9357,2025-10-21 22:52:56,Stay especially use physical social seat court.,1,4.9,2040
9358,2025-02-24 04:21:33,Win race big raise allow improve detail.,4,4.1,3733
9359,2025-06-11 12:09:25,Professor score know cultural Democrat baby theory recent.,1,4.7,1579
9360,2025-04-01 05:50:07,Agent maintain call guess happy stand between whom.,5,4.9,2651
9361,2025-03-23 21:09:36,Game feeling age myself.,3,4.0,5736
9362,2025-08-06 01:31:27,Very before apply street apply sense however especially.,5,4.3,5885
9363,2025-08-12 21:29:02,Practice thank state Democrat sometimes.,3,4.9,7345
9364,2025-07-07 21:07:36,Data page close see way environment other fine.,5,4.3,3091
9365,2025-05-02 00:38:23,Expect of left necessary economy bar area.,2,3.0,4405
9366,2025-03-18 00:14:55,Structure probably under win task system.,2,4.2,9193
9367,2025-04-05 11:57:13,Magazine or point.,3,4.9,2122
9368,2025-02-01 08:15:18,Student own economic.,4,3.7,7277
9369,2025-02-24 18:15:58,End late seek just majority measure energy personal.,4,3.9,5076
9370,2025-04-10 22:52:20,American audience sea officer voice these.,5,3.1,9880
9371,2025-09-05 12:53:44,Sit many fly believe increase draw.,1,4.3,2943
9372,2025-09-12 20:00:15,Occur environmental would standard financial generation wide.,1,4.1,113
9373,2025-07-13 22:12:38,Style moment play century method business gun.,2,3.5,1596
9374,2025-03-22 08:11:51,National reduce area option use listen else campaign.,1,4.7,6636
9375,2025-05-25 06:52:05,Significant more style whether.,5,5.0,7611
9376,2025-03-11 10:00:14,Sister money surface.,5,4.7,5356
9377,2025-08-16 21:30:05,Give exactly thus.,2,3.1,4686
9378,2025-03-19 22:55:47,Consider together could whatever teach fire listen remember.,1,3.9,4080
9379,2025-08-04 00:36:26,Much try reflect she vote.,3,3.1,3357
9380,2025-05-31 13:30:03,Manage feel plant national son model.,4,4.1,1942
9381,2025-11-25 09:04:44,Third agency even office.,2,3.5,9101
9382,2025-10-05 06:16:00,Buy wish discussion.,4,3.3,4232
9383,2025-08-29 16:09:35,Doctor message single Democrat view bad answer.,4,4.6,6018
9384,2025-04-03 16:05:48,Weight already away their heart like.,3,4.6,5668
9385,2025-02-27 13:56:49,During tonight hope talk serve firm likely available.,2,3.5,9597
9386,2025-08-20 20:42:05,Daughter likely rather candidate beyond.,2,4.5,5866
9387,2025-05-23 20:24:38,Might occur moment everyone.,5,3.3,3144
9388,2025-05-15 05:36:01,Be young idea baby democratic.,3,3.6,6985
9389,2025-06-28 15:07:43,Whatever of energy organization source mind in space.,4,4.3,3816
9390,2025-04-17 19:22:57,Effect can seat large boy inside.,3,4.5,8562
9391,2025-04-11 08:56:05,Actually that short wrong back.,2,3.7,2384
9392,2025-03-17 23:52:06,Step woman physical whose guess share stage local.,4,3.3,5218
9393,2025-05-19 06:28:59,Happy training discussion nearly democratic during relationship.,3,3.3,6193
9394,2025-05-19 20:20:57,Bring include think class site painting continue.,5,4.5,7609
9395,2025-03-03 00:24:21,Agent science about collection guy.,5,3.6,1243
9396,2025-02-10 05:36:04,Environment skill onto political group claim doctor.,4,4.9,3495
9397,2025-09-02 05:07:16,Sign although tax author operation make evidence.,2,4.8,3077
9398,2025-09-02 12:11:35,Eye challenge participant mother performance trouble.,5,4.7,9473
9399,2025-11-22 01:18:45,Say firm or next will ahead.,3,3.2,4409
9400,2025-05-13 00:42:00,Worker floor score no appear development.,5,4.0,2300
9401,2025-05-19 09:25:27,Boy world page peace herself camera positive probably.,2,3.7,1501
9402,2025-06-08 12:52:40,Good director wish ahead cell general.,1,4.4,9783
9403,2025-07-11 02:26:53,Suddenly news mouth home cut.,1,3.6,334
9404,2025-04-09 14:04:25,Next remain medical free.,5,3.2,5801
9405,2025-04-25 16:14:49,Enough program glass idea back ball certainly.,3,3.3,3063
9406,2025-06-19 05:44:19,Tree factor message production memory.,2,3.7,7247
9407,2025-08-31 09:25:58,Type cover true south.,1,4.2,1738
9408,2025-05-28 12:37:55,Feeling admit budget.,3,4.2,9378
9409,2025-03-25 22:17:32,Total bill stock magazine.,4,3.9,9802
9410,2025-10-09 17:06:06,Share doctor smile upon marriage agency.,3,5.0,9586
9411,2025-07-30 02:31:32,Ahead environmental authority fall especially carry step.,3,3.6,8965
9412,2025-05-14 13:43:05,Season environment song charge picture begin direction yes.,2,4.6,8710
9413,2025-01-22 12:26:18,Others hope situation study raise.,4,4.4,291
9414,2025-02-23 17:08:39,Use pull no behavior.,1,3.3,5707
9415,2025-08-04 12:10:20,Cause manager book traditional new example business.,5,4.7,9200
9416,2025-04-17 14:36:19,Area day reveal fire soon.,1,5.0,8936
9417,2025-02-14 05:32:05,Tend deep section foot future smile.,4,4.5,2741
9418,2025-04-25 01:29:34,Head voice kitchen which.,2,3.3,4134
9419,2025-07-08 08:35:40,Real not issue campaign.,5,3.9,3925
9420,2025-05-30 08:12:42,Development return really central everyone pressure truth minute.,3,4.3,6214
9421,2025-06-08 22:47:19,Read true their hold pay bag.,3,3.2,3777
9422,2025-05-06 03:36:56,Arrive discussion huge feel whom.,1,4.6,5122
9423,2025-10-14 05:28:39,Role window city production candidate nearly onto.,4,4.4,173
9424,2025-02-03 16:53:07,Ten room institution accept.,4,4.4,5290
9425,2025-11-10 11:39:03,Two center left college quality attention.,3,4.9,4897
9426,2025-05-28 23:14:40,Company pull pressure base age easy.,3,4.7,4887
9427,2025-05-13 23:59:22,Should pay despite explain suddenly leg night.,4,3.6,4982
9428,2025-09-20 19:18:10,Miss then learn they stage discuss represent.,5,4.6,4725
9429,2025-11-08 17:49:57,Determine one member according produce trade.,1,3.7,2846
9430,2025-07-31 01:44:54,Message protect team blood huge.,1,4.4,2613
9431,2025-08-06 12:48:30,Serve ground range business we other mean will.,4,4.8,5698
9432,2025-10-13 20:23:09,Single and part notice everyone as third.,2,4.1,4547
9433,2025-09-27 10:35:11,Those administration dinner international administration.,1,3.9,2131
9434,2025-10-22 03:23:34,Catch trip campaign.,4,4.5,7014
9435,2025-07-08 14:00:02,Miss low economy specific marriage chance happy.,2,4.3,5885
9436,2025-05-18 07:36:28,Someone think too happen my not debate eight.,2,4.0,5779
9437,2025-06-23 07:10:58,Card leg direction.,5,3.4,6251
9438,2025-10-26 08:09:48,Education assume region low camera.,5,4.7,147
9439,2025-06-01 17:33:57,At author argue market court small.,2,3.9,7488
9440,2025-11-01 10:32:07,Southern deal do pull process nor.,3,3.9,7350
9441,2025-02-22 14:07:49,Style wife interest none.,2,4.9,5040
9442,2025-01-16 03:36:42,Use society next range subject.,3,4.1,1238
9443,2025-01-03 03:49:21,If them cut anyone affect artist.,1,4.6,8189
9444,2025-09-09 22:54:16,Summer money various make nice effect believe.,4,3.2,8637
9445,2025-01-15 10:38:01,Any price experience to series.,3,3.0,7272
9446,2025-09-15 03:28:20,Still send why history near final foreign.,5,4.5,4759
9447,2025-01-25 03:41:14,Follow respond task difference feeling.,2,3.3,6612
9448,2025-09-09 23:25:12,Concern treatment Republican.,4,4.8,1374
9449,2025-04-15 08:16:58,Mention sort work body.,2,4.7,2865
9450,2025-06-15 21:50:43,Amount media catch fact.,1,3.2,7379
9451,2025-06-21 21:41:06,Speech practice not house chance.,1,4.0,1946
9452,2025-01-01 22:54:55,Factor compare cause five size.,4,3.4,6930
9453,2025-09-19 02:16:34,Magazine again bad toward particularly medical statement wind.,4,4.8,9067
9454,2025-10-30 15:31:12,Can music last green church color clearly level.,5,4.8,3873
9455,2025-08-12 18:04:45,Administration role program whole who.,2,4.5,1729
9456,2025-07-22 21:21:22,Report especially simple approach.,2,3.2,2637
9457,2025-03-15 10:45:52,Very allow exist listen.,1,4.0,7821
9458,2025-06-13 13:29:11,Memory vote these necessary huge condition fast.,4,4.0,4507
9459,2025-05-25 23:16:47,Dark argue rather reduce decide guy environmental.,3,3.2,5263
9460,2025-10-06 23:30:46,Right or moment build executive hospital it.,2,3.5,3243
9461,2025-07-21 07:39:47,Painting sing Democrat former.,5,3.9,8329
9462,2025-09-16 18:21:15,Grow prepare human able.,4,3.3,1733
9463,2025-01-29 02:32:45,Plan today at scientist.,1,3.9,6205
9464,2025-08-02 01:25:47,Personal herself power others PM.,5,4.3,5239
9465,2025-05-28 08:22:40,Wrong better know meeting type executive yeah here.,4,4.9,2657
9466,2025-03-26 00:17:01,Teach common inside return.,3,4.6,6123
9467,2025-03-29 20:47:14,Bank city couple.,3,4.7,9999
9468,2025-03-26 01:41:46,Security official skin reach.,3,4.7,5291
9469,2025-08-29 12:12:42,Clear large protect reality every better Democrat mission.,5,3.0,9337
9470,2025-01-10 06:26:28,About north here sure.,4,3.5,7080
9471,2025-04-28 13:30:33,Present cover upon.,5,4.2,7979
9472,2025-03-24 04:01:21,Should now capital yes job effect turn.,3,4.1,1760
9473,2025-05-14 20:24:02,Task black how fear.,1,4.7,4850
9474,2025-01-04 08:24:24,Reveal owner audience within population.,4,3.5,5541
9475,2025-03-31 22:10:01,Table air dog.,5,3.4,9612
9476,2025-02-08 16:01:07,Respond prepare right write.,4,3.2,356
9477,2025-07-13 06:12:16,Surface civil sing.,4,3.5,8313
9478,2025-11-13 10:59:31,Tv military personal his.,1,3.4,1557
9479,2025-01-21 12:49:10,Discuss employee physical foot as.,2,3.6,8548
9480,2025-07-01 20:48:54,Senior statement language debate sign bag way.,3,3.0,5812
9481,2025-06-30 16:26:56,Kid approach eat.,5,3.9,940
9482,2025-06-26 08:50:59,Among I seek last hotel evidence company.,2,4.2,1196
9483,2025-09-26 20:29:49,Other choice service.,5,3.7,3774
9484,2025-08-23 06:32:26,Sit serious indicate wait should short.,3,3.2,72
9485,2025-06-04 08:49:59,Per consumer offer serve garden fight.,3,3.9,4865
9486,2025-05-17 06:09:41,Mouth rich name.,1,4.9,1188
9487,2025-08-13 11:01:12,Important pick television much protect much.,1,4.0,5845
9488,2025-04-05 02:59:12,Physical door claim morning front product family.,1,3.4,4929
9489,2025-01-23 10:29:28,Skill tonight hour candidate most view able.,3,4.1,4398
9490,2025-11-24 09:29:52,Feel above before reality individual bad everything.,4,4.6,5028
9491,2025-02-09 22:13:23,Job who citizen war idea.,3,3.8,9212
9492,2025-05-04 11:12:40,Six quickly power court need those any computer.,4,3.8,7483
9493,2025-03-29 17:25:35,Shoulder data social pass pretty partner work scene.,4,4.3,2943
9494,2025-07-20 18:36:14,Believe structure focus front.,4,3.2,2483
9495,2025-09-01 15:02:31,Office how at sort structure.,1,4.9,1622
9496,2025-09-05 01:16:00,Exist fall create power truth expert long blue.,4,4.7,3013
9497,2025-04-29 22:19:39,Learn story sound let city poor street.,4,3.9,875
9498,2025-10-04 05:41:46,Per college young miss market task.,2,4.9,7726
9499,2025-07-21 21:57:03,Own study little organization.,4,4.4,1333
9500,2025-02-13 17:53:00,During after affect writer generation defense race.,2,3.6,7499
9501,2025-06-20 11:18:08,Sure shoulder analysis least economic very area building.,5,4.9,352
9502,2025-01-19 19:07:08,Often allow federal tough truth race six someone.,1,4.8,1454
9503,2025-05-01 07:59:13,Girl evidence church possible sign.,3,4.8,5482
9504,2025-01-11 20:33:58,Thought nice price above opportunity low police.,1,3.5,7786
9505,2025-09-14 13:58:24,Box air those bank sister look.,2,4.6,8349
9506,2025-04-04 14:31:11,Recognize sound conference raise.,4,4.6,1177
9507,2025-04-08 03:30:58,Carry especially season free food state.,2,4.9,2528
9508,2025-11-22 05:53:23,Scene traditional dark drop religious.,4,5.0,894
9509,2025-03-23 11:46:19,Prove about our.,5,3.9,349
9510,2025-07-12 20:00:12,Third nature whom maintain place water baby.,5,3.1,7049
9511,2025-10-29 23:45:17,Nice realize today message.,2,3.3,924
9512,2025-10-03 13:04:13,I some now goal still dark fish national.,1,3.7,5271
9513,2025-05-08 18:07:09,Fill should tough truth.,1,3.8,4482
9514,2025-06-08 01:38:34,Attention past cold radio do.,2,4.5,7241
9515,2025-10-12 13:38:15,Nice ok control less.,1,4.1,5264
9516,2025-04-29 07:56:36,So song all themselves.,3,4.1,8274
9517,2025-06-10 14:07:39,Be answer difference seek whatever.,5,4.2,8714
9518,2025-03-13 03:42:09,Current official give rate money prove.,5,3.8,5392
9519,2025-07-08 19:39:38,However say less coach city.,3,3.7,3435
9520,2025-11-06 05:44:56,Us policy appear base life ground radio.,1,3.5,214
9521,2025-01-28 01:55:32,I member nature.,4,4.6,5876
9522,2025-06-12 18:29:43,Apply sound over much population create.,4,4.8,9076
9523,2025-07-28 14:06:34,Main thank point.,4,3.3,4479
9524,2025-06-09 05:25:31,Audience loss including fund clearly.,2,4.7,9187
9525,2025-02-23 09:40:39,Pass possible point assume country.,1,3.8,7015
9526,2025-04-04 19:26:18,Least art popular task official kitchen.,2,4.2,2868
9527,2025-08-15 14:52:59,Its meet on.,3,3.7,6330
9528,2025-10-09 13:24:34,South whom product more player method house feeling.,5,5.0,7531
9529,2025-07-28 04:20:09,Five along wrong involve.,3,4.4,2105
9530,2025-01-11 04:03:40,Television history offer remember focus little.,3,3.9,8928
9531,2025-06-05 08:40:22,Media understand inside range finally yard ground.,5,3.8,9966
9532,2025-03-09 18:59:27,Agree financial popular southern surface newspaper compare.,1,4.7,832
9533,2025-07-15 07:55:33,Smile side may dog.,4,3.0,2613
9534,2025-02-10 17:08:12,Design someone ask agent discussion buy board.,2,4.5,8224
9535,2025-08-30 09:57:38,Reach beautiful together into.,1,4.9,5179
9536,2025-02-14 23:56:39,Bill close red from five down wait.,4,4.8,3360
9537,2025-01-15 06:26:04,Kind history because director.,5,3.9,5434
9538,2025-05-04 09:35:17,Four dream cause some.,5,3.2,1587
9539,2025-01-27 04:59:51,Daughter less reveal community those condition machine help.,5,4.9,376
9540,2025-08-06 05:44:04,Value energy great off foot own threat watch.,4,3.2,9643
9541,2025-04-24 10:16:47,Policy modern question country.,2,4.5,6746
9542,2025-08-27 09:44:32,Least tonight central modern behavior.,4,3.3,7461
9543,2025-02-10 13:21:26,Toward exist admit world.,3,4.1,9217
9544,2025-05-04 00:42:02,Image artist campaign have professor just part.,4,4.3,5097
9545,2025-09-17 21:24:54,Culture worry weight wife off act.,3,5.0,7695
9546,2025-09-08 01:49:58,Evening professor whether wall evening between I.,1,4.8,4531
9547,2025-02-23 05:56:46,Teach song hit near between.,1,4.9,2212
9548,2025-11-03 07:13:57,Official beat program today.,5,3.8,3284
9549,2025-07-22 08:21:40,Today student people turn trip.,1,4.8,1878
9550,2025-08-19 00:12:35,Change value outside front we.,4,5.0,3030
9551,2025-06-28 11:50:30,Well relate myself prove.,2,4.1,977
9552,2025-07-19 01:48:42,From share lot every artist.,4,3.7,7721
9553,2025-07-30 01:04:34,During once hear possible social hot door.,4,4.4,326
9554,2025-07-14 19:07:39,Congress need at thing us.,2,4.8,2823
9555,2025-10-30 03:10:54,Trial mouth someone bag discover play against.,1,3.6,188
9556,2025-09-06 04:45:16,Machine fill hospital ask ground red.,1,3.9,1380
9557,2025-09-29 02:55:41,Success actually lose reveal serve.,1,5.0,9640
9558,2025-01-16 07:14:41,Always blue daughter along.,5,5.0,1749
9559,2025-02-04 20:00:01,Nothing administration direction relationship necessary difficult enjoy.,1,4.5,4277
9560,2025-03-04 12:41:21,Entire begin cultural interview fear long growth.,1,4.8,5989
9561,2025-01-06 02:52:26,Must describe young court pull it.,2,3.5,9552
9562,2025-07-21 04:58:03,Much walk audience.,1,3.3,66
9563,2025-01-05 05:51:29,Human century serve institution level country.,5,4.4,5912
9564,2025-04-15 05:11:48,Billion region people hand trial plant.,4,3.3,8717
9565,2025-04-05 03:52:08,Player hot use need crime such major.,2,3.1,9519
9566,2025-03-27 18:49:45,Lot office begin although attack.,5,3.9,1109
9567,2025-07-14 07:52:03,Line television crime.,2,3.7,1007
9568,2025-02-18 09:53:43,Sometimes film anything wide world senior.,1,4.2,8648
9569,2025-07-04 04:51:18,Boy decision note employee season ask former.,4,4.0,6711
9570,2025-01-04 23:20:32,Should though game sister be face.,2,4.3,7400
9571,2025-01-22 06:00:51,Such data big question.,4,4.7,2954
9572,2025-03-10 06:09:28,Pass pattern win box.,3,3.1,7527
9573,2025-04-29 06:40:44,Treat explain end discover best smile.,2,4.8,294
9574,2025-03-04 04:57:05,Form believe indeed baby.,1,4.2,3964
9575,2025-09-07 07:05:38,Clear their tough together this itself really.,3,4.2,5296
9576,2025-09-02 11:04:31,Dream then guy.,4,3.7,1095
9577,2025-02-21 23:50:37,Ground meet science lead.,1,3.3,9657
9578,2025-04-09 13:16:02,Green others report mention wind reveal.,1,3.4,9034
9579,2025-01-01 17:03:16,Phone follow environmental let attention take lot.,2,3.5,8969
9580,2025-09-22 11:53:52,Certainly stay partner hour.,1,3.8,5494
9581,2025-08-31 21:34:24,He goal standard though hit.,1,4.0,2187
9582,2025-08-08 18:11:15,Resource break road up detail important gun.,3,3.9,9484
9583,2025-06-05 01:47:36,Third from either throughout section themselves free national.,3,3.2,5995
9584,2025-09-17 02:46:10,Particular effort computer.,2,3.9,7675
9585,2025-03-16 15:30:57,Benefit court TV court house huge foreign.,3,4.4,8699
9586,2025-01-28 09:21:02,Certain other suddenly behavior yes wind clear.,5,4.0,7780
9587,2025-01-24 01:19:12,Nature best no remember white reflect war.,2,3.0,8800
9588,2025-06-08 04:37:50,Change final bag explain quite teach.,2,4.5,7211
9589,2025-05-30 04:26:31,Property draw money as.,1,4.9,8638
9590,2025-09-02 03:14:32,Worker my article quite well traditional plan.,5,3.6,2383
9591,2025-04-26 02:01:21,Five house trade.,1,4.6,6985
9592,2025-04-13 22:47:07,Serious carry animal.,4,3.3,3187
9593,2025-07-20 20:18:28,Popular whole finish whatever.,2,3.8,950
9594,2025-06-12 18:07:04,Economy many official wonder food.,4,4.0,738
9595,2025-02-26 08:55:27,Little including give become ago watch.,3,4.7,3093
9596,2025-07-24 04:16:20,Laugh every cause economic police fire friend.,1,4.5,1034
9597,2025-08-06 19:27:04,Worry various field here tough.,4,5.0,5884
9598,2025-09-11 01:41:51,Ask town save along listen lot popular.,1,3.7,264
9599,2025-11-03 04:46:25,Because personal task.,2,3.1,4759
9600,2025-05-20 08:34:38,How security that inside.,4,4.4,6902
9601,2025-04-18 09:09:48,Enter across develop into.,2,4.1,4841
9602,2025-05-07 01:02:43,Second foreign last agency.,1,4.3,7368
9603,2025-03-31 04:29:10,Analysis behind figure news build candidate minute.,4,3.1,5831
9604,2025-07-02 02:36:34,Something chair interest year expert artist material.,3,3.5,6897
9605,2025-05-06 16:11:21,Defense me final firm heavy push chance.,1,4.5,627
9606,2025-05-17 03:31:12,Figure beat once yeah over family.,3,3.4,4446
9607,2025-09-08 13:28:50,Anything number event scientist those.,4,3.2,6589
9608,2025-03-08 00:09:06,Others sit along table choice example any.,3,4.3,8448
9609,2025-03-02 02:27:28,Memory until behavior certainly thought development collection.,5,3.4,6818
9610,2025-09-24 11:20:17,Live order media know.,2,4.7,5281
9611,2025-06-04 15:19:38,Interview as talk.,3,4.6,2107
9612,2025-06-30 05:42:54,Believe assume degree goal some try someone.,3,4.4,9538
9613,2025-06-09 17:55:35,Show work do agreement mission bag must.,1,4.2,2188
9614,2025-09-08 19:13:22,Guy look hold believe activity.,5,4.2,3127
9615,2025-02-14 21:06:24,Change lose cell hundred do after charge.,4,3.6,4337
9616,2025-01-19 18:05:30,Second land street interest write left coach.,3,3.4,3927
9617,2025-05-16 04:34:44,Little save such culture.,1,3.7,327
9618,2025-06-05 05:23:40,Year down school somebody item.,5,4.5,6135
9619,2025-06-30 09:32:18,Study performance security candidate still customer.,4,4.3,9531
9620,2025-02-28 11:07:13,Republican detail if change note particularly.,3,3.0,7580
9621,2025-02-04 01:49:50,Administration build war unit.,1,4.0,6269
9622,2025-10-27 03:09:17,What will head.,4,3.2,8706
9623,2025-10-29 02:30:08,Stock artist language carry character movie.,3,4.1,6752
9624,2025-05-08 14:12:10,Although single sound now glass east above.,2,3.8,2315
9625,2025-09-22 12:50:47,Also choose long compare happy certainly old.,3,3.4,1340
9626,2025-09-20 17:45:08,Its face ready sort material.,4,4.5,7166
9627,2025-01-18 02:57:05,Old as still home term.,4,4.6,8402
9628,2025-02-23 05:47:18,Congress rest visit economic.,3,4.8,8507
9629,2025-08-02 10:52:16,Pay ball still develop drop win.,2,4.2,8408
9630,2025-05-03 17:06:59,Glass lead majority however western box author.,3,4.2,7977
9631,2025-11-06 05:03:27,Toward key language size outside above.,3,4.3,2205
9632,2025-04-16 21:56:11,Need fund material system.,2,3.1,9988
9633,2025-01-24 19:12:35,Maybe real use late we.,4,3.3,7651
9634,2025-09-16 06:13:24,Could investment everyone party catch cultural first.,5,4.1,8198
9635,2025-07-01 16:06:57,Hand series five.,4,4.3,5881
9636,2025-04-09 14:12:22,Both tonight really price.,3,4.3,6408
9637,2025-09-04 15:19:10,Market civil traditional oil.,3,4.1,6767
9638,2025-10-03 22:19:12,Artist dog boy interesting well individual reflect increase.,2,3.5,1965
9639,2025-11-04 21:12:37,Hand western task yes.,4,3.1,8895
9640,2025-08-27 09:28:37,Shoulder industry add usually sometimes return garden.,5,3.3,6290
9641,2025-02-03 21:26:27,Movie these fact I day.,1,4.4,2927
9642,2025-09-27 21:08:32,Court bring science nice place.,1,4.6,5333
9643,2025-10-08 19:08:51,Brother cell discover travel all.,4,4.9,3638
9644,2025-07-20 01:43:27,Case range company eat.,5,3.1,9160
9645,2025-08-23 22:51:30,Speak future camera sign.,1,4.9,398
9646,2025-09-28 08:16:55,Machine exactly dark.,2,4.4,8402
9647,2025-11-15 16:10:10,Common personal amount around wall.,2,4.5,5536
9648,2025-07-07 09:02:37,Technology bar conference begin.,2,4.5,3566
9649,2025-02-01 04:02:06,Machine real court financial good bad.,5,4.2,1675
9650,2025-07-06 09:45:31,Event smile full mention summer.,3,4.8,1583
9651,2025-04-26 14:43:23,History who if early quickly indeed enough stuff.,4,4.1,485
9652,2025-05-23 20:24:43,Campaign chair bad discuss son notice.,1,4.1,9025
9653,2025-08-07 09:25:41,Story break week off night door certainly.,4,3.5,1528
9654,2025-06-19 10:16:24,Space without nation marriage.,1,3.6,4868
9655,2025-08-10 12:00:57,Main mission firm buy situation wind manager list.,5,4.0,7811
9656,2025-04-05 00:18:17,Treat issue find country reveal.,4,3.0,2600
9657,2025-06-17 09:39:23,Remain real ten board could usually court.,1,3.3,9680
9658,2025-02-20 23:42:50,Should along seat house suffer.,3,4.2,4068
9659,2025-08-14 06:24:53,Hold operation about finally.,3,3.3,1516
9660,2025-05-26 19:53:33,Store evening would address when.,2,3.6,8107
9661,2025-05-21 05:15:17,A good president.,4,3.2,1249
9662,2025-01-01 22:45:37,Information imagine lead.,5,4.1,1995
9663,2025-09-01 13:50:10,Relationship son management could.,2,4.9,3388
9664,2025-11-03 05:32:25,Politics right somebody international continue item.,5,3.1,900
9665,2025-09-22 02:08:25,Call food human customer just.,3,4.5,9309
9666,2025-09-13 22:27:15,Send lay use last cut deal guy.,1,3.8,857
9667,2025-07-04 12:38:46,Recently check yet either suffer.,3,3.8,7516
9668,2025-08-29 12:32:52,Large tonight four table newspaper enter speak.,5,4.1,9004
9669,2025-03-07 17:47:12,Most available address security.,3,4.5,1493
9670,2025-09-07 13:24:56,Imagine we over remain.,2,3.9,5122
9671,2025-10-20 08:05:29,Top listen oil letter nothing line surface citizen.,1,4.8,1198
9672,2025-08-20 07:24:48,Growth enough table.,2,3.8,955
9673,2025-11-24 05:51:00,Look face watch spend list.,3,3.8,1643
9674,2025-04-16 09:43:45,Always begin finally.,3,4.1,6108
9675,2025-05-28 11:56:59,Do action it over within.,1,3.3,2486
9676,2025-02-03 08:31:40,Top describe citizen bag pattern.,4,4.4,6387
9677,2025-07-25 10:53:16,Or strategy notice do left pressure hotel seek.,1,4.9,4282
9678,2025-10-04 06:24:04,Ground late themselves first peace.,5,4.7,386
9679,2025-07-18 21:17:12,Role me field way try already season.,5,4.6,4185
9680,2025-08-14 08:15:05,Paper way image despite much case.,4,4.8,253
9681,2025-02-02 10:56:13,Best work space know start nation.,3,4.5,3404
9682,2025-06-02 19:31:34,Assume series total action but across so.,3,4.7,7097
9683,2025-07-12 01:27:47,Street theory foot both hand chance.,5,3.7,2453
9684,2025-03-03 01:57:51,Debate voice by that child.,1,4.1,7312
9685,2025-03-08 13:06:58,Sign according claim after money ago.,3,4.6,3413
9686,2025-08-26 06:07:19,Activity avoid economy hospital there.,5,4.3,1301
9687,2025-03-21 07:43:11,Republican environment detail report.,2,4.8,9341
9688,2025-02-03 07:22:08,Nature strategy involve executive data middle.,2,4.6,5826
9689,2025-07-26 19:27:35,Old president student discover follow.,1,3.0,9952
9690,2025-08-22 07:10:49,Sort newspaper professional happy piece do miss.,3,4.3,3095
9691,2025-05-20 05:08:55,Attorney still if late cold good.,4,3.6,7553
9692,2025-03-19 22:22:40,Human however ground low easy Congress poor.,3,4.2,4465
9693,2025-09-23 23:40:20,Cold nearly street case seven least beautiful.,1,4.3,9311
9694,2025-01-20 23:12:35,Fast apply rock such draw attack particularly.,5,4.0,9480
9695,2025-04-28 20:09:11,General necessary best believe wind teacher threat.,1,3.5,9671
9696,2025-09-20 04:36:07,Better road institution realize.,1,3.5,7626
9697,2025-10-14 13:00:23,Value recognize heavy poor.,1,4.1,3883
9698,2025-06-28 20:56:05,Turn teach world race.,3,3.8,217
9699,2025-07-26 05:07:43,Tend side bank animal quickly power.,5,3.7,8047
9700,2025-06-12 11:49:47,Increase turn peace.,4,3.9,4552
9701,2025-03-03 14:21:22,Throw face both coach.,4,4.3,2809
9702,2025-03-23 12:41:07,Few poor star.,1,4.6,2923
9703,2025-05-30 12:36:18,Ten summer serious improve team.,3,4.1,7349
9704,2025-05-27 20:45:49,Protect nearly impact may out.,1,3.0,9992
9705,2025-10-07 15:46:09,Sing wide book parent image.,5,4.1,9767
9706,2025-04-14 21:10:09,Risk open scene eat lot process.,4,3.4,2380
9707,2025-10-31 22:28:47,Around maintain training argue bank with.,4,3.7,4950
9708,2025-09-25 10:43:53,Theory yet culture loss phone.,4,3.5,2891
9709,2025-05-15 04:00:11,Record order chance country east appear.,2,3.2,914
9710,2025-05-08 18:58:00,Read simple type let tough want final.,3,3.4,607
9711,2025-05-08 19:13:41,Degree suddenly where culture true owner throw.,1,3.5,7370
9712,2025-05-23 19:42:55,Risk world need million where seven.,4,4.0,7260
9713,2025-08-12 15:38:38,Against billion movie suffer high.,4,3.5,4311
9714,2025-02-26 15:19:53,Well stop quite not machine painting.,2,4.2,9354
9715,2025-07-23 16:53:44,White build remember quality environmental evidence.,2,3.3,3337
9716,2025-07-22 22:03:12,While church kid dark.,1,4.1,3977
9717,2025-08-22 17:31:47,Quality need throw.,3,3.5,7692
9718,2025-07-22 18:02:27,Somebody partner trade environment.,3,4.2,1804
9719,2025-08-21 10:13:32,Art wrong three suddenly beyond art.,5,3.7,2958
9720,2025-08-23 12:14:03,Thought current strong turn will west.,2,4.3,9060
9721,2025-04-22 23:08:38,Relationship together fear bad nice all nothing.,2,3.2,4085
9722,2025-08-30 02:57:05,Take the will event pressure.,4,3.4,3464
9723,2025-08-13 20:37:39,Cold travel thought age recently should.,1,3.3,1206
9724,2025-07-02 04:03:48,Class act yourself finish.,1,3.9,5235
9725,2025-08-09 14:54:19,Teach outside single bad.,3,4.0,2503
9726,2025-08-14 16:18:08,Hot eight child.,3,4.3,8489
9727,2025-05-19 10:13:35,Western stuff same democratic.,1,4.3,1386
9728,2025-01-08 01:28:16,Identify measure benefit newspaper establish deal change.,2,4.1,5642
9729,2025-01-28 16:41:59,Section school note suddenly song eye these.,3,3.2,7871
9730,2025-10-03 11:03:42,Recently out performance if one.,1,3.5,7108
9731,2025-04-30 23:41:43,Sing compare government rule water.,2,4.9,8889
9732,2025-10-01 08:28:06,Because statement training organization leg enough.,4,4.0,3372
9733,2025-03-19 05:22:11,Environmental serve also her bank eye voice.,5,3.6,6280
9734,2025-05-29 05:53:29,Responsibility statement painting well reduce onto since.,2,3.1,2802
9735,2025-01-06 07:44:56,Maybe speak account investment clear.,1,3.5,6629
9736,2025-01-15 10:24:34,Truth establish avoid plan.,1,4.5,9912
9737,2025-11-25 14:05:46,Writer manage space of wall.,5,4.6,3910
9738,2025-03-24 22:34:02,Fight miss large along nor plan wall policy.,5,4.8,9183
9739,2025-07-17 07:18:23,Government however role also evening worry body.,3,3.3,3356
9740,2025-10-09 05:15:51,Country voice possible success yourself picture.,4,4.9,6954
9741,2025-07-11 05:20:39,Task entire stand several argue team that six.,5,3.8,4996
9742,2025-07-27 22:29:12,Hope family of option.,2,4.6,8115
9743,2025-02-28 08:07:45,Knowledge significant eat eye politics question.,3,4.7,8135
9744,2025-11-24 09:12:06,Different enough high science increase research.,5,3.7,3162
9745,2025-06-23 21:13:35,Concern political travel tell mention alone establish article.,5,3.8,716
9746,2025-06-15 04:33:43,Upon knowledge west in.,1,3.6,1190
9747,2025-04-01 00:23:00,Third example hand.,3,4.3,2983
9748,2025-01-13 02:56:11,Suddenly station industry yes none.,3,3.7,7297
9749,2025-11-08 14:21:05,He imagine example out sound statement sign act.,5,4.3,5257
9750,2025-09-28 22:06:47,Four easy ability carry.,1,3.1,1091
9751,2025-01-17 01:41:40,True writer manage best specific food hair level.,2,3.7,390
9752,2025-11-19 07:32:31,Dinner significant car push position up practice seem.,5,3.4,6378
9753,2025-09-29 04:46:27,Word Democrat school bag while interesting.,2,3.6,3367
9754,2025-10-30 06:31:08,Nice behavior send draw according hot.,1,3.1,8817
9755,2025-06-01 19:58:29,Activity data reality.,3,3.2,4469
9756,2025-10-25 11:54:15,Environment trouble buy fish attack similar.,5,4.8,9279
9757,2025-02-24 00:34:56,Threat my former some training education western.,1,4.2,2953
9758,2025-05-29 00:30:44,Major stand manager.,1,4.1,3840
9759,2025-06-21 14:37:29,Process seat huge play challenge church option.,3,4.9,6232
9760,2025-02-25 09:37:11,Catch leader thus fight.,2,4.2,5682
9761,2025-03-04 05:21:07,Stock police admit develop create parent amount.,2,3.5,4419
9762,2025-02-19 17:28:21,By eye gas source reason.,2,4.1,1852
9763,2025-08-25 06:53:27,New why vote east interesting involve.,3,4.1,9015
9764,2025-07-01 05:11:50,More performance political write how ahead image.,4,4.4,8198
9765,2025-08-30 23:16:18,Society pay customer hand strong.,1,3.1,3126
9766,2025-01-20 21:15:36,How yard near business.,3,4.8,8572
9767,2025-08-11 07:51:00,Include best perhaps suddenly wish.,1,3.4,627
9768,2025-04-11 15:26:05,Something new everybody south.,4,4.7,9609
9769,2025-03-30 04:18:35,Rather campaign interview have its protect.,2,4.8,1337
9770,2025-05-05 20:15:43,High concern rock represent get service book site.,1,4.0,518
9771,2025-11-06 01:08:08,Security claim Mrs once blood hard.,3,3.6,6717
9772,2025-06-03 17:24:57,Wide something it instead road science learn discussion.,1,3.0,3571
9773,2025-01-12 18:33:14,Learn cold weight fund central project.,5,4.2,5492
9774,2025-09-08 21:32:01,Everybody evidence bill develop letter usually week.,3,3.5,2284
9775,2025-10-28 05:13:26,Particularly should free fact.,1,3.9,725
9776,2025-05-11 10:33:15,Star garden above perhaps fire.,4,3.7,8040
9777,2025-11-12 03:00:14,Too official use recognize sell my future.,1,3.5,6359
9778,2025-07-18 20:32:00,Look foot floor account wide ahead.,3,3.2,2303
9779,2025-10-22 01:14:07,See popular these local miss.,2,3.3,5114
9780,2025-03-05 20:37:10,Heavy hour ever.,3,3.6,4119
9781,2025-04-07 21:30:10,Outside another nothing know street memory.,2,4.3,7143
9782,2025-04-04 09:55:44,Tell road offer no heart.,5,4.6,7010
9783,2025-06-09 06:47:34,Long election remember time.,5,3.0,8889
9784,2025-03-26 02:33:56,Hard mean else along.,4,3.6,7350
9785,2025-08-07 20:16:50,When difference idea side watch.,5,3.3,11
9786,2025-10-04 09:22:49,East huge Mrs.,1,4.0,8656
9787,2025-01-31 02:18:53,Such nearly any until.,4,4.3,9526
9788,2025-05-16 14:29:01,Fast attack true.,1,3.6,8508
9789,2025-11-09 05:49:48,Magazine wish night natural.,1,4.1,9097
9790,2025-03-17 13:47:03,About fire left once know seat.,5,4.2,6161
9791,2025-10-30 18:38:35,Decide hard environment will number worry.,2,3.3,1192
9792,2025-08-12 07:45:34,Or wrong measure thought everybody.,3,4.6,3340
9793,2025-03-29 09:30:07,Range car thank.,1,3.8,4625
9794,2025-05-08 13:47:16,Whole event visit method American know candidate list.,2,4.6,1309
9795,2025-04-11 03:21:34,Nation walk across young.,2,4.6,9052
9796,2025-10-15 14:18:48,Way foreign indeed throughout fall firm blood.,5,4.5,1378
9797,2025-06-03 07:35:44,Mrs sit young.,2,3.2,2021
9798,2025-09-29 16:37:34,Door voice cut his officer until half.,5,3.5,9980
9799,2025-02-16 17:07:13,Toward decade third spend.,5,3.7,1145
9800,2025-06-28 19:42:19,Than write ahead day outside clear.,2,4.3,5024
9801,2025-07-29 19:40:25,Song door make.,3,4.6,3452
9802,2025-04-28 03:09:57,Energy perform play compare why growth miss.,5,3.2,3336
9803,2025-04-14 10:17:57,Once important prepare somebody.,5,4.2,5788
9804,2025-02-13 22:42:53,Least total her popular.,5,3.5,5288
9805,2025-02-23 09:50:13,Training body who also first no now.,4,5.0,5025
9806,2025-07-05 06:54:58,Box this indeed.,1,4.2,8518
9807,2025-08-20 17:20:45,Choose skin teacher myself off might according carry.,1,4.5,3206
9808,2025-01-26 19:39:40,Loss drop participant always.,1,4.6,8372
9809,2025-08-09 22:00:25,Prevent image like else exist floor.,5,4.7,5387
9810,2025-04-09 00:31:52,Student majority best around improve media herself box.,1,4.4,4700
9811,2025-03-04 08:13:55,News clear feeling our plan of.,4,4.3,8736
9812,2025-03-15 13:54:14,Water type conference her reveal thought.,5,4.3,3756
9813,2025-05-01 09:45:52,Explain expert her international leg.,2,4.0,7179
9814,2025-01-12 02:02:28,Early look place painting plan really operation.,1,4.7,6481
9815,2025-08-01 06:17:11,Board public energy arrive common hundred hear.,2,3.2,3300
9816,2025-03-16 14:35:05,Black thought great democratic positive air.,4,3.2,1866
9817,2025-02-23 09:14:13,Hundred hundred herself decide partner decade.,5,3.9,454
9818,2025-06-19 17:53:45,Material morning whole style as.,4,3.4,4063
9819,2025-07-17 18:15:41,Many attention mouth forward American.,4,3.2,4679
9820,2025-02-17 06:47:18,Our rate nearly number.,4,4.5,5489
9821,2025-05-02 15:29:44,Road TV machine boy threat seven civil.,5,5.0,7593
9822,2025-03-31 00:04:30,Sport fine let month.,5,4.7,8812
9823,2025-02-10 04:49:38,Yet cold president by than skill.,5,4.2,3307
9824,2025-10-28 00:28:27,Their commercial community work sister open.,3,4.2,7081
9825,2025-01-26 20:41:12,Nice scientist task dream likely.,5,3.8,5769
9826,2025-06-08 22:51:55,Agency direction international certainly.,5,4.7,4346
9827,2025-10-08 01:31:50,Life police thousand.,4,3.1,1455
9828,2025-04-24 08:51:13,Military general kid debate simple.,4,3.2,1488
9829,2025-07-23 16:18:24,Direction garden travel east drug environment different sea.,1,4.6,5911
9830,2025-08-18 09:16:19,Season we real.,4,4.1,6678
9831,2025-04-25 16:12:17,View Mr foreign strategy bad memory.,3,3.2,8720
9832,2025-07-07 11:50:40,In case director most simple sell.,5,3.2,2058
9833,2025-02-08 16:28:03,Population could notice remain their.,5,4.9,9012
9834,2025-06-14 01:36:00,Unit there authority.,5,3.7,9530
9835,2025-04-04 13:03:36,Leave policy hear none trade.,2,3.6,4367
9836,2025-03-11 15:28:31,Training lawyer old sound out.,3,3.3,6441
9837,2025-07-25 03:25:57,Speak another six where training.,2,3.4,2749
9838,2025-11-21 11:10:04,Listen matter between item.,3,4.4,3269
9839,2025-05-17 12:21:44,Oil and try thing.,2,4.1,6752
9840,2025-08-13 03:51:06,Point ability see Democrat box oil.,2,3.4,3574
9841,2025-07-18 17:13:14,Seek although maintain.,5,4.9,4480
9842,2025-05-24 17:34:33,Cup establish wear information pattern.,1,4.7,9992
9843,2025-09-03 15:25:21,How article keep media answer.,4,4.9,2627
9844,2025-02-19 15:58:46,Hand everything ability.,1,3.1,2404
9845,2025-09-03 13:30:30,Nor though the citizen only.,2,4.9,6247
9846,2025-07-09 23:13:02,School whether action air along hope.,3,3.6,6675
9847,2025-10-05 14:32:49,Seven first specific agency speak choose not.,4,4.3,8701
9848,2025-08-10 19:27:36,Home often woman anyone blue hair.,3,4.5,8953
9849,2025-04-09 09:42:09,Actually either president go.,1,4.4,8906
9850,2025-04-13 02:12:21,Meet security room friend member discussion.,5,4.0,4717
9851,2025-07-29 05:59:46,Manage theory appear customer both.,3,3.8,7344
9852,2025-08-16 07:30:35,Purpose value number turn price wall reality.,1,4.2,8904
9853,2025-05-01 20:34:00,Direction just be.,2,3.1,3024
9854,2025-07-07 22:56:40,Charge inside over population game fly.,2,4.0,6018
9855,2025-05-14 21:34:07,Debate mother sense above middle.,2,4.7,4211
9856,2025-08-16 09:12:21,Phone I recognize back everyone attack between enough.,2,5.0,5640
9857,2025-08-30 15:03:55,Will never top evening describe speak man try.,3,3.8,6822
9858,2025-11-17 12:58:04,Require we stock half.,4,3.9,5954
9859,2025-07-29 01:53:40,Thus money and building claim as.,3,3.6,3812
9860,2025-06-27 17:20:04,Response green from article turn less.,2,4.2,5764
9861,2025-06-19 10:43:18,Look main magazine become.,2,3.3,8985
9862,2025-10-01 07:12:49,Relate six factor citizen.,4,4.5,1060
9863,2025-08-31 22:57:50,Hundred part push.,4,4.0,532
9864,2025-05-24 00:59:51,Present its growth race west method.,5,4.1,5884
9865,2025-02-13 05:32:49,Education century green.,4,3.8,7030
9866,2025-02-11 22:02:58,Challenge my thousand often authority lead scientist letter.,2,3.9,6480
9867,2025-02-19 06:31:22,Project argue institution president American.,2,4.7,3017
9868,2025-07-06 15:15:23,Ready serious approach environmental brother determine.,5,3.1,5782
9869,2025-08-18 20:18:27,Compare lawyer hold floor billion whose prove.,5,4.0,6422
9870,2025-06-30 20:51:59,Director black already only they.,3,4.0,8495
9871,2025-05-01 10:04:49,Quite relate continue no especially center.,2,4.3,2148
9872,2025-05-22 22:58:59,Remain little water develop.,3,4.0,7307
9873,2025-08-10 22:17:44,Allow accept no everybody.,2,3.3,7085
9874,2025-04-01 08:30:19,Very pressure each outside run.,3,3.7,1337
9875,2025-11-23 07:43:21,Policy fall quickly manager second close people.,4,4.0,8076
9876,2025-10-10 23:44:41,Account manager step open statement direction.,3,3.8,1932
9877,2025-06-04 03:42:57,Just part half friend small task sing.,3,3.6,6970
9878,2025-10-20 01:52:02,Behind all trip raise thousand.,3,3.3,22
9879,2025-07-03 06:35:23,Report building anyone mission.,4,4.6,4532
9880,2025-06-06 14:34:47,Pull nearly law strategy not.,1,4.2,3426
9881,2025-10-23 03:47:19,Exactly teach note.,3,4.2,3708
9882,2025-03-07 09:25:47,Ahead thing language hold.,1,4.1,9052
9883,2025-02-02 10:32:59,Arm free maintain.,4,4.6,9533
9884,2025-06-06 05:33:23,Somebody challenge anyone time.,4,4.6,9031
9885,2025-05-24 16:16:34,Choice nature maintain economy add meet.,5,4.4,6840
9886,2025-03-18 16:19:07,Computer assume wide four attention into.,5,3.1,2973
9887,2025-03-05 00:56:39,Respond truth throughout something theory seven.,2,4.5,6118
9888,2025-04-21 18:31:02,Weight strategy two.,1,3.3,4007
9889,2025-11-08 12:03:19,Our current market weight.,5,3.2,8343
9890,2025-02-03 20:05:02,Water cell no day ability expect worker.,1,4.6,4561
9891,2025-02-27 16:37:40,Authority end win room analysis political firm.,1,4.9,4869
9892,2025-05-17 13:38:41,Provide yeah stock them than range teacher.,2,4.5,4899
9893,2025-08-14 01:03:23,While standard want career bed service long heart.,5,3.6,7328
9894,2025-06-16 06:48:28,Other listen spend.,4,3.8,4093
9895,2025-05-27 03:24:12,Discuss material particular possible million with.,2,3.5,4927
9896,2025-08-03 05:29:55,Great just adult however.,3,4.7,1416
9897,2025-09-11 18:02:28,Number alone decade middle executive ball table.,2,3.9,5108
9898,2025-11-14 20:47:26,Arm movement anyone off yard today political.,1,4.6,3047
9899,2025-02-02 04:07:44,Sell put soon leader table book gun base.,2,4.8,4068
9900,2025-06-12 10:57:41,Food maybe forward white free.,4,4.1,3849
9901,2025-04-23 21:35:34,Yet send field data company response human eight.,5,4.7,823
9902,2025-01-01 10:34:34,Question week foreign music politics.,4,4.2,2588
9903,2025-03-03 11:18:02,Notice third him although condition suffer shoulder.,5,3.5,875
9904,2025-04-21 23:30:18,Family manage ahead Mr last pick these.,5,4.2,1681
9905,2025-06-03 09:03:39,Throw population sport five.,1,3.7,7312
9906,2025-04-05 00:42:06,Either agency turn respond account maintain.,2,3.0,3003
9907,2025-01-21 17:44:41,Energy throughout stage open.,2,5.0,7172
9908,2025-10-01 10:35:52,Whose indicate fast alone art might item.,4,3.3,8832
9909,2025-03-12 20:07:01,Blue dog wait from cup.,1,4.8,6003
9910,2025-03-28 08:09:10,Change public fast cost anything.,5,3.0,7163
9911,2025-10-30 19:16:57,Sometimes wide choose.,1,4.1,7084
9912,2025-02-28 03:07:27,No maintain serious over necessary.,3,4.4,1945
9913,2025-09-12 21:47:00,Push lawyer these cell measure.,3,4.8,5390
9914,2025-03-17 07:42:12,Mouth century build she think room structure.,1,4.5,1053
9915,2025-08-14 13:52:56,Phone serve water.,4,4.0,7338
9916,2025-10-18 16:08:18,Score or your list bed.,5,3.6,1920
9917,2025-06-25 07:39:01,Mouth realize down heart history than suggest.,3,4.0,245
9918,2025-05-02 18:19:02,Item relate least law though although.,5,5.0,9628
9919,2025-01-05 13:14:09,Human white since six join six kid plant.,3,4.2,8825
9920,2025-07-24 06:32:41,Attorney she audience between seven go capital.,2,3.3,3960
9921,2025-08-27 06:45:20,Policy key democratic whole plant.,2,4.3,6814
9922,2025-02-02 16:56:16,Seven science such drop ask table at.,3,4.6,156
9923,2025-03-13 14:31:31,Home recently economy international.,2,4.8,764
9924,2025-10-02 11:58:09,Sure reveal stop tell home.,2,3.4,6999
9925,2025-08-08 18:59:06,Pull right necessary somebody risk find.,3,4.5,3675
9926,2025-11-21 06:11:43,Light tax mention south even full west.,5,3.1,5711
9927,2025-10-26 14:57:33,Story wall individual return whole home.,1,4.4,8283
9928,2025-05-13 00:57:24,Yard surface large put.,4,3.1,6210
9929,2025-11-11 20:57:49,The writer director blue worker.,5,4.1,4106
9930,2025-05-31 08:00:50,Call sing other sound.,2,3.1,9723
9931,2025-07-20 22:36:37,Quickly quality consumer.,1,3.3,8181
9932,2025-06-20 14:54:07,Beyond same alone American instead loss human director.,4,3.9,2357
9933,2025-01-31 23:47:29,Century scene indeed speech movie.,5,3.7,7526
9934,2025-06-20 02:11:27,Situation begin player.,3,3.1,7923
9935,2025-11-01 12:54:24,Body everything me return everyone up see himself.,5,4.5,4219
9936,2025-04-02 11:21:23,Race thus collection both language serve ok.,2,3.6,7183
9937,2025-08-19 02:52:56,During write poor hour hair eye ability they.,2,4.6,6066
9938,2025-03-19 13:05:34,Top keep explain coach central now later.,1,3.0,4025
9939,2025-10-15 21:22:29,Day stuff heavy get thank sometimes situation provide.,3,4.0,6469
9940,2025-09-09 21:32:54,Stand partner the work relationship activity.,3,3.9,2610
9941,2025-03-20 13:22:38,Hold you inside opportunity heart talk.,3,5.0,3009
9942,2025-02-05 22:29:35,Perhaps Mr involve huge save.,2,3.6,438
9943,2025-02-15 18:13:54,American whole see scene son blue heart.,2,4.5,5927
9944,2025-02-14 06:56:23,House sign notice artist boy news administration.,2,3.2,7811
9945,2025-03-24 03:40:26,Matter door firm stage.,5,3.1,1342
9946,2025-06-20 19:14:39,Business model structure suggest plant decide.,3,3.6,1931
9947,2025-05-14 00:20:57,Sea our entire collection.,1,3.1,645
9948,2025-07-16 08:51:46,Gas record design system will it.,2,3.9,6951
9949,2025-02-08 06:07:53,Agree book feeling.,1,4.3,7743
9950,2025-03-05 14:00:41,Yeah energy citizen.,4,3.9,3209
9951,2025-11-18 17:21:11,Local thing sometimes up toward author last inside.,1,4.8,840
9952,2025-07-20 04:38:46,Or my where strategy.,5,3.4,4081
9953,2025-05-29 22:04:02,Mind just major any will.,5,3.7,9328
9954,2025-03-05 09:23:52,Save compare support despite.,5,3.8,5911
9955,2025-04-01 04:07:55,Understand administration edge everyone probably line create.,1,3.5,1964
9956,2025-04-30 14:53:09,Allow the hour concern her how reach teacher.,2,3.3,1262
9957,2025-03-25 05:54:35,City ok ten focus hand west start culture.,4,4.6,9211
9958,2025-05-21 16:26:34,Else than allow and hour rule may.,3,3.1,5246
9959,2025-01-21 05:03:12,Doctor fight also care however around everyone.,2,3.3,9043
9960,2025-02-16 08:23:41,Deal ready two lot.,5,3.8,3660
9961,2025-11-22 04:16:24,Religious responsibility page doctor weight.,2,3.4,6068
9962,2025-03-22 18:20:22,Imagine enough however yard turn foot throughout forget.,5,3.4,7278
9963,2025-08-16 18:49:11,Throw various sound.,2,4.8,7479
9964,2025-06-25 14:15:15,Ready leave ground catch.,2,3.5,4412
9965,2025-10-07 10:33:53,Open head hold last certainly travel bank.,2,3.3,1253
9966,2025-10-21 08:48:21,Want series almost remain.,2,4.9,5637
9967,2025-02-22 01:35:28,Leg unit huge thank happen.,3,4.3,514
9968,2025-06-23 05:53:25,Pm building green raise identify conference feel.,3,4.9,4470
9969,2025-11-25 11:58:44,She especially simply first care.,2,3.1,5619
9970,2025-06-07 03:04:40,Your value off before risk mother type.,1,3.7,5901
9971,2025-02-01 08:25:24,Level first public relate notice benefit pay nor.,2,3.1,3842
9972,2025-03-29 23:26:35,Manager discover inside establish upon order find.,2,4.9,7593
9973,2025-01-31 11:19:31,Author control stuff.,5,3.6,9627
9974,2025-04-30 11:06:10,Store city better fine.,3,4.1,2412
9975,2025-07-24 06:39:14,Property third heavy piece where less.,1,4.6,9464
9976,2025-05-23 02:59:35,Option concern clear hot high.,2,3.3,4489
9977,2025-06-07 15:58:51,Quite rest positive staff member across.,3,4.4,1006
9978,2025-04-22 22:20:10,Raise heart name executive.,5,4.5,5132
9979,2025-01-24 05:20:32,Natural need hot stock continue hope stop.,1,5.0,200
9980,2025-11-05 16:51:48,Try adult especially capital where court leave mean.,3,3.8,3936
9981,2025-09-14 11:40:18,Resource anything chair size seem save buy.,1,3.5,7451
9982,2025-04-18 23:45:03,Far glass thought least couple.,4,4.7,4174
9983,2025-09-18 02:08:53,Director them director improve front right business impact.,5,3.1,102
9984,2025-02-27 11:44:25,Not never member glass.,2,4.8,322
9985,2025-10-20 23:41:03,And open turn out.,1,3.3,1641
9986,2025-11-10 17:59:50,Lawyer bar book ahead half.,5,3.0,9140
9987,2025-10-06 22:03:28,Goal partner response professor.,3,3.4,5096
9988,2025-08-21 10:23:24,Kind themselves concern war.,5,4.3,1755
9989,2025-11-24 11:44:05,Stop end sell hundred friend.,1,3.5,8000
9990,2025-07-09 08:46:44,Picture green out majority.,1,4.8,5657
9991,2025-04-08 07:59:50,Space kid deal sense choice.,4,3.3,2898
9992,2025-02-13 09:37:58,Special bad view doctor use letter front tend.,5,4.5,2977
9993,2025-03-29 08:05:40,Manager speech anyone box population when stay.,1,3.6,7810
9994,2025-08-05 05:45:42,Forget key walk she probably boy old.,1,4.4,2820
9995,2025-03-03 13:15:42,Spend course popular policy mother space product.,5,4.6,8407
9996,2025-09-28 16:48:51,Statement design buy senior every lawyer.,1,3.1,709
9997,2025-10-28 07:43:13,Director lawyer company plan itself live individual everybody.,5,3.1,9522
9998,2025-11-21 18:19:54,Hope participant measure college send.,2,4.0,6007
9999,2025-02-13 17:23:02,At moment mention allow.,2,4.9,2620
10000,2025-03-27 18:45:38,Class may past result voice chair.,5,3.5,6316
