RiderID,Name,PasswordHash,PhoneNumber,IDNumber,AverageRating,LastKnownLocation,CurrentStatus
1,Dustin Singleton,a665a45920422f9d417e4867efdc4fb8a04a1f3fff1fa07e998e86f7f7a27ae3,+1-520-721-7780,376-96-0827,3.9,"1602 Daniels Run Apt. 900 Peterberg, WV 59535",Resting
2,Jessica Peterson,a665a45920422f9d417e4867efdc4fb8a04a1f3fff1fa07e998e86f7f7a27ae3,+1-602-375-7238x31586,385-81-6701,4.4,"06934 Macias Place Apt. 436 West Karenburgh, MT 49564",Available
3,Amanda Diaz,a665a45920422f9d417e4867efdc4fb8a04a1f3fff1fa07e998e86f7f7a27ae3,001-260-714-2116x2950,290-65-7382,4.8,"1675 Jeffrey Springs Apt. 574 Lake Julianfort, VA 71603",Available
4,Daniel Stone,a665a45920422f9d417e4867efdc4fb8a04a1f3fff1fa07e998e86f7f7a27ae3,891-822-1067x09718,530-43-4036,4.1,Unit 1486 Box 5958 DPO AA 50594,Delivering
5,Renee Brown,a665a45920422f9d417e4867efdc4fb8a04a1f3fff1fa07e998e86f7f7a27ae3,(854)205-0446x34364,226-75-4739,3.7,"582 Yvette Wells Suite 868 East Jacob, MN 11164",Delivering
6,Amanda Evans,a665a45920422f9d417e4867efdc4fb8a04a1f3fff1fa07e998e86f7f7a27ae3,001-942-773-7659x197,587-56-5453,4.6,"4737 Powers Lodge Suite 203 Craigside, GU 14264",Available
7,Glenn Jacobs,a665a45920422f9d417e4867efdc4fb8a04a1f3fff1fa07e998e86f7f7a27ae3,700.946.6041x3806,779-37-6520,4.4,"80722 Lisa Valleys Suite 262 Hopkinsmouth, SD 24954",Delivering
8,Calvin Perry,a665a45920422f9d417e4867efdc4fb8a04a1f3fff1fa07e998e86f7f7a27ae3,(301)869-4462x736,899-61-2697,4.2,"1316 Odom Coves Lake Teresa, TX 48823",Delivering
9,Jeffery Fox,a665a45920422f9d417e4867efdc4fb8a04a1f3fff1fa07e998e86f7f7a27ae3,586.377.1728x39072,343-54-1728,4.0,"69033 Sarah Knoll Apt. 902 Fosterfort, VI 22832",Delivering
10,Tiffany Horton,a665a45920422f9d417e4867efdc4fb8a04a1f3fff1fa07e998e86f7f7a27ae3,531.540.7226x7208,557-51-6617,5.0,"2011 Baird Courts Port Stevenport, LA 83235",Delivering
11,Angela Gomez,a665a45920422f9d417e4867efdc4fb8a04a1f3fff1fa07e998e86f7f7a27ae3,001-610-218-6993x0793,682-31-1064,3.9,Unit 6718 Box 5466 DPO AE 05858,Available
12,Joseph Lawrence,a665a45920422f9d417e4867efdc4fb8a04a1f3fff1fa07e998e86f7f7a27ae3,603-412-3676,168-13-1167,4.9,"68866 Brittany Square Apt. 745 Jordanton, PR 65267",Available
13,Matthew Sanchez,a665a45920422f9d417e4867efdc4fb8a04a1f3fff1fa07e998e86f7f7a27ae3,+1-919-603-4378x566,218-02-4040,4.4,"619 Fowler Ferry Apt. 603 West Connie, MS 55726",Delivering
14,Arthur Hernandez,a665a45920422f9d417e4867efdc4fb8a04a1f3fff1fa07e998e86f7f7a27ae3,7902214981,275-90-2902,3.6,"7228 Carla Inlet Johnsonshire, HI 58519",Delivering
15,Jennifer Wells,a665a45920422f9d417e4867efdc4fb8a04a1f3fff1fa07e998e86f7f7a27ae3,+1-950-229-3997,548-54-2378,4.4,"2689 Ashley Glen West Kelsey, CA 37255",Delivering
16,James Watkins,a665a45920422f9d417e4867efdc4fb8a04a1f3fff1fa07e998e86f7f7a27ae3,(329)532-6293x43022,043-53-7474,3.8,"957 Eric Island Suite 783 Mcfarlandmouth, ID 72927",Available
17,Cody Hoover,a665a45920422f9d417e4867efdc4fb8a04a1f3fff1fa07e998e86f7f7a27ae3,+1-775-406-6660x70853,848-99-8863,4.0,"558 Priscilla Keys Suite 775 Joshuaville, KY 49516",Available
18,Danielle Knapp,a665a45920422f9d417e4867efdc4fb8a04a1f3fff1fa07e998e86f7f7a27ae3,316.248.6356x1008,453-44-9127,3.7,"PSC 7651, Box 8713 APO AP 40617",Available
19,Michael Carroll,a665a45920422f9d417e4867efdc4fb8a04a1f3fff1fa07e998e86f7f7a27ae3,772.570.6794,138-17-6482,4.3,"9611 Reed Fall East Briannahaven, SC 34586",Delivering
20,Timothy Mason,a665a45920422f9d417e4867efdc4fb8a04a1f3fff1fa07e998e86f7f7a27ae3,+1-605-330-2123x2856,428-68-4715,4.3,"267 Dixon Wall Apt. 893 Saunderstown, MO 69809",Available
21,Thomas Cunningham,a665a45920422f9d417e4867efdc4fb8a04a1f3fff1fa07e998e86f7f7a27ae3,+1-725-728-7252x87722,691-36-1753,4.1,"58127 Jack Burg Apt. 791 Port Mitchell, MA 40707",Available
22,Dawn Owens,a665a45920422f9d417e4867efdc4fb8a04a1f3fff1fa07e998e86f7f7a27ae3,202-619-5402x5218,843-04-4150,4.8,"049 Manuel Locks Apt. 166 Port Brendashire, SD 37752",Delivering
23,Lori Gutierrez,a665a45920422f9d417e4867efdc4fb8a04a1f3fff1fa07e998e86f7f7a27ae3,998.682.7069,070-56-8363,4.7,"47176 William Extensions Suite 676 North Sarahburgh, KY 49351",Delivering
24,Christopher Clayton,a665a45920422f9d417e4867efdc4fb8a04a1f3fff1fa07e998e86f7f7a27ae3,502.597.4046x2020,127-68-3583,4.0,"2990 Parker Rapid Apt. 890 Annamouth, MD 16414",Available
25,Robin Lozano,a665a45920422f9d417e4867efdc4fb8a04a1f3fff1fa07e998e86f7f7a27ae3,001-429-228-3620x501,544-84-6548,4.6,"05243 Bobby Pine Suite 252 Solisville, TX 50576",Available
26,Michael Wright,a665a45920422f9d417e4867efdc4fb8a04a1f3fff1fa07e998e86f7f7a27ae3,(630)338-7638x85235,298-42-6110,4.6,"282 Robin Cove Suite 296 New Kennethbury, MI 37066",Resting
27,Courtney Rivera,a665a45920422f9d417e4867efdc4fb8a04a1f3fff1fa07e998e86f7f7a27ae3,+1-447-253-2914x81525,561-93-7254,4.1,"140 Gray Mountain Apt. 867 West Brittanyside, KS 83783",Resting
28,Lauren Johnson,a665a45920422f9d417e4867efdc4fb8a04a1f3fff1fa07e998e86f7f7a27ae3,001-312-254-8139,457-74-7854,3.8,"62424 James Cove Lake Deniseview, NE 40433",Resting
29,Felicia Fuller,a665a45920422f9d417e4867efdc4fb8a04a1f3fff1fa07e998e86f7f7a27ae3,+1-673-352-3188x0694,065-81-7364,3.9,"095 Cheryl Wall Port Toddland, NE 03547",Delivering
30,Derek Bell,a665a45920422f9d417e4867efdc4fb8a04a1f3fff1fa07e998e86f7f7a27ae3,001-801-780-4776,211-18-7307,3.6,"8090 Taylor Crescent Suite 225 East Alexandra, FM 93222",Available
31,Drew White,a665a45920422f9d417e4867efdc4fb8a04a1f3fff1fa07e998e86f7f7a27ae3,299-655-6036x017,489-77-1915,4.9,"582 Meyer Prairie Hillshire, SC 32619",Available
32,Charlotte Russell,a665a45920422f9d417e4867efdc4fb8a04a1f3fff1fa07e998e86f7f7a27ae3,346-289-8780,480-59-3347,4.4,"860 Hannah Crossing South Ronaldview, OH 10291",Resting
33,Pamela Chavez,a665a45920422f9d417e4867efdc4fb8a04a1f3fff1fa07e998e86f7f7a27ae3,564-363-1862,287-15-6349,4.5,"967 Porter Village Mosesfort, AK 76068",Delivering
34,Megan Davis,a665a45920422f9d417e4867efdc4fb8a04a1f3fff1fa07e998e86f7f7a27ae3,+1-884-356-1054x95905,554-95-7672,4.5,"52738 Jeff Curve Port Jacob, MI 60839",Resting
35,Travis Richardson,a665a45920422f9d417e4867efdc4fb8a04a1f3fff1fa07e998e86f7f7a27ae3,+1-952-321-7615x9709,046-27-7604,4.0,"845 Kyle Burg Suite 506 Kimberlystad, MS 65125",Available
36,John Allen,a665a45920422f9d417e4867efdc4fb8a04a1f3fff1fa07e998e86f7f7a27ae3,846.930.4573,473-89-4054,4.1,"9526 Mccarthy Roads Port Kathrynchester, SC 24559",Resting
37,Monique Carroll,a665a45920422f9d417e4867efdc4fb8a04a1f3fff1fa07e998e86f7f7a27ae3,+1-751-518-8993x63911,103-85-5612,4.1,"819 Williams Way Apt. 547 Jacquelineshire, ME 11917",Available
38,Sandra Armstrong,a665a45920422f9d417e4867efdc4fb8a04a1f3fff1fa07e998e86f7f7a27ae3,2169079527,281-86-3369,4.4,"90939 Calhoun Centers Apt. 588 New Xavier, RI 50296",Available
39,Michael Owen,a665a45920422f9d417e4867efdc4fb8a04a1f3fff1fa07e998e86f7f7a27ae3,(531)283-3494,130-95-5248,3.8,"8283 Walter Loop Suite 150 Josephchester, CT 02992",Available
40,Corey Singh,a665a45920422f9d417e4867efdc4fb8a04a1f3fff1fa07e998e86f7f7a27ae3,+1-376-496-5373x34392,383-04-6409,4.1,"9279 Brandon Mission Amandastad, PR 71530",Available
41,Kimberly Glover,a665a45920422f9d417e4867efdc4fb8a04a1f3fff1fa07e998e86f7f7a27ae3,669.978.1214x3168,788-50-2470,3.9,USNV Floyd FPO AA 43816,Available
42,Melissa Thompson,a665a45920422f9d417e4867efdc4fb8a04a1f3fff1fa07e998e86f7f7a27ae3,001-283-338-8815x1050,693-48-2357,4.1,"204 Janet Neck Apt. 762 Thompsonville, MS 59622",Available
43,Matthew Lewis,a665a45920422f9d417e4867efdc4fb8a04a1f3fff1fa07e998e86f7f7a27ae3,+1-635-370-1250x746,405-20-5061,4.8,"70335 Sarah Lights Apt. 943 Martinezview, HI 63453",Resting
44,Dale Padilla,a665a45920422f9d417e4867efdc4fb8a04a1f3fff1fa07e998e86f7f7a27ae3,840-946-7572,513-60-4376,4.0,"6474 Cox Divide Suite 803 Thomasview, KY 01853",Available
45,Andrea Schneider,a665a45920422f9d417e4867efdc4fb8a04a1f3fff1fa07e998e86f7f7a27ae3,689-939-5662x8948,384-59-5070,3.7,"91261 Hardy Pines Michaelbury, FL 35122",Resting
46,Kevin Green,a665a45920422f9d417e4867efdc4fb8a04a1f3fff1fa07e998e86f7f7a27ae3,(204)679-6480x674,801-82-7274,4.9,"177 Angela Village Solomonmouth, MH 08544",Delivering
47,Denise Everett,a665a45920422f9d417e4867efdc4fb8a04a1f3fff1fa07e998e86f7f7a27ae3,(328)798-0037x117,861-54-8600,3.8,"44783 Robert Walk Suite 769 New Davidland, AL 91064",Available
48,Cynthia Wells,a665a45920422f9d417e4867efdc4fb8a04a1f3fff1fa07e998e86f7f7a27ae3,936-558-4097x4872,891-88-3221,3.7,"311 Kyle Ferry New Meganmouth, WI 91547",Available
49,Tina Munoz,a665a45920422f9d417e4867efdc4fb8a04a1f3fff1fa07e998e86f7f7a27ae3,(275)549-6057x0547,175-92-7122,4.6,"767 Samantha Parkway Jamesmouth, ME 36453",Delivering
50,Sydney Reyes,a665a45920422f9d417e4867efdc4fb8a04a1f3fff1fa07e998e86f7f7a27ae3,001-437-676-7729x5438,626-38-3510,3.6,"2593 Frost Turnpike Apt. 066 East Melodyberg, NM 28939",Resting
51,Robert Noble,a665a45920422f9d417e4867efdc4fb8a04a1f3fff1fa07e998e86f7f7a27ae3,+1-267-705-8913x90239,639-41-4061,3.8,"6973 Jenkins Station Port Terryshire, VI 45535",Delivering
52,Paul Brown,a665a45920422f9d417e4867efdc4fb8a04a1f3fff1fa07e998e86f7f7a27ae3,553-915-1463,269-12-6002,3.8,"816 Hernandez Plain Elizabethhaven, PA 59016",Resting
53,Devon Hamilton,a665a45920422f9d417e4867efdc4fb8a04a1f3fff1fa07e998e86f7f7a27ae3,6167284274,122-97-6172,4.4,"5700 Kelly Plains Suite 535 Garyshire, SC 09636",Resting
54,Jeffery Hart,a665a45920422f9d417e4867efdc4fb8a04a1f3fff1fa07e998e86f7f7a27ae3,(348)897-3416,856-47-1939,3.6,"9843 Hunt Street Smithview, MH 93940",Resting
55,Carrie Ellis,a665a45920422f9d417e4867efdc4fb8a04a1f3fff1fa07e998e86f7f7a27ae3,2585488057,212-90-7551,4.0,"06237 Dodson Groves South Jacqueline, CO 03454",Resting
56,Anthony Lucas,a665a45920422f9d417e4867efdc4fb8a04a1f3fff1fa07e998e86f7f7a27ae3,393.772.8493,869-34-3418,3.7,"762 Richards View Suite 266 Lindaville, NE 18188",Delivering
57,Stephanie Mitchell,a665a45920422f9d417e4867efdc4fb8a04a1f3fff1fa07e998e86f7f7a27ae3,+1-219-440-9329x1603,105-98-9042,4.2,"903 Charlotte Summit Apt. 203 Hillberg, NV 86580",Available
58,Jason Reed,a665a45920422f9d417e4867efdc4fb8a04a1f3fff1fa07e998e86f7f7a27ae3,+1-964-997-0294x410,053-89-5679,4.9,"58239 Joanna Ranch Apt. 888 Perezstad, MI 42902",Resting
59,Curtis Miller,a665a45920422f9d417e4867efdc4fb8a04a1f3fff1fa07e998e86f7f7a27ae3,2395022122,282-21-8165,4.8,"85658 Potter Island Suite 593 Ochoahaven, AL 57082",Resting
60,John Butler,a665a45920422f9d417e4867efdc4fb8a04a1f3fff1fa07e998e86f7f7a27ae3,956.531.5096x45221,796-76-6553,4.0,"5380 Mcdonald Glen Suite 832 South Natalie, UT 36034",Available
61,James Stokes,a665a45920422f9d417e4867efdc4fb8a04a1f3fff1fa07e998e86f7f7a27ae3,(682)561-4370,194-62-7020,3.9,"2467 Michael Corner Karlaberg, AS 28128",Delivering
62,Joan Hamilton,a665a45920422f9d417e4867efdc4fb8a04a1f3fff1fa07e998e86f7f7a27ae3,2732113749,070-33-3801,4.5,"5512 Harvey Plain Acostachester, CA 83262",Available
63,Kimberly Hansen,a665a45920422f9d417e4867efdc4fb8a04a1f3fff1fa07e998e86f7f7a27ae3,+1-689-288-6333x14524,862-50-8302,4.0,"62845 Brian Viaduct Apt. 951 West Jasonland, CO 90208",Available
64,Laura Warren,a665a45920422f9d417e4867efdc4fb8a04a1f3fff1fa07e998e86f7f7a27ae3,001-744-350-0260x14616,323-35-0356,4.0,"960 Welch Run Cherylhaven, WA 10810",Resting
65,Timothy Petersen,a665a45920422f9d417e4867efdc4fb8a04a1f3fff1fa07e998e86f7f7a27ae3,+1-644-438-5689x180,672-09-8080,4.1,"03725 James Hollow Suite 040 Martinstad, OR 29291",Delivering
66,Micheal Gray,a665a45920422f9d417e4867efdc4fb8a04a1f3fff1fa07e998e86f7f7a27ae3,860-912-8697,827-77-0124,4.1,"03415 Horne Points Apt. 031 North Donald, NC 77498",Resting
67,Stacy Graham,a665a45920422f9d417e4867efdc4fb8a04a1f3fff1fa07e998e86f7f7a27ae3,8308862011,886-15-5684,3.7,"808 Terrell Unions Apt. 160 West Nicolemouth, GA 66755",Resting
68,Felicia Alexander,a665a45920422f9d417e4867efdc4fb8a04a1f3fff1fa07e998e86f7f7a27ae3,680-710-2391,365-72-5951,3.9,"032 Collins Garden Ramirezstad, IA 85825",Available
69,Sarah Romero,a665a45920422f9d417e4867efdc4fb8a04a1f3fff1fa07e998e86f7f7a27ae3,(997)268-2213x761,628-62-6802,4.4,"PSC 1413, Box 5878 APO AE 38085",Delivering
70,Karen Jordan,a665a45920422f9d417e4867efdc4fb8a04a1f3fff1fa07e998e86f7f7a27ae3,232.655.4513x83345,593-04-5565,4.5,"05030 Aaron Stream Suite 510 South Laurenton, VA 39287",Delivering
71,Philip Beasley,a665a45920422f9d417e4867efdc4fb8a04a1f3fff1fa07e998e86f7f7a27ae3,+1-299-216-4274x21273,438-96-2621,4.8,"7840 Zamora Drive Bradleychester, OH 42468",Delivering
72,William Adams,a665a45920422f9d417e4867efdc4fb8a04a1f3fff1fa07e998e86f7f7a27ae3,5422866638,781-64-7263,4.9,"378 Simmons Glen Christopherland, PW 61619",Available
73,Marissa Miller,a665a45920422f9d417e4867efdc4fb8a04a1f3fff1fa07e998e86f7f7a27ae3,539-356-8889x47093,842-01-4136,4.1,"93262 Emily Row Suite 852 New Jose, AL 90552",Available
74,Cynthia Powers,a665a45920422f9d417e4867efdc4fb8a04a1f3fff1fa07e998e86f7f7a27ae3,429-809-6893x68538,008-80-8268,3.9,"118 Ayers Freeway Suite 150 Lake Michaelshire, NM 12918",Available
75,Luis Levine,a665a45920422f9d417e4867efdc4fb8a04a1f3fff1fa07e998e86f7f7a27ae3,+1-799-740-9713x72052,475-32-2313,4.1,Unit 8833 Box 0835 DPO AP 21415,Delivering
76,Jennifer Rogers,a665a45920422f9d417e4867efdc4fb8a04a1f3fff1fa07e998e86f7f7a27ae3,616.717.3287,012-40-3187,4.4,"479 Cody Extensions Suite 947 Robertsborough, FM 48713",Delivering
77,Antonio Page,a665a45920422f9d417e4867efdc4fb8a04a1f3fff1fa07e998e86f7f7a27ae3,948.295.8371x130,033-69-5875,3.6,"1460 Kerri Field Suite 551 Aaronport, PA 96943",Available
78,Patricia Webb,a665a45920422f9d417e4867efdc4fb8a04a1f3fff1fa07e998e86f7f7a27ae3,607-312-1022x69175,417-53-4592,4.0,"160 Watkins Cliff East Lindsay, TX 48170",Delivering
79,Joyce Anderson,a665a45920422f9d417e4867efdc4fb8a04a1f3fff1fa07e998e86f7f7a27ae3,538.441.3837x7964,329-16-4155,4.9,"7285 Johnson Meadow East Cameronshire, UT 13697",Resting
80,Stephanie Martinez,a665a45920422f9d417e4867efdc4fb8a04a1f3fff1fa07e998e86f7f7a27ae3,(777)222-0059,695-10-2697,3.5,"2542 Jason Avenue Apt. 747 Vazquezbury, MH 08098",Available
81,Emily Phillips,a665a45920422f9d417e4867efdc4fb8a04a1f3fff1fa07e998e86f7f7a27ae3,896-435-5307,356-90-7918,4.7,"30604 Debra Drive Apt. 121 Wheelerborough, SC 03128",Resting
82,Craig Matthews,a665a45920422f9d417e4867efdc4fb8a04a1f3fff1fa07e998e86f7f7a27ae3,(580)833-0995,173-14-3550,4.2,Unit 5668 Box 3592 DPO AE 99098,Resting
83,Amy Chavez,a665a45920422f9d417e4867efdc4fb8a04a1f3fff1fa07e998e86f7f7a27ae3,+1-760-385-7003x190,854-81-8569,3.9,"12003 Laura Plaza Apt. 330 Christinestad, AS 78157",Delivering
84,Lauren Baker,a665a45920422f9d417e4867efdc4fb8a04a1f3fff1fa07e998e86f7f7a27ae3,001-692-458-8686x13469,011-97-8086,3.8,"1673 Angel Ports Apt. 812 Elizabethshire, VT 13415",Delivering
85,Ronald Young,a665a45920422f9d417e4867efdc4fb8a04a1f3fff1fa07e998e86f7f7a27ae3,(473)382-0604x57909,731-39-9142,4.4,"601 Abbott Fall Apt. 185 New Clarenceville, TN 90227",Delivering
86,Calvin Wong,a665a45920422f9d417e4867efdc4fb8a04a1f3fff1fa07e998e86f7f7a27ae3,(476)598-4902,604-89-6616,5.0,Unit 3129 Box 5184 DPO AA 17068,Resting
87,Daniel Evans,a665a45920422f9d417e4867efdc4fb8a04a1f3fff1fa07e998e86f7f7a27ae3,310.921.4138x99639,709-29-7918,4.9,"4465 Martinez Shoals New Kenneth, HI 77140",Resting
88,Frank Hayes,a665a45920422f9d417e4867efdc4fb8a04a1f3fff1fa07e998e86f7f7a27ae3,+1-290-590-8907x53044,399-63-6867,3.8,"39025 Clayton Ports Nunezhaven, TN 13139",Delivering
89,Christina Raymond,a665a45920422f9d417e4867efdc4fb8a04a1f3fff1fa07e998e86f7f7a27ae3,6427663280,684-04-8833,4.7,"23395 Donna Turnpike Apt. 959 Whiteside, DC 89055",Available
90,David Allen,a665a45920422f9d417e4867efdc4fb8a04a1f3fff1fa07e998e86f7f7a27ae3,001-447-229-2872,147-56-0236,5.0,"583 Amanda Stream Apt. 709 Amyhaven, FL 98406",Available
91,Carrie Carter,a665a45920422f9d417e4867efdc4fb8a04a1f3fff1fa07e998e86f7f7a27ae3,001-903-864-6593,667-53-4543,4.2,Unit 0247 Box 6223 DPO AA 64783,Delivering
92,Austin Russell,a665a45920422f9d417e4867efdc4fb8a04a1f3fff1fa07e998e86f7f7a27ae3,5844810508,043-08-5596,4.7,"36063 James Stravenue West Kimberly, VA 35251",Available
93,Victoria Cisneros,a665a45920422f9d417e4867efdc4fb8a04a1f3fff1fa07e998e86f7f7a27ae3,001-227-850-5988,655-36-1324,5.0,"7080 Joanne Shores Suite 216 Anthonyville, WA 00944",Resting
94,Vanessa Taylor,a665a45920422f9d417e4867efdc4fb8a04a1f3fff1fa07e998e86f7f7a27ae3,6969968377,154-74-5853,4.1,"09258 Hanson Terrace Apt. 741 South Douglasville, GU 81881",Delivering
95,Cody Peters,a665a45920422f9d417e4867efdc4fb8a04a1f3fff1fa07e998e86f7f7a27ae3,(955)552-9621,300-33-7677,3.9,"7111 Petty Mountain Suite 893 Cunninghamshire, VI 72928",Available
96,James Lopez,a665a45920422f9d417e4867efdc4fb8a04a1f3fff1fa07e998e86f7f7a27ae3,834.381.5433x151,255-44-9486,4.4,"2512 Daniel Avenue Josephberg, MH 77294",Resting
97,Connie Brown,a665a45920422f9d417e4867efdc4fb8a04a1f3fff1fa07e998e86f7f7a27ae3,889-780-0051x83244,480-26-8896,4.0,Unit 7339 Box 4251 DPO AA 04277,Available
98,Brenda Reyes,a665a45920422f9d417e4867efdc4fb8a04a1f3fff1fa07e998e86f7f7a27ae3,+1-538-607-5607x4874,171-45-2161,4.0,"8767 Braun Lake Barnettland, PA 91391",Available
99,Jeffrey Henry,a665a45920422f9d417e4867efdc4fb8a04a1f3fff1fa07e998e86f7f7a27ae3,706-267-8387,403-17-6884,4.1,"818 Williams Lights Suite 095 Martinezton, HI 93007",Resting
100,Robert Miller,a665a45920422f9d417e4867efdc4fb8a04a1f3fff1fa07e998e86f7f7a27ae3,(787)398-3411,736-86-6333,3.6,"782 Colleen Burgs Apt. 405 South Cherylburgh, NE 89179",Available
101,Vanessa Boyd,a665a45920422f9d417e4867efdc4fb8a04a1f3fff1fa07e998e86f7f7a27ae3,2172108017,162-87-7640,4.3,"12860 Lauren Ways Apt. 878 Lake Danielton, IN 92397",Resting
102,Michele Hoover,a665a45920422f9d417e4867efdc4fb8a04a1f3fff1fa07e998e86f7f7a27ae3,+1-814-879-1148x78166,399-29-9502,4.4,"27115 Carlos Spurs Suite 788 Richberg, KY 23938",Available
103,Leslie Jacobs,a665a45920422f9d417e4867efdc4fb8a04a1f3fff1fa07e998e86f7f7a27ae3,339-635-5528,010-88-0222,4.4,"91557 Brandon Mills Suite 412 Thompsonhaven, MI 16525",Available
104,Anita Lyons,a665a45920422f9d417e4867efdc4fb8a04a1f3fff1fa07e998e86f7f7a27ae3,001-490-289-8555,141-30-5100,4.2,"5314 Jerry Falls Robertmouth, OR 92151",Available
105,David Fisher,a665a45920422f9d417e4867efdc4fb8a04a1f3fff1fa07e998e86f7f7a27ae3,+1-833-773-2215x626,162-66-3145,4.6,"96130 Brown Terrace Blakeview, PW 35036",Resting
106,Heather Arias MD,a665a45920422f9d417e4867efdc4fb8a04a1f3fff1fa07e998e86f7f7a27ae3,(787)311-3790,068-94-5838,4.3,"778 Latoya Circle Apt. 625 East Randy, FM 69902",Delivering
107,Catherine Walls,a665a45920422f9d417e4867efdc4fb8a04a1f3fff1fa07e998e86f7f7a27ae3,001-894-559-4692x531,065-21-7225,4.6,"942 Isaiah Forge Apt. 553 New Erikaborough, TX 76331",Available
108,Michael Suarez,a665a45920422f9d417e4867efdc4fb8a04a1f3fff1fa07e998e86f7f7a27ae3,667.635.5408,578-51-3737,4.1,"9890 Stewart Oval Robinshire, TN 06581",Delivering
109,Joseph Miller,a665a45920422f9d417e4867efdc4fb8a04a1f3fff1fa07e998e86f7f7a27ae3,(819)905-9672x02762,004-95-0896,4.7,"2683 English Groves Delacruzfurt, KY 17059",Available
110,Mary Medina,a665a45920422f9d417e4867efdc4fb8a04a1f3fff1fa07e998e86f7f7a27ae3,(603)369-8234x4580,689-63-6876,3.9,"222 Mendez Isle Apt. 259 Gregoryville, SC 97820",Resting
111,Jonathan Bush,a665a45920422f9d417e4867efdc4fb8a04a1f3fff1fa07e998e86f7f7a27ae3,790-766-5642x31326,266-94-6459,4.3,"4479 Edward Rapids Apt. 810 Port Robertbury, PR 86504",Delivering
112,Sherri Delgado,a665a45920422f9d417e4867efdc4fb8a04a1f3fff1fa07e998e86f7f7a27ae3,348.563.0309,267-73-0991,5.0,"874 Nicholas Canyon Suite 785 North Kimberly, AK 20501",Resting
113,Johnny Casey,a665a45920422f9d417e4867efdc4fb8a04a1f3fff1fa07e998e86f7f7a27ae3,781-687-1975x0139,436-94-1406,3.8,"2748 Jose Wells East Dawnberg, VI 38191",Available
114,Philip Lyons,a665a45920422f9d417e4867efdc4fb8a04a1f3fff1fa07e998e86f7f7a27ae3,+1-390-555-5724x1394,353-65-4517,4.3,"57820 Rodriguez Burgs Caldwellton, FM 24606",Resting
115,Lisa Perkins,a665a45920422f9d417e4867efdc4fb8a04a1f3fff1fa07e998e86f7f7a27ae3,590-589-0938x9130,716-83-6454,3.8,"2283 Patrick Crossroad Apt. 027 West Joshualand, NM 20300",Resting
116,Patricia Horton,a665a45920422f9d417e4867efdc4fb8a04a1f3fff1fa07e998e86f7f7a27ae3,392-955-5015x415,518-97-3247,4.9,"5711 Donald Lake Apt. 273 Hendersontown, NY 79523",Resting
117,Steven Hammond,a665a45920422f9d417e4867efdc4fb8a04a1f3fff1fa07e998e86f7f7a27ae3,(488)601-6978x895,741-29-0779,4.5,"088 Christopher Island Michaelburgh, NE 59615",Delivering
118,Erin Patrick,a665a45920422f9d417e4867efdc4fb8a04a1f3fff1fa07e998e86f7f7a27ae3,(461)342-1938x8293,547-92-4928,4.9,"PSC 2734, Box 4436 APO AA 04588",Resting
119,Ann Smith,a665a45920422f9d417e4867efdc4fb8a04a1f3fff1fa07e998e86f7f7a27ae3,001-875-547-0763,679-17-6306,4.1,"780 Lopez Squares Suite 995 Port Erikland, PR 84463",Delivering
120,Joseph Mason,a665a45920422f9d417e4867efdc4fb8a04a1f3fff1fa07e998e86f7f7a27ae3,+1-929-759-2204x216,483-35-6065,3.8,"717 Jack Vista Tiffanyshire, FL 07021",Resting
121,Karen Blair,a665a45920422f9d417e4867efdc4fb8a04a1f3fff1fa07e998e86f7f7a27ae3,001-466-541-2908x404,838-08-0573,4.4,"442 Mccormick Causeway Suite 132 Scottside, SC 55626",Delivering
122,Charles Hall,a665a45920422f9d417e4867efdc4fb8a04a1f3fff1fa07e998e86f7f7a27ae3,(853)736-9093,376-49-2619,4.0,"8900 Moore Station Suite 643 Port Nicolestad, NY 69020",Resting
123,Sara Walker,a665a45920422f9d417e4867efdc4fb8a04a1f3fff1fa07e998e86f7f7a27ae3,625.540.2780x9443,667-84-5603,3.8,"478 David Streets Apt. 045 Markport, DE 08298",Delivering
124,John Moore,a665a45920422f9d417e4867efdc4fb8a04a1f3fff1fa07e998e86f7f7a27ae3,209.746.2969,447-38-9208,4.3,USS Riddle FPO AE 48449,Delivering
125,Megan Bush,a665a45920422f9d417e4867efdc4fb8a04a1f3fff1fa07e998e86f7f7a27ae3,(685)442-8213x27875,369-56-9606,4.5,"4164 Jeremiah Groves Kevinstad, TX 83367",Delivering
126,Eric Walker,a665a45920422f9d417e4867efdc4fb8a04a1f3fff1fa07e998e86f7f7a27ae3,001-978-663-2989x40895,177-52-9436,4.8,"640 Roman Unions Suite 533 South Kendra, VT 48067",Delivering
127,Tonya Le,a665a45920422f9d417e4867efdc4fb8a04a1f3fff1fa07e998e86f7f7a27ae3,917.977.0117x113,425-79-0484,3.6,"48799 Lee Unions Apt. 350 Davidhaven, WI 13911",Delivering
128,Tina Clayton,a665a45920422f9d417e4867efdc4fb8a04a1f3fff1fa07e998e86f7f7a27ae3,(773)312-2082,375-07-6353,4.9,"79813 Rodgers Trace Apt. 584 New Stephanie, OH 62500",Delivering
129,Jessica Rosales,a665a45920422f9d417e4867efdc4fb8a04a1f3fff1fa07e998e86f7f7a27ae3,617.762.1632,318-64-5056,4.3,"0750 Jennifer Alley Lake Kennethtown, NE 46808",Delivering
130,Lori Kelly,a665a45920422f9d417e4867efdc4fb8a04a1f3fff1fa07e998e86f7f7a27ae3,(410)908-8712x3467,669-87-1440,4.2,"8134 Harrington Points Apt. 868 Garyburgh, OK 19626",Available
131,Morgan Mcneil,a665a45920422f9d417e4867efdc4fb8a04a1f3fff1fa07e998e86f7f7a27ae3,382.417.4964x9645,534-65-3628,4.9,"7295 Laura Alley Flynnmouth, ME 64986",Available
132,Michelle Cohen,a665a45920422f9d417e4867efdc4fb8a04a1f3fff1fa07e998e86f7f7a27ae3,001-965-945-5544,877-38-9266,4.0,"741 Martin Centers Dennisborough, CO 16769",Delivering
133,John Mcintosh,a665a45920422f9d417e4867efdc4fb8a04a1f3fff1fa07e998e86f7f7a27ae3,800.848.7319x2396,417-45-9535,4.8,"PSC 5546, Box 0306 APO AP 49648",Available
134,Anthony Boyd,a665a45920422f9d417e4867efdc4fb8a04a1f3fff1fa07e998e86f7f7a27ae3,4694373815,551-14-0287,4.7,"81603 Williams Overpass North Michael, ID 98321",Delivering
135,Heather Garner,a665a45920422f9d417e4867efdc4fb8a04a1f3fff1fa07e998e86f7f7a27ae3,731.636.8701x031,694-57-9760,3.9,"3878 Butler Prairie West Barbara, PA 47053",Available
136,Timothy Bell,a665a45920422f9d417e4867efdc4fb8a04a1f3fff1fa07e998e86f7f7a27ae3,2554528522,283-16-0277,4.4,"0799 Crane Cape Valeriehaven, IA 49165",Resting
137,William Jones,a665a45920422f9d417e4867efdc4fb8a04a1f3fff1fa07e998e86f7f7a27ae3,001-836-239-3469x3664,338-21-7419,3.8,"90936 Russo Green Apt. 358 South Anthony, VI 81139",Delivering
138,Jennifer Li,a665a45920422f9d417e4867efdc4fb8a04a1f3fff1fa07e998e86f7f7a27ae3,238-546-5140x16113,057-37-0732,3.9,"79511 Anderson Mountain Lake Ana, NC 46600",Available
139,Eric Martin,a665a45920422f9d417e4867efdc4fb8a04a1f3fff1fa07e998e86f7f7a27ae3,9713400795,201-14-2838,4.6,"4154 Hall Court Suite 830 Millertown, MS 51582",Delivering
140,Sierra Stein,a665a45920422f9d417e4867efdc4fb8a04a1f3fff1fa07e998e86f7f7a27ae3,679.456.6665x8980,208-78-6704,3.5,"147 Amy Gateway North Alyssa, MD 47810",Resting
141,Erica Nelson,a665a45920422f9d417e4867efdc4fb8a04a1f3fff1fa07e998e86f7f7a27ae3,+1-656-322-8217x56749,893-10-2596,3.9,Unit 0626 Box 3829 DPO AA 98100,Delivering
142,Amanda Sparks,a665a45920422f9d417e4867efdc4fb8a04a1f3fff1fa07e998e86f7f7a27ae3,2513423657,815-58-1310,3.7,"PSC 0713, Box 1661 APO AP 23502",Available
143,Cheyenne Adams,a665a45920422f9d417e4867efdc4fb8a04a1f3fff1fa07e998e86f7f7a27ae3,001-348-765-4426x0973,112-30-8801,3.6,"247 Robert Rest Suite 292 Lake Courtney, VT 59436",Resting
144,Kelly Zhang,a665a45920422f9d417e4867efdc4fb8a04a1f3fff1fa07e998e86f7f7a27ae3,(269)452-4046,395-59-0767,5.0,"PSC 9361, Box 8661 APO AA 39103",Delivering
145,Ann Burns,a665a45920422f9d417e4867efdc4fb8a04a1f3fff1fa07e998e86f7f7a27ae3,001-611-943-4573,313-46-5386,4.4,"609 Hall Circle East Jillview, AL 40028",Resting
146,Stephen Williams MD,a665a45920422f9d417e4867efdc4fb8a04a1f3fff1fa07e998e86f7f7a27ae3,9398378174,614-22-2252,4.0,"668 Lisa Neck Christinechester, MA 60364",Delivering
147,Jacob Walker,a665a45920422f9d417e4867efdc4fb8a04a1f3fff1fa07e998e86f7f7a27ae3,(377)416-6180,369-40-4968,4.7,"37048 West Crossroad Apt. 839 North Anthony, KY 15595",Available
148,Brenda Smith,a665a45920422f9d417e4867efdc4fb8a04a1f3fff1fa07e998e86f7f7a27ae3,937.955.4915x66182,234-46-1094,4.5,"779 Morgan Field Suite 966 New Danielchester, MS 41338",Available
149,Susan Trujillo,a665a45920422f9d417e4867efdc4fb8a04a1f3fff1fa07e998e86f7f7a27ae3,+1-595-618-3077x117,592-93-2503,4.5,"PSC 8507, Box 0819 APO AP 19898",Delivering
150,Andrew Estrada,a665a45920422f9d417e4867efdc4fb8a04a1f3fff1fa07e998e86f7f7a27ae3,(391)758-5454x5552,657-92-5364,4.8,"3872 Williams Falls Apt. 028 Markborough, MI 04235",Delivering
151,Steven Thomas,a665a45920422f9d417e4867efdc4fb8a04a1f3fff1fa07e998e86f7f7a27ae3,509-398-6928,004-99-2806,3.6,"44021 Ryan Highway Port Christina, IA 01891",Available
152,Yvette Moss,a665a45920422f9d417e4867efdc4fb8a04a1f3fff1fa07e998e86f7f7a27ae3,431-380-1800x87761,287-35-1485,3.5,"80294 Miller Via Williamsside, PR 13924",Delivering
153,Eric Burton,a665a45920422f9d417e4867efdc4fb8a04a1f3fff1fa07e998e86f7f7a27ae3,8698810643,064-21-3329,4.0,"332 Julia Vista Burnsville, DE 74732",Delivering
154,Lori West,a665a45920422f9d417e4867efdc4fb8a04a1f3fff1fa07e998e86f7f7a27ae3,296-447-0886x976,233-96-3460,4.9,"6465 Nancy Ridges Apt. 944 Port Jacquelineberg, FL 91931",Delivering
155,Derek Pennington,a665a45920422f9d417e4867efdc4fb8a04a1f3fff1fa07e998e86f7f7a27ae3,4709823743,839-33-9644,4.8,"217 Michael Plaza Suite 334 Samuelchester, MI 33518",Delivering
156,Dawn Martinez,a665a45920422f9d417e4867efdc4fb8a04a1f3fff1fa07e998e86f7f7a27ae3,(637)457-4795x5757,839-51-1534,4.3,"7682 Michelle Manor Lake Lauren, VA 75534",Delivering
157,Debra Patton,a665a45920422f9d417e4867efdc4fb8a04a1f3fff1fa07e998e86f7f7a27ae3,(410)894-5317,148-21-7156,4.5,"68364 Laura Route West Patricia, GA 23754",Delivering
158,Andrew Garcia,a665a45920422f9d417e4867efdc4fb8a04a1f3fff1fa07e998e86f7f7a27ae3,746.386.6365x6506,764-48-0048,3.7,"0734 Roman Locks Suite 290 Hollyburgh, OH 66861",Resting
159,Kelsey Drake,a665a45920422f9d417e4867efdc4fb8a04a1f3fff1fa07e998e86f7f7a27ae3,373-836-5465,304-41-1646,4.3,"2420 Mark Coves Mezatown, AK 20219",Available
160,Elizabeth Thomas,a665a45920422f9d417e4867efdc4fb8a04a1f3fff1fa07e998e86f7f7a27ae3,945.354.1789x362,256-72-1642,3.7,"6045 Justin Run Amyport, MO 48998",Available
161,Mary Williams,a665a45920422f9d417e4867efdc4fb8a04a1f3fff1fa07e998e86f7f7a27ae3,001-407-360-8209x9328,551-09-2180,3.8,"80724 David Throughway Lake Billytown, MI 56208",Available
162,Jamie Copeland,a665a45920422f9d417e4867efdc4fb8a04a1f3fff1fa07e998e86f7f7a27ae3,353-257-7154x82966,896-94-0083,4.0,"894 Bowen Cape Perryburgh, UT 61808",Available
163,Michael Fletcher,a665a45920422f9d417e4867efdc4fb8a04a1f3fff1fa07e998e86f7f7a27ae3,276-575-2974,375-24-4259,3.6,"1182 Stokes Court Suite 982 Port Adam, PW 38151",Resting
164,Stephanie Callahan,a665a45920422f9d417e4867efdc4fb8a04a1f3fff1fa07e998e86f7f7a27ae3,001-759-804-2801x63856,888-75-0745,4.9,"862 Miller Cliff Apt. 445 Williamsside, IN 14243",Resting
165,Debra Garcia,a665a45920422f9d417e4867efdc4fb8a04a1f3fff1fa07e998e86f7f7a27ae3,(473)433-5196x2868,053-98-3997,3.9,"33706 Fred Points Port Tiffanyfort, FL 00533",Resting
166,Tara Lin,a665a45920422f9d417e4867efdc4fb8a04a1f3fff1fa07e998e86f7f7a27ae3,221-345-4964,080-77-1040,4.2,"7534 Francis Gardens New Jessicaton, NJ 04696",Resting
167,Jasmine Mccarthy,a665a45920422f9d417e4867efdc4fb8a04a1f3fff1fa07e998e86f7f7a27ae3,001-741-894-7373x940,554-37-2334,3.6,"440 Brooke Lights Suite 611 Brettton, CA 21124",Resting
168,Karen Hale,a665a45920422f9d417e4867efdc4fb8a04a1f3fff1fa07e998e86f7f7a27ae3,001-539-974-6289,586-24-4861,4.1,"4537 Moore Trail Apt. 508 Jimmyton, AL 38694",Delivering
169,Katrina Wheeler,a665a45920422f9d417e4867efdc4fb8a04a1f3fff1fa07e998e86f7f7a27ae3,862-255-3808,489-87-4127,4.8,"00129 Matthew Fords New Lauren, MS 56520",Available
170,Madison Spencer,a665a45920422f9d417e4867efdc4fb8a04a1f3fff1fa07e998e86f7f7a27ae3,(973)560-8406,516-58-0975,3.9,"880 Johnson Pass West Katherinechester, AR 93836",Available
171,Matthew Moore,a665a45920422f9d417e4867efdc4fb8a04a1f3fff1fa07e998e86f7f7a27ae3,+1-516-452-5056x68067,312-74-6493,3.8,"867 Skinner Turnpike Apt. 515 Fostermouth, IL 32905",Available
172,Brenda Choi,a665a45920422f9d417e4867efdc4fb8a04a1f3fff1fa07e998e86f7f7a27ae3,(346)462-3507x474,767-40-1778,5.0,Unit 4633 Box 7404 DPO AP 78000,Available
173,Jacob Galloway,a665a45920422f9d417e4867efdc4fb8a04a1f3fff1fa07e998e86f7f7a27ae3,988.686.7369,363-48-5633,4.4,"66461 Alexandra Corner Apt. 104 Hurstbury, NE 47818",Resting
174,Jeremy Stone MD,a665a45920422f9d417e4867efdc4fb8a04a1f3fff1fa07e998e86f7f7a27ae3,595.705.0193,637-48-6154,4.0,"61561 Holland Rapid Lake Kevinhaven, FL 51833",Available
175,Monica Williams,a665a45920422f9d417e4867efdc4fb8a04a1f3fff1fa07e998e86f7f7a27ae3,(385)210-0993x81160,876-96-5650,4.6,"335 Barrera Prairie Suite 511 Stanleychester, MT 18272",Resting
176,Paula Sanchez,a665a45920422f9d417e4867efdc4fb8a04a1f3fff1fa07e998e86f7f7a27ae3,001-338-881-0112x090,227-64-9760,3.8,"359 Benson Grove Adamburgh, AZ 41301",Resting
177,Carlos Gomez,a665a45920422f9d417e4867efdc4fb8a04a1f3fff1fa07e998e86f7f7a27ae3,001-857-653-5601x79278,075-40-5772,3.8,"48088 Maldonado Summit Suite 549 Lake Mary, VT 91845",Delivering
178,Brittany Foster,a665a45920422f9d417e4867efdc4fb8a04a1f3fff1fa07e998e86f7f7a27ae3,297.990.1835x4434,627-11-9216,4.2,"608 Kim Locks Justinfurt, TX 59332",Available
179,Carmen Ward,a665a45920422f9d417e4867efdc4fb8a04a1f3fff1fa07e998e86f7f7a27ae3,001-660-949-0475x82619,381-65-8616,3.7,"7630 Henderson Ports Hollandburgh, HI 83401",Resting
180,James Schroeder,a665a45920422f9d417e4867efdc4fb8a04a1f3fff1fa07e998e86f7f7a27ae3,(740)306-0662,872-58-4505,4.4,"80370 Alan Landing Apt. 939 Josephview, WV 13755",Delivering
181,Nicholas Reynolds,a665a45920422f9d417e4867efdc4fb8a04a1f3fff1fa07e998e86f7f7a27ae3,8695999882,279-31-4058,4.5,"123 Keith Road Apt. 508 North Wendyshire, MO 80703",Available
182,Margaret Green,a665a45920422f9d417e4867efdc4fb8a04a1f3fff1fa07e998e86f7f7a27ae3,001-532-656-7793x131,874-79-9701,4.9,"1885 Nguyen Square New Tiffanyfurt, WI 73835",Resting
183,Michael Nelson,a665a45920422f9d417e4867efdc4fb8a04a1f3fff1fa07e998e86f7f7a27ae3,7306889180,883-06-2379,3.9,"70310 Amy Curve Suite 473 Singletonberg, MN 57014",Available
184,Melanie Carter,a665a45920422f9d417e4867efdc4fb8a04a1f3fff1fa07e998e86f7f7a27ae3,+1-253-481-0981x5025,463-17-6945,3.8,"8054 Bell Lock Lake Richard, PW 97301",Delivering
185,Jacob Warren,a665a45920422f9d417e4867efdc4fb8a04a1f3fff1fa07e998e86f7f7a27ae3,2562354226,040-44-3205,3.7,"166 Bright Pine Apt. 528 Sharonborough, AK 76365",Available
186,Adam Carey,a665a45920422f9d417e4867efdc4fb8a04a1f3fff1fa07e998e86f7f7a27ae3,685.744.3065,085-37-0461,3.7,"PSC 8685, Box 0347 APO AP 50965",Available
187,John Watson,a665a45920422f9d417e4867efdc4fb8a04a1f3fff1fa07e998e86f7f7a27ae3,825.424.2506x0428,045-43-3102,4.4,"848 Daniel Overpass East Curtis, AL 96263",Delivering
188,Edward Jensen,a665a45920422f9d417e4867efdc4fb8a04a1f3fff1fa07e998e86f7f7a27ae3,(422)297-6231x4170,219-87-1396,5.0,"150 Mcdonald Glen South Michaelberg, CA 71580",Delivering
189,Travis Warren,a665a45920422f9d417e4867efdc4fb8a04a1f3fff1fa07e998e86f7f7a27ae3,(997)623-9080x411,361-59-0438,3.6,"836 Carolyn Route West Mirandaview, WV 39921",Resting
190,Connie Jordan,a665a45920422f9d417e4867efdc4fb8a04a1f3fff1fa07e998e86f7f7a27ae3,265.334.0950,877-22-4238,4.5,"113 Hubbard Underpass Suite 690 Port David, AR 25721",Available
191,Christopher Cisneros,a665a45920422f9d417e4867efdc4fb8a04a1f3fff1fa07e998e86f7f7a27ae3,839-996-3838x78912,314-33-1885,4.7,"29093 Elizabeth Crossing Suite 811 Judyville, MP 80476",Available
192,Ethan Cox,a665a45920422f9d417e4867efdc4fb8a04a1f3fff1fa07e998e86f7f7a27ae3,+1-243-491-8694x9903,601-03-6720,4.5,"8311 Rivera Curve Apt. 172 Lake Amandaland, NE 12089",Delivering
193,Emily Robinson,a665a45920422f9d417e4867efdc4fb8a04a1f3fff1fa07e998e86f7f7a27ae3,4294423222,690-78-8307,4.8,"58462 Huynh Keys West Dennis, OH 43931",Delivering
194,Michael Gutierrez,a665a45920422f9d417e4867efdc4fb8a04a1f3fff1fa07e998e86f7f7a27ae3,(987)524-3139,134-35-1245,3.7,"6787 Jasmine Bridge Suite 236 Jeffreychester, WA 40422",Resting
195,Frank Robinson,a665a45920422f9d417e4867efdc4fb8a04a1f3fff1fa07e998e86f7f7a27ae3,+1-568-403-7151x743,140-69-8515,4.4,"9980 Jacqueline Villages West Stephenmouth, KS 99366",Available
196,Heather Torres,a665a45920422f9d417e4867efdc4fb8a04a1f3fff1fa07e998e86f7f7a27ae3,893-836-6097x900,473-24-6247,4.1,"23712 Joanna Extension Lake Ruth, SD 57510",Available
197,Taylor Reilly,a665a45920422f9d417e4867efdc4fb8a04a1f3fff1fa07e998e86f7f7a27ae3,926-725-5243x626,295-41-9786,3.9,"PSC 6552, Box 7590 APO AP 21957",Available
198,Jessica Simmons,a665a45920422f9d417e4867efdc4fb8a04a1f3fff1fa07e998e86f7f7a27ae3,543-659-1468,631-07-8842,4.5,"75151 Jordan Circles Leeport, AR 17988",Available
199,Christopher Castaneda,a665a45920422f9d417e4867efdc4fb8a04a1f3fff1fa07e998e86f7f7a27ae3,461-782-4346x7034,794-01-7467,3.9,"98053 Bradford Mission Suite 029 East Joshua, NJ 62350",Delivering
200,Mary Osborne,a665a45920422f9d417e4867efdc4fb8a04a1f3fff1fa07e998e86f7f7a27ae3,689-413-0146,438-50-2255,4.5,"5439 Donovan Radial Apt. 170 North Curtis, MN 22043",Resting
201,Mark Mckay,a665a45920422f9d417e4867efdc4fb8a04a1f3fff1fa07e998e86f7f7a27ae3,330-654-5734x12355,775-73-0954,4.7,"510 Williams Freeway Apt. 943 Reneehaven, CO 05352",Resting
202,Jacob Perez,a665a45920422f9d417e4867efdc4fb8a04a1f3fff1fa07e998e86f7f7a27ae3,001-496-982-5411x089,779-07-3658,3.6,"6181 Diaz Point Simpsonfort, DC 62137",Resting
203,Jesse Roy,a665a45920422f9d417e4867efdc4fb8a04a1f3fff1fa07e998e86f7f7a27ae3,001-665-626-0842,390-97-8024,4.7,"709 Vincent Row West Karen, HI 69277",Resting
204,Kathryn Sandoval,a665a45920422f9d417e4867efdc4fb8a04a1f3fff1fa07e998e86f7f7a27ae3,266.970.0106,326-69-5210,4.6,"05921 Kari Cove Suite 141 Erikbury, ID 82397",Resting
205,Steven Whitney,a665a45920422f9d417e4867efdc4fb8a04a1f3fff1fa07e998e86f7f7a27ae3,(887)702-6862,858-38-0345,4.4,"836 Dominguez Drives North Caroline, MO 63313",Resting
206,Caitlin Mullen,a665a45920422f9d417e4867efdc4fb8a04a1f3fff1fa07e998e86f7f7a27ae3,848.392.4792x68211,250-58-4906,4.0,USNV Kramer FPO AP 02496,Delivering
207,Lisa Rodriguez,a665a45920422f9d417e4867efdc4fb8a04a1f3fff1fa07e998e86f7f7a27ae3,(858)270-8296x97161,668-99-4576,4.4,"276 Michael Gardens Suite 651 New Michael, PR 12977",Available
208,Deborah Cook,a665a45920422f9d417e4867efdc4fb8a04a1f3fff1fa07e998e86f7f7a27ae3,001-567-483-4072x307,711-85-9704,3.6,"530 Daniel Causeway Suite 430 Cassandraview, IA 08573",Delivering
209,John Barnett,a665a45920422f9d417e4867efdc4fb8a04a1f3fff1fa07e998e86f7f7a27ae3,961-384-0263x5640,381-56-1365,4.8,"44818 Anderson Mountain Lindseymouth, ME 60338",Resting
210,Elaine Gray,a665a45920422f9d417e4867efdc4fb8a04a1f3fff1fa07e998e86f7f7a27ae3,+1-288-213-5518x0940,210-65-1161,4.0,"689 Matthew Streets Apt. 013 West Steven, MA 79249",Delivering
211,Sean Decker,a665a45920422f9d417e4867efdc4fb8a04a1f3fff1fa07e998e86f7f7a27ae3,5463043246,747-93-7541,4.7,Unit 5347 Box 0827 DPO AP 17170,Resting
212,Scott Burns,a665a45920422f9d417e4867efdc4fb8a04a1f3fff1fa07e998e86f7f7a27ae3,(875)407-3896,321-17-5476,4.6,"1957 Smith Falls Apt. 341 West Cynthia, TN 64953",Delivering
213,David Mendez,a665a45920422f9d417e4867efdc4fb8a04a1f3fff1fa07e998e86f7f7a27ae3,832-901-7347x68200,335-93-3990,4.4,"62029 Lewis Skyway Suite 208 New Toniberg, RI 99205",Delivering
214,Brittany Glass,a665a45920422f9d417e4867efdc4fb8a04a1f3fff1fa07e998e86f7f7a27ae3,4803177086,581-57-0233,3.8,"14225 Bailey Lodge Apt. 317 Smithchester, GA 13728",Resting
215,Sarah Stephens,a665a45920422f9d417e4867efdc4fb8a04a1f3fff1fa07e998e86f7f7a27ae3,7868747041,326-62-9815,4.7,"101 Tracy Streets Port Bryan, RI 30758",Delivering
216,Angelica Higgins,a665a45920422f9d417e4867efdc4fb8a04a1f3fff1fa07e998e86f7f7a27ae3,886-889-8668x191,120-10-0958,4.7,"6391 Ryan Port East Benjaminstad, TX 71725",Resting
217,Ronald Jones,a665a45920422f9d417e4867efdc4fb8a04a1f3fff1fa07e998e86f7f7a27ae3,001-457-548-7634,061-10-5031,3.9,"323 Michelle Village Lake Christina, AL 71614",Delivering
218,Peter Mullins,a665a45920422f9d417e4867efdc4fb8a04a1f3fff1fa07e998e86f7f7a27ae3,690.761.2464x18943,881-02-0770,4.0,"25850 Hood Burgs New Samantha, VT 59834",Resting
219,Darryl Gould,a665a45920422f9d417e4867efdc4fb8a04a1f3fff1fa07e998e86f7f7a27ae3,(202)717-5052x700,765-67-7320,4.3,"846 Robert Villages East Hollyborough, KY 72651",Delivering
220,James Hill,a665a45920422f9d417e4867efdc4fb8a04a1f3fff1fa07e998e86f7f7a27ae3,390-965-8266x5089,280-66-7427,4.7,"5798 Brock Crescent Apt. 473 Michaelburgh, VI 32733",Resting
221,Dana Thomas,a665a45920422f9d417e4867efdc4fb8a04a1f3fff1fa07e998e86f7f7a27ae3,687-788-1097x120,424-54-9879,4.7,Unit 6276 Box 0202 DPO AE 45556,Resting
222,Deborah Johnson,a665a45920422f9d417e4867efdc4fb8a04a1f3fff1fa07e998e86f7f7a27ae3,635.570.4407,618-53-8771,3.7,"41565 Frazier Islands West Cynthiaton, MP 84193",Available
223,Kimberly Moreno,a665a45920422f9d417e4867efdc4fb8a04a1f3fff1fa07e998e86f7f7a27ae3,3792459814,813-58-6065,4.0,"1384 Thomas Roads South Katherineton, WI 54373",Delivering
224,Mark Jennings DDS,a665a45920422f9d417e4867efdc4fb8a04a1f3fff1fa07e998e86f7f7a27ae3,(970)212-7665x259,890-27-0423,4.1,"23526 Fisher Street South Darrenchester, MD 89159",Resting
225,Taylor Ellison,a665a45920422f9d417e4867efdc4fb8a04a1f3fff1fa07e998e86f7f7a27ae3,954-423-4284,102-28-1615,4.0,"1986 Rhonda Station New Amanda, KY 81455",Available
226,James Arellano,a665a45920422f9d417e4867efdc4fb8a04a1f3fff1fa07e998e86f7f7a27ae3,(860)422-7780x51010,757-48-0415,4.5,"13831 Susan Ridges Josephborough, PA 82840",Available
227,John Carroll,a665a45920422f9d417e4867efdc4fb8a04a1f3fff1fa07e998e86f7f7a27ae3,001-627-548-6983x367,034-59-3865,4.8,"249 Jason Vista Haneyton, LA 05703",Available
228,Jennifer Horton,a665a45920422f9d417e4867efdc4fb8a04a1f3fff1fa07e998e86f7f7a27ae3,835-798-8570x4839,872-55-5210,4.1,USNS Morgan FPO AE 87724,Available
229,Sara Johnson,a665a45920422f9d417e4867efdc4fb8a04a1f3fff1fa07e998e86f7f7a27ae3,714.434.2891,500-10-3015,4.7,Unit 3436 Box 3852 DPO AP 49185,Available
230,Nicole Craig,a665a45920422f9d417e4867efdc4fb8a04a1f3fff1fa07e998e86f7f7a27ae3,(773)698-5895,524-81-9680,3.9,"125 Dawn Inlet North Kennethborough, NJ 33374",Resting
231,Marcus Rios,a665a45920422f9d417e4867efdc4fb8a04a1f3fff1fa07e998e86f7f7a27ae3,(683)456-0461,696-12-6597,4.5,"84091 Amber Vista Suite 446 Michaelborough, OR 59812",Available
232,Jon Ross,a665a45920422f9d417e4867efdc4fb8a04a1f3fff1fa07e998e86f7f7a27ae3,423.889.6736x9105,279-31-0697,4.9,"59905 Elizabeth Via Port Jaredchester, MA 43144",Resting
233,Jesse Mccarthy,a665a45920422f9d417e4867efdc4fb8a04a1f3fff1fa07e998e86f7f7a27ae3,849.566.6363x02906,554-52-8413,3.5,"492 Timothy Burg Lake Cynthiafurt, FM 10700",Resting
234,Heather Wong,a665a45920422f9d417e4867efdc4fb8a04a1f3fff1fa07e998e86f7f7a27ae3,(790)696-9979x6672,259-98-7751,3.8,"1916 Franklin Villages Apt. 290 East Clintonbury, DC 39015",Delivering
235,Chad Washington,a665a45920422f9d417e4867efdc4fb8a04a1f3fff1fa07e998e86f7f7a27ae3,285-898-9439x38533,466-97-0919,4.8,"74800 Watkins Parkways Suite 337 New Lindastad, TX 86781",Delivering
236,Danny Hamilton,a665a45920422f9d417e4867efdc4fb8a04a1f3fff1fa07e998e86f7f7a27ae3,809.223.3879x8614,146-89-1894,3.8,"59413 Pamela Loaf North Jeffrey, VA 45105",Delivering
237,Jessica Chapman,a665a45920422f9d417e4867efdc4fb8a04a1f3fff1fa07e998e86f7f7a27ae3,377-536-7229x342,174-48-8818,4.4,"5408 Montoya Stravenue Kochport, VA 69128",Available
238,Timothy Neal,a665a45920422f9d417e4867efdc4fb8a04a1f3fff1fa07e998e86f7f7a27ae3,305.948.0200x25769,058-56-4716,4.9,"PSC 5418, Box 5578 APO AE 73140",Available
239,Anne Baker,a665a45920422f9d417e4867efdc4fb8a04a1f3fff1fa07e998e86f7f7a27ae3,5432725880,868-49-2025,3.6,USS Wallace FPO AA 65603,Resting
240,Linda Nguyen,a665a45920422f9d417e4867efdc4fb8a04a1f3fff1fa07e998e86f7f7a27ae3,547.646.9751x4385,031-31-6320,5.0,"9366 Anderson Ford Apt. 432 Jamesmouth, RI 43745",Delivering
241,John Underwood,a665a45920422f9d417e4867efdc4fb8a04a1f3fff1fa07e998e86f7f7a27ae3,001-901-595-5215,394-83-2310,3.6,"3143 Allen Skyway Hendersonport, NV 51220",Available
242,Elijah Carpenter,a665a45920422f9d417e4867efdc4fb8a04a1f3fff1fa07e998e86f7f7a27ae3,(809)389-3142x70742,667-63-6237,4.6,"547 Danielle Pine Suite 210 North Dianefurt, ND 66313",Resting
243,Denise Petersen,a665a45920422f9d417e4867efdc4fb8a04a1f3fff1fa07e998e86f7f7a27ae3,505.643.6626,656-01-3077,4.8,"1817 Eric Land North Justinview, ND 08273",Delivering
244,Amber Manning,a665a45920422f9d417e4867efdc4fb8a04a1f3fff1fa07e998e86f7f7a27ae3,001-983-451-6477x643,773-09-3689,4.8,"2565 Renee Keys Apt. 273 Jasminville, ME 28306",Resting
245,William Martin,a665a45920422f9d417e4867efdc4fb8a04a1f3fff1fa07e998e86f7f7a27ae3,001-778-536-8758,516-30-7384,4.2,"939 Pierce Islands West Charleschester, MS 79323",Resting
246,Alexander Patrick,a665a45920422f9d417e4867efdc4fb8a04a1f3fff1fa07e998e86f7f7a27ae3,(251)514-1340x910,089-47-3104,3.8,"3547 Ralph Knoll Apt. 699 North Timothy, KY 22507",Resting
247,Melissa Williams,a665a45920422f9d417e4867efdc4fb8a04a1f3fff1fa07e998e86f7f7a27ae3,888.301.2894x02710,781-10-0659,4.8,USNV Gates FPO AP 20776,Resting
248,Jessica Hudson,a665a45920422f9d417e4867efdc4fb8a04a1f3fff1fa07e998e86f7f7a27ae3,848.900.3031x99288,263-41-2865,5.0,"0427 James Burg Apt. 166 Lake Tammy, MO 84946",Resting
249,Thomas Byrd,a665a45920422f9d417e4867efdc4fb8a04a1f3fff1fa07e998e86f7f7a27ae3,001-348-250-3878x3616,472-70-2874,4.8,"8312 White Manor Suite 659 East Angela, OH 48997",Delivering
250,Samuel Heath,a665a45920422f9d417e4867efdc4fb8a04a1f3fff1fa07e998e86f7f7a27ae3,879.699.8284x25741,651-90-2695,3.6,"059 Victoria Plaza Cheyenneland, MN 69918",Delivering
251,Tyler Davenport,a665a45920422f9d417e4867efdc4fb8a04a1f3fff1fa07e998e86f7f7a27ae3,(545)779-6480x095,477-95-7764,4.4,"190 Rebecca Cove Apt. 838 West Cameronchester, WI 22459",Available
252,Stephanie Weiss,a665a45920422f9d417e4867efdc4fb8a04a1f3fff1fa07e998e86f7f7a27ae3,001-551-224-3826,550-71-5264,4.9,"221 Mcpherson Islands East Jordanmouth, PA 84285",Delivering
253,Aaron Sullivan,a665a45920422f9d417e4867efdc4fb8a04a1f3fff1fa07e998e86f7f7a27ae3,001-246-937-2335x548,523-52-4321,4.3,"7655 Kathleen Ford Suite 052 New Joemouth, KS 10662",Resting
254,Nicholas Meyers,a665a45920422f9d417e4867efdc4fb8a04a1f3fff1fa07e998e86f7f7a27ae3,+1-551-900-0611,578-69-4236,3.8,"074 Williams Ferry Suite 004 Wilkersonstad, RI 32109",Resting
255,Mary Lloyd,a665a45920422f9d417e4867efdc4fb8a04a1f3fff1fa07e998e86f7f7a27ae3,(908)669-9577x7877,154-49-7505,3.7,"1487 Bell Ridges Lake Robertmouth, AZ 68347",Resting
256,Garrett Moore,a665a45920422f9d417e4867efdc4fb8a04a1f3fff1fa07e998e86f7f7a27ae3,(600)448-2589,512-68-1368,4.6,"807 Antonio Branch Lake Jesseton, KY 90929",Delivering
257,Kelly Erickson,a665a45920422f9d417e4867efdc4fb8a04a1f3fff1fa07e998e86f7f7a27ae3,502.594.6881,122-06-9894,3.9,"535 Calderon Light Apt. 529 Dennisberg, MI 35181",Available
258,Justin Solis,a665a45920422f9d417e4867efdc4fb8a04a1f3fff1fa07e998e86f7f7a27ae3,8646779718,117-17-2433,4.3,"841 Bryant Mount Calvinton, IA 08920",Delivering
259,Ricardo Berry,a665a45920422f9d417e4867efdc4fb8a04a1f3fff1fa07e998e86f7f7a27ae3,688.591.4519,684-47-8471,4.8,"81992 Pruitt Throughway Suite 790 East Lauren, IN 11021",Delivering
260,Christine Ferguson,a665a45920422f9d417e4867efdc4fb8a04a1f3fff1fa07e998e86f7f7a27ae3,(936)459-5442x649,554-43-2644,3.8,"090 Daniel Park Apt. 940 Christopherhaven, AK 48378",Available
261,Michael Leblanc,a665a45920422f9d417e4867efdc4fb8a04a1f3fff1fa07e998e86f7f7a27ae3,715-654-3379,817-60-8996,4.3,"6303 Sullivan Divide Port John, VI 71155",Delivering
262,Thomas Howell,a665a45920422f9d417e4867efdc4fb8a04a1f3fff1fa07e998e86f7f7a27ae3,993.502.2635x964,328-48-8281,3.8,"92584 Colleen Light Millershire, FL 67113",Resting
263,Charles Reyes,a665a45920422f9d417e4867efdc4fb8a04a1f3fff1fa07e998e86f7f7a27ae3,+1-202-821-8446x725,286-01-7599,3.6,"70774 David Stream Owenhaven, FM 67735",Available
264,Peggy Williamson,a665a45920422f9d417e4867efdc4fb8a04a1f3fff1fa07e998e86f7f7a27ae3,2538262512,658-83-3021,4.2,"4638 Griffith Canyon South Daleport, AZ 82850",Delivering
265,Theresa Morgan,a665a45920422f9d417e4867efdc4fb8a04a1f3fff1fa07e998e86f7f7a27ae3,+1-424-314-1195x74522,742-71-6213,4.8,"858 Daniel Hollow Apt. 833 Lake Toni, MP 92031",Resting
266,Amanda Foster,a665a45920422f9d417e4867efdc4fb8a04a1f3fff1fa07e998e86f7f7a27ae3,(629)253-1998,743-38-3483,3.7,"61052 Stanley Summit Maynardmouth, DE 46149",Resting
267,Michael Miller,a665a45920422f9d417e4867efdc4fb8a04a1f3fff1fa07e998e86f7f7a27ae3,001-358-640-6375x621,431-22-5708,3.6,"654 Morrison Courts South Michaelview, GA 83664",Available
268,Vincent Young,a665a45920422f9d417e4867efdc4fb8a04a1f3fff1fa07e998e86f7f7a27ae3,728-642-5051,193-16-6970,4.9,"9619 Peter Falls North Briantown, PR 05296",Available
269,Karla Sherman,a665a45920422f9d417e4867efdc4fb8a04a1f3fff1fa07e998e86f7f7a27ae3,001-419-732-2035x00962,338-75-7901,4.9,"704 Morrison Locks East Charlesburgh, MP 58503",Resting
270,Sarah Johnson,a665a45920422f9d417e4867efdc4fb8a04a1f3fff1fa07e998e86f7f7a27ae3,747.450.3567,476-98-5755,5.0,"878 Nichole Ford Apt. 038 Port Misty, CO 77992",Delivering
271,Brooke Smith,a665a45920422f9d417e4867efdc4fb8a04a1f3fff1fa07e998e86f7f7a27ae3,001-659-540-8911,142-51-2905,3.7,"1825 Kaitlyn Bridge New Loriport, ME 45883",Resting
272,Chad Stevens,a665a45920422f9d417e4867efdc4fb8a04a1f3fff1fa07e998e86f7f7a27ae3,+1-465-617-6196,716-51-5435,4.3,"436 Deborah Forks North Emilyport, PW 28808",Available
273,Tricia Garcia,a665a45920422f9d417e4867efdc4fb8a04a1f3fff1fa07e998e86f7f7a27ae3,(881)630-0056x5631,189-86-5199,4.9,"18140 Sanchez Station Jenniferfurt, FL 23849",Delivering
274,Darius Pierce,a665a45920422f9d417e4867efdc4fb8a04a1f3fff1fa07e998e86f7f7a27ae3,566.923.5410,126-51-5183,4.6,"1235 Taylor Points Nicholasburgh, OH 89697",Available
275,Jasmine Gonzalez,a665a45920422f9d417e4867efdc4fb8a04a1f3fff1fa07e998e86f7f7a27ae3,966-606-7641x271,460-78-0228,4.8,"34292 Nicholas Mill Jacksontown, AR 05736",Available
276,Maria Robinson,a665a45920422f9d417e4867efdc4fb8a04a1f3fff1fa07e998e86f7f7a27ae3,+1-745-816-6298,314-55-3046,4.3,"PSC 2559, Box 7981 APO AE 33125",Resting
277,Michael Rice,a665a45920422f9d417e4867efdc4fb8a04a1f3fff1fa07e998e86f7f7a27ae3,+1-274-982-7046x19124,670-32-5628,4.0,"41681 Phillip Junctions Cochranshire, ND 78537",Available
278,Darlene Odonnell,a665a45920422f9d417e4867efdc4fb8a04a1f3fff1fa07e998e86f7f7a27ae3,(350)884-1135,812-08-1920,4.4,"205 Krause Locks New Timothy, NV 26691",Delivering
279,Stacey Jensen,a665a45920422f9d417e4867efdc4fb8a04a1f3fff1fa07e998e86f7f7a27ae3,9897727432,163-17-3555,4.8,"6701 Maria Mount Apt. 560 Chenside, KS 35976",Delivering
280,Ryan Parker,a665a45920422f9d417e4867efdc4fb8a04a1f3fff1fa07e998e86f7f7a27ae3,+1-531-684-9429x016,715-21-4012,4.2,"64327 Potts Fork New Julia, MH 72134",Available
281,Victor Payne,a665a45920422f9d417e4867efdc4fb8a04a1f3fff1fa07e998e86f7f7a27ae3,001-710-954-5306,208-16-0324,3.7,"8483 Terry Trafficway New Joan, MT 75131",Delivering
282,Bradley Moran,a665a45920422f9d417e4867efdc4fb8a04a1f3fff1fa07e998e86f7f7a27ae3,+1-357-364-1406,144-07-0982,4.6,"364 West Orchard Lake Jennaberg, NY 53087",Available
283,Marcia Arnold,a665a45920422f9d417e4867efdc4fb8a04a1f3fff1fa07e998e86f7f7a27ae3,799.719.7736x1928,401-21-2907,4.5,"14355 Mills Estates Suite 933 New Alexandraport, WI 68785",Delivering
284,Danielle Gray,a665a45920422f9d417e4867efdc4fb8a04a1f3fff1fa07e998e86f7f7a27ae3,504.378.4977x414,695-17-6556,3.8,"6848 Reyes Island South Bradleyton, SD 16532",Available
285,Carolyn Baker,a665a45920422f9d417e4867efdc4fb8a04a1f3fff1fa07e998e86f7f7a27ae3,609.745.3427x2071,337-33-2458,3.9,"PSC 8051, Box 9527 APO AE 97750",Delivering
286,Andrea Murphy,a665a45920422f9d417e4867efdc4fb8a04a1f3fff1fa07e998e86f7f7a27ae3,+1-604-507-9263x31512,767-92-9497,3.8,"88680 Wilson Way Suite 180 Lake Ericport, CO 47801",Delivering
287,Jared West,a665a45920422f9d417e4867efdc4fb8a04a1f3fff1fa07e998e86f7f7a27ae3,+1-607-971-4821x22169,158-95-4127,4.3,"14157 Thompson Gateway Doyleshire, AL 05525",Available
288,Justin Jenkins,a665a45920422f9d417e4867efdc4fb8a04a1f3fff1fa07e998e86f7f7a27ae3,+1-353-840-6464x9872,415-43-2749,4.0,Unit 6182 Box 1424 DPO AA 25761,Available
289,Elizabeth Johnson,a665a45920422f9d417e4867efdc4fb8a04a1f3fff1fa07e998e86f7f7a27ae3,439.610.5162x2669,184-62-4439,4.3,"73121 Brady Common Apt. 828 Williamsstad, AZ 75755",Available
290,Jonathan Smith,a665a45920422f9d417e4867efdc4fb8a04a1f3fff1fa07e998e86f7f7a27ae3,799.226.0954x6690,579-37-7266,3.6,"27698 Ballard Stream Apt. 723 Kevinberg, LA 59605",Resting
291,Adam Murphy,a665a45920422f9d417e4867efdc4fb8a04a1f3fff1fa07e998e86f7f7a27ae3,+1-653-330-3708,422-12-3339,3.8,"744 Lara Court Michaelhaven, MO 20118",Resting
292,Peter Daniels,a665a45920422f9d417e4867efdc4fb8a04a1f3fff1fa07e998e86f7f7a27ae3,(937)646-9043x6681,709-25-3528,4.4,"2529 Robert Place North Connieshire, IL 97575",Delivering
293,Brian Weiss,a665a45920422f9d417e4867efdc4fb8a04a1f3fff1fa07e998e86f7f7a27ae3,+1-640-355-5109,420-61-7457,4.6,"3082 Anderson Valley Apt. 236 Ochoaland, CA 20379",Resting
294,Sierra Flores,a665a45920422f9d417e4867efdc4fb8a04a1f3fff1fa07e998e86f7f7a27ae3,5488833701,613-27-3018,4.4,Unit 4973 Box 9474 DPO AP 24021,Resting
295,Robert Garcia,a665a45920422f9d417e4867efdc4fb8a04a1f3fff1fa07e998e86f7f7a27ae3,(713)460-4374x31006,382-27-0202,3.7,"72473 Wilcox Points Apt. 415 North Lucasside, AK 37678",Available
296,Steve Reynolds,a665a45920422f9d417e4867efdc4fb8a04a1f3fff1fa07e998e86f7f7a27ae3,001-349-271-7768,063-58-8088,4.8,USNV Wolf FPO AA 79836,Available
297,Megan Johnson,a665a45920422f9d417e4867efdc4fb8a04a1f3fff1fa07e998e86f7f7a27ae3,(807)923-6652x438,500-34-2371,4.7,"1374 Joseph Shores Suite 946 Lawrencehaven, KY 65815",Delivering
298,Amanda Stewart,a665a45920422f9d417e4867efdc4fb8a04a1f3fff1fa07e998e86f7f7a27ae3,505-562-4786x0308,429-80-1048,3.9,"4160 Robert Rapids Johnnymouth, MN 17578",Available
299,Nancy Smith,a665a45920422f9d417e4867efdc4fb8a04a1f3fff1fa07e998e86f7f7a27ae3,572.208.2664,638-73-2953,4.0,"871 Patrick Route North Benjaminberg, WI 60432",Delivering
300,Melissa Gonzales,a665a45920422f9d417e4867efdc4fb8a04a1f3fff1fa07e998e86f7f7a27ae3,+1-233-490-7450x03577,246-68-1930,3.6,"140 Fischer Circles Suite 838 Susanland, MT 44332",Delivering
301,Kevin Yoder,a665a45920422f9d417e4867efdc4fb8a04a1f3fff1fa07e998e86f7f7a27ae3,+1-658-275-0948x5705,493-21-4059,4.3,Unit 9674 Box 6010 DPO AA 83384,Available
302,Julia Clark,a665a45920422f9d417e4867efdc4fb8a04a1f3fff1fa07e998e86f7f7a27ae3,001-591-723-4538,861-38-6590,4.6,"7414 Lewis Ramp Barbaramouth, AZ 43232",Delivering
303,Donna Thompson,a665a45920422f9d417e4867efdc4fb8a04a1f3fff1fa07e998e86f7f7a27ae3,3389500364,140-83-2196,4.1,"4741 John Village Danielstad, WV 25036",Resting
304,Jason Pugh,a665a45920422f9d417e4867efdc4fb8a04a1f3fff1fa07e998e86f7f7a27ae3,8809030633,773-42-0635,4.8,"942 Moore Mall Apt. 809 Greenville, PW 63696",Available
305,Steven Villa,a665a45920422f9d417e4867efdc4fb8a04a1f3fff1fa07e998e86f7f7a27ae3,+1-934-393-5052x73307,434-08-4353,4.2,"117 Nicole Ford Suite 794 North Monicachester, NY 79183",Resting
306,Jennifer Brown,a665a45920422f9d417e4867efdc4fb8a04a1f3fff1fa07e998e86f7f7a27ae3,(981)969-4820x83381,382-09-2684,4.7,"573 Bishop Circles Christopherhaven, FM 82079",Resting
307,Kathleen Aguilar,a665a45920422f9d417e4867efdc4fb8a04a1f3fff1fa07e998e86f7f7a27ae3,261-505-3827,586-02-4445,4.6,"323 Dylan Rapid Apt. 048 Wrightfort, KY 59768",Available
308,Kimberly Phillips,a665a45920422f9d417e4867efdc4fb8a04a1f3fff1fa07e998e86f7f7a27ae3,(810)366-6878x35444,365-78-3889,3.8,"9713 Matthew Lake North Nancyfurt, FM 33802",Delivering
309,Laura Hernandez,a665a45920422f9d417e4867efdc4fb8a04a1f3fff1fa07e998e86f7f7a27ae3,+1-674-752-4483x133,743-98-9954,4.2,"77563 Steele Ranch North Erik, CA 53769",Available
310,Luke Hess MD,a665a45920422f9d417e4867efdc4fb8a04a1f3fff1fa07e998e86f7f7a27ae3,946.269.0227x61774,720-44-5148,4.1,"1352 Glenn Field Suite 769 Brendaton, MA 23244",Delivering
311,Jonathan Lozano,a665a45920422f9d417e4867efdc4fb8a04a1f3fff1fa07e998e86f7f7a27ae3,695-777-4924x6273,177-98-4225,4.0,"308 Hamilton Tunnel Lewisborough, OK 58118",Available
312,Christina Potter,a665a45920422f9d417e4867efdc4fb8a04a1f3fff1fa07e998e86f7f7a27ae3,8518948370,509-24-5873,4.0,"377 Graham Street Apt. 838 South Jennifer, AR 04410",Available
313,Melissa Butler,a665a45920422f9d417e4867efdc4fb8a04a1f3fff1fa07e998e86f7f7a27ae3,871.441.9694x902,293-88-2339,4.1,"20698 Ritter Tunnel Suite 932 North Derrickland, GU 90325",Available
314,Jason Mullen,a665a45920422f9d417e4867efdc4fb8a04a1f3fff1fa07e998e86f7f7a27ae3,6345406399,420-83-4519,4.3,"161 Ann Light Apt. 327 North Juanton, OK 41539",Resting
315,John Spencer,a665a45920422f9d417e4867efdc4fb8a04a1f3fff1fa07e998e86f7f7a27ae3,+1-977-470-2368x6107,221-97-5285,3.8,"4162 Mccoy Glen Jamesport, NY 59402",Delivering
316,Andrea Marshall,a665a45920422f9d417e4867efdc4fb8a04a1f3fff1fa07e998e86f7f7a27ae3,+1-946-838-3719x1427,445-69-6675,4.1,"490 Wendy Ways Suite 535 South Dianaborough, NC 17562",Available
317,Bobby Boyle,a665a45920422f9d417e4867efdc4fb8a04a1f3fff1fa07e998e86f7f7a27ae3,530.208.3146,391-08-9707,4.1,"93373 Holly Circles Apt. 402 Jillside, GU 36453",Resting
318,Jennifer White,a665a45920422f9d417e4867efdc4fb8a04a1f3fff1fa07e998e86f7f7a27ae3,5768721297,617-73-8312,4.9,"430 Martin Field Suite 700 Baileyview, VI 73684",Available
319,Zachary Hernandez,a665a45920422f9d417e4867efdc4fb8a04a1f3fff1fa07e998e86f7f7a27ae3,(356)795-3144,378-28-2751,4.3,"636 English Neck East Jamesbury, VI 87154",Resting
320,Charlotte Simon,a665a45920422f9d417e4867efdc4fb8a04a1f3fff1fa07e998e86f7f7a27ae3,521.449.3405x71428,082-32-9202,3.8,"41116 Mark Knoll Apt. 405 North David, NJ 02186",Delivering
321,Kevin Cole,a665a45920422f9d417e4867efdc4fb8a04a1f3fff1fa07e998e86f7f7a27ae3,7193708427,397-60-7953,3.8,Unit 7672 Box 0058 DPO AA 84949,Delivering
322,Heather Odom,a665a45920422f9d417e4867efdc4fb8a04a1f3fff1fa07e998e86f7f7a27ae3,958.528.9802,549-99-7260,4.4,"PSC 3289, Box 9012 APO AP 14568",Delivering
323,Justin Garcia,a665a45920422f9d417e4867efdc4fb8a04a1f3fff1fa07e998e86f7f7a27ae3,949.729.4191x88805,599-25-1966,4.8,"9908 Nicole Estate Suite 779 East Peter, IA 75295",Delivering
324,Jeffrey Hill,a665a45920422f9d417e4867efdc4fb8a04a1f3fff1fa07e998e86f7f7a27ae3,6682546320,872-06-2910,4.0,"12525 Joseph Manors East Sonya, AL 30685",Delivering
325,Sara Colon,a665a45920422f9d417e4867efdc4fb8a04a1f3fff1fa07e998e86f7f7a27ae3,668-296-2658x149,487-57-3794,4.9,"619 Warner Lane Suite 477 South Cathy, WY 49981",Delivering
326,Ryan Hampton,a665a45920422f9d417e4867efdc4fb8a04a1f3fff1fa07e998e86f7f7a27ae3,8916521496,328-31-3228,4.9,"7251 Jennifer Vista Apt. 205 Amandahaven, PA 83240",Delivering
327,Victoria Fisher,a665a45920422f9d417e4867efdc4fb8a04a1f3fff1fa07e998e86f7f7a27ae3,645.434.9456x166,293-68-0952,4.4,"4192 Angela Brook Suite 566 Jenniferchester, CT 57408",Delivering
328,Michael Miller,a665a45920422f9d417e4867efdc4fb8a04a1f3fff1fa07e998e86f7f7a27ae3,(259)643-3353,828-23-7373,4.8,"84633 Wilson Springs Suite 616 Davidton, HI 42372",Delivering
329,Michael Garcia,a665a45920422f9d417e4867efdc4fb8a04a1f3fff1fa07e998e86f7f7a27ae3,752-397-6535,799-94-4143,4.5,"88783 Jane Ford Goodmanhaven, FL 45359",Delivering
330,Tammy Rodriguez,a665a45920422f9d417e4867efdc4fb8a04a1f3fff1fa07e998e86f7f7a27ae3,998.267.1495,032-80-7731,4.5,"4897 Phillip Stream Leahmouth, MI 82973",Delivering
331,Mark Ortiz,a665a45920422f9d417e4867efdc4fb8a04a1f3fff1fa07e998e86f7f7a27ae3,4155334500,789-34-0045,4.6,"74057 Hill Plains Port Craig, LA 75189",Resting
332,Kayla Phillips MD,a665a45920422f9d417e4867efdc4fb8a04a1f3fff1fa07e998e86f7f7a27ae3,(923)734-9987x10107,690-10-2143,4.8,"805 Carson Lodge South Michelleberg, MD 83114",Resting
333,Michelle Foster,a665a45920422f9d417e4867efdc4fb8a04a1f3fff1fa07e998e86f7f7a27ae3,521-540-9810,312-82-0655,3.7,"31760 Guzman Crest Pricefurt, MO 14754",Delivering
334,Michael Vega,a665a45920422f9d417e4867efdc4fb8a04a1f3fff1fa07e998e86f7f7a27ae3,633-399-0832,301-30-5526,4.9,"18327 Ho Land New Jennifer, NJ 47026",Delivering
335,Megan Armstrong,a665a45920422f9d417e4867efdc4fb8a04a1f3fff1fa07e998e86f7f7a27ae3,(744)866-1275x055,445-71-0063,3.6,"PSC 3816, Box 7631 APO AP 79245",Delivering
336,Anna Bridges,a665a45920422f9d417e4867efdc4fb8a04a1f3fff1fa07e998e86f7f7a27ae3,4199306883,552-08-3404,4.1,"479 Angela Glens Suite 406 Atkinsonbury, NJ 48737",Resting
337,Amanda Smith,a665a45920422f9d417e4867efdc4fb8a04a1f3fff1fa07e998e86f7f7a27ae3,705-633-6483,081-74-4075,4.6,"2454 Ingram Streets Apt. 775 Brownside, VT 49749",Resting
338,Gary Foster,a665a45920422f9d417e4867efdc4fb8a04a1f3fff1fa07e998e86f7f7a27ae3,707.666.5846,539-72-7345,4.6,"14380 Dean Key Suite 355 Walkerberg, NE 97237",Delivering
339,Renee Brady,a665a45920422f9d417e4867efdc4fb8a04a1f3fff1fa07e998e86f7f7a27ae3,6273614175,366-95-7348,4.7,"66135 Miller Trail West Margaretville, WY 42982",Delivering
340,Jacob Atkins,a665a45920422f9d417e4867efdc4fb8a04a1f3fff1fa07e998e86f7f7a27ae3,906.971.2126,797-18-7204,3.5,"43269 Grant Locks Apt. 013 South Josechester, RI 30725",Resting
341,Diana Knapp,a665a45920422f9d417e4867efdc4fb8a04a1f3fff1fa07e998e86f7f7a27ae3,473-349-0516x0559,450-90-2441,4.6,"17376 Simmons Springs Suite 608 West Josephtown, NV 51513",Resting
342,Shelly Todd,a665a45920422f9d417e4867efdc4fb8a04a1f3fff1fa07e998e86f7f7a27ae3,001-936-907-3815x295,298-93-6939,3.6,"2040 Kenneth Course Suite 999 East Carlos, NJ 75265",Delivering
343,Christopher Crawford,a665a45920422f9d417e4867efdc4fb8a04a1f3fff1fa07e998e86f7f7a27ae3,(205)333-9863,638-71-4795,4.5,USNS Scott FPO AP 01870,Available
344,Bryan Kim,a665a45920422f9d417e4867efdc4fb8a04a1f3fff1fa07e998e86f7f7a27ae3,001-200-702-3996x7806,680-15-0575,4.3,"69789 Joy Ramp Martinezfurt, WA 46016",Delivering
345,Megan Roberts,a665a45920422f9d417e4867efdc4fb8a04a1f3fff1fa07e998e86f7f7a27ae3,936.944.5313x21326,861-50-2478,3.6,"9114 Jared Plain Apt. 110 New Joseph, NC 72534",Resting
346,Erica Cooper,a665a45920422f9d417e4867efdc4fb8a04a1f3fff1fa07e998e86f7f7a27ae3,001-204-233-9177x60675,372-56-0562,4.8,"39154 Lauren Drive Suite 721 Baileyville, HI 94116",Resting
347,Justin Myers,a665a45920422f9d417e4867efdc4fb8a04a1f3fff1fa07e998e86f7f7a27ae3,362.346.2633x71833,435-46-2772,4.2,"475 Schwartz Pike East Christinahaven, MS 90233",Delivering
348,Summer Fisher,a665a45920422f9d417e4867efdc4fb8a04a1f3fff1fa07e998e86f7f7a27ae3,001-763-324-9570,378-43-6210,4.4,"98565 Susan Alley Jonathanville, NC 45679",Resting
349,Michael Rodgers,a665a45920422f9d417e4867efdc4fb8a04a1f3fff1fa07e998e86f7f7a27ae3,001-420-362-1720,657-11-9379,4.7,"06176 Timothy Manor Suite 605 West Jonathantown, FL 32619",Available
350,David Howe,a665a45920422f9d417e4867efdc4fb8a04a1f3fff1fa07e998e86f7f7a27ae3,(410)260-8842x8198,274-91-2264,3.8,"1887 Sanchez Turnpike Apt. 015 Lake Jenniferville, VA 61180",Delivering
351,Robert Wells,a665a45920422f9d417e4867efdc4fb8a04a1f3fff1fa07e998e86f7f7a27ae3,(499)877-0978,029-83-4757,3.9,"22456 Molina Valleys Reedberg, CA 99783",Available
352,Tracy Kelly,a665a45920422f9d417e4867efdc4fb8a04a1f3fff1fa07e998e86f7f7a27ae3,001-929-661-9169x434,261-14-9282,4.1,"30151 James Underpass Suite 940 South Troy, MP 35510",Delivering
353,Cindy Patterson,a665a45920422f9d417e4867efdc4fb8a04a1f3fff1fa07e998e86f7f7a27ae3,(384)483-8582,617-36-3467,3.8,USNS Santana FPO AP 02854,Resting
354,Mary Burgess,a665a45920422f9d417e4867efdc4fb8a04a1f3fff1fa07e998e86f7f7a27ae3,001-775-820-4758x834,065-86-0783,4.2,"8407 Freeman Stravenue Hillfort, WI 35930",Available
355,Angela Walker,a665a45920422f9d417e4867efdc4fb8a04a1f3fff1fa07e998e86f7f7a27ae3,+1-584-680-7867x5788,564-78-2750,4.8,"2461 Mark Underpass Suite 020 North Tricia, CT 45794",Delivering
356,Jonathan Sanchez,a665a45920422f9d417e4867efdc4fb8a04a1f3fff1fa07e998e86f7f7a27ae3,231-621-0801x9274,764-65-2640,4.0,"2214 Mary Bridge Suite 898 East Mariohaven, SC 45522",Available
357,Jorge Bailey,a665a45920422f9d417e4867efdc4fb8a04a1f3fff1fa07e998e86f7f7a27ae3,942.400.9907x102,028-82-6485,4.8,"852 Brooks Spur Apt. 220 Moniquechester, IA 32589",Delivering
358,Melissa Moses,a665a45920422f9d417e4867efdc4fb8a04a1f3fff1fa07e998e86f7f7a27ae3,+1-861-235-8042x743,863-57-1209,3.6,USNV Jones FPO AA 13929,Delivering
359,Lisa Ponce,a665a45920422f9d417e4867efdc4fb8a04a1f3fff1fa07e998e86f7f7a27ae3,+1-377-411-2029x53735,557-49-3195,3.6,"3917 Peter Pike Apt. 658 Port Linda, MT 23288",Resting
360,Nancy Warner,a665a45920422f9d417e4867efdc4fb8a04a1f3fff1fa07e998e86f7f7a27ae3,(769)323-7905x013,686-88-1482,4.4,"14354 Garza Lock Port Brianstad, MA 89816",Available
361,Brianna Wilcox,a665a45920422f9d417e4867efdc4fb8a04a1f3fff1fa07e998e86f7f7a27ae3,(284)865-1475,873-71-2172,3.5,"2915 Trevor Shore Allenborough, DE 88473",Resting
362,Sarah Ramsey,a665a45920422f9d417e4867efdc4fb8a04a1f3fff1fa07e998e86f7f7a27ae3,+1-201-679-6060x416,628-02-9892,4.0,"0296 Cortez Avenue Suite 461 West Michelle, NH 14730",Delivering
363,Raymond Villanueva,a665a45920422f9d417e4867efdc4fb8a04a1f3fff1fa07e998e86f7f7a27ae3,+1-846-554-8793,820-05-9851,3.8,"PSC 7604, Box 0842 APO AE 01607",Available
364,Joseph Smith,a665a45920422f9d417e4867efdc4fb8a04a1f3fff1fa07e998e86f7f7a27ae3,+1-906-610-0993x02075,852-08-7164,4.6,"2198 Julia Estates Suite 390 Christopherview, WY 56960",Available
365,Angela Kemp,a665a45920422f9d417e4867efdc4fb8a04a1f3fff1fa07e998e86f7f7a27ae3,856.403.4202x93513,725-68-4372,4.7,"72080 Miller Spurs Port Suechester, LA 95300",Resting
366,Carlos Stewart,a665a45920422f9d417e4867efdc4fb8a04a1f3fff1fa07e998e86f7f7a27ae3,707.776.2254x6784,374-93-8219,4.4,"6685 Brittany Alley Suite 945 Dianeberg, ME 70223",Delivering
367,James Holland,a665a45920422f9d417e4867efdc4fb8a04a1f3fff1fa07e998e86f7f7a27ae3,378.349.3315,293-70-0804,4.3,"91704 Darius Vista Jamiefurt, SC 17501",Delivering
368,Wendy Lawson,a665a45920422f9d417e4867efdc4fb8a04a1f3fff1fa07e998e86f7f7a27ae3,391-918-4170,264-09-2668,4.3,Unit 1554 Box 4772 DPO AP 72413,Delivering
369,Norma Washington,a665a45920422f9d417e4867efdc4fb8a04a1f3fff1fa07e998e86f7f7a27ae3,520-466-9577x51316,778-23-1477,3.5,"5651 Emily Tunnel Apt. 746 West Jenniferview, MD 59163",Resting
370,Kevin Morrow,a665a45920422f9d417e4867efdc4fb8a04a1f3fff1fa07e998e86f7f7a27ae3,234-546-1813x88756,426-38-9736,3.8,"9532 Wall Overpass Apt. 179 New Debramouth, GU 85136",Resting
371,Renee Peters,a665a45920422f9d417e4867efdc4fb8a04a1f3fff1fa07e998e86f7f7a27ae3,674-820-1227x25185,483-52-8113,4.9,"404 Shelley Fords Suite 273 Kennedyside, CA 83681",Resting
372,Selena Wolfe,a665a45920422f9d417e4867efdc4fb8a04a1f3fff1fa07e998e86f7f7a27ae3,+1-312-740-9610x248,877-13-0793,3.9,"125 Carrie Circle Shannonmouth, MI 76196",Delivering
373,Mario Eaton,a665a45920422f9d417e4867efdc4fb8a04a1f3fff1fa07e998e86f7f7a27ae3,637.296.9280x070,011-53-5288,4.4,"6408 Byrd Park Petersonburgh, CA 57648",Delivering
374,Carol Rosario,a665a45920422f9d417e4867efdc4fb8a04a1f3fff1fa07e998e86f7f7a27ae3,687-720-0390x7764,825-65-0851,4.5,"858 Taylor Squares Suite 481 Scottburgh, IN 46451",Available
375,Elizabeth Foster,a665a45920422f9d417e4867efdc4fb8a04a1f3fff1fa07e998e86f7f7a27ae3,001-678-544-5753,158-54-2273,4.3,"2124 Hernandez Lakes Suite 438 Williamsborough, AK 92780",Available
376,Paul Miller,a665a45920422f9d417e4867efdc4fb8a04a1f3fff1fa07e998e86f7f7a27ae3,(847)330-9605,824-12-0277,4.3,"31790 Julie Oval East Dakota, AR 39487",Resting
377,Megan Johnson,a665a45920422f9d417e4867efdc4fb8a04a1f3fff1fa07e998e86f7f7a27ae3,544.588.6561,578-75-8694,4.2,"710 Ashley Ford Suite 263 Lake Michelle, IN 09528",Available
378,Crystal Glass,a665a45920422f9d417e4867efdc4fb8a04a1f3fff1fa07e998e86f7f7a27ae3,7933368175,577-63-4896,4.7,"PSC 4598, Box 9514 APO AA 10315",Resting
379,Daniel Kirby,a665a45920422f9d417e4867efdc4fb8a04a1f3fff1fa07e998e86f7f7a27ae3,2599207699,238-60-2275,3.6,"24720 Dennis Lodge Lake Christopherborough, WA 02869",Resting
380,Caitlyn Spencer MD,a665a45920422f9d417e4867efdc4fb8a04a1f3fff1fa07e998e86f7f7a27ae3,+1-580-754-6493x6619,310-98-2417,4.0,"570 Jade Tunnel Collinsstad, NC 68420",Resting
381,Victoria French,a665a45920422f9d417e4867efdc4fb8a04a1f3fff1fa07e998e86f7f7a27ae3,685-397-6050x144,122-92-0308,3.9,"57855 Casey Extensions Lake Michelle, AK 32825",Available
382,Mrs. Andrea Singh,a665a45920422f9d417e4867efdc4fb8a04a1f3fff1fa07e998e86f7f7a27ae3,657.663.8757,380-67-5533,4.7,"1012 Jeremy Landing Charleneview, IN 82256",Resting
383,Eric Smith,a665a45920422f9d417e4867efdc4fb8a04a1f3fff1fa07e998e86f7f7a27ae3,558.855.1598,814-06-3403,3.6,"62193 Martin Valley Lake Marco, NV 13102",Available
384,Sharon Miller,a665a45920422f9d417e4867efdc4fb8a04a1f3fff1fa07e998e86f7f7a27ae3,001-209-641-9120x51239,843-64-2868,4.6,"56946 Elizabeth Court North Dustinburgh, DE 44810",Available
385,Molly Acosta,a665a45920422f9d417e4867efdc4fb8a04a1f3fff1fa07e998e86f7f7a27ae3,285-516-1975,461-64-7267,5.0,"77876 Mueller Shoal Derekburgh, CT 87601",Delivering
386,Tyler Sims,a665a45920422f9d417e4867efdc4fb8a04a1f3fff1fa07e998e86f7f7a27ae3,462-676-0057x524,077-26-6722,3.6,"PSC 4237, Box 0127 APO AE 10365",Resting
387,Roy Ochoa,a665a45920422f9d417e4867efdc4fb8a04a1f3fff1fa07e998e86f7f7a27ae3,(352)281-4012x58000,696-04-1693,4.2,"813 Carney Views Lake Suzannebury, DC 91844",Resting
388,Kevin Harvey,a665a45920422f9d417e4867efdc4fb8a04a1f3fff1fa07e998e86f7f7a27ae3,859.301.6661,552-53-5758,4.5,"179 Ronald Plains Maryview, VT 54316",Delivering
389,Michael Mcdaniel,a665a45920422f9d417e4867efdc4fb8a04a1f3fff1fa07e998e86f7f7a27ae3,682.781.1513x68521,492-04-0092,4.1,"8395 Chang Neck South Dennistown, KS 54886",Delivering
390,Richard Thompson,a665a45920422f9d417e4867efdc4fb8a04a1f3fff1fa07e998e86f7f7a27ae3,285-653-6724x7720,792-42-8106,4.6,"3211 Brittney Plain Port Diane, MT 17986",Resting
391,Scott Ford,a665a45920422f9d417e4867efdc4fb8a04a1f3fff1fa07e998e86f7f7a27ae3,686.421.5951,257-06-5409,4.4,"88608 Whitaker Brooks Michaelchester, GU 75067",Resting
392,Jessica Sanchez,a665a45920422f9d417e4867efdc4fb8a04a1f3fff1fa07e998e86f7f7a27ae3,599-447-0798x8441,285-36-0604,3.7,"150 Crawford Plaza Port Leah, FM 64806",Resting
393,Mr. Anthony Small DDS,a665a45920422f9d417e4867efdc4fb8a04a1f3fff1fa07e998e86f7f7a27ae3,(537)655-5432x858,507-40-1387,4.4,"84401 Meyer Haven Staceyhaven, AL 55948",Available
394,Tracy Anderson,a665a45920422f9d417e4867efdc4fb8a04a1f3fff1fa07e998e86f7f7a27ae3,+1-742-919-5376x5067,684-99-6328,3.9,"8783 Olson Ranch Apt. 766 Andersonmouth, MP 94235",Delivering
395,Ann Knight,a665a45920422f9d417e4867efdc4fb8a04a1f3fff1fa07e998e86f7f7a27ae3,001-853-226-2222x26728,508-52-0435,4.1,"2866 Sarah Spring Joneschester, KS 85870",Delivering
396,Robert Campbell,a665a45920422f9d417e4867efdc4fb8a04a1f3fff1fa07e998e86f7f7a27ae3,7007029313,009-88-9430,4.1,"083 Whitney Streets Howardport, SC 07859",Delivering
397,Marie Fisher,a665a45920422f9d417e4867efdc4fb8a04a1f3fff1fa07e998e86f7f7a27ae3,621-723-2898,529-27-5719,4.0,"94976 Michael Dale Apt. 145 Toniton, NH 75208",Delivering
398,Sandra Flores,a665a45920422f9d417e4867efdc4fb8a04a1f3fff1fa07e998e86f7f7a27ae3,696-737-5129,003-94-9282,4.9,"23799 Parker Hollow West Stevenport, GA 68949",Delivering
399,Dr. Julie Johnson,a665a45920422f9d417e4867efdc4fb8a04a1f3fff1fa07e998e86f7f7a27ae3,001-830-844-8499x186,203-44-4207,4.1,"2829 Burgess Lake Stephenberg, MP 80877",Delivering
400,Jonathon Stone,a665a45920422f9d417e4867efdc4fb8a04a1f3fff1fa07e998e86f7f7a27ae3,447.471.2433,196-99-2075,3.6,"8944 Heather Squares Suite 671 West Ashleymouth, MA 30540",Resting
401,Mr. Antonio Austin,a665a45920422f9d417e4867efdc4fb8a04a1f3fff1fa07e998e86f7f7a27ae3,771.424.0153x59672,442-37-4875,3.9,"PSC 4915, Box 9374 APO AE 51598",Available
402,Melissa Fletcher,a665a45920422f9d417e4867efdc4fb8a04a1f3fff1fa07e998e86f7f7a27ae3,968-533-5818,227-34-9453,4.4,"872 Hamilton Heights East Amberfort, OH 93426",Delivering
403,Edgar Carr,a665a45920422f9d417e4867efdc4fb8a04a1f3fff1fa07e998e86f7f7a27ae3,(359)462-8186x9242,210-49-1547,5.0,"78054 David Pass Suite 978 Ellisland, LA 41020",Available
404,Grace Taylor,a665a45920422f9d417e4867efdc4fb8a04a1f3fff1fa07e998e86f7f7a27ae3,(579)891-4560,866-85-3140,4.1,"4599 Tammy Way Apt. 544 Port Kevinshire, TN 40989",Available
405,Ashley Lee,a665a45920422f9d417e4867efdc4fb8a04a1f3fff1fa07e998e86f7f7a27ae3,001-287-319-0356,427-97-5297,3.7,"8890 Lori Ridges Suite 518 South Breanna, MO 93391",Delivering
406,Julia Oliver,a665a45920422f9d417e4867efdc4fb8a04a1f3fff1fa07e998e86f7f7a27ae3,467.682.6844,321-94-6186,3.8,"955 Patrick Park Lake Alanstad, HI 20662",Resting
407,Brent Morrison,a665a45920422f9d417e4867efdc4fb8a04a1f3fff1fa07e998e86f7f7a27ae3,+1-357-425-8708x3436,395-51-3222,4.1,"33898 Julie Rue Suite 651 Rogersmouth, MT 41214",Delivering
408,Ann Wallace,a665a45920422f9d417e4867efdc4fb8a04a1f3fff1fa07e998e86f7f7a27ae3,(684)826-1539,102-30-0161,3.7,"72960 Williams Land Apt. 704 Feliciastad, FM 89343",Resting
409,Dr. Joseph Peters,a665a45920422f9d417e4867efdc4fb8a04a1f3fff1fa07e998e86f7f7a27ae3,001-996-627-7345,005-52-1271,3.5,"0237 Baker Squares Suite 070 Bradfordton, ND 05215",Resting
410,Stephanie Webb,a665a45920422f9d417e4867efdc4fb8a04a1f3fff1fa07e998e86f7f7a27ae3,+1-319-209-6247,067-70-7070,3.8,"4374 Fields Pike West Anna, DC 67690",Available
411,Jonathan Norman,a665a45920422f9d417e4867efdc4fb8a04a1f3fff1fa07e998e86f7f7a27ae3,001-878-208-5286x68160,239-53-4811,4.8,USCGC Bradford FPO AE 19511,Resting
412,Megan Hughes,a665a45920422f9d417e4867efdc4fb8a04a1f3fff1fa07e998e86f7f7a27ae3,749.801.8366,109-42-0738,3.5,"70465 Foster Run Georgeton, IA 66859",Available
413,Bonnie Dennis,a665a45920422f9d417e4867efdc4fb8a04a1f3fff1fa07e998e86f7f7a27ae3,5097442843,691-91-9222,5.0,"530 Gabriela Lodge Apt. 226 North Nicolebury, OR 40573",Resting
414,Christopher Sanchez,a665a45920422f9d417e4867efdc4fb8a04a1f3fff1fa07e998e86f7f7a27ae3,+1-782-351-9048x1953,732-16-6273,4.8,"41280 Santana Road Apt. 681 Port Tyler, ME 39418",Available
415,James Taylor,a665a45920422f9d417e4867efdc4fb8a04a1f3fff1fa07e998e86f7f7a27ae3,5535784190,702-85-8013,4.4,"4351 Matthew Mall Suite 083 East Vanessa, DE 79088",Delivering
416,Chad Robertson,a665a45920422f9d417e4867efdc4fb8a04a1f3fff1fa07e998e86f7f7a27ae3,001-859-769-2482,200-10-5062,4.9,"81022 Mcdaniel Loop Suite 903 Fisherstad, SC 94548",Available
417,Kathryn Baker,a665a45920422f9d417e4867efdc4fb8a04a1f3fff1fa07e998e86f7f7a27ae3,+1-477-439-7432x561,492-03-0972,3.9,"83445 Peterson Plain West Megan, SC 16395",Resting
418,Joseph Hopkins,a665a45920422f9d417e4867efdc4fb8a04a1f3fff1fa07e998e86f7f7a27ae3,537-996-1956x2180,423-33-3108,4.4,"18044 Roger Fords Parsonsport, AK 12200",Delivering
419,Gary Anderson,a665a45920422f9d417e4867efdc4fb8a04a1f3fff1fa07e998e86f7f7a27ae3,001-517-567-8955x52391,214-39-5032,4.8,"6354 Sandra Pike Jodiberg, AR 65735",Available
420,Wesley Alexander,a665a45920422f9d417e4867efdc4fb8a04a1f3fff1fa07e998e86f7f7a27ae3,(432)413-8450,560-31-7560,3.9,"6691 Tracie Isle Matthewtown, MD 56659",Resting
421,Jonathan Alvarez,a665a45920422f9d417e4867efdc4fb8a04a1f3fff1fa07e998e86f7f7a27ae3,323-313-3369x8211,702-69-5247,3.6,"39348 Alexis Village Apt. 472 Mariashire, AK 00565",Available
422,Randy Coleman,a665a45920422f9d417e4867efdc4fb8a04a1f3fff1fa07e998e86f7f7a27ae3,3626120989,616-60-4763,4.0,"8591 Newton Mission East Eric, WA 31566",Delivering
423,Aaron Wilson,a665a45920422f9d417e4867efdc4fb8a04a1f3fff1fa07e998e86f7f7a27ae3,001-763-708-1993x165,627-31-5915,3.5,USNV Bennett FPO AP 56962,Delivering
424,Alexandra Molina,a665a45920422f9d417e4867efdc4fb8a04a1f3fff1fa07e998e86f7f7a27ae3,+1-387-775-0113x877,531-97-7515,4.9,"7457 Jasmine Grove Suite 956 Jenniferborough, WY 98448",Available
425,Nicolas Ramirez,a665a45920422f9d417e4867efdc4fb8a04a1f3fff1fa07e998e86f7f7a27ae3,+1-566-763-3080x24556,221-89-2316,3.9,"162 Dustin Hills Suite 205 Nicholasport, MN 37012",Resting
426,Jennifer Mendoza,a665a45920422f9d417e4867efdc4fb8a04a1f3fff1fa07e998e86f7f7a27ae3,393-607-6149x889,611-67-2033,4.3,"062 Torres Fork Apt. 011 Charlesburgh, DE 55497",Delivering
427,Brittany Beasley,a665a45920422f9d417e4867efdc4fb8a04a1f3fff1fa07e998e86f7f7a27ae3,001-899-793-7232,196-79-3378,4.7,"179 Gonzalez Loaf Lake Katherinefurt, CT 55213",Delivering
428,Alicia Lee,a665a45920422f9d417e4867efdc4fb8a04a1f3fff1fa07e998e86f7f7a27ae3,868.379.4338x98297,859-90-7223,4.5,USS Nelson FPO AE 83218,Resting
429,Joseph Simmons,a665a45920422f9d417e4867efdc4fb8a04a1f3fff1fa07e998e86f7f7a27ae3,843.963.6834x96944,286-82-5164,4.3,"45303 Daniels Points Apt. 052 Martinezburgh, OR 70845",Available
430,Jacob Farrell,a665a45920422f9d417e4867efdc4fb8a04a1f3fff1fa07e998e86f7f7a27ae3,+1-931-899-3298x4084,711-90-8960,4.6,"3058 Omar Pass Port John, OR 75133",Delivering
431,Devon Smith,a665a45920422f9d417e4867efdc4fb8a04a1f3fff1fa07e998e86f7f7a27ae3,5099965931,601-20-2630,3.8,"138 Smith Flat North Jessicaton, WA 17055",Delivering
432,Kevin Livingston,a665a45920422f9d417e4867efdc4fb8a04a1f3fff1fa07e998e86f7f7a27ae3,475.204.2725,015-91-0737,4.7,"63937 Hawkins Village Jonathanton, VA 63884",Delivering
433,Crystal Gould,a665a45920422f9d417e4867efdc4fb8a04a1f3fff1fa07e998e86f7f7a27ae3,2058126163,251-01-1638,4.4,"6995 Harrison Plains Port Lindsey, WA 44552",Resting
434,Jennifer King,a665a45920422f9d417e4867efdc4fb8a04a1f3fff1fa07e998e86f7f7a27ae3,(953)916-6686x78938,028-17-9764,4.7,"8637 Justin Street Apt. 447 Lake Michaelchester, FM 85119",Resting
435,David Rodriguez,a665a45920422f9d417e4867efdc4fb8a04a1f3fff1fa07e998e86f7f7a27ae3,(212)987-9823,163-10-6599,3.5,"1842 David Meadows Apt. 711 West Danielville, MH 15191",Delivering
436,Melinda Gillespie,a665a45920422f9d417e4867efdc4fb8a04a1f3fff1fa07e998e86f7f7a27ae3,777-657-7109x90785,733-70-5432,4.9,"023 Jeff Place Apt. 774 Brandonton, MS 20517",Available
437,Andrew Morris,a665a45920422f9d417e4867efdc4fb8a04a1f3fff1fa07e998e86f7f7a27ae3,001-288-634-1115x16646,415-59-5911,4.9,"262 Watkins Pine Suite 385 South Denisehaven, DC 62784",Delivering
438,Kimberly Hudson,a665a45920422f9d417e4867efdc4fb8a04a1f3fff1fa07e998e86f7f7a27ae3,001-370-590-1024,891-62-1183,4.3,"5131 Colin Trail Suite 484 South Kathy, CA 30799",Available
439,Jay English,a665a45920422f9d417e4867efdc4fb8a04a1f3fff1fa07e998e86f7f7a27ae3,438.662.5799x6228,455-57-6639,4.3,"064 Phillips Centers Jasonside, TN 29028",Resting
440,Nicole Weaver,a665a45920422f9d417e4867efdc4fb8a04a1f3fff1fa07e998e86f7f7a27ae3,803-253-4793x8991,737-51-3000,4.7,"7296 Bell Freeway Suite 669 Johnfurt, MP 91947",Resting
441,Erica Sanchez,a665a45920422f9d417e4867efdc4fb8a04a1f3fff1fa07e998e86f7f7a27ae3,(550)857-0150x779,078-84-1172,4.1,"074 Fox Springs Rodriguezville, NJ 11864",Available
442,Victoria Bowers,a665a45920422f9d417e4867efdc4fb8a04a1f3fff1fa07e998e86f7f7a27ae3,(316)730-2930,486-50-0758,4.8,"666 Mary Roads Davilatown, MD 86564",Resting
443,Mark Love,a665a45920422f9d417e4867efdc4fb8a04a1f3fff1fa07e998e86f7f7a27ae3,429-549-5508,242-35-6193,4.2,"4757 Haley Port Lake Micheleborough, MT 79721",Resting
444,Randy Stewart,a665a45920422f9d417e4867efdc4fb8a04a1f3fff1fa07e998e86f7f7a27ae3,5747382103,447-54-0492,4.5,"6734 Jody Hill Apt. 457 New Markberg, KS 89366",Resting
445,Kelly Whitehead,a665a45920422f9d417e4867efdc4fb8a04a1f3fff1fa07e998e86f7f7a27ae3,(367)579-0834x89257,231-49-0904,4.2,"68608 Rogers Radial Nicoleborough, MT 49810",Delivering
446,Kristina Thomas,a665a45920422f9d417e4867efdc4fb8a04a1f3fff1fa07e998e86f7f7a27ae3,389.604.4040,634-38-2590,3.8,"PSC 8741, Box 7598 APO AP 54086",Delivering
447,Linda Romero,a665a45920422f9d417e4867efdc4fb8a04a1f3fff1fa07e998e86f7f7a27ae3,(722)810-7311x6751,008-47-5448,4.2,"204 Michelle Crossing Johnchester, AR 98015",Resting
448,Lee Murphy,a665a45920422f9d417e4867efdc4fb8a04a1f3fff1fa07e998e86f7f7a27ae3,686.865.7678,585-29-6009,4.4,"1391 Schneider Turnpike New Daniel, MH 53732",Delivering
449,Steven Clayton,a665a45920422f9d417e4867efdc4fb8a04a1f3fff1fa07e998e86f7f7a27ae3,927-571-9100,808-75-3058,3.7,"97453 Brett Oval Suite 542 South Melissa, MO 39414",Available
450,Joshua Hebert,a665a45920422f9d417e4867efdc4fb8a04a1f3fff1fa07e998e86f7f7a27ae3,+1-370-572-2532x6405,784-98-8123,4.8,"5078 Perez Crossroad East Kellibury, AR 39782",Delivering
451,James Sullivan,a665a45920422f9d417e4867efdc4fb8a04a1f3fff1fa07e998e86f7f7a27ae3,639-590-3092,470-94-5207,3.8,"00636 Moss Crescent Apt. 074 Leviview, AR 12380",Delivering
452,Joseph Green,a665a45920422f9d417e4867efdc4fb8a04a1f3fff1fa07e998e86f7f7a27ae3,6028532317,719-42-7318,4.1,"28306 Liu Ridges Apt. 830 Bellhaven, ND 16935",Delivering
453,Lawrence Kirby,a665a45920422f9d417e4867efdc4fb8a04a1f3fff1fa07e998e86f7f7a27ae3,001-842-967-9532,533-97-9125,3.6,"71630 Brandon Port New Lukeborough, NM 93529",Available
454,Matthew Roberson,a665a45920422f9d417e4867efdc4fb8a04a1f3fff1fa07e998e86f7f7a27ae3,855-315-4374x1914,586-24-9612,4.5,"55622 Morgan Plains Apt. 430 Port Jennifer, NE 16437",Available
455,Lindsey Mcdaniel,a665a45920422f9d417e4867efdc4fb8a04a1f3fff1fa07e998e86f7f7a27ae3,467-839-4419x137,751-18-9730,3.7,"7831 Jenny Parkway Washingtontown, AR 39037",Resting
456,Dawn Mitchell,a665a45920422f9d417e4867efdc4fb8a04a1f3fff1fa07e998e86f7f7a27ae3,+1-428-693-9286,157-44-8891,4.1,"0187 Jeffrey Knoll Suite 261 East Tylerville, IL 87592",Available
457,Nicole Chapman,a665a45920422f9d417e4867efdc4fb8a04a1f3fff1fa07e998e86f7f7a27ae3,+1-892-985-6901,104-88-2390,3.7,"438 Mark Lock Suite 058 Cooperside, OH 35824",Resting
458,Sarah Wilson,a665a45920422f9d417e4867efdc4fb8a04a1f3fff1fa07e998e86f7f7a27ae3,001-853-607-2220x96049,471-07-7099,4.5,"2160 Carter Pine New Victor, NH 15852",Resting
459,Alexander Wyatt,a665a45920422f9d417e4867efdc4fb8a04a1f3fff1fa07e998e86f7f7a27ae3,(319)334-4517x7826,346-73-4209,4.4,"8034 Sean Station Hannahborough, AL 77303",Resting
460,Diana Alexander,a665a45920422f9d417e4867efdc4fb8a04a1f3fff1fa07e998e86f7f7a27ae3,889.592.3917x978,281-43-0009,4.1,"62598 Stevens Fall Lake Mark, GU 01712",Delivering
461,Sandra Jones,a665a45920422f9d417e4867efdc4fb8a04a1f3fff1fa07e998e86f7f7a27ae3,349-418-1614,121-46-3800,3.6,"97272 Fisher Haven Robinberg, FL 09843",Delivering
462,Michael Potter,a665a45920422f9d417e4867efdc4fb8a04a1f3fff1fa07e998e86f7f7a27ae3,+1-765-495-3371x397,482-14-7153,4.1,"88328 Kelly Extensions Masonbury, OR 47579",Delivering
463,Kristina Willis,a665a45920422f9d417e4867efdc4fb8a04a1f3fff1fa07e998e86f7f7a27ae3,001-309-768-3276x93436,546-34-8362,3.6,"208 Richardson Unions Apt. 087 Josephburgh, ID 62380",Resting
464,April Reid,a665a45920422f9d417e4867efdc4fb8a04a1f3fff1fa07e998e86f7f7a27ae3,3275383418,320-41-3509,4.6,"4212 Vargas Ports East Courtneystad, VA 23143",Delivering
465,William Price,a665a45920422f9d417e4867efdc4fb8a04a1f3fff1fa07e998e86f7f7a27ae3,731-515-3834,522-71-6110,4.0,"370 Frost Route North Brittany, TX 64510",Delivering
466,Sarah Myers,a665a45920422f9d417e4867efdc4fb8a04a1f3fff1fa07e998e86f7f7a27ae3,8489080682,209-24-5600,3.7,"378 Roberts Prairie Mariabury, LA 02342",Delivering
467,Stephen Mayo,a665a45920422f9d417e4867efdc4fb8a04a1f3fff1fa07e998e86f7f7a27ae3,001-946-559-1090x24261,078-46-6815,4.7,"77492 Cruz Points South Nicolemouth, ND 20020",Delivering
468,Colleen Spence,a665a45920422f9d417e4867efdc4fb8a04a1f3fff1fa07e998e86f7f7a27ae3,+1-547-287-4397x48862,120-01-5301,3.9,"14078 Jeremy Inlet New Stephanie, MD 54775",Delivering
469,Sean Maldonado,a665a45920422f9d417e4867efdc4fb8a04a1f3fff1fa07e998e86f7f7a27ae3,677-586-2072,839-87-1225,4.1,"094 Joshua Springs Apt. 638 New Hannah, AK 18679",Resting
470,Laurie Crane,a665a45920422f9d417e4867efdc4fb8a04a1f3fff1fa07e998e86f7f7a27ae3,(378)705-7804x969,710-94-6491,4.6,"2936 Nelson Islands West Crystalside, AZ 75806",Delivering
471,Matthew Beck,a665a45920422f9d417e4867efdc4fb8a04a1f3fff1fa07e998e86f7f7a27ae3,(234)951-0537x14967,509-41-0967,3.7,"45984 Swanson Mill Sharonside, ID 17265",Resting
472,Christina Schmidt,a665a45920422f9d417e4867efdc4fb8a04a1f3fff1fa07e998e86f7f7a27ae3,461-888-4714x2735,057-57-0819,3.8,"61227 Samantha Estates Bradleymouth, IL 64484",Available
473,Kara Foster,a665a45920422f9d417e4867efdc4fb8a04a1f3fff1fa07e998e86f7f7a27ae3,432-693-1516x208,650-85-2127,4.4,"9911 Katelyn Squares Lake Cynthia, WI 21434",Resting
474,Dawn Bond,a665a45920422f9d417e4867efdc4fb8a04a1f3fff1fa07e998e86f7f7a27ae3,633-944-3698x46079,562-45-9916,4.5,"245 Tiffany Stream Paulmouth, FL 48150",Available
475,Rebecca Calderon,a665a45920422f9d417e4867efdc4fb8a04a1f3fff1fa07e998e86f7f7a27ae3,785-863-8091x337,133-12-9380,3.7,"5232 Zachary Ridges West Conniestad, NC 31308",Delivering
476,Diana Kline,a665a45920422f9d417e4867efdc4fb8a04a1f3fff1fa07e998e86f7f7a27ae3,477.974.9325x32452,593-90-7762,3.9,"8796 Freeman Fords South Nicolasberg, AZ 54213",Delivering
477,Anthony Peterson,a665a45920422f9d417e4867efdc4fb8a04a1f3fff1fa07e998e86f7f7a27ae3,980-461-0800,038-29-2759,4.1,"5208 Barber Mountains Apt. 827 West Larry, PA 42407",Available
478,Dustin Reed,a665a45920422f9d417e4867efdc4fb8a04a1f3fff1fa07e998e86f7f7a27ae3,001-538-603-5379x99276,808-71-8278,4.4,"33849 Huff Stream Suite 477 West Kimberlyborough, AZ 13451",Delivering
479,Michele Ford,a665a45920422f9d417e4867efdc4fb8a04a1f3fff1fa07e998e86f7f7a27ae3,+1-797-521-2631x508,550-17-1492,4.8,"171 John Centers Apt. 532 West Matthew, ID 98291",Resting
480,Regina Blackburn,a665a45920422f9d417e4867efdc4fb8a04a1f3fff1fa07e998e86f7f7a27ae3,001-847-464-0052,116-23-1622,3.6,"8598 Dustin Burgs Jeffreyview, MA 76810",Available
481,Jennifer Scott,a665a45920422f9d417e4867efdc4fb8a04a1f3fff1fa07e998e86f7f7a27ae3,(623)959-5092x1279,484-57-0318,4.4,"021 Cook Rest Apt. 081 Cindystad, GU 65419",Resting
482,Nancy Rasmussen,a665a45920422f9d417e4867efdc4fb8a04a1f3fff1fa07e998e86f7f7a27ae3,6088129472,892-70-7768,4.9,"86587 Jason Keys Davenportview, NC 63586",Resting
483,David White,a665a45920422f9d417e4867efdc4fb8a04a1f3fff1fa07e998e86f7f7a27ae3,297-517-9471x427,717-34-1708,4.7,"9778 Watts Mill New Caitlin, LA 96979",Available
484,Claire Mitchell,a665a45920422f9d417e4867efdc4fb8a04a1f3fff1fa07e998e86f7f7a27ae3,(966)954-2422,752-90-7659,4.2,"85217 Tami Fords Lake Sarahmouth, OH 79485",Resting
485,David Foster,a665a45920422f9d417e4867efdc4fb8a04a1f3fff1fa07e998e86f7f7a27ae3,428-457-4142,616-33-8903,4.8,"3908 Brown Harbors Williamsborough, CO 45110",Available
486,Stephanie Allen,a665a45920422f9d417e4867efdc4fb8a04a1f3fff1fa07e998e86f7f7a27ae3,(637)896-1076,577-27-5453,3.9,"1199 Morris Drive Suite 744 Port Gabrielaview, KS 51723",Resting
487,Brian Sawyer,a665a45920422f9d417e4867efdc4fb8a04a1f3fff1fa07e998e86f7f7a27ae3,733-776-0555,632-94-6679,3.5,"9645 Bowers Stravenue Suite 179 Sandraville, WI 89801",Available
488,Allison Gomez,a665a45920422f9d417e4867efdc4fb8a04a1f3fff1fa07e998e86f7f7a27ae3,636-341-2340,745-65-3001,4.0,"85296 Hayes Drives Williamburgh, ME 74538",Available
489,Shelby Beard,a665a45920422f9d417e4867efdc4fb8a04a1f3fff1fa07e998e86f7f7a27ae3,490-652-6721x74340,598-19-0841,4.1,Unit 4284 Box 4815 DPO AP 45948,Available
490,Jill Moore,a665a45920422f9d417e4867efdc4fb8a04a1f3fff1fa07e998e86f7f7a27ae3,202.846.1412,100-97-0551,4.4,"8424 Booth Trail Lake Caleb, ME 65986",Available
491,Andrea Pineda,a665a45920422f9d417e4867efdc4fb8a04a1f3fff1fa07e998e86f7f7a27ae3,220-754-0082x56517,170-81-7873,3.9,"481 Deanna Locks Apt. 651 Zacharyburgh, DE 86950",Available
492,Brooke Garcia,a665a45920422f9d417e4867efdc4fb8a04a1f3fff1fa07e998e86f7f7a27ae3,+1-418-740-4645x4303,541-84-2417,4.7,"18274 Sydney Prairie Stephenbury, MD 71094",Resting
493,John Matthews,a665a45920422f9d417e4867efdc4fb8a04a1f3fff1fa07e998e86f7f7a27ae3,853-879-5328x58556,227-15-9962,4.8,Unit 8209 Box 1645 DPO AA 84291,Resting
494,William Vazquez MD,a665a45920422f9d417e4867efdc4fb8a04a1f3fff1fa07e998e86f7f7a27ae3,915.642.2592,486-13-0680,4.2,"573 Laura Passage Suite 516 Craigborough, AK 64955",Available
495,Marcus Miller,a665a45920422f9d417e4867efdc4fb8a04a1f3fff1fa07e998e86f7f7a27ae3,530.217.8185x099,860-31-5176,4.7,"0186 Jonathan Light Hannahfurt, GU 02170",Delivering
496,Allison Benson,a665a45920422f9d417e4867efdc4fb8a04a1f3fff1fa07e998e86f7f7a27ae3,001-813-915-0106x359,585-33-9453,3.8,USNV Smith FPO AP 39716,Available
497,Elizabeth Chan,a665a45920422f9d417e4867efdc4fb8a04a1f3fff1fa07e998e86f7f7a27ae3,001-793-630-2748x5116,107-40-9199,3.7,"7134 Henderson Underpass Suite 842 Adamsport, CT 01711",Resting
498,Erica Morrow,a665a45920422f9d417e4867efdc4fb8a04a1f3fff1fa07e998e86f7f7a27ae3,(703)206-2767x6262,129-13-3970,4.1,"635 Kimberly Views West Dustinmouth, MH 75624",Delivering
499,Matthew Young,a665a45920422f9d417e4867efdc4fb8a04a1f3fff1fa07e998e86f7f7a27ae3,357-714-7095,380-65-8118,3.7,"4201 Victor Isle Apt. 224 South Matthew, MH 10506",Delivering
500,Christopher Leonard,a665a45920422f9d417e4867efdc4fb8a04a1f3fff1fa07e998e86f7f7a27ae3,+1-970-558-3488,625-13-5923,4.2,"04488 Mendez Hills Thomasland, HI 60032",Available
501,Julie Pena,a665a45920422f9d417e4867efdc4fb8a04a1f3fff1fa07e998e86f7f7a27ae3,519-631-5817,592-92-2704,3.8,"03893 Gary Club Suite 541 Wilsonmouth, IA 81868",Delivering
502,Julie Price,a665a45920422f9d417e4867efdc4fb8a04a1f3fff1fa07e998e86f7f7a27ae3,001-433-310-4071x41730,835-34-4787,4.4,"503 Wanda Courts Suite 406 Dwaynemouth, NY 64465",Delivering
503,Lisa Sellers,a665a45920422f9d417e4867efdc4fb8a04a1f3fff1fa07e998e86f7f7a27ae3,524-584-7684,054-95-2505,3.7,"60163 Peter River Apt. 234 North Bruce, TN 09325",Resting
504,Maria Hodge,a665a45920422f9d417e4867efdc4fb8a04a1f3fff1fa07e998e86f7f7a27ae3,914.543.7517,062-61-7536,4.1,"1831 Matthew Square Apt. 978 New Christopherland, VI 35336",Resting
505,Keith Barajas,a665a45920422f9d417e4867efdc4fb8a04a1f3fff1fa07e998e86f7f7a27ae3,001-388-957-3325x1692,048-37-1777,4.9,"27830 Lawson Stravenue Foxbury, MT 59584",Delivering
506,Howard Smith,a665a45920422f9d417e4867efdc4fb8a04a1f3fff1fa07e998e86f7f7a27ae3,256.449.8638,345-35-7690,4.1,"84512 Allen Hills Suite 359 Kaitlynhaven, WI 09580",Delivering
507,Jessica Davis,a665a45920422f9d417e4867efdc4fb8a04a1f3fff1fa07e998e86f7f7a27ae3,(349)558-4691x07692,443-63-2366,4.7,"505 Davis Mill West Heatherfurt, CO 32673",Delivering
508,Stephanie Morales,a665a45920422f9d417e4867efdc4fb8a04a1f3fff1fa07e998e86f7f7a27ae3,790-787-8075,025-02-3384,4.4,"719 Smith Mews Rogerville, VI 56980",Available
509,Laura Hunt,a665a45920422f9d417e4867efdc4fb8a04a1f3fff1fa07e998e86f7f7a27ae3,(976)844-1499x443,723-26-8716,4.3,"613 Martin Neck Wandamouth, IN 40876",Available
510,Stacey Ho,a665a45920422f9d417e4867efdc4fb8a04a1f3fff1fa07e998e86f7f7a27ae3,668-986-7137x675,530-44-4759,4.8,"834 Jackson Course Nancyside, SC 63587",Available
511,Thomas Miller,a665a45920422f9d417e4867efdc4fb8a04a1f3fff1fa07e998e86f7f7a27ae3,765-846-8283x9860,501-86-2470,3.8,"79368 Adams Inlet Lake Theresashire, MD 08054",Resting
512,Tiffany Smith,a665a45920422f9d417e4867efdc4fb8a04a1f3fff1fa07e998e86f7f7a27ae3,+1-369-328-2726x0768,657-35-8387,4.3,"556 Cheryl Plains Suite 130 South Joseph, MS 45500",Delivering
513,Richard Tanner,a665a45920422f9d417e4867efdc4fb8a04a1f3fff1fa07e998e86f7f7a27ae3,001-557-407-7636x86925,664-46-1134,4.3,"16871 Richard Villages Apt. 213 Ibarraport, NJ 87136",Delivering
514,Michael Woods,a665a45920422f9d417e4867efdc4fb8a04a1f3fff1fa07e998e86f7f7a27ae3,689-298-9927,419-09-9668,3.8,"7108 Thomas Brook Apt. 970 New Coreyside, FL 13340",Available
515,Darius Espinoza,a665a45920422f9d417e4867efdc4fb8a04a1f3fff1fa07e998e86f7f7a27ae3,892-650-8876x87966,727-87-0136,4.8,"78886 Fowler Falls Apt. 991 Lake Heatherburgh, ME 11236",Resting
516,George Allen,a665a45920422f9d417e4867efdc4fb8a04a1f3fff1fa07e998e86f7f7a27ae3,001-893-673-5416,494-18-3710,4.1,"436 Melendez Branch Melissamouth, NH 59174",Delivering
517,Gerald Reed,a665a45920422f9d417e4867efdc4fb8a04a1f3fff1fa07e998e86f7f7a27ae3,(668)540-1496,288-41-5752,3.7,"96856 Stone Spur Daniellechester, MP 31525",Delivering
518,Cassandra Carter,a665a45920422f9d417e4867efdc4fb8a04a1f3fff1fa07e998e86f7f7a27ae3,568-689-9016x7510,840-53-4763,4.9,"82015 Alicia Summit Castilloberg, MD 07352",Resting
519,Leslie Johnston,a665a45920422f9d417e4867efdc4fb8a04a1f3fff1fa07e998e86f7f7a27ae3,256-580-8556x01878,356-71-8125,4.1,"71239 Theresa Garden East Seanborough, AK 51134",Available
520,Jerome Johnson,a665a45920422f9d417e4867efdc4fb8a04a1f3fff1fa07e998e86f7f7a27ae3,4632663623,495-58-1801,4.4,"183 Walsh Village West Christopherfurt, MA 10457",Available
521,Cheyenne Martin,a665a45920422f9d417e4867efdc4fb8a04a1f3fff1fa07e998e86f7f7a27ae3,(424)542-1342,581-74-0567,4.7,"45883 Katherine Cliffs Robertsfort, IN 82616",Delivering
522,Erika House,a665a45920422f9d417e4867efdc4fb8a04a1f3fff1fa07e998e86f7f7a27ae3,979-239-9485,832-47-9224,4.8,"43600 Rodriguez Rapids North Jeremybury, DE 55171",Delivering
523,Tracy Gillespie,a665a45920422f9d417e4867efdc4fb8a04a1f3fff1fa07e998e86f7f7a27ae3,351-528-5595x3245,432-04-5652,4.2,"752 Tammy Mews Robbinshaven, DC 02266",Delivering
524,Melissa Blankenship,a665a45920422f9d417e4867efdc4fb8a04a1f3fff1fa07e998e86f7f7a27ae3,001-252-204-8606x5985,702-33-8014,3.7,"25024 Johnson Heights Angelaport, CA 37357",Delivering
525,Madeline Jones,a665a45920422f9d417e4867efdc4fb8a04a1f3fff1fa07e998e86f7f7a27ae3,001-312-332-9365x1627,290-59-3586,4.6,"50877 Fletcher Crest Suite 681 Lake Barbara, WV 70789",Available
526,Ashley Vazquez,a665a45920422f9d417e4867efdc4fb8a04a1f3fff1fa07e998e86f7f7a27ae3,001-793-620-6167x46790,176-57-2703,4.5,"44765 Robert Field Suite 868 Marcusshire, AL 86118",Resting
527,Lisa Washington,a665a45920422f9d417e4867efdc4fb8a04a1f3fff1fa07e998e86f7f7a27ae3,001-292-655-9410x2987,793-82-5898,5.0,"2463 Amber Mountains Suite 770 East Anthony, DE 11075",Delivering
528,Allison Murray,a665a45920422f9d417e4867efdc4fb8a04a1f3fff1fa07e998e86f7f7a27ae3,5428842298,598-14-6578,4.7,"0277 Sally Overpass Apt. 639 Jacquelinefort, NM 54268",Resting
529,Deborah Harris,a665a45920422f9d417e4867efdc4fb8a04a1f3fff1fa07e998e86f7f7a27ae3,(428)738-3571x403,480-66-5986,4.7,"037 Moore Estates Suite 056 Colemanborough, CO 11703",Resting
530,Michael Smith,a665a45920422f9d417e4867efdc4fb8a04a1f3fff1fa07e998e86f7f7a27ae3,409.703.7929,455-68-1275,4.4,"22516 Barrera Square Baileyshire, MN 92806",Delivering
531,Michael Rodriguez,a665a45920422f9d417e4867efdc4fb8a04a1f3fff1fa07e998e86f7f7a27ae3,001-429-654-1976x4296,728-03-4074,4.8,"749 Donald Rest Suite 795 East Julieton, IL 25195",Delivering
532,Lauren Parks,a665a45920422f9d417e4867efdc4fb8a04a1f3fff1fa07e998e86f7f7a27ae3,+1-444-374-1514x210,010-50-4370,4.1,"867 Brianna Branch Lake Suzanneville, AZ 99013",Resting
533,Jay Jackson,a665a45920422f9d417e4867efdc4fb8a04a1f3fff1fa07e998e86f7f7a27ae3,+1-996-210-4933,268-04-0204,4.2,"89004 Stephanie Park Robertsberg, VI 02010",Available
534,Amy Gutierrez,a665a45920422f9d417e4867efdc4fb8a04a1f3fff1fa07e998e86f7f7a27ae3,001-941-446-8147x9906,229-01-9895,4.7,USNV Friedman FPO AP 21390,Available
535,Jeremy Moran,a665a45920422f9d417e4867efdc4fb8a04a1f3fff1fa07e998e86f7f7a27ae3,001-297-594-3038x99772,037-73-8043,3.9,"804 Cody Stravenue Suite 224 West Sheilamouth, DC 77260",Delivering
536,James Hayes,a665a45920422f9d417e4867efdc4fb8a04a1f3fff1fa07e998e86f7f7a27ae3,(633)246-2547x398,613-94-8460,4.3,"322 Kent Plains Suite 449 Tuckerchester, MS 31007",Resting
537,Heather Richardson,a665a45920422f9d417e4867efdc4fb8a04a1f3fff1fa07e998e86f7f7a27ae3,600-573-3961x5693,209-23-2361,4.1,USS Davidson FPO AA 23451,Available
538,Robert Haynes,a665a45920422f9d417e4867efdc4fb8a04a1f3fff1fa07e998e86f7f7a27ae3,889.404.1633x7449,360-43-7798,4.5,USS Bailey FPO AA 79355,Resting
539,Carlos Alvarado,a665a45920422f9d417e4867efdc4fb8a04a1f3fff1fa07e998e86f7f7a27ae3,(235)475-8533x615,254-39-7660,4.2,"6984 Christopher Turnpike Suite 424 Warrenberg, MD 40556",Resting
540,Stephen Cole,a665a45920422f9d417e4867efdc4fb8a04a1f3fff1fa07e998e86f7f7a27ae3,(206)967-7475,840-27-7981,5.0,"4752 Cline Cliff Alexandratown, AZ 21292",Available
541,Tina Cobb,a665a45920422f9d417e4867efdc4fb8a04a1f3fff1fa07e998e86f7f7a27ae3,(643)406-3847x092,871-42-6456,4.6,"072 Stewart Oval East Julie, OH 10193",Resting
542,Geoffrey Sharp,a665a45920422f9d417e4867efdc4fb8a04a1f3fff1fa07e998e86f7f7a27ae3,371.526.6639x33102,487-79-8081,5.0,"171 Jones Cove Kyleland, NC 92907",Resting
543,Suzanne Kennedy,a665a45920422f9d417e4867efdc4fb8a04a1f3fff1fa07e998e86f7f7a27ae3,6325909956,045-60-1837,3.5,"1945 Klein Walks New Conniefort, MP 56998",Delivering
544,Jeffrey Wilkinson,a665a45920422f9d417e4867efdc4fb8a04a1f3fff1fa07e998e86f7f7a27ae3,859-843-0120x3629,802-54-9037,4.4,"2665 Brandon Motorway Apt. 819 Lake Leah, VA 52283",Available
545,Julian Jackson,a665a45920422f9d417e4867efdc4fb8a04a1f3fff1fa07e998e86f7f7a27ae3,9625331149,513-73-5753,3.7,"293 Riddle Shores Apt. 564 Lake Christopher, SD 55683",Delivering
546,Kelly Brown,a665a45920422f9d417e4867efdc4fb8a04a1f3fff1fa07e998e86f7f7a27ae3,4725512860,840-62-9932,4.4,"10463 Kirk Lights Andersonville, MS 77159",Resting
547,Carla Stephens,a665a45920422f9d417e4867efdc4fb8a04a1f3fff1fa07e998e86f7f7a27ae3,001-681-447-0377x153,031-77-0517,4.6,"0292 William Courts Kimberlyfort, ND 04764",Resting
548,Amber Kirby,a665a45920422f9d417e4867efdc4fb8a04a1f3fff1fa07e998e86f7f7a27ae3,+1-703-676-4098x427,461-63-3516,4.0,"58663 Hamilton Ports Apt. 411 Arnoldfort, AK 67972",Delivering
549,Jodi Moon,a665a45920422f9d417e4867efdc4fb8a04a1f3fff1fa07e998e86f7f7a27ae3,001-770-256-1798x3904,138-40-8770,3.7,"74147 Graham Radial Apt. 462 Jaimeborough, MO 06431",Resting
550,Regina Dyer,a665a45920422f9d417e4867efdc4fb8a04a1f3fff1fa07e998e86f7f7a27ae3,561.811.6768x974,520-92-2119,3.9,"3120 Dennis Shoals South Jessica, AZ 68327",Available
551,Julie Santiago,a665a45920422f9d417e4867efdc4fb8a04a1f3fff1fa07e998e86f7f7a27ae3,(515)356-1298x4032,062-26-0678,4.0,"969 Phillip Turnpike Apt. 247 Williamsport, NC 94872",Available
552,Kathleen Stewart,a665a45920422f9d417e4867efdc4fb8a04a1f3fff1fa07e998e86f7f7a27ae3,784-917-8864x214,667-23-5258,5.0,"884 Rebecca Causeway Apt. 271 Pagemouth, VT 76625",Delivering
553,Sara Gonzalez,a665a45920422f9d417e4867efdc4fb8a04a1f3fff1fa07e998e86f7f7a27ae3,001-401-629-4461x58797,367-25-9057,4.9,"PSC 8418, Box 5873 APO AA 85432",Delivering
554,Wanda Fitzgerald,a665a45920422f9d417e4867efdc4fb8a04a1f3fff1fa07e998e86f7f7a27ae3,332-525-4556,400-53-9305,4.6,"29791 Ramsey Expressway Austinchester, KS 43131",Delivering
555,Brett Marshall,a665a45920422f9d417e4867efdc4fb8a04a1f3fff1fa07e998e86f7f7a27ae3,840-208-4446x44367,569-85-6815,3.6,"60578 Wells Park Apt. 009 Meyerside, IN 99450",Resting
556,Christine Taylor,a665a45920422f9d417e4867efdc4fb8a04a1f3fff1fa07e998e86f7f7a27ae3,001-676-446-5283x5076,382-75-9140,3.5,"981 Jon Squares Suite 279 New Stephanie, MO 22193",Delivering
557,Michael Peterson,a665a45920422f9d417e4867efdc4fb8a04a1f3fff1fa07e998e86f7f7a27ae3,001-675-234-2511,773-79-5688,4.6,"078 Kelly Coves West Sarahton, KY 63840",Available
558,Shane Melendez,a665a45920422f9d417e4867efdc4fb8a04a1f3fff1fa07e998e86f7f7a27ae3,229-926-0102,073-60-9316,4.8,"1502 Washington Pines North Ryanland, KS 00807",Delivering
559,Zachary Schroeder,a665a45920422f9d417e4867efdc4fb8a04a1f3fff1fa07e998e86f7f7a27ae3,(497)678-8047,742-11-9065,3.9,"4435 Wanda Port Dawnfurt, FL 63597",Available
560,Donald Fields,a665a45920422f9d417e4867efdc4fb8a04a1f3fff1fa07e998e86f7f7a27ae3,550.307.6314,346-03-5527,4.7,"4627 Jesse Fork New Kimberlyfurt, PA 11628",Resting
561,Christopher Johnson,a665a45920422f9d417e4867efdc4fb8a04a1f3fff1fa07e998e86f7f7a27ae3,(491)212-0319,683-59-1274,4.8,"32982 Joshua Mountains Russellville, RI 46659",Delivering
562,Gregory Paul,a665a45920422f9d417e4867efdc4fb8a04a1f3fff1fa07e998e86f7f7a27ae3,+1-596-235-2443,477-73-5122,5.0,"286 Rachel Lights Apt. 927 West Nicholasport, SC 55154",Delivering
563,Larry Smith,a665a45920422f9d417e4867efdc4fb8a04a1f3fff1fa07e998e86f7f7a27ae3,(731)499-1769x295,633-07-4195,3.9,"1501 Mary Wells Apt. 641 Christophertown, NC 53742",Delivering
564,James Ballard,a665a45920422f9d417e4867efdc4fb8a04a1f3fff1fa07e998e86f7f7a27ae3,6704155671,189-98-4552,4.5,Unit 0912 Box 0297 DPO AP 44984,Resting
565,Jorge Brown,a665a45920422f9d417e4867efdc4fb8a04a1f3fff1fa07e998e86f7f7a27ae3,344.282.4913x583,260-87-8144,4.1,"883 Mccarthy Plain South Johnny, TX 61199",Delivering
566,Troy Price DDS,a665a45920422f9d417e4867efdc4fb8a04a1f3fff1fa07e998e86f7f7a27ae3,(570)234-8945x45323,757-14-3884,4.6,"12285 Ward Terrace Apt. 659 Billborough, ID 81894",Resting
567,Jeanne Huber,a665a45920422f9d417e4867efdc4fb8a04a1f3fff1fa07e998e86f7f7a27ae3,316-508-2342x329,493-34-6413,4.2,"191 Jacqueline Mission East Jennifer, GA 70340",Delivering
568,Marisa Jimenez,a665a45920422f9d417e4867efdc4fb8a04a1f3fff1fa07e998e86f7f7a27ae3,(339)349-7342,618-37-0833,4.1,"538 Wilson Expressway North Sharon, IL 57453",Available
569,Laurie Mitchell,a665a45920422f9d417e4867efdc4fb8a04a1f3fff1fa07e998e86f7f7a27ae3,(669)563-9732,252-06-3263,4.3,"7085 Bonnie Orchard Apt. 677 Lake Michael, AZ 11205",Resting
570,Andrew Ward,a665a45920422f9d417e4867efdc4fb8a04a1f3fff1fa07e998e86f7f7a27ae3,380-802-8592x8130,524-30-2164,3.9,"497 Miller Via New Jonathanfort, WY 19704",Resting
571,Samantha Newton,a665a45920422f9d417e4867efdc4fb8a04a1f3fff1fa07e998e86f7f7a27ae3,750-486-6980x93537,305-33-3510,5.0,"PSC 6994, Box 2966 APO AA 21490",Resting
572,Madeline Foley,a665a45920422f9d417e4867efdc4fb8a04a1f3fff1fa07e998e86f7f7a27ae3,949.353.4354x01617,561-29-4143,4.7,"779 Kline Rapid Apt. 235 Karenview, CO 70848",Resting
573,Jason David,a665a45920422f9d417e4867efdc4fb8a04a1f3fff1fa07e998e86f7f7a27ae3,001-847-306-8812,833-90-7629,4.5,"365 Brown Cliff Apt. 005 Shawnville, MH 18661",Resting
574,Nicole Phelps,a665a45920422f9d417e4867efdc4fb8a04a1f3fff1fa07e998e86f7f7a27ae3,707.888.2884x60426,773-25-7762,3.9,"02047 Emily Extension Cindytown, WA 06008",Delivering
575,April Moore,a665a45920422f9d417e4867efdc4fb8a04a1f3fff1fa07e998e86f7f7a27ae3,878.610.2085x0401,063-20-1211,4.7,USNV Green FPO AE 38289,Available
576,Lawrence Arnold,a665a45920422f9d417e4867efdc4fb8a04a1f3fff1fa07e998e86f7f7a27ae3,5942759321,614-36-5289,4.8,"20199 Jensen Summit Suite 877 West Lawrencehaven, MI 84495",Delivering
577,Tyrone Flores,a665a45920422f9d417e4867efdc4fb8a04a1f3fff1fa07e998e86f7f7a27ae3,(470)789-8428x125,418-56-8421,3.5,"5225 Meadows Overpass South Danielstad, OR 68016",Delivering
578,Miss Lori Gamble MD,a665a45920422f9d417e4867efdc4fb8a04a1f3fff1fa07e998e86f7f7a27ae3,+1-680-979-6673x8165,447-79-9241,4.1,Unit 9694 Box 2815 DPO AA 59386,Resting
579,Angela Baker,a665a45920422f9d417e4867efdc4fb8a04a1f3fff1fa07e998e86f7f7a27ae3,305-419-4723x11943,077-12-2398,4.6,"22944 Thomas Greens Samanthabury, OR 96496",Delivering
580,Cynthia Grimes,a665a45920422f9d417e4867efdc4fb8a04a1f3fff1fa07e998e86f7f7a27ae3,969.657.3003x5804,182-66-6003,4.9,"618 Steven Wells Hamptontown, CO 06338",Available
581,Todd Ross,a665a45920422f9d417e4867efdc4fb8a04a1f3fff1fa07e998e86f7f7a27ae3,+1-883-893-2149x6510,389-98-3812,4.8,"7109 Middleton Views East Christopher, IL 59837",Delivering
582,Gabriela Jenkins,a665a45920422f9d417e4867efdc4fb8a04a1f3fff1fa07e998e86f7f7a27ae3,264.678.1453,711-60-1081,4.0,"8821 Ashley Valleys East Karen, AZ 67976",Delivering
583,Nicholas Jacobs,a665a45920422f9d417e4867efdc4fb8a04a1f3fff1fa07e998e86f7f7a27ae3,001-998-554-5904x1214,522-87-0681,3.5,"708 Nancy Manors Blackburgh, WV 74885",Delivering
584,Tyler Murphy,a665a45920422f9d417e4867efdc4fb8a04a1f3fff1fa07e998e86f7f7a27ae3,+1-832-991-6463x6727,171-15-7161,3.6,"5741 White Gardens Chadchester, NY 18571",Resting
585,Margaret Sims,a665a45920422f9d417e4867efdc4fb8a04a1f3fff1fa07e998e86f7f7a27ae3,642-450-5150x6381,696-30-2655,4.4,"293 Timothy Plaza Suite 244 East Tammyport, KS 52306",Available
586,Victor Barber,a665a45920422f9d417e4867efdc4fb8a04a1f3fff1fa07e998e86f7f7a27ae3,7703470159,147-90-8876,4.7,"28312 Robinson Islands Suite 673 Port Troymouth, KY 13239",Available
587,Ricardo Wall,a665a45920422f9d417e4867efdc4fb8a04a1f3fff1fa07e998e86f7f7a27ae3,001-898-790-0175x4012,174-09-4683,4.5,"244 Susan Valley Suite 344 Burnsberg, MI 60870",Resting
588,Paul Obrien,a665a45920422f9d417e4867efdc4fb8a04a1f3fff1fa07e998e86f7f7a27ae3,463-743-7759x989,477-76-7015,4.0,"698 Matthew Row Suite 350 East Chadville, NY 21327",Resting
589,Martha Stevens,a665a45920422f9d417e4867efdc4fb8a04a1f3fff1fa07e998e86f7f7a27ae3,001-834-997-3502x2406,859-62-6830,4.2,"9098 Woodard Wells Port Caitlin, AK 69907",Available
590,Michael Marks,a665a45920422f9d417e4867efdc4fb8a04a1f3fff1fa07e998e86f7f7a27ae3,815-518-4651x697,651-48-1348,4.7,"1813 Phillips Common Suite 189 New Rachelborough, MD 31244",Available
591,Craig Taylor,a665a45920422f9d417e4867efdc4fb8a04a1f3fff1fa07e998e86f7f7a27ae3,(286)596-7788x3979,289-70-5491,4.8,"85070 Roberta Cape New Jeffreybury, SC 56208",Resting
592,Amy Lee,a665a45920422f9d417e4867efdc4fb8a04a1f3fff1fa07e998e86f7f7a27ae3,001-741-277-5897x7450,600-58-3089,3.8,"65408 Andrew Ports South Bonnie, NY 17366",Available
593,David Norman,a665a45920422f9d417e4867efdc4fb8a04a1f3fff1fa07e998e86f7f7a27ae3,+1-679-888-7280x89379,269-18-0365,4.3,"928 John Cliff North Jasonton, HI 22625",Delivering
594,Christopher Hill,a665a45920422f9d417e4867efdc4fb8a04a1f3fff1fa07e998e86f7f7a27ae3,001-642-945-3097x09225,616-97-7994,4.3,"2455 Cochran View Apt. 887 Arnoldmouth, MP 00603",Delivering
595,Jennifer Wright,a665a45920422f9d417e4867efdc4fb8a04a1f3fff1fa07e998e86f7f7a27ae3,723.851.1184x1295,530-67-5302,3.7,"580 Williams Ford Suite 585 South Caitlin, MO 73973",Delivering
596,Danny Coleman,a665a45920422f9d417e4867efdc4fb8a04a1f3fff1fa07e998e86f7f7a27ae3,888.251.2758,634-54-6552,4.3,"300 Andrew Locks Ellisville, AZ 22234",Delivering
597,Tina Johnson,a665a45920422f9d417e4867efdc4fb8a04a1f3fff1fa07e998e86f7f7a27ae3,(735)430-4192,591-08-4005,3.9,"2940 Jeremy Rue Suite 117 South Dennis, HI 90245",Delivering
598,Ashley Leonard,a665a45920422f9d417e4867efdc4fb8a04a1f3fff1fa07e998e86f7f7a27ae3,490-445-9459x869,849-23-1454,5.0,"62300 Sharon Lock Suite 721 East Patricialand, RI 81634",Resting
599,Daryl Mcintosh,a665a45920422f9d417e4867efdc4fb8a04a1f3fff1fa07e998e86f7f7a27ae3,595-267-0810x46005,659-30-6569,3.9,"881 Moore Trail Suite 027 Port Andreastad, AL 63337",Available
600,Jose Tanner,a665a45920422f9d417e4867efdc4fb8a04a1f3fff1fa07e998e86f7f7a27ae3,4795781896,584-62-7869,3.8,"74716 Lauren Fall New Amyville, PA 39444",Available
601,Lee Griffith,a665a45920422f9d417e4867efdc4fb8a04a1f3fff1fa07e998e86f7f7a27ae3,9565867652,832-21-9625,3.7,"2775 Brandon Motorway Josephfort, PA 82392",Delivering
602,Sarah Moran,a665a45920422f9d417e4867efdc4fb8a04a1f3fff1fa07e998e86f7f7a27ae3,001-269-499-7405x041,727-53-2146,4.6,"751 Miller View North Jenna, LA 83282",Available
603,Keith Webb,a665a45920422f9d417e4867efdc4fb8a04a1f3fff1fa07e998e86f7f7a27ae3,001-211-919-8006x165,647-40-9551,4.9,"72951 Stephen Stravenue Apt. 450 Currymouth, KS 56575",Resting
604,Stacey Harrison,a665a45920422f9d417e4867efdc4fb8a04a1f3fff1fa07e998e86f7f7a27ae3,(922)654-9778x5171,797-82-2322,4.6,"007 Brown Springs Angelastad, OR 20544",Delivering
605,Angela Turner,a665a45920422f9d417e4867efdc4fb8a04a1f3fff1fa07e998e86f7f7a27ae3,001-583-318-6948x2488,110-91-5801,4.9,"9705 Nicholas Cove Delgadoville, IA 20727",Available
606,Melissa Stafford,a665a45920422f9d417e4867efdc4fb8a04a1f3fff1fa07e998e86f7f7a27ae3,383.638.5177x588,221-52-1071,4.3,"702 Maxwell Pike Davidbury, DC 65706",Delivering
607,Carlos Zuniga,a665a45920422f9d417e4867efdc4fb8a04a1f3fff1fa07e998e86f7f7a27ae3,7102100204,232-16-8057,4.4,"48048 Robin Cliffs Phillipston, FL 48825",Resting
608,Dr. Louis Saunders MD,a665a45920422f9d417e4867efdc4fb8a04a1f3fff1fa07e998e86f7f7a27ae3,+1-321-794-2939x3386,843-41-0958,3.7,"218 Jackson Station Apt. 382 Aliciafort, HI 39710",Resting
609,Cheryl Li,a665a45920422f9d417e4867efdc4fb8a04a1f3fff1fa07e998e86f7f7a27ae3,+1-671-943-9477x3374,324-64-0141,4.9,"9347 Guzman Greens Allenshire, NJ 94264",Resting
610,Dr. Nicole Castillo MD,a665a45920422f9d417e4867efdc4fb8a04a1f3fff1fa07e998e86f7f7a27ae3,001-209-202-2395,294-36-2902,3.6,"763 Lorraine Square New John, DE 53820",Resting
611,Christina Dodson,a665a45920422f9d417e4867efdc4fb8a04a1f3fff1fa07e998e86f7f7a27ae3,960-879-3306,434-74-5785,4.7,"7370 Medina Creek Apt. 676 Aaronstad, AS 27405",Resting
612,Melissa Boyd,a665a45920422f9d417e4867efdc4fb8a04a1f3fff1fa07e998e86f7f7a27ae3,577.662.8132,695-50-5681,4.5,"1790 Stephanie Extensions South Michaelmouth, MP 65273",Delivering
613,Rebecca Park,a665a45920422f9d417e4867efdc4fb8a04a1f3fff1fa07e998e86f7f7a27ae3,731-518-2275,573-22-9534,4.5,"15324 Heather Mount Suite 698 North Amy, VI 67657",Resting
614,Mary Gibson,a665a45920422f9d417e4867efdc4fb8a04a1f3fff1fa07e998e86f7f7a27ae3,(988)895-5230,363-87-5003,4.1,"119 Gregory Viaduct Apt. 067 Port Shannonmouth, MD 53740",Delivering
615,Denise Chan,a665a45920422f9d417e4867efdc4fb8a04a1f3fff1fa07e998e86f7f7a27ae3,678.236.4954,076-46-7374,3.8,"50092 Anna Avenue Apt. 434 Whitneymouth, CA 62643",Delivering
616,Laura Perez,a665a45920422f9d417e4867efdc4fb8a04a1f3fff1fa07e998e86f7f7a27ae3,701-309-5775x805,218-18-7477,3.9,"577 Arnold Mountain Suite 290 East Sean, KY 84846",Resting
617,Frank Wilson,a665a45920422f9d417e4867efdc4fb8a04a1f3fff1fa07e998e86f7f7a27ae3,+1-759-400-1362,799-99-1218,3.7,"70359 Hamilton Estates Evanstown, MH 27014",Delivering
618,Nathan Myers,a665a45920422f9d417e4867efdc4fb8a04a1f3fff1fa07e998e86f7f7a27ae3,464-826-0125x81300,505-62-2162,3.6,"PSC 4151, Box 4830 APO AP 05548",Delivering
619,Daniel Griffin,a665a45920422f9d417e4867efdc4fb8a04a1f3fff1fa07e998e86f7f7a27ae3,715.728.5256,797-20-7914,3.5,"67547 Smith View West Richard, ME 49709",Delivering
620,Jack Ryan Jr.,a665a45920422f9d417e4867efdc4fb8a04a1f3fff1fa07e998e86f7f7a27ae3,255.761.1586,419-07-1317,3.8,"107 Vanessa Land Port Jamesbury, GA 18093",Delivering
621,Ann Gaines,a665a45920422f9d417e4867efdc4fb8a04a1f3fff1fa07e998e86f7f7a27ae3,(779)233-7420,654-97-6049,4.4,"6201 Gregory Dale Apt. 806 Tinaville, MN 69935",Delivering
622,Dawn Griffith,a665a45920422f9d417e4867efdc4fb8a04a1f3fff1fa07e998e86f7f7a27ae3,8123238850,632-22-4604,3.7,"575 Kathleen Harbor Apt. 215 Byrdmouth, PW 00963",Resting
623,Mary Barry,a665a45920422f9d417e4867efdc4fb8a04a1f3fff1fa07e998e86f7f7a27ae3,+1-434-346-9230x6036,643-12-2446,3.8,"30008 Sarah Lake Apt. 461 Currymouth, NY 40389",Delivering
624,Allison Sawyer,a665a45920422f9d417e4867efdc4fb8a04a1f3fff1fa07e998e86f7f7a27ae3,+1-416-384-1258x53450,598-41-1773,3.9,"72044 Mcclure Greens Armstrongland, PA 26656",Resting
625,Brianna Miller,a665a45920422f9d417e4867efdc4fb8a04a1f3fff1fa07e998e86f7f7a27ae3,952-967-2729x4003,422-76-6751,4.9,"8672 Robert Greens Stevenmouth, FM 12851",Available
626,Mr. Stephen Long,a665a45920422f9d417e4867efdc4fb8a04a1f3fff1fa07e998e86f7f7a27ae3,+1-486-943-5891x85409,018-96-1051,4.8,"0254 Kirby Haven Suite 078 Robinside, NE 86715",Delivering
627,Natalie Harvey,a665a45920422f9d417e4867efdc4fb8a04a1f3fff1fa07e998e86f7f7a27ae3,+1-639-537-8127x36111,135-31-4955,4.9,"763 Wright Lights Apt. 542 West Jocelyn, ID 76521",Resting
628,Colton Francis,a665a45920422f9d417e4867efdc4fb8a04a1f3fff1fa07e998e86f7f7a27ae3,735-419-4890x8566,779-76-7879,3.6,USCGC Rodriguez FPO AE 39555,Resting
629,Nicholas Morgan,a665a45920422f9d417e4867efdc4fb8a04a1f3fff1fa07e998e86f7f7a27ae3,001-907-981-2902x18263,091-82-9565,4.4,"89796 Tracy Estates West Kellyshire, LA 98406",Delivering
630,Jessica Green,a665a45920422f9d417e4867efdc4fb8a04a1f3fff1fa07e998e86f7f7a27ae3,752-514-2320x830,829-22-0505,4.8,"360 Bell Common West Sabrina, PW 36498",Resting
631,Molly Wood,a665a45920422f9d417e4867efdc4fb8a04a1f3fff1fa07e998e86f7f7a27ae3,+1-753-904-2974x29744,082-54-3289,4.2,"6028 Peter Alley Apt. 482 Stephanieville, MP 35114",Available
632,William Lopez,a665a45920422f9d417e4867efdc4fb8a04a1f3fff1fa07e998e86f7f7a27ae3,945.683.0046,764-97-1536,3.5,"727 William Pine Suite 300 Wrightborough, AZ 22217",Delivering
633,Tracy Gutierrez,a665a45920422f9d417e4867efdc4fb8a04a1f3fff1fa07e998e86f7f7a27ae3,+1-832-932-5693,116-26-2992,4.0,"4746 Robert Mews Apt. 009 Hollyton, AL 23177",Resting
634,Gregory Rice,a665a45920422f9d417e4867efdc4fb8a04a1f3fff1fa07e998e86f7f7a27ae3,835-677-1834,508-96-8690,4.8,"65729 Anna Ports West Danielbury, RI 70790",Resting
635,Lindsay Miles,a665a45920422f9d417e4867efdc4fb8a04a1f3fff1fa07e998e86f7f7a27ae3,945-423-8793,493-07-5086,4.6,"046 Frye Fork Suite 916 North Sarahshire, HI 68396",Delivering
636,Matthew Sanchez,a665a45920422f9d417e4867efdc4fb8a04a1f3fff1fa07e998e86f7f7a27ae3,(591)413-6209,835-85-6126,4.7,"8520 Carroll Mills Apt. 505 Vincentchester, MS 13539",Available
637,Samantha Bell,a665a45920422f9d417e4867efdc4fb8a04a1f3fff1fa07e998e86f7f7a27ae3,+1-588-929-4245x0006,026-73-2504,4.5,"20080 Ruiz Mountains Chavezside, ID 27980",Available
638,Jay Garcia,a665a45920422f9d417e4867efdc4fb8a04a1f3fff1fa07e998e86f7f7a27ae3,+1-224-804-7528x734,831-05-8874,4.5,"206 Shannon Rest Apt. 755 Micheleborough, DC 52185",Available
639,Laura Spencer,a665a45920422f9d417e4867efdc4fb8a04a1f3fff1fa07e998e86f7f7a27ae3,771-995-5133,757-19-3204,4.9,"5974 Ryan Crest Suite 835 East John, KY 40920",Resting
640,Tony Ashley MD,a665a45920422f9d417e4867efdc4fb8a04a1f3fff1fa07e998e86f7f7a27ae3,(936)903-6421x4747,216-64-5263,3.9,"09368 Powell Pines Suite 817 Catherineshire, KS 99135",Delivering
641,Julie Owens,a665a45920422f9d417e4867efdc4fb8a04a1f3fff1fa07e998e86f7f7a27ae3,819-431-1386x5901,086-49-4748,4.6,"471 Santiago Villages New Samuel, GU 97259",Delivering
642,Katie Wilson,a665a45920422f9d417e4867efdc4fb8a04a1f3fff1fa07e998e86f7f7a27ae3,864.301.4106x83848,217-77-5343,3.8,"0364 Nathaniel Views Taraton, TX 40774",Resting
643,Marco Adams,a665a45920422f9d417e4867efdc4fb8a04a1f3fff1fa07e998e86f7f7a27ae3,549-827-3022x54583,801-74-9975,4.2,"925 Evans Turnpike Port Christopher, SD 27137",Delivering
644,Keith Pham,a665a45920422f9d417e4867efdc4fb8a04a1f3fff1fa07e998e86f7f7a27ae3,+1-351-304-6618x709,361-21-0681,5.0,"13882 Johnson Fields Murraytown, MP 41186",Available
645,Crystal Hancock,a665a45920422f9d417e4867efdc4fb8a04a1f3fff1fa07e998e86f7f7a27ae3,8172231157,437-94-5303,3.8,"031 Lorraine Extensions Suite 389 Anthonyberg, VI 14110",Available
646,Michael Roth,a665a45920422f9d417e4867efdc4fb8a04a1f3fff1fa07e998e86f7f7a27ae3,808.725.3612,190-55-1753,3.6,"2364 Carey Plain Suite 654 Monicaton, AR 31710",Delivering
647,Kenneth Garcia,a665a45920422f9d417e4867efdc4fb8a04a1f3fff1fa07e998e86f7f7a27ae3,+1-675-576-2460,342-52-4385,3.9,"4839 Desiree Common Port John, OH 83291",Delivering
648,Lori Ball,a665a45920422f9d417e4867efdc4fb8a04a1f3fff1fa07e998e86f7f7a27ae3,(255)246-7771x4557,859-23-5782,4.3,"77567 Castillo Street New William, VT 05538",Available
649,Erik Wolf,a665a45920422f9d417e4867efdc4fb8a04a1f3fff1fa07e998e86f7f7a27ae3,550-236-0060,321-81-8772,3.7,"04639 Kelley Island Suite 136 Davidburgh, NV 41685",Resting
650,Mary Vasquez MD,a665a45920422f9d417e4867efdc4fb8a04a1f3fff1fa07e998e86f7f7a27ae3,596.432.3883,718-81-3480,5.0,"224 Rachel Cape Apt. 565 West Jessicamouth, VA 24915",Available
651,Jean Collins,a665a45920422f9d417e4867efdc4fb8a04a1f3fff1fa07e998e86f7f7a27ae3,+1-500-802-1105,659-31-5819,3.6,"06673 Tamara Stravenue East Christinamouth, IA 84715",Resting
652,Eric Barnett,a665a45920422f9d417e4867efdc4fb8a04a1f3fff1fa07e998e86f7f7a27ae3,664.583.7810,507-99-0552,3.6,"8067 Kayla Wall Mayoton, OH 16742",Available
653,Philip Todd,a665a45920422f9d417e4867efdc4fb8a04a1f3fff1fa07e998e86f7f7a27ae3,965.797.4821x45268,387-46-3942,4.9,"37847 Bryan Neck South Lindsaychester, CO 41057",Available
654,Carl Leonard,a665a45920422f9d417e4867efdc4fb8a04a1f3fff1fa07e998e86f7f7a27ae3,203-407-3437,249-11-6522,3.8,"99738 Amy Isle Apt. 194 Lake Mathewburgh, VI 96104",Delivering
655,Beverly Le,a665a45920422f9d417e4867efdc4fb8a04a1f3fff1fa07e998e86f7f7a27ae3,213-834-6646,777-28-3155,4.0,"33183 Nicholas Ridge Suite 224 Lake Brandon, NH 57120",Available
656,Anna Wilkerson,a665a45920422f9d417e4867efdc4fb8a04a1f3fff1fa07e998e86f7f7a27ae3,+1-633-376-0097x3257,271-39-2582,4.2,"84937 Dennis Locks Michaelton, PA 12368",Delivering
657,Michael Williams,a665a45920422f9d417e4867efdc4fb8a04a1f3fff1fa07e998e86f7f7a27ae3,279-858-0727x001,018-11-3501,4.5,"3501 Patterson Vista Port Johnland, WV 27838",Available
658,Kara Alexander,a665a45920422f9d417e4867efdc4fb8a04a1f3fff1fa07e998e86f7f7a27ae3,001-364-240-9873x9950,575-94-4478,4.3,Unit 5487 Box 5511 DPO AE 87930,Resting
659,Jillian Wyatt,a665a45920422f9d417e4867efdc4fb8a04a1f3fff1fa07e998e86f7f7a27ae3,566.668.4193x09022,449-48-7106,3.7,"87141 Villa Hollow Popefort, PW 12748",Delivering
660,Samantha Oliver,a665a45920422f9d417e4867efdc4fb8a04a1f3fff1fa07e998e86f7f7a27ae3,770-505-7839x662,586-84-8918,3.7,"84744 Jeffrey Garden Suite 061 Gilltown, ME 12950",Available
661,Nicole Garrett,a665a45920422f9d417e4867efdc4fb8a04a1f3fff1fa07e998e86f7f7a27ae3,875-988-2975,361-43-7387,4.6,"591 Stein Falls Suite 418 Lake Andrew, WV 41167",Delivering
662,Johnny Cain,a665a45920422f9d417e4867efdc4fb8a04a1f3fff1fa07e998e86f7f7a27ae3,935.602.3344x78018,111-98-5975,3.9,Unit 1287 Box 1829 DPO AP 67255,Delivering
663,Philip Long,a665a45920422f9d417e4867efdc4fb8a04a1f3fff1fa07e998e86f7f7a27ae3,(534)514-2635,082-48-6090,4.4,"4127 Gail Branch Apt. 436 Wayneview, MH 13517",Available
664,Gabriel Rice,a665a45920422f9d417e4867efdc4fb8a04a1f3fff1fa07e998e86f7f7a27ae3,240.342.8737,552-88-0136,3.6,"752 Stark Glen Apt. 605 North Russellberg, MS 75965",Available
665,Shelby Cardenas,a665a45920422f9d417e4867efdc4fb8a04a1f3fff1fa07e998e86f7f7a27ae3,001-931-264-3041x968,463-60-3858,3.7,"0710 Katrina Vista Christopherberg, NM 21198",Resting
666,Justin Warner,a665a45920422f9d417e4867efdc4fb8a04a1f3fff1fa07e998e86f7f7a27ae3,001-707-512-0133x402,404-59-7577,3.6,"0320 Wolf Gateway North Kelly, KY 82605",Resting
667,Michele Brewer,a665a45920422f9d417e4867efdc4fb8a04a1f3fff1fa07e998e86f7f7a27ae3,9797706618,182-70-9861,3.7,"1454 Jackson Shores Apt. 234 Andersonburgh, ND 82295",Resting
668,Linda Olsen,a665a45920422f9d417e4867efdc4fb8a04a1f3fff1fa07e998e86f7f7a27ae3,001-772-838-6779,494-99-5960,4.8,"307 Roger Pass Apt. 059 Jimenezview, OH 40905",Delivering
669,Elizabeth Jones,a665a45920422f9d417e4867efdc4fb8a04a1f3fff1fa07e998e86f7f7a27ae3,(419)324-2772x868,161-23-9874,3.7,"8598 Nelson Port Devinland, UT 72877",Resting
670,Allen Reeves,a665a45920422f9d417e4867efdc4fb8a04a1f3fff1fa07e998e86f7f7a27ae3,854.331.9347x12491,130-35-4660,4.4,"PSC 9987, Box 2536 APO AA 77105",Available
671,Kelly Ramirez,a665a45920422f9d417e4867efdc4fb8a04a1f3fff1fa07e998e86f7f7a27ae3,282-880-4620x5765,371-95-4061,3.5,"46667 Stewart Keys Feliciastad, IA 57358",Resting
672,Michael Erickson,a665a45920422f9d417e4867efdc4fb8a04a1f3fff1fa07e998e86f7f7a27ae3,001-543-263-0870,050-28-5187,4.2,"0095 Michael Valleys Suite 564 East Ralph, UT 24635",Available
673,Jessica Curtis,a665a45920422f9d417e4867efdc4fb8a04a1f3fff1fa07e998e86f7f7a27ae3,(299)382-5371x240,196-99-3116,5.0,"4167 Rogers Rue East Glendaside, MI 30757",Resting
674,Misty Flores,a665a45920422f9d417e4867efdc4fb8a04a1f3fff1fa07e998e86f7f7a27ae3,+1-324-282-1635x815,449-74-5210,4.9,"64594 Edward Neck North Teresa, WY 83673",Delivering
675,Mary Rodriguez,a665a45920422f9d417e4867efdc4fb8a04a1f3fff1fa07e998e86f7f7a27ae3,(743)810-9567,478-38-8641,4.5,"394 Randy Fords Jamesfort, MD 68472",Delivering
676,Hannah Pacheco,a665a45920422f9d417e4867efdc4fb8a04a1f3fff1fa07e998e86f7f7a27ae3,(952)908-9659,380-60-5995,4.7,"19939 Cameron Stream Suite 829 North Johnville, NV 01252",Resting
677,Jacqueline Ponce,a665a45920422f9d417e4867efdc4fb8a04a1f3fff1fa07e998e86f7f7a27ae3,(205)756-1946,311-85-4070,3.8,USS Marshall FPO AA 80541,Resting
678,Denise Macias,a665a45920422f9d417e4867efdc4fb8a04a1f3fff1fa07e998e86f7f7a27ae3,(808)331-6634x2949,573-79-4736,3.8,"PSC 5296, Box 6564 APO AP 18093",Resting
679,Jonathan Hess,a665a45920422f9d417e4867efdc4fb8a04a1f3fff1fa07e998e86f7f7a27ae3,519.797.1589x001,126-54-7640,3.9,"PSC 3183, Box 4313 APO AE 08593",Delivering
680,Holly Smith,a665a45920422f9d417e4867efdc4fb8a04a1f3fff1fa07e998e86f7f7a27ae3,890.662.2752,163-27-8128,4.3,"407 Wong Park Shannonton, VI 74711",Resting
681,Lee Ward,a665a45920422f9d417e4867efdc4fb8a04a1f3fff1fa07e998e86f7f7a27ae3,001-248-974-2305x49993,513-45-0003,4.6,"0098 Cassandra Turnpike Kellyfurt, VA 20641",Available
682,Abigail Martinez,a665a45920422f9d417e4867efdc4fb8a04a1f3fff1fa07e998e86f7f7a27ae3,(243)250-4089x01840,506-16-1457,4.5,"367 William Common Apt. 683 Gibsonland, MI 03905",Available
683,Leah Watson,a665a45920422f9d417e4867efdc4fb8a04a1f3fff1fa07e998e86f7f7a27ae3,865-267-2256,184-87-4769,4.6,USS Vasquez FPO AP 89746,Resting
684,Colleen Ramirez,a665a45920422f9d417e4867efdc4fb8a04a1f3fff1fa07e998e86f7f7a27ae3,+1-996-852-8344x4222,644-35-8768,4.7,"6583 Nancy Haven Suite 972 Erinside, SC 96490",Delivering
685,Mark Vaughn,a665a45920422f9d417e4867efdc4fb8a04a1f3fff1fa07e998e86f7f7a27ae3,001-912-391-9304x473,350-76-4100,4.5,Unit 7281 Box 3536 DPO AE 36740,Available
686,Melanie Espinoza,a665a45920422f9d417e4867efdc4fb8a04a1f3fff1fa07e998e86f7f7a27ae3,564-305-3569x479,328-43-5541,4.0,"401 Michael Manors Apt. 921 North Eileenhaven, AS 81062",Available
687,Joshua Valdez,a665a45920422f9d417e4867efdc4fb8a04a1f3fff1fa07e998e86f7f7a27ae3,338.357.5445x355,755-01-4473,4.6,"855 Bailey Run Apt. 403 Port Alexismouth, NM 44775",Available
688,Philip Andrade,a665a45920422f9d417e4867efdc4fb8a04a1f3fff1fa07e998e86f7f7a27ae3,989.318.4981,717-47-5517,4.6,"478 Werner Mountains Suite 979 Joshuafurt, CA 15282",Available
689,Sarah Garner,a665a45920422f9d417e4867efdc4fb8a04a1f3fff1fa07e998e86f7f7a27ae3,+1-877-375-9517x9854,582-85-0972,4.0,"1374 Tonya Roads Angelaberg, GA 05438",Available
690,Juan Lopez,a665a45920422f9d417e4867efdc4fb8a04a1f3fff1fa07e998e86f7f7a27ae3,646.926.3343,746-40-1797,3.7,"PSC 7033, Box 7565 APO AE 16382",Resting
691,Andrew Daniel,a665a45920422f9d417e4867efdc4fb8a04a1f3fff1fa07e998e86f7f7a27ae3,400-716-4472x9321,671-92-5749,5.0,"8770 Ward Rest Suite 018 West David, MT 05205",Resting
692,Melissa Estes,a665a45920422f9d417e4867efdc4fb8a04a1f3fff1fa07e998e86f7f7a27ae3,8145756401,860-17-2590,4.0,"8087 Norman Landing Knoxside, MS 39493",Delivering
693,Mackenzie Pineda,a665a45920422f9d417e4867efdc4fb8a04a1f3fff1fa07e998e86f7f7a27ae3,987-891-3431x2192,690-10-0297,4.1,"69021 Julie Manor West Sarahtown, AZ 88315",Delivering
694,Jason Faulkner,a665a45920422f9d417e4867efdc4fb8a04a1f3fff1fa07e998e86f7f7a27ae3,+1-243-283-9496x8740,630-95-1912,3.7,"960 Fleming Haven Michelleville, ID 29111",Available
695,Grant Williams,a665a45920422f9d417e4867efdc4fb8a04a1f3fff1fa07e998e86f7f7a27ae3,001-281-477-0624x6846,328-08-3944,4.0,"0277 Richard Point Danielburgh, KS 15890",Delivering
696,Krista Wheeler,a665a45920422f9d417e4867efdc4fb8a04a1f3fff1fa07e998e86f7f7a27ae3,+1-539-509-8787x7788,326-93-9526,3.5,"429 Tanya Vista East Cody, WI 28434",Resting
697,Gabriela Ball,a665a45920422f9d417e4867efdc4fb8a04a1f3fff1fa07e998e86f7f7a27ae3,838-606-7743x08828,021-98-1155,4.1,"292 Alexandra Track Spencerport, PR 45184",Delivering
698,Jennifer Flores,a665a45920422f9d417e4867efdc4fb8a04a1f3fff1fa07e998e86f7f7a27ae3,+1-369-330-4990x87370,276-16-6429,3.7,"954 Russell View Suite 971 Alvaradoborough, AK 96390",Delivering
699,Karen Jimenez,a665a45920422f9d417e4867efdc4fb8a04a1f3fff1fa07e998e86f7f7a27ae3,001-703-206-4069x486,074-65-4753,4.6,"690 Sandra Street Suite 688 Crystalborough, RI 84355",Resting
700,Sally Alexander,a665a45920422f9d417e4867efdc4fb8a04a1f3fff1fa07e998e86f7f7a27ae3,877-361-1842,716-27-9015,4.0,"49479 Michelle Camp Suite 810 Blackwellmouth, NE 67546",Delivering
701,Patty Olson,a665a45920422f9d417e4867efdc4fb8a04a1f3fff1fa07e998e86f7f7a27ae3,+1-455-476-8787x58341,853-55-0954,4.8,"836 Graham Orchard New Dale, AS 90595",Resting
702,Antonio Hess,a665a45920422f9d417e4867efdc4fb8a04a1f3fff1fa07e998e86f7f7a27ae3,260-706-3690,470-06-5999,4.0,"6844 Robert Throughway Suite 369 Erikstad, TN 25530",Available
703,Martin Jackson,a665a45920422f9d417e4867efdc4fb8a04a1f3fff1fa07e998e86f7f7a27ae3,786.796.4601x655,867-76-1356,4.2,"4475 Maria Radial Apt. 264 Johnsontown, IA 73173",Resting
704,Morgan Rogers,a665a45920422f9d417e4867efdc4fb8a04a1f3fff1fa07e998e86f7f7a27ae3,(353)200-0366x165,222-79-8356,5.0,"9410 Dominguez Manor Hicksmouth, GA 73823",Available
705,Amy Foley,a665a45920422f9d417e4867efdc4fb8a04a1f3fff1fa07e998e86f7f7a27ae3,381.375.2702x370,886-08-3186,4.7,"2925 Jonathan Fords Suite 416 East Tonymouth, OH 26757",Resting
706,Tamara Gay,a665a45920422f9d417e4867efdc4fb8a04a1f3fff1fa07e998e86f7f7a27ae3,4363993768,044-36-6471,3.8,USCGC Butler FPO AP 65000,Available
707,Tina Henry,a665a45920422f9d417e4867efdc4fb8a04a1f3fff1fa07e998e86f7f7a27ae3,621-936-2519x066,574-83-6140,4.5,"5855 Matthew Highway Port Susanstad, CT 52972",Resting
708,Barbara White,a665a45920422f9d417e4867efdc4fb8a04a1f3fff1fa07e998e86f7f7a27ae3,7433383330,065-62-8225,4.4,"01726 Smith Fields Kingmouth, VI 60390",Delivering
709,Kimberly Dixon,a665a45920422f9d417e4867efdc4fb8a04a1f3fff1fa07e998e86f7f7a27ae3,(746)385-2497,423-94-5316,4.3,"72678 Castaneda Glens Suite 256 North Timothy, NY 74282",Delivering
710,Andrew Ferrell,a665a45920422f9d417e4867efdc4fb8a04a1f3fff1fa07e998e86f7f7a27ae3,(846)550-1230x402,751-62-3397,3.9,"722 Stephanie Hill Apt. 944 Port Teresatown, PW 59774",Resting
711,Jesse Owen,a665a45920422f9d417e4867efdc4fb8a04a1f3fff1fa07e998e86f7f7a27ae3,001-278-834-4773x939,394-86-8839,3.9,"365 Melton Lights West John, NE 73833",Available
712,Angel Coleman,a665a45920422f9d417e4867efdc4fb8a04a1f3fff1fa07e998e86f7f7a27ae3,2208979087,614-86-0862,4.3,"6512 Ashley Circle Suite 470 Burgessmouth, TN 60160",Available
713,Michael Baker,a665a45920422f9d417e4867efdc4fb8a04a1f3fff1fa07e998e86f7f7a27ae3,(420)663-0331,446-18-4216,4.0,"195 Kelly Rue Apt. 034 Markstad, ID 98160",Available
714,Bradley Stephenson,a665a45920422f9d417e4867efdc4fb8a04a1f3fff1fa07e998e86f7f7a27ae3,(410)219-7965x3206,569-99-0448,3.6,Unit 4534 Box 8281 DPO AE 84496,Delivering
715,Laura Bell,a665a45920422f9d417e4867efdc4fb8a04a1f3fff1fa07e998e86f7f7a27ae3,(607)785-5604,176-40-2382,4.0,"88535 Anderson Point Valenzuelaburgh, NC 91589",Available
716,Joseph Rivera,a665a45920422f9d417e4867efdc4fb8a04a1f3fff1fa07e998e86f7f7a27ae3,663-792-1989x924,521-98-2958,4.3,"98200 Kathy Loaf Suite 357 Lake Rodneyborough, FM 80644",Available
717,Deborah Valentine,a665a45920422f9d417e4867efdc4fb8a04a1f3fff1fa07e998e86f7f7a27ae3,(741)512-0512,264-39-9870,4.6,"87785 Chelsea Hill Apt. 632 Aliciashire, MA 00780",Delivering
718,Ryan Summers,a665a45920422f9d417e4867efdc4fb8a04a1f3fff1fa07e998e86f7f7a27ae3,(776)389-2378x22844,584-23-1841,4.1,"249 Mitchell Crest West Ivanburgh, IA 85876",Available
719,Carol Campbell,a665a45920422f9d417e4867efdc4fb8a04a1f3fff1fa07e998e86f7f7a27ae3,001-819-632-2830,622-21-0426,4.1,"338 Stewart Ports Suite 478 East Calvin, NY 19219",Available
720,Mr. Eric Sandoval Jr.,a665a45920422f9d417e4867efdc4fb8a04a1f3fff1fa07e998e86f7f7a27ae3,+1-329-903-3018x995,367-87-2437,4.5,Unit 2935 Box 3776 DPO AE 81340,Delivering
721,Desiree Lopez,a665a45920422f9d417e4867efdc4fb8a04a1f3fff1fa07e998e86f7f7a27ae3,(244)377-4822,702-86-3114,4.8,"406 Emily Rapid Apt. 913 South Michelle, NY 56866",Available
722,Robert Hooper,a665a45920422f9d417e4867efdc4fb8a04a1f3fff1fa07e998e86f7f7a27ae3,568.596.8796x4021,511-81-4892,4.0,"37975 Craig Oval Adriantown, MP 08866",Resting
723,Elizabeth Manning,a665a45920422f9d417e4867efdc4fb8a04a1f3fff1fa07e998e86f7f7a27ae3,(232)328-9702x28467,436-09-6167,3.8,"694 Janice Burg Port Frank, OK 06148",Available
724,Lisa Warner DDS,a665a45920422f9d417e4867efdc4fb8a04a1f3fff1fa07e998e86f7f7a27ae3,297-926-0506x185,088-93-7920,4.1,"2949 Keith Trail New Matthewville, CT 66402",Delivering
725,Devin Noble,a665a45920422f9d417e4867efdc4fb8a04a1f3fff1fa07e998e86f7f7a27ae3,232-326-3760x7114,473-60-6471,3.9,"94250 Crystal Plains Lake Jeffreyport, GA 56371",Delivering
726,Robert Turner,a665a45920422f9d417e4867efdc4fb8a04a1f3fff1fa07e998e86f7f7a27ae3,001-358-311-5404,442-28-5051,4.9,"18943 Stephanie Oval Gardnerburgh, OR 39457",Resting
727,David Rogers,a665a45920422f9d417e4867efdc4fb8a04a1f3fff1fa07e998e86f7f7a27ae3,001-455-754-7380,776-46-3634,3.7,"979 Travis Club Davilaview, MO 50459",Available
728,Randall Foster,a665a45920422f9d417e4867efdc4fb8a04a1f3fff1fa07e998e86f7f7a27ae3,857.934.0151,640-67-7917,3.5,"0056 Christine Mills Suite 554 Lisatown, MH 54485",Resting
729,Sally Anderson,a665a45920422f9d417e4867efdc4fb8a04a1f3fff1fa07e998e86f7f7a27ae3,001-542-821-5672x26611,528-52-1590,4.4,Unit 7382 Box 1775 DPO AA 43825,Delivering
730,Douglas Taylor,a665a45920422f9d417e4867efdc4fb8a04a1f3fff1fa07e998e86f7f7a27ae3,+1-848-510-2121,194-10-3144,3.6,"4551 Logan Crest Suite 640 Port Emily, FM 03877",Delivering
731,Angela Johnson,a665a45920422f9d417e4867efdc4fb8a04a1f3fff1fa07e998e86f7f7a27ae3,7286243492,372-34-3807,4.8,"867 Graves Heights Lake Patriciachester, FL 62072",Delivering
732,Mark Hernandez,a665a45920422f9d417e4867efdc4fb8a04a1f3fff1fa07e998e86f7f7a27ae3,215.874.1400,587-35-0182,3.8,"86527 Erica Lake Suite 277 West Ryan, OR 29966",Resting
733,Krystal Novak,a665a45920422f9d417e4867efdc4fb8a04a1f3fff1fa07e998e86f7f7a27ae3,+1-586-281-5547x26708,837-33-1902,4.5,"19004 Carrillo Hill Perezside, CA 42347",Available
734,Hunter Watts,a665a45920422f9d417e4867efdc4fb8a04a1f3fff1fa07e998e86f7f7a27ae3,443-681-3482x72246,455-79-5102,3.5,"550 Robin Stravenue Suite 606 Riveraside, DC 44547",Resting
735,Nicole Bradley,a665a45920422f9d417e4867efdc4fb8a04a1f3fff1fa07e998e86f7f7a27ae3,(797)814-5849,069-54-2904,4.6,"1318 Pierce Extension North Dennis, KY 87186",Resting
736,Amy Ali,a665a45920422f9d417e4867efdc4fb8a04a1f3fff1fa07e998e86f7f7a27ae3,588-784-0321x7218,819-50-8688,4.3,"33557 Jennifer Views Lake Benjaminchester, AZ 87847",Resting
737,Jennifer Sweeney,a665a45920422f9d417e4867efdc4fb8a04a1f3fff1fa07e998e86f7f7a27ae3,898.412.3335,387-28-7183,4.5,"081 King Port Suite 364 Melindaton, NC 65446",Available
738,Aimee Cochran,a665a45920422f9d417e4867efdc4fb8a04a1f3fff1fa07e998e86f7f7a27ae3,327.925.8794x27198,140-12-8317,4.7,"409 Katherine Loop Suite 977 Colleenfurt, MP 93774",Resting
739,Katherine Lopez,a665a45920422f9d417e4867efdc4fb8a04a1f3fff1fa07e998e86f7f7a27ae3,+1-310-537-3926x3104,057-89-0453,4.9,Unit 5838 Box 3739 DPO AA 77041,Resting
740,Mr. Eric Davenport,a665a45920422f9d417e4867efdc4fb8a04a1f3fff1fa07e998e86f7f7a27ae3,960.900.3436x169,266-69-0001,4.3,"88596 Walter Flats West Andreberg, ID 24369",Delivering
741,Peggy Watkins,a665a45920422f9d417e4867efdc4fb8a04a1f3fff1fa07e998e86f7f7a27ae3,583-640-6404,088-02-4564,3.9,"9429 Cabrera Divide Suite 278 West Victoria, GA 18211",Delivering
742,Dr. Scott Mcdaniel,a665a45920422f9d417e4867efdc4fb8a04a1f3fff1fa07e998e86f7f7a27ae3,529.898.2315x70211,058-99-8139,4.6,"5300 Amy Spring Lake Lori, IN 07928",Available
743,Mark Turner,a665a45920422f9d417e4867efdc4fb8a04a1f3fff1fa07e998e86f7f7a27ae3,001-433-481-8088x5632,597-84-7614,4.6,"07443 Johnson Drives Mannington, VA 68072",Delivering
744,Raymond Torres,a665a45920422f9d417e4867efdc4fb8a04a1f3fff1fa07e998e86f7f7a27ae3,700-278-6717,870-62-3477,4.2,"4468 Melanie Motorway Hannahbury, CT 41304",Resting
745,Gregory Campbell,a665a45920422f9d417e4867efdc4fb8a04a1f3fff1fa07e998e86f7f7a27ae3,(923)742-4106x1089,567-66-3860,4.8,"40669 Deanna Island Apt. 281 Port Gregory, SD 14700",Available
746,Hector Rodriguez,a665a45920422f9d417e4867efdc4fb8a04a1f3fff1fa07e998e86f7f7a27ae3,001-490-787-4825x6007,326-46-4888,3.6,"520 Li Plains Evansborough, LA 15260",Resting
747,Shirley Perkins,a665a45920422f9d417e4867efdc4fb8a04a1f3fff1fa07e998e86f7f7a27ae3,882-741-0726x1485,804-55-2842,4.1,USS Thomas FPO AA 42023,Delivering
748,Michele Stafford,a665a45920422f9d417e4867efdc4fb8a04a1f3fff1fa07e998e86f7f7a27ae3,001-558-775-3416x98342,449-84-4563,3.9,USNV Payne FPO AE 58209,Resting
749,Patrick Goodwin,a665a45920422f9d417e4867efdc4fb8a04a1f3fff1fa07e998e86f7f7a27ae3,980-357-7125x288,013-33-4852,4.3,"0038 Kelly Glen Apt. 089 Jeffreyshire, AR 24309",Resting
750,Johnny Sanchez,a665a45920422f9d417e4867efdc4fb8a04a1f3fff1fa07e998e86f7f7a27ae3,(651)796-3386x15021,514-19-0707,4.1,"5827 Weaver Stream Denisestad, DC 31185",Available
751,Lori Allen,a665a45920422f9d417e4867efdc4fb8a04a1f3fff1fa07e998e86f7f7a27ae3,001-461-376-6024x84377,694-92-9688,3.7,"61683 Nguyen Loaf Lindatown, CA 28701",Available
752,Kristi Mcknight,a665a45920422f9d417e4867efdc4fb8a04a1f3fff1fa07e998e86f7f7a27ae3,452.654.4451x77569,733-18-6083,4.0,"4744 Gomez Mountain Karlville, IA 43718",Available
753,Nathaniel Mckenzie,a665a45920422f9d417e4867efdc4fb8a04a1f3fff1fa07e998e86f7f7a27ae3,(788)931-3627x22518,811-05-7928,4.4,"697 Mccormick Village Apt. 141 Seanburgh, IA 37168",Available
754,Karen Barron,a665a45920422f9d417e4867efdc4fb8a04a1f3fff1fa07e998e86f7f7a27ae3,001-506-750-3253x5035,827-81-7831,4.6,"37934 Sutton Street Apt. 143 Lake Melissa, HI 52518",Available
755,Tyler Taylor,a665a45920422f9d417e4867efdc4fb8a04a1f3fff1fa07e998e86f7f7a27ae3,294-781-8703,838-61-7086,4.0,"PSC 7705, Box 2302 APO AA 78873",Available
756,Melanie Jackson,a665a45920422f9d417e4867efdc4fb8a04a1f3fff1fa07e998e86f7f7a27ae3,865-483-0358x939,014-05-6803,4.4,"62179 Anthony Glen Williamsburgh, NJ 43661",Resting
757,Amanda Coleman,a665a45920422f9d417e4867efdc4fb8a04a1f3fff1fa07e998e86f7f7a27ae3,5955056735,212-14-4315,4.8,Unit 7388 Box 8898 DPO AA 23970,Available
758,Theresa Contreras,a665a45920422f9d417e4867efdc4fb8a04a1f3fff1fa07e998e86f7f7a27ae3,+1-385-810-6337x87760,227-01-8388,3.7,"077 Steven Greens Josephburgh, DC 14343",Available
759,Joshua Edwards,a665a45920422f9d417e4867efdc4fb8a04a1f3fff1fa07e998e86f7f7a27ae3,536.448.1870x7210,611-19-1356,4.2,"7371 Weaver Mountains Apt. 327 Boydside, WI 15755",Available
760,Mark Neal,a665a45920422f9d417e4867efdc4fb8a04a1f3fff1fa07e998e86f7f7a27ae3,(890)638-0260,188-48-8226,3.9,"848 Finley View Suite 384 South Tyler, AL 80414",Available
761,Randy Nunez,a665a45920422f9d417e4867efdc4fb8a04a1f3fff1fa07e998e86f7f7a27ae3,001-319-963-9461x55671,517-65-6996,3.6,"29808 Church Ridge Maxwellhaven, AS 89971",Delivering
762,Jonathan Cox,a665a45920422f9d417e4867efdc4fb8a04a1f3fff1fa07e998e86f7f7a27ae3,738-655-1950x92492,550-05-1897,3.7,"7950 Reynolds Loaf Suite 011 New Tonya, PW 76204",Resting
763,Samantha Gray,a665a45920422f9d417e4867efdc4fb8a04a1f3fff1fa07e998e86f7f7a27ae3,757.759.6517x3420,084-58-0031,3.7,"1925 Harrison Plain Apt. 134 South Joshua, AS 76495",Delivering
764,Michael Bernard,a665a45920422f9d417e4867efdc4fb8a04a1f3fff1fa07e998e86f7f7a27ae3,+1-978-791-5970x06599,837-29-1245,4.1,"47671 Williams Branch Apt. 727 Basston, FL 76590",Delivering
765,John Mack,a665a45920422f9d417e4867efdc4fb8a04a1f3fff1fa07e998e86f7f7a27ae3,(635)453-6603x18515,523-09-1470,4.8,"6026 Jones Glen Claireland, MO 60040",Available
766,Mr. Michael Gillespie,a665a45920422f9d417e4867efdc4fb8a04a1f3fff1fa07e998e86f7f7a27ae3,709-224-5996,358-33-8798,4.7,"PSC 3594, Box 7691 APO AA 90422",Delivering
767,Lynn Smith,a665a45920422f9d417e4867efdc4fb8a04a1f3fff1fa07e998e86f7f7a27ae3,001-697-945-9085x50786,490-37-8452,4.4,"1119 Green Burgs South Lisa, NJ 24276",Delivering
768,Susan Lindsey,a665a45920422f9d417e4867efdc4fb8a04a1f3fff1fa07e998e86f7f7a27ae3,776-743-0591x44578,822-99-4866,4.9,"376 Mindy Cliffs Gonzalezstad, TX 28474",Available
769,Alejandro Kelly,a665a45920422f9d417e4867efdc4fb8a04a1f3fff1fa07e998e86f7f7a27ae3,774.693.7932,460-15-2879,4.8,"8640 Kyle Spring Apt. 275 East Meganborough, OH 89514",Available
770,Anna Sandoval,a665a45920422f9d417e4867efdc4fb8a04a1f3fff1fa07e998e86f7f7a27ae3,001-960-233-5201x82926,020-80-5322,3.6,"PSC 6409, Box 4941 APO AA 24130",Available
771,Jordan Yoder,a665a45920422f9d417e4867efdc4fb8a04a1f3fff1fa07e998e86f7f7a27ae3,484.291.0666x1492,242-69-0630,4.9,"517 Lisa Camp Apt. 147 North Jennifer, TX 97015",Available
772,Michelle Hunt,a665a45920422f9d417e4867efdc4fb8a04a1f3fff1fa07e998e86f7f7a27ae3,+1-332-744-4372x701,851-13-8976,3.8,"79587 Donald Ridges Apt. 378 South Kelseyton, WV 15065",Available
773,Jessica Smith,a665a45920422f9d417e4867efdc4fb8a04a1f3fff1fa07e998e86f7f7a27ae3,(375)723-1545x91057,582-69-6428,3.8,"654 Mitchell Brooks Goodland, MO 28187",Resting
774,Shawn Graves,a665a45920422f9d417e4867efdc4fb8a04a1f3fff1fa07e998e86f7f7a27ae3,001-485-653-5553x27108,450-31-5197,3.9,"3242 Kaitlyn Shores Adrianberg, VA 63068",Delivering
775,Richard Lynch,a665a45920422f9d417e4867efdc4fb8a04a1f3fff1fa07e998e86f7f7a27ae3,+1-886-389-4238x629,849-88-8015,3.7,"724 Miranda Radial Kendrachester, ME 73890",Delivering
776,Dillon Boyle,a665a45920422f9d417e4867efdc4fb8a04a1f3fff1fa07e998e86f7f7a27ae3,994.307.3227x5753,350-85-8071,3.8,"PSC 0312, Box 9444 APO AP 12692",Resting
777,William Stephens,a665a45920422f9d417e4867efdc4fb8a04a1f3fff1fa07e998e86f7f7a27ae3,001-744-342-9478x874,180-46-8620,3.8,"22129 Simmons Bypass Huangtown, FM 53795",Resting
778,John Leon,a665a45920422f9d417e4867efdc4fb8a04a1f3fff1fa07e998e86f7f7a27ae3,6457430918,438-73-3166,4.6,"1889 Clark Roads Apt. 492 Adrianton, MT 95876",Resting
779,Regina Gill,a665a45920422f9d417e4867efdc4fb8a04a1f3fff1fa07e998e86f7f7a27ae3,598-313-0360,688-54-6547,4.5,"392 Derrick Summit Jenniferview, NM 23030",Delivering
780,John Hobbs,a665a45920422f9d417e4867efdc4fb8a04a1f3fff1fa07e998e86f7f7a27ae3,845-319-5949x94394,367-80-5317,4.7,"0805 Collins Vista Amytown, OK 37089",Resting
781,Joel Bailey,a665a45920422f9d417e4867efdc4fb8a04a1f3fff1fa07e998e86f7f7a27ae3,+1-653-772-6828x400,581-55-1822,3.8,"8677 Michael Valley Suite 991 Catherinebury, IA 09543",Resting
782,Tanner Mitchell,a665a45920422f9d417e4867efdc4fb8a04a1f3fff1fa07e998e86f7f7a27ae3,(527)355-8555x100,198-18-0264,3.9,"0223 Long Port Apt. 186 East Ashley, TX 97758",Resting
783,James Riley,a665a45920422f9d417e4867efdc4fb8a04a1f3fff1fa07e998e86f7f7a27ae3,001-715-681-0677x821,279-22-5634,4.7,"608 John Stravenue Suite 745 Port Robertoport, NH 85473",Resting
784,Jacob Nelson,a665a45920422f9d417e4867efdc4fb8a04a1f3fff1fa07e998e86f7f7a27ae3,427.846.8899,538-69-6500,4.2,"3191 Hill Manors Johnstonbury, NM 61664",Resting
785,James Patel,a665a45920422f9d417e4867efdc4fb8a04a1f3fff1fa07e998e86f7f7a27ae3,(367)227-7426x8510,770-83-2008,4.7,Unit 8996 Box 3477 DPO AA 90533,Resting
786,Christopher Smith,a665a45920422f9d417e4867efdc4fb8a04a1f3fff1fa07e998e86f7f7a27ae3,(399)664-9351,150-28-8480,3.6,"15375 Robinson Highway Suite 323 Josephton, MN 80069",Available
787,Mrs. Debra West DDS,a665a45920422f9d417e4867efdc4fb8a04a1f3fff1fa07e998e86f7f7a27ae3,+1-736-240-5278x76754,886-93-2147,3.7,"221 Ortiz Station Lake Cameron, RI 54910",Available
788,Scott Harper,a665a45920422f9d417e4867efdc4fb8a04a1f3fff1fa07e998e86f7f7a27ae3,219.227.4932x806,164-15-2539,4.8,"934 Blake Club South Ashley, ME 51795",Resting
789,Michael Lowe,a665a45920422f9d417e4867efdc4fb8a04a1f3fff1fa07e998e86f7f7a27ae3,686.307.6294x375,308-97-0590,4.0,"25021 Michelle Manor Schultzborough, IN 19803",Resting
790,David Carlson,a665a45920422f9d417e4867efdc4fb8a04a1f3fff1fa07e998e86f7f7a27ae3,294-561-9368x9122,861-85-0119,4.8,"PSC 4627, Box 4640 APO AP 53660",Delivering
791,Corey Gray,a665a45920422f9d417e4867efdc4fb8a04a1f3fff1fa07e998e86f7f7a27ae3,+1-605-888-9585,852-80-4802,4.4,"727 Crane Junction Apt. 198 West Michaelfort, FM 79818",Delivering
792,Christopher Leblanc,a665a45920422f9d417e4867efdc4fb8a04a1f3fff1fa07e998e86f7f7a27ae3,+1-267-264-4485x354,897-03-4610,3.6,"6685 Tyler Junctions Apt. 226 Patriciatown, KS 85375",Resting
793,Sabrina Gonzalez,a665a45920422f9d417e4867efdc4fb8a04a1f3fff1fa07e998e86f7f7a27ae3,001-250-891-4009,047-72-2540,3.7,"3374 Steven Creek Chavezfort, PA 50648",Available
794,Danielle Singh,a665a45920422f9d417e4867efdc4fb8a04a1f3fff1fa07e998e86f7f7a27ae3,420-382-0548x3568,357-99-7036,3.6,"3757 Albert Ferry North Jacobfurt, OR 36085",Available
795,Grant Lynch,a665a45920422f9d417e4867efdc4fb8a04a1f3fff1fa07e998e86f7f7a27ae3,+1-424-537-7151x83660,566-45-7596,4.3,"60572 Ryan Mews Jacksonville, MD 36212",Delivering
796,James Riley,a665a45920422f9d417e4867efdc4fb8a04a1f3fff1fa07e998e86f7f7a27ae3,471.869.8754,730-32-6156,3.9,"9282 Herring Burg Suite 873 North Danielside, VI 44840",Resting
797,Julie Bryant,a665a45920422f9d417e4867efdc4fb8a04a1f3fff1fa07e998e86f7f7a27ae3,001-940-848-6850,442-88-6592,3.6,"649 Sullivan Crossing Romeroport, SC 29577",Delivering
798,Gerald Wood,a665a45920422f9d417e4867efdc4fb8a04a1f3fff1fa07e998e86f7f7a27ae3,+1-731-484-0775x532,146-47-6280,4.9,"808 Christian Estate Apt. 186 Barnettfurt, MT 50672",Delivering
799,Danielle Gibson,a665a45920422f9d417e4867efdc4fb8a04a1f3fff1fa07e998e86f7f7a27ae3,870-705-8823x33839,807-37-2030,4.0,"94181 Edward Turnpike Jodifurt, RI 02447",Delivering
800,Stephen Welch,a665a45920422f9d417e4867efdc4fb8a04a1f3fff1fa07e998e86f7f7a27ae3,001-677-742-3612x2036,344-91-4751,4.2,"35201 Krystal Port Suite 690 Hoganhaven, NY 64210",Available
801,Maria Sanders,a665a45920422f9d417e4867efdc4fb8a04a1f3fff1fa07e998e86f7f7a27ae3,577-834-1013x55896,641-33-8744,3.6,"294 Webster Neck Suite 633 Port Dianechester, PR 65678",Delivering
802,Emily Davis,a665a45920422f9d417e4867efdc4fb8a04a1f3fff1fa07e998e86f7f7a27ae3,795-937-3322x018,248-39-6924,4.8,"51633 Madden Ports Suite 675 Martinville, GA 60901",Delivering
803,Theresa Wu,a665a45920422f9d417e4867efdc4fb8a04a1f3fff1fa07e998e86f7f7a27ae3,858-433-0516x118,687-59-3213,3.6,"03104 Gregory Lakes Port Ernestburgh, MD 57792",Available
804,Brandon Martin,a665a45920422f9d417e4867efdc4fb8a04a1f3fff1fa07e998e86f7f7a27ae3,4943808419,390-41-3843,3.8,"PSC 5198, Box 4081 APO AP 36468",Delivering
805,Eric Collins,a665a45920422f9d417e4867efdc4fb8a04a1f3fff1fa07e998e86f7f7a27ae3,6243940336,086-78-3197,4.5,"7644 Smith Ports North Caitlin, FM 20204",Delivering
806,Harry Simmons,a665a45920422f9d417e4867efdc4fb8a04a1f3fff1fa07e998e86f7f7a27ae3,001-872-704-8886x3485,332-46-6882,3.7,"7004 Crawford Keys Lake Katrina, OR 37422",Delivering
807,David Martin,a665a45920422f9d417e4867efdc4fb8a04a1f3fff1fa07e998e86f7f7a27ae3,+1-347-873-3735x52529,624-85-6464,4.7,"7972 Bradley Extension Suite 613 East Michelle, HI 71071",Available
808,Kenneth Valencia,a665a45920422f9d417e4867efdc4fb8a04a1f3fff1fa07e998e86f7f7a27ae3,001-264-381-4684,367-73-0672,4.7,"9295 Heath Throughway Apt. 308 Kathleenmouth, CT 82699",Resting
809,Veronica Boyle,a665a45920422f9d417e4867efdc4fb8a04a1f3fff1fa07e998e86f7f7a27ae3,(280)469-1789,186-52-6338,4.5,"4701 Barbara Ford Beckerbury, AK 18308",Available
810,Samantha Burke,a665a45920422f9d417e4867efdc4fb8a04a1f3fff1fa07e998e86f7f7a27ae3,(894)776-2827x36911,853-72-6403,4.2,"453 Daniel Harbors Suite 589 Gutierrezside, HI 77039",Delivering
811,Sierra Roberts,a665a45920422f9d417e4867efdc4fb8a04a1f3fff1fa07e998e86f7f7a27ae3,534-442-9654,216-56-4496,3.8,"806 Beth Tunnel Lake Marthastad, NC 51107",Resting
812,Adrienne Walker,a665a45920422f9d417e4867efdc4fb8a04a1f3fff1fa07e998e86f7f7a27ae3,(273)856-7961x10767,609-51-1092,3.8,"0099 Miranda Island Michaelview, CT 69626",Available
813,Joseph Bennett,a665a45920422f9d417e4867efdc4fb8a04a1f3fff1fa07e998e86f7f7a27ae3,651-868-2915x72697,158-70-8237,4.6,"9467 Gallegos Meadows Apt. 720 Leestad, CO 80329",Available
814,Johnathan Walters,a665a45920422f9d417e4867efdc4fb8a04a1f3fff1fa07e998e86f7f7a27ae3,260.920.5638,028-86-4444,4.8,"98833 Nancy Grove Apt. 475 Lake Elizabeth, AS 35630",Available
815,Timothy Bradley,a665a45920422f9d417e4867efdc4fb8a04a1f3fff1fa07e998e86f7f7a27ae3,001-525-709-1466x49227,602-23-8359,4.5,"51339 Jones Village New Monicaton, MD 62771",Available
816,Richard Norris,a665a45920422f9d417e4867efdc4fb8a04a1f3fff1fa07e998e86f7f7a27ae3,(781)310-5023x7172,610-61-0775,3.6,"33985 Eric Parks Apt. 999 East Barbara, AS 67983",Available
817,Tracey Gordon,a665a45920422f9d417e4867efdc4fb8a04a1f3fff1fa07e998e86f7f7a27ae3,001-947-701-7485,339-93-2990,4.0,"8575 Michelle Drive Apt. 743 Port Jennifer, IA 73472",Available
818,James Mendoza,a665a45920422f9d417e4867efdc4fb8a04a1f3fff1fa07e998e86f7f7a27ae3,(970)582-8579,616-82-9230,4.9,"91711 Jacobson Courts Sharonland, VI 64967",Resting
819,Cole Johnson,a665a45920422f9d417e4867efdc4fb8a04a1f3fff1fa07e998e86f7f7a27ae3,001-979-270-0876,565-43-4568,3.9,"364 Gregory Crest Apt. 559 Edwardsfurt, MI 60895",Resting
820,Patricia James,a665a45920422f9d417e4867efdc4fb8a04a1f3fff1fa07e998e86f7f7a27ae3,+1-423-715-6895x5491,462-48-2421,3.8,"995 Miles Radial East Robertside, WY 19754",Available
821,Anthony Carter,a665a45920422f9d417e4867efdc4fb8a04a1f3fff1fa07e998e86f7f7a27ae3,222-944-8941,619-42-3501,3.7,"3478 Wright Burgs Suite 731 East Nancyborough, AR 36870",Delivering
822,Richard Reynolds,a665a45920422f9d417e4867efdc4fb8a04a1f3fff1fa07e998e86f7f7a27ae3,(707)566-0049,874-24-7749,4.7,Unit 9400 Box 9605 DPO AE 90371,Delivering
823,Michael Mcdaniel,a665a45920422f9d417e4867efdc4fb8a04a1f3fff1fa07e998e86f7f7a27ae3,+1-782-670-6134x376,067-30-8915,3.6,"PSC 8955, Box 6226 APO AP 87261",Resting
824,Kimberly Lopez,a665a45920422f9d417e4867efdc4fb8a04a1f3fff1fa07e998e86f7f7a27ae3,001-582-302-3200x4364,356-94-1460,3.9,"6478 Boone Oval Suite 170 South Carlaland, FM 48661",Resting
825,Stephanie Keller,a665a45920422f9d417e4867efdc4fb8a04a1f3fff1fa07e998e86f7f7a27ae3,728-554-8266,313-38-9840,4.2,"652 Lee Rue Robertberg, TN 14038",Available
826,Ryan Baker,a665a45920422f9d417e4867efdc4fb8a04a1f3fff1fa07e998e86f7f7a27ae3,918.471.4068x23726,820-25-6444,4.6,"5332 Lopez Hill Claytonbury, CT 34966",Available
827,Karen Copeland,a665a45920422f9d417e4867efdc4fb8a04a1f3fff1fa07e998e86f7f7a27ae3,+1-792-905-0266x001,801-83-0951,3.9,"37417 Thompson Court Suite 146 Michelleview, FM 91535",Available
828,Thomas Johnson,a665a45920422f9d417e4867efdc4fb8a04a1f3fff1fa07e998e86f7f7a27ae3,+1-225-615-7358x170,737-44-7957,4.2,"82138 Brittany Plaza Gonzaleztown, WV 31703",Available
829,Donna Johnson,a665a45920422f9d417e4867efdc4fb8a04a1f3fff1fa07e998e86f7f7a27ae3,(559)754-6686x0814,509-46-7990,4.2,"364 Lori Corners South Claire, TX 26633",Delivering
830,Don Adams,a665a45920422f9d417e4867efdc4fb8a04a1f3fff1fa07e998e86f7f7a27ae3,5682726577,011-33-1128,3.7,"419 Watson Ports East Ashley, VI 14344",Available
831,Yvette Todd,a665a45920422f9d417e4867efdc4fb8a04a1f3fff1fa07e998e86f7f7a27ae3,319.204.2202x4900,506-98-6308,4.0,USS Abbott FPO AA 14984,Delivering
832,Cynthia Cox,a665a45920422f9d417e4867efdc4fb8a04a1f3fff1fa07e998e86f7f7a27ae3,389-507-0260,473-19-2034,3.8,"716 Barbara Terrace Suite 217 Hufftown, MA 70485",Available
833,Andrew Ortiz,a665a45920422f9d417e4867efdc4fb8a04a1f3fff1fa07e998e86f7f7a27ae3,313-286-1827x883,690-26-6110,3.6,"7751 Klein Fords Suite 150 Zacharyborough, OH 80057",Available
834,Caroline Long,a665a45920422f9d417e4867efdc4fb8a04a1f3fff1fa07e998e86f7f7a27ae3,+1-457-800-6055x09126,731-60-8727,4.1,"1525 Schneider Well Juliebury, NE 57619",Available
835,Julia Walker DDS,a665a45920422f9d417e4867efdc4fb8a04a1f3fff1fa07e998e86f7f7a27ae3,383-702-3255x26191,267-27-4647,4.6,USCGC Parks FPO AA 18799,Delivering
836,Bryan Lloyd,a665a45920422f9d417e4867efdc4fb8a04a1f3fff1fa07e998e86f7f7a27ae3,001-629-780-7551x74147,431-31-1896,4.8,"311 Wayne Point Tammyborough, TX 95929",Resting
837,Jill Allison,a665a45920422f9d417e4867efdc4fb8a04a1f3fff1fa07e998e86f7f7a27ae3,669-659-7949x2102,600-22-8878,4.2,"16409 Mathew Flats New Mary, SC 26131",Delivering
838,Jennifer Zimmerman,a665a45920422f9d417e4867efdc4fb8a04a1f3fff1fa07e998e86f7f7a27ae3,980-784-5311x154,588-44-9767,4.6,"542 Sheppard Mountain Sandershaven, SC 11680",Delivering
839,Angelica Martinez,a665a45920422f9d417e4867efdc4fb8a04a1f3fff1fa07e998e86f7f7a27ae3,001-771-679-1958,573-86-7605,3.6,"8894 Burns Run Johnberg, MA 32285",Available
840,Matthew Smith,a665a45920422f9d417e4867efdc4fb8a04a1f3fff1fa07e998e86f7f7a27ae3,001-687-388-6751x571,588-37-1985,4.2,"057 Michael View Jessicaville, MI 28522",Delivering
841,Amanda Hughes,a665a45920422f9d417e4867efdc4fb8a04a1f3fff1fa07e998e86f7f7a27ae3,(715)477-7778x58237,700-29-1114,3.9,"25188 Hooper Vista Lake Robertside, MA 06639",Resting
842,Andrew Ferguson,a665a45920422f9d417e4867efdc4fb8a04a1f3fff1fa07e998e86f7f7a27ae3,8865853162,417-47-0448,4.5,"78412 Young Ridges Harringtonburgh, IL 26255",Resting
843,Krista Hogan,a665a45920422f9d417e4867efdc4fb8a04a1f3fff1fa07e998e86f7f7a27ae3,+1-932-685-1255x42252,157-71-5220,4.6,"10439 Colin Underpass South Karen, CO 69839",Delivering
844,Calvin Phillips,a665a45920422f9d417e4867efdc4fb8a04a1f3fff1fa07e998e86f7f7a27ae3,001-304-522-3861,221-61-8237,4.1,"5974 Kimberly Lakes Apt. 730 East Katherinetown, PW 02392",Delivering
845,Randy Sullivan,a665a45920422f9d417e4867efdc4fb8a04a1f3fff1fa07e998e86f7f7a27ae3,885-536-8685,436-41-9444,3.6,"6048 Joseph Manors Allisonburgh, KY 39301",Available
846,Chase Dickson,a665a45920422f9d417e4867efdc4fb8a04a1f3fff1fa07e998e86f7f7a27ae3,001-280-771-0868x6565,003-37-7937,4.8,"1266 Anthony Rapids Apt. 462 West Kimberlyshire, WY 97487",Delivering
847,Eric Clark,a665a45920422f9d417e4867efdc4fb8a04a1f3fff1fa07e998e86f7f7a27ae3,369.213.1422,773-15-6826,3.8,"63407 Ramirez Mission Jamesfurt, PW 39598",Available
848,Johnny Robinson,a665a45920422f9d417e4867efdc4fb8a04a1f3fff1fa07e998e86f7f7a27ae3,001-351-726-2840x5763,617-69-7656,4.9,"901 Henry Gardens Sophiastad, IN 81987",Available
849,Jenny Avery,a665a45920422f9d417e4867efdc4fb8a04a1f3fff1fa07e998e86f7f7a27ae3,001-406-535-0963,327-47-2066,5.0,"6064 Tamara Hills North Joeberg, MN 24369",Available
850,Jessica Giles,a665a45920422f9d417e4867efdc4fb8a04a1f3fff1fa07e998e86f7f7a27ae3,461-869-7689x180,082-92-2191,3.9,"545 Davila Station Suite 086 Barkerfort, NY 83471",Available
851,Nancy Cook,a665a45920422f9d417e4867efdc4fb8a04a1f3fff1fa07e998e86f7f7a27ae3,(996)922-8121x8484,869-08-9953,4.1,"2449 William Glen Apt. 165 West Christopherborough, NM 37087",Available
852,Stephen Lara,a665a45920422f9d417e4867efdc4fb8a04a1f3fff1fa07e998e86f7f7a27ae3,001-761-534-2337x654,540-88-0593,4.9,"523 Sanders Prairie Suite 313 New Marissa, OK 48053",Available
853,Victor Rose,a665a45920422f9d417e4867efdc4fb8a04a1f3fff1fa07e998e86f7f7a27ae3,931.965.7420x0089,030-25-0379,3.8,"PSC 5139, Box 9313 APO AA 80911",Resting
854,Deborah Reese,a665a45920422f9d417e4867efdc4fb8a04a1f3fff1fa07e998e86f7f7a27ae3,763-544-6561,123-52-3659,4.0,"1934 Samantha Shoal Apt. 408 Lake Crystal, MI 02516",Available
855,Justin Pope,a665a45920422f9d417e4867efdc4fb8a04a1f3fff1fa07e998e86f7f7a27ae3,867-797-7766x3024,504-14-2338,4.1,"8426 Christopher Track Apt. 732 New Jonathan, FM 07965",Resting
856,Zachary Anderson,a665a45920422f9d417e4867efdc4fb8a04a1f3fff1fa07e998e86f7f7a27ae3,(671)541-2481,581-18-8577,4.0,"3784 Dale Walks Apt. 619 North Jamiemouth, WV 16575",Resting
857,Elizabeth Barry,a665a45920422f9d417e4867efdc4fb8a04a1f3fff1fa07e998e86f7f7a27ae3,(923)281-3963,272-79-1181,4.8,"87961 Dalton Road Apt. 792 South Cynthiamouth, NH 98740",Available
858,Randy Paul,a665a45920422f9d417e4867efdc4fb8a04a1f3fff1fa07e998e86f7f7a27ae3,351.516.6268x215,092-72-6127,4.9,"PSC 8049, Box 0343 APO AA 95517",Resting
859,Abigail Montgomery,a665a45920422f9d417e4867efdc4fb8a04a1f3fff1fa07e998e86f7f7a27ae3,(267)789-2216x9092,058-36-4256,4.8,"344 Morse Unions Ryanton, DC 36537",Resting
860,Marvin Frost,a665a45920422f9d417e4867efdc4fb8a04a1f3fff1fa07e998e86f7f7a27ae3,228.677.7567x39256,757-39-4859,4.7,"892 Mark Burgs Apt. 097 Julieton, TX 81313",Available
861,Daniel Mcguire,a665a45920422f9d417e4867efdc4fb8a04a1f3fff1fa07e998e86f7f7a27ae3,505.306.9090x32995,309-27-2857,3.9,"7795 Roberts Forks Apt. 170 Lake Micheal, VA 77683",Available
862,Robert Simpson,a665a45920422f9d417e4867efdc4fb8a04a1f3fff1fa07e998e86f7f7a27ae3,001-572-374-0085x5286,575-58-6747,3.6,"936 Larry Lights Suite 948 Michaeltown, WY 93527",Delivering
863,Robert Adams,a665a45920422f9d417e4867efdc4fb8a04a1f3fff1fa07e998e86f7f7a27ae3,+1-621-891-4543x244,840-03-4417,3.6,"7270 Jessica Stream Apt. 907 Stewartside, SD 97863",Resting
864,Jeremy Henry,a665a45920422f9d417e4867efdc4fb8a04a1f3fff1fa07e998e86f7f7a27ae3,423-993-9792,731-89-8545,4.2,"PSC 7039, Box 0207 APO AE 96857",Resting
865,Zachary House,a665a45920422f9d417e4867efdc4fb8a04a1f3fff1fa07e998e86f7f7a27ae3,(837)749-7758x4154,451-29-7051,4.7,"809 Lee Manor Port Jamieshire, AK 51910",Delivering
866,Joshua Moran,a665a45920422f9d417e4867efdc4fb8a04a1f3fff1fa07e998e86f7f7a27ae3,+1-654-797-6371x730,675-56-1708,4.9,"1563 Tyler Islands Lake Tanyafort, UT 09818",Resting
867,Tyler Simpson,a665a45920422f9d417e4867efdc4fb8a04a1f3fff1fa07e998e86f7f7a27ae3,7059101939,172-16-5427,4.9,"01881 Beth Passage Apt. 887 Hollyville, NM 26239",Resting
868,Sheri Rogers,a665a45920422f9d417e4867efdc4fb8a04a1f3fff1fa07e998e86f7f7a27ae3,829.753.3892,272-64-0736,4.8,"PSC 4993, Box 5055 APO AA 25399",Resting
869,Michael Cook,a665a45920422f9d417e4867efdc4fb8a04a1f3fff1fa07e998e86f7f7a27ae3,533.440.1484x4700,016-28-0124,3.7,"78023 Christina Mission South Joshuaton, TX 05142",Resting
870,Patricia Lane,a665a45920422f9d417e4867efdc4fb8a04a1f3fff1fa07e998e86f7f7a27ae3,+1-446-333-9808x2341,332-20-5343,4.7,"813 Hunter Cliffs Apt. 172 Howardton, AK 93834",Resting
871,Danielle Valentine,a665a45920422f9d417e4867efdc4fb8a04a1f3fff1fa07e998e86f7f7a27ae3,348.380.8093,845-08-4915,4.9,"235 Kenneth Falls Donaldborough, WA 64300",Available
872,Kathryn Paul,a665a45920422f9d417e4867efdc4fb8a04a1f3fff1fa07e998e86f7f7a27ae3,872.303.7195x3641,434-93-7799,4.2,"74718 William Rest Suite 270 Chenstad, AL 43822",Resting
873,Curtis Rodgers,a665a45920422f9d417e4867efdc4fb8a04a1f3fff1fa07e998e86f7f7a27ae3,(841)498-3956,459-81-9172,5.0,"2436 Hendricks Causeway Suite 606 Mooreberg, DE 52690",Available
874,Gloria Peterson,a665a45920422f9d417e4867efdc4fb8a04a1f3fff1fa07e998e86f7f7a27ae3,001-238-890-8874x110,747-54-3905,5.0,"3972 Smith Square Andreatown, CT 68936",Available
875,Daniel Trujillo,a665a45920422f9d417e4867efdc4fb8a04a1f3fff1fa07e998e86f7f7a27ae3,269-509-5054,087-05-8550,4.2,"5541 Simmons Hollow Port Allison, VA 27368",Delivering
876,Robert Maddox,a665a45920422f9d417e4867efdc4fb8a04a1f3fff1fa07e998e86f7f7a27ae3,(668)807-5015x770,179-43-8996,4.8,"7861 Heather Haven South James, SD 18374",Available
877,Austin Wagner,a665a45920422f9d417e4867efdc4fb8a04a1f3fff1fa07e998e86f7f7a27ae3,+1-255-309-9307x27607,240-92-6167,3.9,"512 Daniel Road West Laura, CO 83661",Available
878,Luis Dixon,a665a45920422f9d417e4867efdc4fb8a04a1f3fff1fa07e998e86f7f7a27ae3,+1-293-483-9173,443-29-0493,4.9,USCGC Robinson FPO AP 60219,Resting
879,April Green,a665a45920422f9d417e4867efdc4fb8a04a1f3fff1fa07e998e86f7f7a27ae3,408-385-5733,245-84-9370,5.0,"004 Ibarra Course North Kelliberg, AZ 56098",Available
880,Samantha Haley,a665a45920422f9d417e4867efdc4fb8a04a1f3fff1fa07e998e86f7f7a27ae3,814-616-5231x89133,841-38-8771,5.0,"9776 Price Knolls Apt. 480 New Thomas, DC 72501",Available
881,Ashley Armstrong,a665a45920422f9d417e4867efdc4fb8a04a1f3fff1fa07e998e86f7f7a27ae3,410.954.4468x6176,117-81-3099,3.9,"354 Green Hollow Delgadostad, WI 71715",Resting
882,Kimberly Williams,a665a45920422f9d417e4867efdc4fb8a04a1f3fff1fa07e998e86f7f7a27ae3,(470)794-5254,192-03-2137,4.3,"3024 Waters Trail Millerview, WV 48326",Resting
883,Jason Arellano,a665a45920422f9d417e4867efdc4fb8a04a1f3fff1fa07e998e86f7f7a27ae3,+1-254-471-9436x294,639-11-2022,3.8,"5234 Adam Port Port Chelseaville, MD 02546",Resting
884,Samantha Taylor,a665a45920422f9d417e4867efdc4fb8a04a1f3fff1fa07e998e86f7f7a27ae3,+1-821-493-5305,143-27-7840,3.9,"757 Sean Street Lake Dustin, VI 67586",Resting
885,Angela Hernandez,a665a45920422f9d417e4867efdc4fb8a04a1f3fff1fa07e998e86f7f7a27ae3,001-615-723-3354x01664,181-97-3835,3.9,"501 Stone Circle Dylanfort, WA 00839",Delivering
886,Ruth Russo,a665a45920422f9d417e4867efdc4fb8a04a1f3fff1fa07e998e86f7f7a27ae3,760-414-9620x801,519-14-6966,3.9,"75343 Collier Ford Apt. 763 West Meganborough, NM 99532",Resting
887,Amy Moore,a665a45920422f9d417e4867efdc4fb8a04a1f3fff1fa07e998e86f7f7a27ae3,(759)627-0548,848-64-4558,3.8,"531 Linda Glen Port Williambury, IA 52571",Available
888,Tasha Barnett,a665a45920422f9d417e4867efdc4fb8a04a1f3fff1fa07e998e86f7f7a27ae3,972-926-8734,667-68-4333,3.5,"56004 Seth Junctions Suite 516 Klineton, CA 99113",Available
889,Michael Davis,a665a45920422f9d417e4867efdc4fb8a04a1f3fff1fa07e998e86f7f7a27ae3,913-291-0069x364,679-82-2754,4.0,"88565 Stacey Squares New Craigburgh, RI 99560",Delivering
890,Matthew Frey,a665a45920422f9d417e4867efdc4fb8a04a1f3fff1fa07e998e86f7f7a27ae3,240.469.5262,761-68-5420,4.0,"6139 Brenda Gateway Apt. 872 North Jennifer, PR 56428",Delivering
891,Robin Vincent,a665a45920422f9d417e4867efdc4fb8a04a1f3fff1fa07e998e86f7f7a27ae3,519.444.7609,355-81-8285,4.1,"580 Kelli Mountains Apt. 850 East Adam, OK 66686",Available
892,Sheena Murphy,a665a45920422f9d417e4867efdc4fb8a04a1f3fff1fa07e998e86f7f7a27ae3,387.475.6173,610-60-1778,4.3,"06445 Cassandra Estates Wendyhaven, MT 88279",Available
893,Jeffrey Flynn,a665a45920422f9d417e4867efdc4fb8a04a1f3fff1fa07e998e86f7f7a27ae3,+1-510-873-2565x50917,680-35-4425,4.4,"69244 Brenda Haven Suite 039 Williamsonhaven, CA 73235",Delivering
894,Natasha Williamson,a665a45920422f9d417e4867efdc4fb8a04a1f3fff1fa07e998e86f7f7a27ae3,380-247-0925x7785,750-21-5865,5.0,"0643 Jackson Locks Reedview, AR 51283",Resting
895,Jennifer Gray,a665a45920422f9d417e4867efdc4fb8a04a1f3fff1fa07e998e86f7f7a27ae3,(650)227-1528x14839,603-88-6447,4.3,"260 Spencer Avenue Smithstad, NV 63340",Resting
896,Michael Smith,a665a45920422f9d417e4867efdc4fb8a04a1f3fff1fa07e998e86f7f7a27ae3,910.935.2510,097-92-0936,4.5,"24114 Gross Drive Suite 803 Matthewfurt, MO 64791",Resting
897,Dwayne Norris,a665a45920422f9d417e4867efdc4fb8a04a1f3fff1fa07e998e86f7f7a27ae3,+1-865-566-4511x2639,781-95-4198,4.4,"3601 Nicholas Estates Apt. 005 Romanton, SC 23472",Available
898,Dustin Anderson,a665a45920422f9d417e4867efdc4fb8a04a1f3fff1fa07e998e86f7f7a27ae3,001-205-271-9394x26430,579-82-4624,3.7,"785 Adriana Path Apt. 460 East Juanton, OR 69499",Delivering
899,Abigail King,a665a45920422f9d417e4867efdc4fb8a04a1f3fff1fa07e998e86f7f7a27ae3,731-471-7808x90288,552-45-3886,4.6,"68852 Aguilar Alley Contrerastown, DC 76395",Resting
900,Samuel Flores,a665a45920422f9d417e4867efdc4fb8a04a1f3fff1fa07e998e86f7f7a27ae3,+1-872-569-1713x1361,869-11-7803,4.4,"67312 Pam Isle Watsonchester, NC 45383",Resting
901,Katherine Barron,a665a45920422f9d417e4867efdc4fb8a04a1f3fff1fa07e998e86f7f7a27ae3,+1-685-418-3026x8944,607-20-3633,3.7,USS Wilson FPO AP 14338,Delivering
902,Larry Lewis,a665a45920422f9d417e4867efdc4fb8a04a1f3fff1fa07e998e86f7f7a27ae3,959-476-9985x28619,801-52-4359,3.7,"69596 Taylor Forest Suite 461 Holmestown, MA 48123",Available
903,Elizabeth Montgomery,a665a45920422f9d417e4867efdc4fb8a04a1f3fff1fa07e998e86f7f7a27ae3,2125473960,780-11-4166,4.0,"93247 Jeffrey Light Michelleland, FM 59379",Resting
904,Mr. Michael Gardner,a665a45920422f9d417e4867efdc4fb8a04a1f3fff1fa07e998e86f7f7a27ae3,828.746.9069x49031,640-94-6935,3.6,"916 Kenneth Summit Torresberg, NH 40397",Delivering
905,James Yoder,a665a45920422f9d417e4867efdc4fb8a04a1f3fff1fa07e998e86f7f7a27ae3,(246)878-1269,431-06-6985,4.8,"23189 Steven Freeway Suite 821 South Heidifurt, MA 33665",Available
906,Abigail Stanley,a665a45920422f9d417e4867efdc4fb8a04a1f3fff1fa07e998e86f7f7a27ae3,339-657-3017,341-54-6913,4.5,"15400 Ferrell Ramp Suite 822 Noahfort, PW 06147",Available
907,Gerald Martinez,a665a45920422f9d417e4867efdc4fb8a04a1f3fff1fa07e998e86f7f7a27ae3,(224)727-3398x7663,249-06-9398,4.7,"727 Barbara Cape Olsonland, AK 48584",Resting
908,William Stephens,a665a45920422f9d417e4867efdc4fb8a04a1f3fff1fa07e998e86f7f7a27ae3,001-629-615-9553x341,427-14-8461,4.2,"66952 Harris Land Suite 185 North Stephen, SD 80940",Available
909,Samuel Hayes,a665a45920422f9d417e4867efdc4fb8a04a1f3fff1fa07e998e86f7f7a27ae3,6743117185,473-05-1799,4.5,"3724 Stephanie Loop Apt. 729 East Geoffreyburgh, TN 62623",Delivering
910,Andrew Carroll,a665a45920422f9d417e4867efdc4fb8a04a1f3fff1fa07e998e86f7f7a27ae3,6783581314,896-58-8403,3.9,"392 Pena Curve Matthewstad, IN 21768",Resting
911,Carolyn Nielsen,a665a45920422f9d417e4867efdc4fb8a04a1f3fff1fa07e998e86f7f7a27ae3,786-249-1079x00277,063-60-3775,4.3,"433 Cody Villages East Dawnmouth, WV 38057",Resting
912,Ronald Orr,a665a45920422f9d417e4867efdc4fb8a04a1f3fff1fa07e998e86f7f7a27ae3,001-872-362-3701x9558,277-75-7909,5.0,"7857 Smith Via Mcgeeberg, GA 31630",Available
913,Patricia Logan,a665a45920422f9d417e4867efdc4fb8a04a1f3fff1fa07e998e86f7f7a27ae3,822.572.3641,508-84-0188,3.6,"5728 Edward Junction Apt. 056 Petersonbury, MN 43493",Resting
914,Jeffrey Fisher,a665a45920422f9d417e4867efdc4fb8a04a1f3fff1fa07e998e86f7f7a27ae3,2865351603,828-07-9999,3.8,"833 Tate Cliffs Suite 251 Jasminefort, AK 90055",Resting
915,Philip Carter,a665a45920422f9d417e4867efdc4fb8a04a1f3fff1fa07e998e86f7f7a27ae3,7283201881,771-22-6532,3.8,"6629 Dickerson Spur Suite 086 South Justinchester, PA 05377",Delivering
916,Francis Hernandez,a665a45920422f9d417e4867efdc4fb8a04a1f3fff1fa07e998e86f7f7a27ae3,001-735-730-6567,424-22-0260,3.6,"394 Mathis Throughway West Michaelbury, VI 41169",Delivering
917,Angela Wheeler,a665a45920422f9d417e4867efdc4fb8a04a1f3fff1fa07e998e86f7f7a27ae3,693-776-3669,213-49-4933,4.8,"PSC 0420, Box 2335 APO AE 44517",Resting
918,David Sanchez,a665a45920422f9d417e4867efdc4fb8a04a1f3fff1fa07e998e86f7f7a27ae3,793.406.9238x52963,698-31-6236,3.9,"300 Stephanie Station South Joshuamouth, CA 94804",Delivering
919,Susan Hicks,a665a45920422f9d417e4867efdc4fb8a04a1f3fff1fa07e998e86f7f7a27ae3,767.216.8555x839,067-15-6661,3.6,"7690 Mendez Mountain West Jacob, MO 52160",Available
920,Brianna Ramos,a665a45920422f9d417e4867efdc4fb8a04a1f3fff1fa07e998e86f7f7a27ae3,2664427935,804-40-0394,3.8,"190 Steve Lakes East Eddiefurt, WA 86560",Available
921,Mr. Richard Thompson,a665a45920422f9d417e4867efdc4fb8a04a1f3fff1fa07e998e86f7f7a27ae3,001-228-717-4610x8235,262-34-9657,4.0,"637 Hobbs Well Apt. 861 Robertsburgh, FL 71528",Available
922,Katie Stone,a665a45920422f9d417e4867efdc4fb8a04a1f3fff1fa07e998e86f7f7a27ae3,9677445342,421-86-7630,4.6,"8588 Henderson Alley Shanestad, DC 85482",Delivering
923,Katherine Taylor,a665a45920422f9d417e4867efdc4fb8a04a1f3fff1fa07e998e86f7f7a27ae3,265-818-1461x4983,077-58-9947,4.9,"3553 Snyder Manor Apt. 912 Colleentown, CA 79165",Resting
924,Grant Lutz,a665a45920422f9d417e4867efdc4fb8a04a1f3fff1fa07e998e86f7f7a27ae3,+1-557-956-1695,885-11-7958,4.8,"18697 Rebecca Pines Suite 507 Port Annetteton, MH 14107",Resting
925,Robert Roberts,a665a45920422f9d417e4867efdc4fb8a04a1f3fff1fa07e998e86f7f7a27ae3,(989)598-9559x7244,871-60-1876,4.8,"19269 Howell Square Apt. 574 Jamesside, IN 71345",Available
926,Katherine Hawkins,a665a45920422f9d417e4867efdc4fb8a04a1f3fff1fa07e998e86f7f7a27ae3,(368)970-8762x7163,440-02-3487,3.5,"540 Carolyn Parks Apt. 729 Harringtonchester, WY 19527",Available
927,Phillip Espinoza,a665a45920422f9d417e4867efdc4fb8a04a1f3fff1fa07e998e86f7f7a27ae3,999.696.6773,579-78-0646,4.0,"93656 Nichole Track Suite 157 Wardberg, FM 46089",Delivering
928,Tyler Williams,a665a45920422f9d417e4867efdc4fb8a04a1f3fff1fa07e998e86f7f7a27ae3,9288658071,533-30-5759,4.6,"09666 Campbell Station Suite 525 Pooleland, TX 27649",Resting
929,Meredith Scott,a665a45920422f9d417e4867efdc4fb8a04a1f3fff1fa07e998e86f7f7a27ae3,322-543-1217x900,559-61-8202,4.7,"47334 Andrea Mission Apt. 486 North Donald, MD 75239",Delivering
930,William Morris,a665a45920422f9d417e4867efdc4fb8a04a1f3fff1fa07e998e86f7f7a27ae3,9935501892,037-53-6262,4.7,"6273 Susan Circle Suite 292 Thomasside, VI 65648",Available
931,Jim Carpenter,a665a45920422f9d417e4867efdc4fb8a04a1f3fff1fa07e998e86f7f7a27ae3,352-737-2118x874,534-93-4101,4.7,"0248 Cook Vista Apt. 559 Brownstad, NJ 79710",Delivering
932,Cory Williams,a665a45920422f9d417e4867efdc4fb8a04a1f3fff1fa07e998e86f7f7a27ae3,863.387.5005x0838,824-84-6469,3.7,"3006 Alexander Divide Port Leahport, IA 27348",Resting
933,Ryan Cruz,a665a45920422f9d417e4867efdc4fb8a04a1f3fff1fa07e998e86f7f7a27ae3,+1-376-876-2327x465,877-74-7820,4.7,"12918 Nancy Lights Apt. 799 Nicolechester, IA 36452",Resting
934,Andrew Alvarado,a665a45920422f9d417e4867efdc4fb8a04a1f3fff1fa07e998e86f7f7a27ae3,+1-687-578-7224x82532,535-67-5720,3.5,"98335 Christopher Prairie Apt. 997 Oliverchester, OR 37511",Resting
935,Donald Moss,a665a45920422f9d417e4867efdc4fb8a04a1f3fff1fa07e998e86f7f7a27ae3,+1-318-513-0374,777-61-0137,3.9,"385 Susan Radial Suite 240 Davidberg, LA 81403",Delivering
936,Amanda Mckee,a665a45920422f9d417e4867efdc4fb8a04a1f3fff1fa07e998e86f7f7a27ae3,+1-747-342-2150x330,697-22-1569,4.2,"7436 Lowe Mountain Apt. 053 Medinaburgh, IL 32241",Available
937,Adrian Raymond,a665a45920422f9d417e4867efdc4fb8a04a1f3fff1fa07e998e86f7f7a27ae3,(550)724-4572x077,264-98-3626,3.9,"5980 Natalie Highway West Maryview, SC 07930",Available
938,Felicia Lutz,a665a45920422f9d417e4867efdc4fb8a04a1f3fff1fa07e998e86f7f7a27ae3,482.235.6982x263,648-82-8647,4.5,"0834 Hendrix Creek Suite 506 Stevenport, MS 32887",Resting
939,Charles Orozco,a665a45920422f9d417e4867efdc4fb8a04a1f3fff1fa07e998e86f7f7a27ae3,8534207406,889-71-0110,4.8,"14078 Brown Alley Apt. 486 Jamiefurt, SD 88274",Available
940,Christopher Reynolds,a665a45920422f9d417e4867efdc4fb8a04a1f3fff1fa07e998e86f7f7a27ae3,(635)545-0308,264-30-0456,4.7,"5119 Evans Ville Joseton, VT 49788",Resting
941,Kelsey Ford,a665a45920422f9d417e4867efdc4fb8a04a1f3fff1fa07e998e86f7f7a27ae3,2234704757,801-01-2670,4.4,"29643 Wong Shoal Jessicaport, AZ 64238",Available
942,Angela Strickland,a665a45920422f9d417e4867efdc4fb8a04a1f3fff1fa07e998e86f7f7a27ae3,891.417.8790x007,801-46-9748,3.6,"24849 Ryan Ridges Suite 211 East Brianport, IL 97241",Delivering
943,Tara Thornton,a665a45920422f9d417e4867efdc4fb8a04a1f3fff1fa07e998e86f7f7a27ae3,730-456-2232,652-11-2623,4.9,"7922 Williams Ferry Suite 455 Nguyenland, IA 22846",Delivering
944,Edward Wright,a665a45920422f9d417e4867efdc4fb8a04a1f3fff1fa07e998e86f7f7a27ae3,592.752.5293,683-60-5683,3.9,"456 Andrew Ways Jacksonborough, CA 79495",Resting
945,Debra Smith,a665a45920422f9d417e4867efdc4fb8a04a1f3fff1fa07e998e86f7f7a27ae3,001-734-990-4605,854-44-3890,3.7,"3585 Megan Unions Turnerberg, VT 18630",Available
946,Kenneth Hunter,a665a45920422f9d417e4867efdc4fb8a04a1f3fff1fa07e998e86f7f7a27ae3,246-265-8470x82119,251-97-3745,4.9,"94846 Gay Key Megantown, CA 16479",Available
947,Justin Morales,a665a45920422f9d417e4867efdc4fb8a04a1f3fff1fa07e998e86f7f7a27ae3,+1-972-865-0187x871,555-10-5593,4.8,"7984 Robert Lodge Suite 498 North Tammyland, MD 90304",Delivering
948,Kaitlyn Alexander,a665a45920422f9d417e4867efdc4fb8a04a1f3fff1fa07e998e86f7f7a27ae3,5754437538,537-80-1388,4.6,"211 Carrie Vista Suite 734 Michellemouth, PW 37528",Resting
949,Cassandra Rodriguez,a665a45920422f9d417e4867efdc4fb8a04a1f3fff1fa07e998e86f7f7a27ae3,7868319246,817-27-5317,4.3,"87507 Horne Lakes Apt. 411 Hollymouth, MS 69543",Available
950,Judy Mendoza,a665a45920422f9d417e4867efdc4fb8a04a1f3fff1fa07e998e86f7f7a27ae3,(476)870-8215x00199,243-71-2112,4.3,"93877 Jesus Shores North Linda, IN 25914",Resting
951,Laura Williams,a665a45920422f9d417e4867efdc4fb8a04a1f3fff1fa07e998e86f7f7a27ae3,+1-736-264-7400x411,726-47-7045,4.0,"7225 Tran Burg Suite 940 Danaborough, PA 43331",Resting
952,James Garcia,a665a45920422f9d417e4867efdc4fb8a04a1f3fff1fa07e998e86f7f7a27ae3,001-781-400-0397x95830,790-41-9328,3.9,"13509 Ellis Crossroad Apt. 443 East Deborah, VA 40417",Available
953,Leslie Morales,a665a45920422f9d417e4867efdc4fb8a04a1f3fff1fa07e998e86f7f7a27ae3,(463)738-7606x5570,435-10-1586,4.6,"3720 Stewart Viaduct Katherineport, KY 34068",Available
954,Vicki Brady,a665a45920422f9d417e4867efdc4fb8a04a1f3fff1fa07e998e86f7f7a27ae3,(601)372-0848x578,848-90-0510,4.2,"1331 Timothy Ville Bennetttown, VT 31450",Resting
955,John Brown,a665a45920422f9d417e4867efdc4fb8a04a1f3fff1fa07e998e86f7f7a27ae3,218.734.8321x131,556-11-2778,3.7,"968 Huff Corner East Anthony, PA 04152",Available
956,Justin Williams,a665a45920422f9d417e4867efdc4fb8a04a1f3fff1fa07e998e86f7f7a27ae3,830-606-1334,454-03-7133,4.0,"699 Cynthia Ridge Suite 304 West Kevin, KS 26381",Delivering
957,Manuel Sanchez,a665a45920422f9d417e4867efdc4fb8a04a1f3fff1fa07e998e86f7f7a27ae3,(829)338-4151x949,007-31-1541,3.9,"44336 Green Lodge Christinaton, HI 56931",Available
958,Patricia Smith,a665a45920422f9d417e4867efdc4fb8a04a1f3fff1fa07e998e86f7f7a27ae3,001-904-802-6291x535,797-44-4363,4.6,"972 Martinez Coves Apt. 143 Lauraburgh, HI 60884",Delivering
959,Sandra Hatfield,a665a45920422f9d417e4867efdc4fb8a04a1f3fff1fa07e998e86f7f7a27ae3,(345)513-9309x0573,101-89-4061,3.7,"822 Willie Knolls Suite 635 Salinaschester, NJ 90974",Delivering
960,Jeffery Stewart,a665a45920422f9d417e4867efdc4fb8a04a1f3fff1fa07e998e86f7f7a27ae3,576-678-6356x086,034-43-3014,4.9,"1698 Jill Shoal Elizabethfurt, MH 61148",Resting
961,Jay Crawford,a665a45920422f9d417e4867efdc4fb8a04a1f3fff1fa07e998e86f7f7a27ae3,964-884-8555x34186,816-90-7023,4.2,"78760 John Circles Brianborough, KS 98483",Resting
962,Daniel Kim,a665a45920422f9d417e4867efdc4fb8a04a1f3fff1fa07e998e86f7f7a27ae3,520.647.6736x544,447-28-3911,4.4,"9674 Victoria Points Suite 345 Lake Anthony, NJ 85288",Delivering
963,Cynthia Gonzalez,a665a45920422f9d417e4867efdc4fb8a04a1f3fff1fa07e998e86f7f7a27ae3,001-617-638-5759x081,222-63-5968,4.2,"92965 William Harbor Suite 711 North Henryfurt, AZ 46111",Delivering
964,Savannah Thomas,a665a45920422f9d417e4867efdc4fb8a04a1f3fff1fa07e998e86f7f7a27ae3,553-276-6114x837,228-35-9646,3.9,"5339 Odonnell Causeway Michaelport, WA 61991",Available
965,Joy Santiago,a665a45920422f9d417e4867efdc4fb8a04a1f3fff1fa07e998e86f7f7a27ae3,(638)564-1744x327,467-84-7562,4.9,"1789 Walker Green South Cynthia, AK 47890",Resting
966,Rita Thomas,a665a45920422f9d417e4867efdc4fb8a04a1f3fff1fa07e998e86f7f7a27ae3,203.981.6370x9105,804-66-9030,4.6,"83454 Dawn Plains Michaelberg, NY 93732",Available
967,Vincent Stevenson,a665a45920422f9d417e4867efdc4fb8a04a1f3fff1fa07e998e86f7f7a27ae3,(695)655-8155x2484,574-18-5738,4.3,"9372 Smith Mountains Apt. 512 East Rachael, AR 59422",Available
968,Molly Russell,a665a45920422f9d417e4867efdc4fb8a04a1f3fff1fa07e998e86f7f7a27ae3,+1-627-388-8927x26007,855-20-0732,3.7,"86855 Jeffrey Manor Tracyberg, MP 49464",Resting
969,Andrew Willis,a665a45920422f9d417e4867efdc4fb8a04a1f3fff1fa07e998e86f7f7a27ae3,256-993-8319x4719,378-02-9929,3.7,"6359 Robert Inlet Apt. 769 West Mark, MH 98542",Resting
970,Thomas Oliver,a665a45920422f9d417e4867efdc4fb8a04a1f3fff1fa07e998e86f7f7a27ae3,239-418-8004x2237,129-58-0736,3.8,"91069 Mary View South Amandatown, VA 12200",Available
971,Phillip Knox,a665a45920422f9d417e4867efdc4fb8a04a1f3fff1fa07e998e86f7f7a27ae3,+1-645-651-4901x73160,435-83-8958,4.9,"07959 Anthony Keys Lake Brittany, CA 28871",Resting
972,Rhonda Rodriguez,a665a45920422f9d417e4867efdc4fb8a04a1f3fff1fa07e998e86f7f7a27ae3,(438)903-2171x97137,233-13-2757,3.8,"14210 Brandy Pine Apt. 889 Port Cynthia, NV 82752",Available
973,Thomas Williams,a665a45920422f9d417e4867efdc4fb8a04a1f3fff1fa07e998e86f7f7a27ae3,001-294-330-8986x94855,022-42-9346,4.9,"417 Mark Lights Henryborough, MD 16973",Delivering
974,Anthony Lawrence,a665a45920422f9d417e4867efdc4fb8a04a1f3fff1fa07e998e86f7f7a27ae3,+1-953-754-4439x9174,323-21-1802,4.6,"75023 Brianna Station Apt. 136 Justinborough, PA 42038",Resting
975,Matthew Hogan,a665a45920422f9d417e4867efdc4fb8a04a1f3fff1fa07e998e86f7f7a27ae3,710-734-2321,743-39-6788,3.9,"1827 Lewis Flat New Stacy, MH 67730",Available
976,Megan Sutton,a665a45920422f9d417e4867efdc4fb8a04a1f3fff1fa07e998e86f7f7a27ae3,695.622.2202,878-86-4772,4.3,"65611 Jamie Land Apt. 194 Ruizland, FM 82810",Available
977,Emily Mooney,a665a45920422f9d417e4867efdc4fb8a04a1f3fff1fa07e998e86f7f7a27ae3,+1-916-589-4223,292-23-2697,4.0,"44374 Debra Green Bradleyborough, MP 87527",Available
978,Devin Chandler,a665a45920422f9d417e4867efdc4fb8a04a1f3fff1fa07e998e86f7f7a27ae3,(375)341-1948,472-16-9648,3.6,"8274 Miller Estate Suite 043 New Aprilfort, CT 15385",Available
979,Rita Schmidt,a665a45920422f9d417e4867efdc4fb8a04a1f3fff1fa07e998e86f7f7a27ae3,001-839-629-4019x203,661-45-5483,4.0,"867 Kayla Turnpike Frederickton, MS 89366",Available
980,Mary Boyer,a665a45920422f9d417e4867efdc4fb8a04a1f3fff1fa07e998e86f7f7a27ae3,001-656-399-2754,300-35-4164,4.8,"036 Michelle Ports Apt. 332 Whitakerville, AK 04106",Resting
981,Melissa Larson,a665a45920422f9d417e4867efdc4fb8a04a1f3fff1fa07e998e86f7f7a27ae3,(760)344-3822x546,778-25-4301,4.4,"628 Russell Corner Port Christine, ID 66233",Delivering
982,Christie Diaz,a665a45920422f9d417e4867efdc4fb8a04a1f3fff1fa07e998e86f7f7a27ae3,4268838489,639-36-7973,4.9,"09519 Gutierrez Circles West Paul, OH 36532",Delivering
983,Sara Cook,a665a45920422f9d417e4867efdc4fb8a04a1f3fff1fa07e998e86f7f7a27ae3,967-493-7268x6848,142-21-0486,4.5,"1287 Jennings Manors North Christopher, IA 01761",Delivering
984,Rachael Harvey,a665a45920422f9d417e4867efdc4fb8a04a1f3fff1fa07e998e86f7f7a27ae3,621-265-0075,175-47-2818,4.6,"7030 Linda Light Lake Cody, SD 32875",Resting
985,Sabrina Romero,a665a45920422f9d417e4867efdc4fb8a04a1f3fff1fa07e998e86f7f7a27ae3,386-537-6864,011-02-2680,3.7,"3418 Newton Drive Allenchester, SC 53680",Resting
986,Janet Miller,a665a45920422f9d417e4867efdc4fb8a04a1f3fff1fa07e998e86f7f7a27ae3,232-515-7694x12418,287-59-7869,3.6,"654 Medina Camp Apt. 885 North Ethan, HI 06251",Resting
987,Cheryl Chang,a665a45920422f9d417e4867efdc4fb8a04a1f3fff1fa07e998e86f7f7a27ae3,690-240-8866x74691,745-36-3469,4.7,"357 Bryan Court Kathrynbury, TX 93649",Delivering
988,Melissa Lopez,a665a45920422f9d417e4867efdc4fb8a04a1f3fff1fa07e998e86f7f7a27ae3,501-845-1888,151-04-7448,3.6,"0037 Daniel Walks Apt. 026 Richardberg, NH 52497",Delivering
989,Gregory Greer,a665a45920422f9d417e4867efdc4fb8a04a1f3fff1fa07e998e86f7f7a27ae3,999.853.8016x3146,063-31-1205,4.9,"6155 Evan Motorway Apt. 168 South Matthewmouth, FL 61024",Delivering
990,Zachary Lamb,a665a45920422f9d417e4867efdc4fb8a04a1f3fff1fa07e998e86f7f7a27ae3,277-562-4675x154,119-65-4164,4.9,"675 Peterson Square Nelsonchester, PW 53591",Available
991,Madison Kelley,a665a45920422f9d417e4867efdc4fb8a04a1f3fff1fa07e998e86f7f7a27ae3,507-502-5900,381-02-1571,4.1,"6884 Carter Squares West Dontown, ID 22434",Available
992,Caitlin Diaz,a665a45920422f9d417e4867efdc4fb8a04a1f3fff1fa07e998e86f7f7a27ae3,001-821-997-3882,752-62-7544,4.0,"692 Garcia Fords East Melanie, OR 61610",Resting
993,Cameron Nguyen,a665a45920422f9d417e4867efdc4fb8a04a1f3fff1fa07e998e86f7f7a27ae3,630.500.7608,196-11-0256,4.8,"PSC 6381, Box 3274 APO AP 35740",Delivering
994,Shawn Cook,a665a45920422f9d417e4867efdc4fb8a04a1f3fff1fa07e998e86f7f7a27ae3,001-687-476-4003x140,323-37-4496,3.7,"7142 Lisa Avenue Apt. 614 Lake Courtney, VA 92340",Delivering
995,Joseph Castaneda,a665a45920422f9d417e4867efdc4fb8a04a1f3fff1fa07e998e86f7f7a27ae3,(629)794-2158x1455,182-62-4167,4.5,"9350 Melissa Wells Suite 450 New Matthew, OH 23931",Delivering
996,Anthony Davis,a665a45920422f9d417e4867efdc4fb8a04a1f3fff1fa07e998e86f7f7a27ae3,(599)857-8535x113,423-46-0560,4.1,"349 Arroyo Expressway Apt. 566 West Nicholas, TN 79652",Available
997,Nicholas Anderson,a665a45920422f9d417e4867efdc4fb8a04a1f3fff1fa07e998e86f7f7a27ae3,661.794.1746,079-75-8995,4.4,"12320 Gutierrez Groves Apt. 399 Joshuaberg, LA 60154",Delivering
998,John Medina,a665a45920422f9d417e4867efdc4fb8a04a1f3fff1fa07e998e86f7f7a27ae3,9515499959,299-45-8618,3.5,"6281 Wilson Tunnel Apt. 299 Nealland, NM 76890",Available
999,Tony White,a665a45920422f9d417e4867efdc4fb8a04a1f3fff1fa07e998e86f7f7a27ae3,813.557.2435x416,448-31-1123,4.1,"847 Sanders Port Apt. 370 New Marissa, PR 03339",Resting
1000,Melanie Nash,a665a45920422f9d417e4867efdc4fb8a04a1f3fff1fa07e998e86f7f7a27ae3,805.626.7358x278,663-62-6423,3.5,"80970 Fuentes Manors East John, PA 62993",Resting
